ARM GAS  C:\Users\Domagoj\AppData\Local\Temp\cc6jMbW9.s 			page 1


   1              		.cpu cortex-m0plus
   2              		.arch armv6s-m
   3              		.fpu softvfp
   4              		.eabi_attribute 20, 1
   5              		.eabi_attribute 21, 1
   6              		.eabi_attribute 23, 3
   7              		.eabi_attribute 24, 1
   8              		.eabi_attribute 25, 1
   9              		.eabi_attribute 26, 1
  10              		.eabi_attribute 30, 1
  11              		.eabi_attribute 34, 0
  12              		.eabi_attribute 18, 4
  13              		.file	"stm32g0xx_hal_pcd.c"
  14              		.text
  15              	.Ltext0:
  16              		.cfi_sections	.debug_frame
  17              		.file 1 "Drivers/STM32G0xx_HAL_Driver/Src/stm32g0xx_hal_pcd.c"
  18              		.section	.text.PCD_GET_EP_RX_CNT,"ax",%progbits
  19              		.align	1
  20              		.syntax unified
  21              		.code	16
  22              		.thumb_func
  24              	PCD_GET_EP_RX_CNT:
  25              	.LVL0:
  26              	.LFB363:
  27              		.file 2 "Drivers/STM32G0xx_HAL_Driver/Inc/stm32g0xx_hal_pcd.h"
   1:Drivers/STM32G0xx_HAL_Driver/Inc/stm32g0xx_hal_pcd.h **** /**
   2:Drivers/STM32G0xx_HAL_Driver/Inc/stm32g0xx_hal_pcd.h ****   ******************************************************************************
   3:Drivers/STM32G0xx_HAL_Driver/Inc/stm32g0xx_hal_pcd.h ****   * @file    stm32g0xx_hal_pcd.h
   4:Drivers/STM32G0xx_HAL_Driver/Inc/stm32g0xx_hal_pcd.h ****   * @author  MCD Application Team
   5:Drivers/STM32G0xx_HAL_Driver/Inc/stm32g0xx_hal_pcd.h ****   * @brief   Header file of PCD HAL module.
   6:Drivers/STM32G0xx_HAL_Driver/Inc/stm32g0xx_hal_pcd.h ****   ******************************************************************************
   7:Drivers/STM32G0xx_HAL_Driver/Inc/stm32g0xx_hal_pcd.h ****   * @attention
   8:Drivers/STM32G0xx_HAL_Driver/Inc/stm32g0xx_hal_pcd.h ****   *
   9:Drivers/STM32G0xx_HAL_Driver/Inc/stm32g0xx_hal_pcd.h ****   * Copyright (c) 2018 STMicroelectronics.
  10:Drivers/STM32G0xx_HAL_Driver/Inc/stm32g0xx_hal_pcd.h ****   * All rights reserved.
  11:Drivers/STM32G0xx_HAL_Driver/Inc/stm32g0xx_hal_pcd.h ****   *
  12:Drivers/STM32G0xx_HAL_Driver/Inc/stm32g0xx_hal_pcd.h ****   * This software is licensed under terms that can be found in the LICENSE file
  13:Drivers/STM32G0xx_HAL_Driver/Inc/stm32g0xx_hal_pcd.h ****   * in the root directory of this software component.
  14:Drivers/STM32G0xx_HAL_Driver/Inc/stm32g0xx_hal_pcd.h ****   * If no LICENSE file comes with this software, it is provided AS-IS.
  15:Drivers/STM32G0xx_HAL_Driver/Inc/stm32g0xx_hal_pcd.h ****   *
  16:Drivers/STM32G0xx_HAL_Driver/Inc/stm32g0xx_hal_pcd.h ****   ******************************************************************************
  17:Drivers/STM32G0xx_HAL_Driver/Inc/stm32g0xx_hal_pcd.h ****   */
  18:Drivers/STM32G0xx_HAL_Driver/Inc/stm32g0xx_hal_pcd.h **** 
  19:Drivers/STM32G0xx_HAL_Driver/Inc/stm32g0xx_hal_pcd.h **** /* Define to prevent recursive inclusion -------------------------------------*/
  20:Drivers/STM32G0xx_HAL_Driver/Inc/stm32g0xx_hal_pcd.h **** #ifndef STM32G0xx_HAL_PCD_H
  21:Drivers/STM32G0xx_HAL_Driver/Inc/stm32g0xx_hal_pcd.h **** #define STM32G0xx_HAL_PCD_H
  22:Drivers/STM32G0xx_HAL_Driver/Inc/stm32g0xx_hal_pcd.h **** 
  23:Drivers/STM32G0xx_HAL_Driver/Inc/stm32g0xx_hal_pcd.h **** #ifdef __cplusplus
  24:Drivers/STM32G0xx_HAL_Driver/Inc/stm32g0xx_hal_pcd.h **** extern "C" {
  25:Drivers/STM32G0xx_HAL_Driver/Inc/stm32g0xx_hal_pcd.h **** #endif
  26:Drivers/STM32G0xx_HAL_Driver/Inc/stm32g0xx_hal_pcd.h **** 
  27:Drivers/STM32G0xx_HAL_Driver/Inc/stm32g0xx_hal_pcd.h **** /* Includes ------------------------------------------------------------------*/
  28:Drivers/STM32G0xx_HAL_Driver/Inc/stm32g0xx_hal_pcd.h **** #include "stm32g0xx_ll_usb.h"
  29:Drivers/STM32G0xx_HAL_Driver/Inc/stm32g0xx_hal_pcd.h **** 
  30:Drivers/STM32G0xx_HAL_Driver/Inc/stm32g0xx_hal_pcd.h **** #if defined (USB_DRD_FS)
  31:Drivers/STM32G0xx_HAL_Driver/Inc/stm32g0xx_hal_pcd.h **** 
ARM GAS  C:\Users\Domagoj\AppData\Local\Temp\cc6jMbW9.s 			page 2


  32:Drivers/STM32G0xx_HAL_Driver/Inc/stm32g0xx_hal_pcd.h **** /** @addtogroup STM32G0xx_HAL_Driver
  33:Drivers/STM32G0xx_HAL_Driver/Inc/stm32g0xx_hal_pcd.h ****   * @{
  34:Drivers/STM32G0xx_HAL_Driver/Inc/stm32g0xx_hal_pcd.h ****   */
  35:Drivers/STM32G0xx_HAL_Driver/Inc/stm32g0xx_hal_pcd.h **** 
  36:Drivers/STM32G0xx_HAL_Driver/Inc/stm32g0xx_hal_pcd.h **** /** @addtogroup PCD
  37:Drivers/STM32G0xx_HAL_Driver/Inc/stm32g0xx_hal_pcd.h ****   * @{
  38:Drivers/STM32G0xx_HAL_Driver/Inc/stm32g0xx_hal_pcd.h ****   */
  39:Drivers/STM32G0xx_HAL_Driver/Inc/stm32g0xx_hal_pcd.h **** 
  40:Drivers/STM32G0xx_HAL_Driver/Inc/stm32g0xx_hal_pcd.h **** /* Exported types ------------------------------------------------------------*/
  41:Drivers/STM32G0xx_HAL_Driver/Inc/stm32g0xx_hal_pcd.h **** /** @defgroup PCD_Exported_Types PCD Exported Types
  42:Drivers/STM32G0xx_HAL_Driver/Inc/stm32g0xx_hal_pcd.h ****   * @{
  43:Drivers/STM32G0xx_HAL_Driver/Inc/stm32g0xx_hal_pcd.h ****   */
  44:Drivers/STM32G0xx_HAL_Driver/Inc/stm32g0xx_hal_pcd.h **** 
  45:Drivers/STM32G0xx_HAL_Driver/Inc/stm32g0xx_hal_pcd.h **** /**
  46:Drivers/STM32G0xx_HAL_Driver/Inc/stm32g0xx_hal_pcd.h ****   * @brief  PCD State structure definition
  47:Drivers/STM32G0xx_HAL_Driver/Inc/stm32g0xx_hal_pcd.h ****   */
  48:Drivers/STM32G0xx_HAL_Driver/Inc/stm32g0xx_hal_pcd.h **** typedef enum
  49:Drivers/STM32G0xx_HAL_Driver/Inc/stm32g0xx_hal_pcd.h **** {
  50:Drivers/STM32G0xx_HAL_Driver/Inc/stm32g0xx_hal_pcd.h ****   HAL_PCD_STATE_RESET   = 0x00,
  51:Drivers/STM32G0xx_HAL_Driver/Inc/stm32g0xx_hal_pcd.h ****   HAL_PCD_STATE_READY   = 0x01,
  52:Drivers/STM32G0xx_HAL_Driver/Inc/stm32g0xx_hal_pcd.h ****   HAL_PCD_STATE_ERROR   = 0x02,
  53:Drivers/STM32G0xx_HAL_Driver/Inc/stm32g0xx_hal_pcd.h ****   HAL_PCD_STATE_BUSY    = 0x03,
  54:Drivers/STM32G0xx_HAL_Driver/Inc/stm32g0xx_hal_pcd.h ****   HAL_PCD_STATE_TIMEOUT = 0x04
  55:Drivers/STM32G0xx_HAL_Driver/Inc/stm32g0xx_hal_pcd.h **** } PCD_StateTypeDef;
  56:Drivers/STM32G0xx_HAL_Driver/Inc/stm32g0xx_hal_pcd.h **** 
  57:Drivers/STM32G0xx_HAL_Driver/Inc/stm32g0xx_hal_pcd.h **** /* Device LPM suspend state */
  58:Drivers/STM32G0xx_HAL_Driver/Inc/stm32g0xx_hal_pcd.h **** typedef enum
  59:Drivers/STM32G0xx_HAL_Driver/Inc/stm32g0xx_hal_pcd.h **** {
  60:Drivers/STM32G0xx_HAL_Driver/Inc/stm32g0xx_hal_pcd.h ****   LPM_L0 = 0x00, /* on */
  61:Drivers/STM32G0xx_HAL_Driver/Inc/stm32g0xx_hal_pcd.h ****   LPM_L1 = 0x01, /* LPM L1 sleep */
  62:Drivers/STM32G0xx_HAL_Driver/Inc/stm32g0xx_hal_pcd.h ****   LPM_L2 = 0x02, /* suspend */
  63:Drivers/STM32G0xx_HAL_Driver/Inc/stm32g0xx_hal_pcd.h ****   LPM_L3 = 0x03, /* off */
  64:Drivers/STM32G0xx_HAL_Driver/Inc/stm32g0xx_hal_pcd.h **** } PCD_LPM_StateTypeDef;
  65:Drivers/STM32G0xx_HAL_Driver/Inc/stm32g0xx_hal_pcd.h **** 
  66:Drivers/STM32G0xx_HAL_Driver/Inc/stm32g0xx_hal_pcd.h **** typedef enum
  67:Drivers/STM32G0xx_HAL_Driver/Inc/stm32g0xx_hal_pcd.h **** {
  68:Drivers/STM32G0xx_HAL_Driver/Inc/stm32g0xx_hal_pcd.h ****   PCD_LPM_L0_ACTIVE = 0x00, /* on */
  69:Drivers/STM32G0xx_HAL_Driver/Inc/stm32g0xx_hal_pcd.h ****   PCD_LPM_L1_ACTIVE = 0x01, /* LPM L1 sleep */
  70:Drivers/STM32G0xx_HAL_Driver/Inc/stm32g0xx_hal_pcd.h **** } PCD_LPM_MsgTypeDef;
  71:Drivers/STM32G0xx_HAL_Driver/Inc/stm32g0xx_hal_pcd.h **** 
  72:Drivers/STM32G0xx_HAL_Driver/Inc/stm32g0xx_hal_pcd.h **** typedef enum
  73:Drivers/STM32G0xx_HAL_Driver/Inc/stm32g0xx_hal_pcd.h **** {
  74:Drivers/STM32G0xx_HAL_Driver/Inc/stm32g0xx_hal_pcd.h ****   PCD_BCD_ERROR                     = 0xFF,
  75:Drivers/STM32G0xx_HAL_Driver/Inc/stm32g0xx_hal_pcd.h ****   PCD_BCD_CONTACT_DETECTION         = 0xFE,
  76:Drivers/STM32G0xx_HAL_Driver/Inc/stm32g0xx_hal_pcd.h ****   PCD_BCD_STD_DOWNSTREAM_PORT       = 0xFD,
  77:Drivers/STM32G0xx_HAL_Driver/Inc/stm32g0xx_hal_pcd.h ****   PCD_BCD_CHARGING_DOWNSTREAM_PORT  = 0xFC,
  78:Drivers/STM32G0xx_HAL_Driver/Inc/stm32g0xx_hal_pcd.h ****   PCD_BCD_DEDICATED_CHARGING_PORT   = 0xFB,
  79:Drivers/STM32G0xx_HAL_Driver/Inc/stm32g0xx_hal_pcd.h ****   PCD_BCD_DISCOVERY_COMPLETED       = 0x00,
  80:Drivers/STM32G0xx_HAL_Driver/Inc/stm32g0xx_hal_pcd.h **** 
  81:Drivers/STM32G0xx_HAL_Driver/Inc/stm32g0xx_hal_pcd.h **** } PCD_BCD_MsgTypeDef;
  82:Drivers/STM32G0xx_HAL_Driver/Inc/stm32g0xx_hal_pcd.h **** 
  83:Drivers/STM32G0xx_HAL_Driver/Inc/stm32g0xx_hal_pcd.h **** typedef USB_DRD_TypeDef        PCD_TypeDef;
  84:Drivers/STM32G0xx_HAL_Driver/Inc/stm32g0xx_hal_pcd.h **** typedef USB_DRD_CfgTypeDef     PCD_InitTypeDef;
  85:Drivers/STM32G0xx_HAL_Driver/Inc/stm32g0xx_hal_pcd.h **** typedef USB_DRD_EPTypeDef      PCD_EPTypeDef;
  86:Drivers/STM32G0xx_HAL_Driver/Inc/stm32g0xx_hal_pcd.h **** 
  87:Drivers/STM32G0xx_HAL_Driver/Inc/stm32g0xx_hal_pcd.h **** /**
  88:Drivers/STM32G0xx_HAL_Driver/Inc/stm32g0xx_hal_pcd.h ****   * @brief  PCD Handle Structure definition
ARM GAS  C:\Users\Domagoj\AppData\Local\Temp\cc6jMbW9.s 			page 3


  89:Drivers/STM32G0xx_HAL_Driver/Inc/stm32g0xx_hal_pcd.h ****   */
  90:Drivers/STM32G0xx_HAL_Driver/Inc/stm32g0xx_hal_pcd.h **** #if (USE_HAL_PCD_REGISTER_CALLBACKS == 1U)
  91:Drivers/STM32G0xx_HAL_Driver/Inc/stm32g0xx_hal_pcd.h **** typedef struct __PCD_HandleTypeDef
  92:Drivers/STM32G0xx_HAL_Driver/Inc/stm32g0xx_hal_pcd.h **** #else
  93:Drivers/STM32G0xx_HAL_Driver/Inc/stm32g0xx_hal_pcd.h **** typedef struct
  94:Drivers/STM32G0xx_HAL_Driver/Inc/stm32g0xx_hal_pcd.h **** #endif /* USE_HAL_PCD_REGISTER_CALLBACKS */
  95:Drivers/STM32G0xx_HAL_Driver/Inc/stm32g0xx_hal_pcd.h **** {
  96:Drivers/STM32G0xx_HAL_Driver/Inc/stm32g0xx_hal_pcd.h ****   PCD_TypeDef             *Instance;   /*!< Register base address             */
  97:Drivers/STM32G0xx_HAL_Driver/Inc/stm32g0xx_hal_pcd.h ****   PCD_InitTypeDef         Init;        /*!< PCD required parameters           */
  98:Drivers/STM32G0xx_HAL_Driver/Inc/stm32g0xx_hal_pcd.h ****   __IO uint8_t            USB_Address; /*!< USB Address                       */
  99:Drivers/STM32G0xx_HAL_Driver/Inc/stm32g0xx_hal_pcd.h ****   PCD_EPTypeDef           IN_ep[8];    /*!< IN endpoint parameters            */
 100:Drivers/STM32G0xx_HAL_Driver/Inc/stm32g0xx_hal_pcd.h ****   PCD_EPTypeDef           OUT_ep[8];   /*!< OUT endpoint parameters           */
 101:Drivers/STM32G0xx_HAL_Driver/Inc/stm32g0xx_hal_pcd.h ****   HAL_LockTypeDef         Lock;        /*!< PCD peripheral status             */
 102:Drivers/STM32G0xx_HAL_Driver/Inc/stm32g0xx_hal_pcd.h ****   __IO PCD_StateTypeDef   State;       /*!< PCD communication state           */
 103:Drivers/STM32G0xx_HAL_Driver/Inc/stm32g0xx_hal_pcd.h ****   __IO  uint32_t          ErrorCode;   /*!< PCD Error code                    */
 104:Drivers/STM32G0xx_HAL_Driver/Inc/stm32g0xx_hal_pcd.h ****   uint32_t                Setup[12];   /*!< Setup packet buffer               */
 105:Drivers/STM32G0xx_HAL_Driver/Inc/stm32g0xx_hal_pcd.h ****   PCD_LPM_StateTypeDef    LPM_State;   /*!< LPM State                         */
 106:Drivers/STM32G0xx_HAL_Driver/Inc/stm32g0xx_hal_pcd.h ****   uint32_t                BESL;
 107:Drivers/STM32G0xx_HAL_Driver/Inc/stm32g0xx_hal_pcd.h **** 
 108:Drivers/STM32G0xx_HAL_Driver/Inc/stm32g0xx_hal_pcd.h **** 
 109:Drivers/STM32G0xx_HAL_Driver/Inc/stm32g0xx_hal_pcd.h ****   uint32_t lpm_active;                 /*!< Enable or disable the Link Power Management .
 110:Drivers/STM32G0xx_HAL_Driver/Inc/stm32g0xx_hal_pcd.h ****                                        This parameter can be set to ENABLE or DISABLE        */
 111:Drivers/STM32G0xx_HAL_Driver/Inc/stm32g0xx_hal_pcd.h **** 
 112:Drivers/STM32G0xx_HAL_Driver/Inc/stm32g0xx_hal_pcd.h ****   uint32_t battery_charging_active;    /*!< Enable or disable Battery charging.
 113:Drivers/STM32G0xx_HAL_Driver/Inc/stm32g0xx_hal_pcd.h ****                                        This parameter can be set to ENABLE or DISABLE        */
 114:Drivers/STM32G0xx_HAL_Driver/Inc/stm32g0xx_hal_pcd.h ****   void                    *pData;      /*!< Pointer to upper stack Handler */
 115:Drivers/STM32G0xx_HAL_Driver/Inc/stm32g0xx_hal_pcd.h **** 
 116:Drivers/STM32G0xx_HAL_Driver/Inc/stm32g0xx_hal_pcd.h **** #if (USE_HAL_PCD_REGISTER_CALLBACKS == 1U)
 117:Drivers/STM32G0xx_HAL_Driver/Inc/stm32g0xx_hal_pcd.h ****   void (* SOFCallback)(struct __PCD_HandleTypeDef *hpcd);                              /*!< USB OTG
 118:Drivers/STM32G0xx_HAL_Driver/Inc/stm32g0xx_hal_pcd.h ****   void (* SetupStageCallback)(struct __PCD_HandleTypeDef *hpcd);                       /*!< USB OTG
 119:Drivers/STM32G0xx_HAL_Driver/Inc/stm32g0xx_hal_pcd.h ****   void (* ResetCallback)(struct __PCD_HandleTypeDef *hpcd);                            /*!< USB OTG
 120:Drivers/STM32G0xx_HAL_Driver/Inc/stm32g0xx_hal_pcd.h ****   void (* SuspendCallback)(struct __PCD_HandleTypeDef *hpcd);                          /*!< USB OTG
 121:Drivers/STM32G0xx_HAL_Driver/Inc/stm32g0xx_hal_pcd.h ****   void (* ResumeCallback)(struct __PCD_HandleTypeDef *hpcd);                           /*!< USB OTG
 122:Drivers/STM32G0xx_HAL_Driver/Inc/stm32g0xx_hal_pcd.h ****   void (* ConnectCallback)(struct __PCD_HandleTypeDef *hpcd);                          /*!< USB OTG
 123:Drivers/STM32G0xx_HAL_Driver/Inc/stm32g0xx_hal_pcd.h ****   void (* DisconnectCallback)(struct __PCD_HandleTypeDef *hpcd);                       /*!< USB OTG
 124:Drivers/STM32G0xx_HAL_Driver/Inc/stm32g0xx_hal_pcd.h **** 
 125:Drivers/STM32G0xx_HAL_Driver/Inc/stm32g0xx_hal_pcd.h ****   void (* DataOutStageCallback)(struct __PCD_HandleTypeDef *hpcd, uint8_t epnum);      /*!< USB OTG
 126:Drivers/STM32G0xx_HAL_Driver/Inc/stm32g0xx_hal_pcd.h ****   void (* DataInStageCallback)(struct __PCD_HandleTypeDef *hpcd, uint8_t epnum);       /*!< USB OTG
 127:Drivers/STM32G0xx_HAL_Driver/Inc/stm32g0xx_hal_pcd.h ****   void (* ISOOUTIncompleteCallback)(struct __PCD_HandleTypeDef *hpcd, uint8_t epnum);  /*!< USB OTG
 128:Drivers/STM32G0xx_HAL_Driver/Inc/stm32g0xx_hal_pcd.h ****   void (* ISOINIncompleteCallback)(struct __PCD_HandleTypeDef *hpcd, uint8_t epnum);   /*!< USB OTG
 129:Drivers/STM32G0xx_HAL_Driver/Inc/stm32g0xx_hal_pcd.h ****   void (* BCDCallback)(struct __PCD_HandleTypeDef *hpcd, PCD_BCD_MsgTypeDef msg);      /*!< USB OTG
 130:Drivers/STM32G0xx_HAL_Driver/Inc/stm32g0xx_hal_pcd.h ****   void (* LPMCallback)(struct __PCD_HandleTypeDef *hpcd, PCD_LPM_MsgTypeDef msg);      /*!< USB OTG
 131:Drivers/STM32G0xx_HAL_Driver/Inc/stm32g0xx_hal_pcd.h **** 
 132:Drivers/STM32G0xx_HAL_Driver/Inc/stm32g0xx_hal_pcd.h ****   void (* MspInitCallback)(struct __PCD_HandleTypeDef *hpcd);                          /*!< USB OTG
 133:Drivers/STM32G0xx_HAL_Driver/Inc/stm32g0xx_hal_pcd.h ****   void (* MspDeInitCallback)(struct __PCD_HandleTypeDef *hpcd);                        /*!< USB OTG
 134:Drivers/STM32G0xx_HAL_Driver/Inc/stm32g0xx_hal_pcd.h **** #endif /* USE_HAL_PCD_REGISTER_CALLBACKS */
 135:Drivers/STM32G0xx_HAL_Driver/Inc/stm32g0xx_hal_pcd.h **** } PCD_HandleTypeDef;
 136:Drivers/STM32G0xx_HAL_Driver/Inc/stm32g0xx_hal_pcd.h **** 
 137:Drivers/STM32G0xx_HAL_Driver/Inc/stm32g0xx_hal_pcd.h **** /**
 138:Drivers/STM32G0xx_HAL_Driver/Inc/stm32g0xx_hal_pcd.h ****   * @}
 139:Drivers/STM32G0xx_HAL_Driver/Inc/stm32g0xx_hal_pcd.h ****   */
 140:Drivers/STM32G0xx_HAL_Driver/Inc/stm32g0xx_hal_pcd.h **** 
 141:Drivers/STM32G0xx_HAL_Driver/Inc/stm32g0xx_hal_pcd.h **** /* Include PCD HAL Extended module */
 142:Drivers/STM32G0xx_HAL_Driver/Inc/stm32g0xx_hal_pcd.h **** #include "stm32g0xx_hal_pcd_ex.h"
 143:Drivers/STM32G0xx_HAL_Driver/Inc/stm32g0xx_hal_pcd.h **** 
 144:Drivers/STM32G0xx_HAL_Driver/Inc/stm32g0xx_hal_pcd.h **** /* Exported constants --------------------------------------------------------*/
 145:Drivers/STM32G0xx_HAL_Driver/Inc/stm32g0xx_hal_pcd.h **** /** @defgroup PCD_Exported_Constants PCD Exported Constants
ARM GAS  C:\Users\Domagoj\AppData\Local\Temp\cc6jMbW9.s 			page 4


 146:Drivers/STM32G0xx_HAL_Driver/Inc/stm32g0xx_hal_pcd.h ****   * @{
 147:Drivers/STM32G0xx_HAL_Driver/Inc/stm32g0xx_hal_pcd.h ****   */
 148:Drivers/STM32G0xx_HAL_Driver/Inc/stm32g0xx_hal_pcd.h **** 
 149:Drivers/STM32G0xx_HAL_Driver/Inc/stm32g0xx_hal_pcd.h **** /** @defgroup PCD_Speed PCD Speed
 150:Drivers/STM32G0xx_HAL_Driver/Inc/stm32g0xx_hal_pcd.h ****   * @{
 151:Drivers/STM32G0xx_HAL_Driver/Inc/stm32g0xx_hal_pcd.h ****   */
 152:Drivers/STM32G0xx_HAL_Driver/Inc/stm32g0xx_hal_pcd.h **** #define PCD_SPEED_FULL               USBD_FS_SPEED
 153:Drivers/STM32G0xx_HAL_Driver/Inc/stm32g0xx_hal_pcd.h **** /**
 154:Drivers/STM32G0xx_HAL_Driver/Inc/stm32g0xx_hal_pcd.h ****   * @}
 155:Drivers/STM32G0xx_HAL_Driver/Inc/stm32g0xx_hal_pcd.h ****   */
 156:Drivers/STM32G0xx_HAL_Driver/Inc/stm32g0xx_hal_pcd.h **** 
 157:Drivers/STM32G0xx_HAL_Driver/Inc/stm32g0xx_hal_pcd.h **** /** @defgroup PCD_PHY_Module PCD PHY Module
 158:Drivers/STM32G0xx_HAL_Driver/Inc/stm32g0xx_hal_pcd.h ****   * @{
 159:Drivers/STM32G0xx_HAL_Driver/Inc/stm32g0xx_hal_pcd.h ****   */
 160:Drivers/STM32G0xx_HAL_Driver/Inc/stm32g0xx_hal_pcd.h **** #define PCD_PHY_ULPI                 1U
 161:Drivers/STM32G0xx_HAL_Driver/Inc/stm32g0xx_hal_pcd.h **** #define PCD_PHY_EMBEDDED             2U
 162:Drivers/STM32G0xx_HAL_Driver/Inc/stm32g0xx_hal_pcd.h **** #define PCD_HS_PHY_EMBEDDED          3U
 163:Drivers/STM32G0xx_HAL_Driver/Inc/stm32g0xx_hal_pcd.h **** #define PCD_PHY_UTMI                 3U
 164:Drivers/STM32G0xx_HAL_Driver/Inc/stm32g0xx_hal_pcd.h **** /**
 165:Drivers/STM32G0xx_HAL_Driver/Inc/stm32g0xx_hal_pcd.h ****   * @}
 166:Drivers/STM32G0xx_HAL_Driver/Inc/stm32g0xx_hal_pcd.h ****   */
 167:Drivers/STM32G0xx_HAL_Driver/Inc/stm32g0xx_hal_pcd.h **** 
 168:Drivers/STM32G0xx_HAL_Driver/Inc/stm32g0xx_hal_pcd.h **** /** @defgroup PCD_Error_Code_definition PCD Error Code definition
 169:Drivers/STM32G0xx_HAL_Driver/Inc/stm32g0xx_hal_pcd.h ****   * @brief  PCD Error Code definition
 170:Drivers/STM32G0xx_HAL_Driver/Inc/stm32g0xx_hal_pcd.h ****   * @{
 171:Drivers/STM32G0xx_HAL_Driver/Inc/stm32g0xx_hal_pcd.h ****   */
 172:Drivers/STM32G0xx_HAL_Driver/Inc/stm32g0xx_hal_pcd.h **** #if (USE_HAL_PCD_REGISTER_CALLBACKS == 1U)
 173:Drivers/STM32G0xx_HAL_Driver/Inc/stm32g0xx_hal_pcd.h **** #define  HAL_PCD_ERROR_INVALID_CALLBACK                        (0x00000010U)    /*!< Invalid Callba
 174:Drivers/STM32G0xx_HAL_Driver/Inc/stm32g0xx_hal_pcd.h **** #endif /* USE_HAL_PCD_REGISTER_CALLBACKS */
 175:Drivers/STM32G0xx_HAL_Driver/Inc/stm32g0xx_hal_pcd.h **** 
 176:Drivers/STM32G0xx_HAL_Driver/Inc/stm32g0xx_hal_pcd.h **** /**
 177:Drivers/STM32G0xx_HAL_Driver/Inc/stm32g0xx_hal_pcd.h ****   * @}
 178:Drivers/STM32G0xx_HAL_Driver/Inc/stm32g0xx_hal_pcd.h ****   */
 179:Drivers/STM32G0xx_HAL_Driver/Inc/stm32g0xx_hal_pcd.h **** 
 180:Drivers/STM32G0xx_HAL_Driver/Inc/stm32g0xx_hal_pcd.h **** /**
 181:Drivers/STM32G0xx_HAL_Driver/Inc/stm32g0xx_hal_pcd.h ****   * @}
 182:Drivers/STM32G0xx_HAL_Driver/Inc/stm32g0xx_hal_pcd.h ****   */
 183:Drivers/STM32G0xx_HAL_Driver/Inc/stm32g0xx_hal_pcd.h **** 
 184:Drivers/STM32G0xx_HAL_Driver/Inc/stm32g0xx_hal_pcd.h **** /* Exported macros -----------------------------------------------------------*/
 185:Drivers/STM32G0xx_HAL_Driver/Inc/stm32g0xx_hal_pcd.h **** /** @defgroup PCD_Exported_Macros PCD Exported Macros
 186:Drivers/STM32G0xx_HAL_Driver/Inc/stm32g0xx_hal_pcd.h ****   *  @brief macros to handle interrupts and specific clock configurations
 187:Drivers/STM32G0xx_HAL_Driver/Inc/stm32g0xx_hal_pcd.h ****   * @{
 188:Drivers/STM32G0xx_HAL_Driver/Inc/stm32g0xx_hal_pcd.h ****   */
 189:Drivers/STM32G0xx_HAL_Driver/Inc/stm32g0xx_hal_pcd.h **** #define __HAL_PCD_ENABLE(__HANDLE__)                       (void)USB_EnableGlobalInt ((__HANDLE__)-
 190:Drivers/STM32G0xx_HAL_Driver/Inc/stm32g0xx_hal_pcd.h **** #define __HAL_PCD_DISABLE(__HANDLE__)                      (void)USB_DisableGlobalInt ((__HANDLE__)
 191:Drivers/STM32G0xx_HAL_Driver/Inc/stm32g0xx_hal_pcd.h **** 
 192:Drivers/STM32G0xx_HAL_Driver/Inc/stm32g0xx_hal_pcd.h **** #define __HAL_PCD_GET_FLAG(__HANDLE__, __INTERRUPT__) \
 193:Drivers/STM32G0xx_HAL_Driver/Inc/stm32g0xx_hal_pcd.h ****   ((USB_ReadInterrupts((__HANDLE__)->Instance) & (__INTERRUPT__)) == (__INTERRUPT__))
 194:Drivers/STM32G0xx_HAL_Driver/Inc/stm32g0xx_hal_pcd.h **** 
 195:Drivers/STM32G0xx_HAL_Driver/Inc/stm32g0xx_hal_pcd.h **** 
 196:Drivers/STM32G0xx_HAL_Driver/Inc/stm32g0xx_hal_pcd.h **** #define __HAL_PCD_CLEAR_FLAG(__HANDLE__, __INTERRUPT__)           (((__HANDLE__)->Instance->ISTR)\
 197:Drivers/STM32G0xx_HAL_Driver/Inc/stm32g0xx_hal_pcd.h ****                                                                    &= (uint16_t)(~(__INTERRUPT__)))
 198:Drivers/STM32G0xx_HAL_Driver/Inc/stm32g0xx_hal_pcd.h **** 
 199:Drivers/STM32G0xx_HAL_Driver/Inc/stm32g0xx_hal_pcd.h **** #define __HAL_USB_WAKEUP_EXTI_ENABLE_IT()                         EXTI->IMR2 |= USB_WAKEUP_EXTI_LIN
 200:Drivers/STM32G0xx_HAL_Driver/Inc/stm32g0xx_hal_pcd.h **** #define __HAL_USB_WAKEUP_EXTI_DISABLE_IT()                        EXTI->IMR2 &= ~(USB_WAKEUP_EXTI_L
 201:Drivers/STM32G0xx_HAL_Driver/Inc/stm32g0xx_hal_pcd.h **** 
 202:Drivers/STM32G0xx_HAL_Driver/Inc/stm32g0xx_hal_pcd.h **** 
ARM GAS  C:\Users\Domagoj\AppData\Local\Temp\cc6jMbW9.s 			page 5


 203:Drivers/STM32G0xx_HAL_Driver/Inc/stm32g0xx_hal_pcd.h **** /**
 204:Drivers/STM32G0xx_HAL_Driver/Inc/stm32g0xx_hal_pcd.h ****   * @}
 205:Drivers/STM32G0xx_HAL_Driver/Inc/stm32g0xx_hal_pcd.h ****   */
 206:Drivers/STM32G0xx_HAL_Driver/Inc/stm32g0xx_hal_pcd.h **** 
 207:Drivers/STM32G0xx_HAL_Driver/Inc/stm32g0xx_hal_pcd.h **** /* Exported functions --------------------------------------------------------*/
 208:Drivers/STM32G0xx_HAL_Driver/Inc/stm32g0xx_hal_pcd.h **** /** @addtogroup PCD_Exported_Functions PCD Exported Functions
 209:Drivers/STM32G0xx_HAL_Driver/Inc/stm32g0xx_hal_pcd.h ****   * @{
 210:Drivers/STM32G0xx_HAL_Driver/Inc/stm32g0xx_hal_pcd.h ****   */
 211:Drivers/STM32G0xx_HAL_Driver/Inc/stm32g0xx_hal_pcd.h **** 
 212:Drivers/STM32G0xx_HAL_Driver/Inc/stm32g0xx_hal_pcd.h **** /* Initialization/de-initialization functions  ********************************/
 213:Drivers/STM32G0xx_HAL_Driver/Inc/stm32g0xx_hal_pcd.h **** /** @addtogroup PCD_Exported_Functions_Group1 Initialization and de-initialization functions
 214:Drivers/STM32G0xx_HAL_Driver/Inc/stm32g0xx_hal_pcd.h ****   * @{
 215:Drivers/STM32G0xx_HAL_Driver/Inc/stm32g0xx_hal_pcd.h ****   */
 216:Drivers/STM32G0xx_HAL_Driver/Inc/stm32g0xx_hal_pcd.h **** HAL_StatusTypeDef HAL_PCD_Init(PCD_HandleTypeDef *hpcd);
 217:Drivers/STM32G0xx_HAL_Driver/Inc/stm32g0xx_hal_pcd.h **** HAL_StatusTypeDef HAL_PCD_DeInit(PCD_HandleTypeDef *hpcd);
 218:Drivers/STM32G0xx_HAL_Driver/Inc/stm32g0xx_hal_pcd.h **** void HAL_PCD_MspInit(PCD_HandleTypeDef *hpcd);
 219:Drivers/STM32G0xx_HAL_Driver/Inc/stm32g0xx_hal_pcd.h **** void HAL_PCD_MspDeInit(PCD_HandleTypeDef *hpcd);
 220:Drivers/STM32G0xx_HAL_Driver/Inc/stm32g0xx_hal_pcd.h **** 
 221:Drivers/STM32G0xx_HAL_Driver/Inc/stm32g0xx_hal_pcd.h **** #if (USE_HAL_PCD_REGISTER_CALLBACKS == 1U)
 222:Drivers/STM32G0xx_HAL_Driver/Inc/stm32g0xx_hal_pcd.h **** /** @defgroup HAL_PCD_Callback_ID_enumeration_definition HAL USB OTG PCD Callback ID enumeration de
 223:Drivers/STM32G0xx_HAL_Driver/Inc/stm32g0xx_hal_pcd.h ****   * @brief  HAL USB OTG PCD Callback ID enumeration definition
 224:Drivers/STM32G0xx_HAL_Driver/Inc/stm32g0xx_hal_pcd.h ****   * @{
 225:Drivers/STM32G0xx_HAL_Driver/Inc/stm32g0xx_hal_pcd.h ****   */
 226:Drivers/STM32G0xx_HAL_Driver/Inc/stm32g0xx_hal_pcd.h **** typedef enum
 227:Drivers/STM32G0xx_HAL_Driver/Inc/stm32g0xx_hal_pcd.h **** {
 228:Drivers/STM32G0xx_HAL_Driver/Inc/stm32g0xx_hal_pcd.h ****   HAL_PCD_SOF_CB_ID          = 0x01,      /*!< USB PCD SOF callback ID          */
 229:Drivers/STM32G0xx_HAL_Driver/Inc/stm32g0xx_hal_pcd.h ****   HAL_PCD_SETUPSTAGE_CB_ID   = 0x02,      /*!< USB PCD Setup Stage callback ID  */
 230:Drivers/STM32G0xx_HAL_Driver/Inc/stm32g0xx_hal_pcd.h ****   HAL_PCD_RESET_CB_ID        = 0x03,      /*!< USB PCD Reset callback ID        */
 231:Drivers/STM32G0xx_HAL_Driver/Inc/stm32g0xx_hal_pcd.h ****   HAL_PCD_SUSPEND_CB_ID      = 0x04,      /*!< USB PCD Suspend callback ID      */
 232:Drivers/STM32G0xx_HAL_Driver/Inc/stm32g0xx_hal_pcd.h ****   HAL_PCD_RESUME_CB_ID       = 0x05,      /*!< USB PCD Resume callback ID       */
 233:Drivers/STM32G0xx_HAL_Driver/Inc/stm32g0xx_hal_pcd.h ****   HAL_PCD_CONNECT_CB_ID      = 0x06,      /*!< USB PCD Connect callback ID      */
 234:Drivers/STM32G0xx_HAL_Driver/Inc/stm32g0xx_hal_pcd.h ****   HAL_PCD_DISCONNECT_CB_ID   = 0x07,      /*!< USB PCD Disconnect callback ID   */
 235:Drivers/STM32G0xx_HAL_Driver/Inc/stm32g0xx_hal_pcd.h **** 
 236:Drivers/STM32G0xx_HAL_Driver/Inc/stm32g0xx_hal_pcd.h ****   HAL_PCD_MSPINIT_CB_ID      = 0x08,      /*!< USB PCD MspInit callback ID      */
 237:Drivers/STM32G0xx_HAL_Driver/Inc/stm32g0xx_hal_pcd.h ****   HAL_PCD_MSPDEINIT_CB_ID    = 0x09       /*!< USB PCD MspDeInit callback ID    */
 238:Drivers/STM32G0xx_HAL_Driver/Inc/stm32g0xx_hal_pcd.h **** 
 239:Drivers/STM32G0xx_HAL_Driver/Inc/stm32g0xx_hal_pcd.h **** } HAL_PCD_CallbackIDTypeDef;
 240:Drivers/STM32G0xx_HAL_Driver/Inc/stm32g0xx_hal_pcd.h **** /**
 241:Drivers/STM32G0xx_HAL_Driver/Inc/stm32g0xx_hal_pcd.h ****   * @}
 242:Drivers/STM32G0xx_HAL_Driver/Inc/stm32g0xx_hal_pcd.h ****   */
 243:Drivers/STM32G0xx_HAL_Driver/Inc/stm32g0xx_hal_pcd.h **** 
 244:Drivers/STM32G0xx_HAL_Driver/Inc/stm32g0xx_hal_pcd.h **** /** @defgroup HAL_PCD_Callback_pointer_definition HAL USB OTG PCD Callback pointer definition
 245:Drivers/STM32G0xx_HAL_Driver/Inc/stm32g0xx_hal_pcd.h ****   * @brief  HAL USB OTG PCD Callback pointer definition
 246:Drivers/STM32G0xx_HAL_Driver/Inc/stm32g0xx_hal_pcd.h ****   * @{
 247:Drivers/STM32G0xx_HAL_Driver/Inc/stm32g0xx_hal_pcd.h ****   */
 248:Drivers/STM32G0xx_HAL_Driver/Inc/stm32g0xx_hal_pcd.h **** 
 249:Drivers/STM32G0xx_HAL_Driver/Inc/stm32g0xx_hal_pcd.h **** typedef void (*pPCD_CallbackTypeDef)(PCD_HandleTypeDef *hpcd);                                   /*
 250:Drivers/STM32G0xx_HAL_Driver/Inc/stm32g0xx_hal_pcd.h **** typedef void (*pPCD_DataOutStageCallbackTypeDef)(PCD_HandleTypeDef *hpcd, uint8_t epnum);        /*
 251:Drivers/STM32G0xx_HAL_Driver/Inc/stm32g0xx_hal_pcd.h **** typedef void (*pPCD_DataInStageCallbackTypeDef)(PCD_HandleTypeDef *hpcd, uint8_t epnum);         /*
 252:Drivers/STM32G0xx_HAL_Driver/Inc/stm32g0xx_hal_pcd.h **** typedef void (*pPCD_IsoOutIncpltCallbackTypeDef)(PCD_HandleTypeDef *hpcd, uint8_t epnum);        /*
 253:Drivers/STM32G0xx_HAL_Driver/Inc/stm32g0xx_hal_pcd.h **** typedef void (*pPCD_IsoInIncpltCallbackTypeDef)(PCD_HandleTypeDef *hpcd, uint8_t epnum);         /*
 254:Drivers/STM32G0xx_HAL_Driver/Inc/stm32g0xx_hal_pcd.h **** typedef void (*pPCD_LpmCallbackTypeDef)(PCD_HandleTypeDef *hpcd, PCD_LPM_MsgTypeDef msg);        /*
 255:Drivers/STM32G0xx_HAL_Driver/Inc/stm32g0xx_hal_pcd.h **** typedef void (*pPCD_BcdCallbackTypeDef)(PCD_HandleTypeDef *hpcd, PCD_BCD_MsgTypeDef msg);        /*
 256:Drivers/STM32G0xx_HAL_Driver/Inc/stm32g0xx_hal_pcd.h **** 
 257:Drivers/STM32G0xx_HAL_Driver/Inc/stm32g0xx_hal_pcd.h **** /**
 258:Drivers/STM32G0xx_HAL_Driver/Inc/stm32g0xx_hal_pcd.h ****   * @}
 259:Drivers/STM32G0xx_HAL_Driver/Inc/stm32g0xx_hal_pcd.h ****   */
ARM GAS  C:\Users\Domagoj\AppData\Local\Temp\cc6jMbW9.s 			page 6


 260:Drivers/STM32G0xx_HAL_Driver/Inc/stm32g0xx_hal_pcd.h **** 
 261:Drivers/STM32G0xx_HAL_Driver/Inc/stm32g0xx_hal_pcd.h **** HAL_StatusTypeDef HAL_PCD_RegisterCallback(PCD_HandleTypeDef *hpcd, HAL_PCD_CallbackIDTypeDef Callb
 262:Drivers/STM32G0xx_HAL_Driver/Inc/stm32g0xx_hal_pcd.h ****                                            pPCD_CallbackTypeDef pCallback);
 263:Drivers/STM32G0xx_HAL_Driver/Inc/stm32g0xx_hal_pcd.h **** 
 264:Drivers/STM32G0xx_HAL_Driver/Inc/stm32g0xx_hal_pcd.h **** HAL_StatusTypeDef HAL_PCD_UnRegisterCallback(PCD_HandleTypeDef *hpcd, HAL_PCD_CallbackIDTypeDef Cal
 265:Drivers/STM32G0xx_HAL_Driver/Inc/stm32g0xx_hal_pcd.h **** 
 266:Drivers/STM32G0xx_HAL_Driver/Inc/stm32g0xx_hal_pcd.h **** HAL_StatusTypeDef HAL_PCD_RegisterDataOutStageCallback(PCD_HandleTypeDef *hpcd,
 267:Drivers/STM32G0xx_HAL_Driver/Inc/stm32g0xx_hal_pcd.h ****                                                        pPCD_DataOutStageCallbackTypeDef pCallback);
 268:Drivers/STM32G0xx_HAL_Driver/Inc/stm32g0xx_hal_pcd.h **** 
 269:Drivers/STM32G0xx_HAL_Driver/Inc/stm32g0xx_hal_pcd.h **** HAL_StatusTypeDef HAL_PCD_UnRegisterDataOutStageCallback(PCD_HandleTypeDef *hpcd);
 270:Drivers/STM32G0xx_HAL_Driver/Inc/stm32g0xx_hal_pcd.h **** 
 271:Drivers/STM32G0xx_HAL_Driver/Inc/stm32g0xx_hal_pcd.h **** HAL_StatusTypeDef HAL_PCD_RegisterDataInStageCallback(PCD_HandleTypeDef *hpcd,
 272:Drivers/STM32G0xx_HAL_Driver/Inc/stm32g0xx_hal_pcd.h ****                                                       pPCD_DataInStageCallbackTypeDef pCallback);
 273:Drivers/STM32G0xx_HAL_Driver/Inc/stm32g0xx_hal_pcd.h **** 
 274:Drivers/STM32G0xx_HAL_Driver/Inc/stm32g0xx_hal_pcd.h **** HAL_StatusTypeDef HAL_PCD_UnRegisterDataInStageCallback(PCD_HandleTypeDef *hpcd);
 275:Drivers/STM32G0xx_HAL_Driver/Inc/stm32g0xx_hal_pcd.h **** 
 276:Drivers/STM32G0xx_HAL_Driver/Inc/stm32g0xx_hal_pcd.h **** HAL_StatusTypeDef HAL_PCD_RegisterIsoOutIncpltCallback(PCD_HandleTypeDef *hpcd,
 277:Drivers/STM32G0xx_HAL_Driver/Inc/stm32g0xx_hal_pcd.h ****                                                        pPCD_IsoOutIncpltCallbackTypeDef pCallback);
 278:Drivers/STM32G0xx_HAL_Driver/Inc/stm32g0xx_hal_pcd.h **** 
 279:Drivers/STM32G0xx_HAL_Driver/Inc/stm32g0xx_hal_pcd.h **** HAL_StatusTypeDef HAL_PCD_UnRegisterIsoOutIncpltCallback(PCD_HandleTypeDef *hpcd);
 280:Drivers/STM32G0xx_HAL_Driver/Inc/stm32g0xx_hal_pcd.h **** 
 281:Drivers/STM32G0xx_HAL_Driver/Inc/stm32g0xx_hal_pcd.h **** HAL_StatusTypeDef HAL_PCD_RegisterIsoInIncpltCallback(PCD_HandleTypeDef *hpcd,
 282:Drivers/STM32G0xx_HAL_Driver/Inc/stm32g0xx_hal_pcd.h ****                                                       pPCD_IsoInIncpltCallbackTypeDef pCallback);
 283:Drivers/STM32G0xx_HAL_Driver/Inc/stm32g0xx_hal_pcd.h **** 
 284:Drivers/STM32G0xx_HAL_Driver/Inc/stm32g0xx_hal_pcd.h **** HAL_StatusTypeDef HAL_PCD_UnRegisterIsoInIncpltCallback(PCD_HandleTypeDef *hpcd);
 285:Drivers/STM32G0xx_HAL_Driver/Inc/stm32g0xx_hal_pcd.h **** 
 286:Drivers/STM32G0xx_HAL_Driver/Inc/stm32g0xx_hal_pcd.h **** HAL_StatusTypeDef HAL_PCD_RegisterBcdCallback(PCD_HandleTypeDef *hpcd, pPCD_BcdCallbackTypeDef pCal
 287:Drivers/STM32G0xx_HAL_Driver/Inc/stm32g0xx_hal_pcd.h **** HAL_StatusTypeDef HAL_PCD_UnRegisterBcdCallback(PCD_HandleTypeDef *hpcd);
 288:Drivers/STM32G0xx_HAL_Driver/Inc/stm32g0xx_hal_pcd.h **** 
 289:Drivers/STM32G0xx_HAL_Driver/Inc/stm32g0xx_hal_pcd.h **** HAL_StatusTypeDef HAL_PCD_RegisterLpmCallback(PCD_HandleTypeDef *hpcd, pPCD_LpmCallbackTypeDef pCal
 290:Drivers/STM32G0xx_HAL_Driver/Inc/stm32g0xx_hal_pcd.h **** HAL_StatusTypeDef HAL_PCD_UnRegisterLpmCallback(PCD_HandleTypeDef *hpcd);
 291:Drivers/STM32G0xx_HAL_Driver/Inc/stm32g0xx_hal_pcd.h **** #endif /* USE_HAL_PCD_REGISTER_CALLBACKS */
 292:Drivers/STM32G0xx_HAL_Driver/Inc/stm32g0xx_hal_pcd.h **** /**
 293:Drivers/STM32G0xx_HAL_Driver/Inc/stm32g0xx_hal_pcd.h ****   * @}
 294:Drivers/STM32G0xx_HAL_Driver/Inc/stm32g0xx_hal_pcd.h ****   */
 295:Drivers/STM32G0xx_HAL_Driver/Inc/stm32g0xx_hal_pcd.h **** 
 296:Drivers/STM32G0xx_HAL_Driver/Inc/stm32g0xx_hal_pcd.h **** /* I/O operation functions  ***************************************************/
 297:Drivers/STM32G0xx_HAL_Driver/Inc/stm32g0xx_hal_pcd.h **** /* Non-Blocking mode: Interrupt */
 298:Drivers/STM32G0xx_HAL_Driver/Inc/stm32g0xx_hal_pcd.h **** /** @addtogroup PCD_Exported_Functions_Group2 Input and Output operation functions
 299:Drivers/STM32G0xx_HAL_Driver/Inc/stm32g0xx_hal_pcd.h ****   * @{
 300:Drivers/STM32G0xx_HAL_Driver/Inc/stm32g0xx_hal_pcd.h ****   */
 301:Drivers/STM32G0xx_HAL_Driver/Inc/stm32g0xx_hal_pcd.h **** HAL_StatusTypeDef HAL_PCD_Start(PCD_HandleTypeDef *hpcd);
 302:Drivers/STM32G0xx_HAL_Driver/Inc/stm32g0xx_hal_pcd.h **** HAL_StatusTypeDef HAL_PCD_Stop(PCD_HandleTypeDef *hpcd);
 303:Drivers/STM32G0xx_HAL_Driver/Inc/stm32g0xx_hal_pcd.h **** void HAL_PCD_IRQHandler(PCD_HandleTypeDef *hpcd);
 304:Drivers/STM32G0xx_HAL_Driver/Inc/stm32g0xx_hal_pcd.h **** 
 305:Drivers/STM32G0xx_HAL_Driver/Inc/stm32g0xx_hal_pcd.h **** void HAL_PCD_SOFCallback(PCD_HandleTypeDef *hpcd);
 306:Drivers/STM32G0xx_HAL_Driver/Inc/stm32g0xx_hal_pcd.h **** void HAL_PCD_SetupStageCallback(PCD_HandleTypeDef *hpcd);
 307:Drivers/STM32G0xx_HAL_Driver/Inc/stm32g0xx_hal_pcd.h **** void HAL_PCD_ResetCallback(PCD_HandleTypeDef *hpcd);
 308:Drivers/STM32G0xx_HAL_Driver/Inc/stm32g0xx_hal_pcd.h **** void HAL_PCD_SuspendCallback(PCD_HandleTypeDef *hpcd);
 309:Drivers/STM32G0xx_HAL_Driver/Inc/stm32g0xx_hal_pcd.h **** void HAL_PCD_ResumeCallback(PCD_HandleTypeDef *hpcd);
 310:Drivers/STM32G0xx_HAL_Driver/Inc/stm32g0xx_hal_pcd.h **** void HAL_PCD_ConnectCallback(PCD_HandleTypeDef *hpcd);
 311:Drivers/STM32G0xx_HAL_Driver/Inc/stm32g0xx_hal_pcd.h **** void HAL_PCD_DisconnectCallback(PCD_HandleTypeDef *hpcd);
 312:Drivers/STM32G0xx_HAL_Driver/Inc/stm32g0xx_hal_pcd.h **** 
 313:Drivers/STM32G0xx_HAL_Driver/Inc/stm32g0xx_hal_pcd.h **** void HAL_PCD_DataOutStageCallback(PCD_HandleTypeDef *hpcd, uint8_t epnum);
 314:Drivers/STM32G0xx_HAL_Driver/Inc/stm32g0xx_hal_pcd.h **** void HAL_PCD_DataInStageCallback(PCD_HandleTypeDef *hpcd, uint8_t epnum);
 315:Drivers/STM32G0xx_HAL_Driver/Inc/stm32g0xx_hal_pcd.h **** void HAL_PCD_ISOOUTIncompleteCallback(PCD_HandleTypeDef *hpcd, uint8_t epnum);
 316:Drivers/STM32G0xx_HAL_Driver/Inc/stm32g0xx_hal_pcd.h **** void HAL_PCD_ISOINIncompleteCallback(PCD_HandleTypeDef *hpcd, uint8_t epnum);
ARM GAS  C:\Users\Domagoj\AppData\Local\Temp\cc6jMbW9.s 			page 7


 317:Drivers/STM32G0xx_HAL_Driver/Inc/stm32g0xx_hal_pcd.h **** /**
 318:Drivers/STM32G0xx_HAL_Driver/Inc/stm32g0xx_hal_pcd.h ****   * @}
 319:Drivers/STM32G0xx_HAL_Driver/Inc/stm32g0xx_hal_pcd.h ****   */
 320:Drivers/STM32G0xx_HAL_Driver/Inc/stm32g0xx_hal_pcd.h **** 
 321:Drivers/STM32G0xx_HAL_Driver/Inc/stm32g0xx_hal_pcd.h **** /* Peripheral Control functions  **********************************************/
 322:Drivers/STM32G0xx_HAL_Driver/Inc/stm32g0xx_hal_pcd.h **** /** @addtogroup PCD_Exported_Functions_Group3 Peripheral Control functions
 323:Drivers/STM32G0xx_HAL_Driver/Inc/stm32g0xx_hal_pcd.h ****   * @{
 324:Drivers/STM32G0xx_HAL_Driver/Inc/stm32g0xx_hal_pcd.h ****   */
 325:Drivers/STM32G0xx_HAL_Driver/Inc/stm32g0xx_hal_pcd.h **** HAL_StatusTypeDef HAL_PCD_DevConnect(PCD_HandleTypeDef *hpcd);
 326:Drivers/STM32G0xx_HAL_Driver/Inc/stm32g0xx_hal_pcd.h **** HAL_StatusTypeDef HAL_PCD_DevDisconnect(PCD_HandleTypeDef *hpcd);
 327:Drivers/STM32G0xx_HAL_Driver/Inc/stm32g0xx_hal_pcd.h **** HAL_StatusTypeDef HAL_PCD_SetAddress(PCD_HandleTypeDef *hpcd, uint8_t address);
 328:Drivers/STM32G0xx_HAL_Driver/Inc/stm32g0xx_hal_pcd.h **** HAL_StatusTypeDef HAL_PCD_EP_Open(PCD_HandleTypeDef *hpcd, uint8_t ep_addr, uint16_t ep_mps, uint8_
 329:Drivers/STM32G0xx_HAL_Driver/Inc/stm32g0xx_hal_pcd.h **** HAL_StatusTypeDef HAL_PCD_EP_Close(PCD_HandleTypeDef *hpcd, uint8_t ep_addr);
 330:Drivers/STM32G0xx_HAL_Driver/Inc/stm32g0xx_hal_pcd.h **** HAL_StatusTypeDef HAL_PCD_EP_Receive(PCD_HandleTypeDef *hpcd, uint8_t ep_addr, uint8_t *pBuf, uint3
 331:Drivers/STM32G0xx_HAL_Driver/Inc/stm32g0xx_hal_pcd.h **** HAL_StatusTypeDef HAL_PCD_EP_Transmit(PCD_HandleTypeDef *hpcd, uint8_t ep_addr, uint8_t *pBuf, uint
 332:Drivers/STM32G0xx_HAL_Driver/Inc/stm32g0xx_hal_pcd.h **** HAL_StatusTypeDef HAL_PCD_EP_SetStall(PCD_HandleTypeDef *hpcd, uint8_t ep_addr);
 333:Drivers/STM32G0xx_HAL_Driver/Inc/stm32g0xx_hal_pcd.h **** HAL_StatusTypeDef HAL_PCD_EP_ClrStall(PCD_HandleTypeDef *hpcd, uint8_t ep_addr);
 334:Drivers/STM32G0xx_HAL_Driver/Inc/stm32g0xx_hal_pcd.h **** HAL_StatusTypeDef HAL_PCD_EP_Flush(PCD_HandleTypeDef *hpcd, uint8_t ep_addr);
 335:Drivers/STM32G0xx_HAL_Driver/Inc/stm32g0xx_hal_pcd.h **** HAL_StatusTypeDef HAL_PCD_EP_Abort(PCD_HandleTypeDef *hpcd, uint8_t ep_addr);
 336:Drivers/STM32G0xx_HAL_Driver/Inc/stm32g0xx_hal_pcd.h **** HAL_StatusTypeDef HAL_PCD_ActivateRemoteWakeup(PCD_HandleTypeDef *hpcd);
 337:Drivers/STM32G0xx_HAL_Driver/Inc/stm32g0xx_hal_pcd.h **** HAL_StatusTypeDef HAL_PCD_DeActivateRemoteWakeup(PCD_HandleTypeDef *hpcd);
 338:Drivers/STM32G0xx_HAL_Driver/Inc/stm32g0xx_hal_pcd.h **** uint32_t          HAL_PCD_EP_GetRxCount(PCD_HandleTypeDef const *hpcd, uint8_t ep_addr);
 339:Drivers/STM32G0xx_HAL_Driver/Inc/stm32g0xx_hal_pcd.h **** /**
 340:Drivers/STM32G0xx_HAL_Driver/Inc/stm32g0xx_hal_pcd.h ****   * @}
 341:Drivers/STM32G0xx_HAL_Driver/Inc/stm32g0xx_hal_pcd.h ****   */
 342:Drivers/STM32G0xx_HAL_Driver/Inc/stm32g0xx_hal_pcd.h **** 
 343:Drivers/STM32G0xx_HAL_Driver/Inc/stm32g0xx_hal_pcd.h **** /* Peripheral State functions  ************************************************/
 344:Drivers/STM32G0xx_HAL_Driver/Inc/stm32g0xx_hal_pcd.h **** /** @addtogroup PCD_Exported_Functions_Group4 Peripheral State functions
 345:Drivers/STM32G0xx_HAL_Driver/Inc/stm32g0xx_hal_pcd.h ****   * @{
 346:Drivers/STM32G0xx_HAL_Driver/Inc/stm32g0xx_hal_pcd.h ****   */
 347:Drivers/STM32G0xx_HAL_Driver/Inc/stm32g0xx_hal_pcd.h **** PCD_StateTypeDef HAL_PCD_GetState(PCD_HandleTypeDef const *hpcd);
 348:Drivers/STM32G0xx_HAL_Driver/Inc/stm32g0xx_hal_pcd.h **** /**
 349:Drivers/STM32G0xx_HAL_Driver/Inc/stm32g0xx_hal_pcd.h ****   * @}
 350:Drivers/STM32G0xx_HAL_Driver/Inc/stm32g0xx_hal_pcd.h ****   */
 351:Drivers/STM32G0xx_HAL_Driver/Inc/stm32g0xx_hal_pcd.h **** 
 352:Drivers/STM32G0xx_HAL_Driver/Inc/stm32g0xx_hal_pcd.h **** /**
 353:Drivers/STM32G0xx_HAL_Driver/Inc/stm32g0xx_hal_pcd.h ****   * @}
 354:Drivers/STM32G0xx_HAL_Driver/Inc/stm32g0xx_hal_pcd.h ****   */
 355:Drivers/STM32G0xx_HAL_Driver/Inc/stm32g0xx_hal_pcd.h **** 
 356:Drivers/STM32G0xx_HAL_Driver/Inc/stm32g0xx_hal_pcd.h **** /* Private constants ---------------------------------------------------------*/
 357:Drivers/STM32G0xx_HAL_Driver/Inc/stm32g0xx_hal_pcd.h **** /** @defgroup PCD_Private_Constants PCD Private Constants
 358:Drivers/STM32G0xx_HAL_Driver/Inc/stm32g0xx_hal_pcd.h ****   * @{
 359:Drivers/STM32G0xx_HAL_Driver/Inc/stm32g0xx_hal_pcd.h ****   */
 360:Drivers/STM32G0xx_HAL_Driver/Inc/stm32g0xx_hal_pcd.h **** /** @defgroup USB_EXTI_Line_Interrupt USB EXTI line interrupt
 361:Drivers/STM32G0xx_HAL_Driver/Inc/stm32g0xx_hal_pcd.h ****   * @{
 362:Drivers/STM32G0xx_HAL_Driver/Inc/stm32g0xx_hal_pcd.h ****   */
 363:Drivers/STM32G0xx_HAL_Driver/Inc/stm32g0xx_hal_pcd.h **** 
 364:Drivers/STM32G0xx_HAL_Driver/Inc/stm32g0xx_hal_pcd.h **** 
 365:Drivers/STM32G0xx_HAL_Driver/Inc/stm32g0xx_hal_pcd.h **** #define USB_WAKEUP_EXTI_LINE                                          (0x1UL << 4)  /*!< USB FS EXT
 366:Drivers/STM32G0xx_HAL_Driver/Inc/stm32g0xx_hal_pcd.h **** 
 367:Drivers/STM32G0xx_HAL_Driver/Inc/stm32g0xx_hal_pcd.h **** 
 368:Drivers/STM32G0xx_HAL_Driver/Inc/stm32g0xx_hal_pcd.h **** /**
 369:Drivers/STM32G0xx_HAL_Driver/Inc/stm32g0xx_hal_pcd.h ****   * @}
 370:Drivers/STM32G0xx_HAL_Driver/Inc/stm32g0xx_hal_pcd.h ****   */
 371:Drivers/STM32G0xx_HAL_Driver/Inc/stm32g0xx_hal_pcd.h **** 
 372:Drivers/STM32G0xx_HAL_Driver/Inc/stm32g0xx_hal_pcd.h **** /** @defgroup PCD_EP0_MPS PCD EP0 MPS
 373:Drivers/STM32G0xx_HAL_Driver/Inc/stm32g0xx_hal_pcd.h ****   * @{
ARM GAS  C:\Users\Domagoj\AppData\Local\Temp\cc6jMbW9.s 			page 8


 374:Drivers/STM32G0xx_HAL_Driver/Inc/stm32g0xx_hal_pcd.h ****   */
 375:Drivers/STM32G0xx_HAL_Driver/Inc/stm32g0xx_hal_pcd.h **** #define PCD_EP0MPS_64                                                 EP_MPS_64
 376:Drivers/STM32G0xx_HAL_Driver/Inc/stm32g0xx_hal_pcd.h **** #define PCD_EP0MPS_32                                                 EP_MPS_32
 377:Drivers/STM32G0xx_HAL_Driver/Inc/stm32g0xx_hal_pcd.h **** #define PCD_EP0MPS_16                                                 EP_MPS_16
 378:Drivers/STM32G0xx_HAL_Driver/Inc/stm32g0xx_hal_pcd.h **** #define PCD_EP0MPS_08                                                 EP_MPS_8
 379:Drivers/STM32G0xx_HAL_Driver/Inc/stm32g0xx_hal_pcd.h **** /**
 380:Drivers/STM32G0xx_HAL_Driver/Inc/stm32g0xx_hal_pcd.h ****   * @}
 381:Drivers/STM32G0xx_HAL_Driver/Inc/stm32g0xx_hal_pcd.h ****   */
 382:Drivers/STM32G0xx_HAL_Driver/Inc/stm32g0xx_hal_pcd.h **** 
 383:Drivers/STM32G0xx_HAL_Driver/Inc/stm32g0xx_hal_pcd.h **** /** @defgroup PCD_ENDP PCD ENDP
 384:Drivers/STM32G0xx_HAL_Driver/Inc/stm32g0xx_hal_pcd.h ****   * @{
 385:Drivers/STM32G0xx_HAL_Driver/Inc/stm32g0xx_hal_pcd.h ****   */
 386:Drivers/STM32G0xx_HAL_Driver/Inc/stm32g0xx_hal_pcd.h **** #define PCD_ENDP0                                                     0U
 387:Drivers/STM32G0xx_HAL_Driver/Inc/stm32g0xx_hal_pcd.h **** #define PCD_ENDP1                                                     1U
 388:Drivers/STM32G0xx_HAL_Driver/Inc/stm32g0xx_hal_pcd.h **** #define PCD_ENDP2                                                     2U
 389:Drivers/STM32G0xx_HAL_Driver/Inc/stm32g0xx_hal_pcd.h **** #define PCD_ENDP3                                                     3U
 390:Drivers/STM32G0xx_HAL_Driver/Inc/stm32g0xx_hal_pcd.h **** #define PCD_ENDP4                                                     4U
 391:Drivers/STM32G0xx_HAL_Driver/Inc/stm32g0xx_hal_pcd.h **** #define PCD_ENDP5                                                     5U
 392:Drivers/STM32G0xx_HAL_Driver/Inc/stm32g0xx_hal_pcd.h **** #define PCD_ENDP6                                                     6U
 393:Drivers/STM32G0xx_HAL_Driver/Inc/stm32g0xx_hal_pcd.h **** #define PCD_ENDP7                                                     7U
 394:Drivers/STM32G0xx_HAL_Driver/Inc/stm32g0xx_hal_pcd.h **** /**
 395:Drivers/STM32G0xx_HAL_Driver/Inc/stm32g0xx_hal_pcd.h ****   * @}
 396:Drivers/STM32G0xx_HAL_Driver/Inc/stm32g0xx_hal_pcd.h ****   */
 397:Drivers/STM32G0xx_HAL_Driver/Inc/stm32g0xx_hal_pcd.h **** 
 398:Drivers/STM32G0xx_HAL_Driver/Inc/stm32g0xx_hal_pcd.h **** /** @defgroup PCD_ENDP_Kind PCD Endpoint Kind
 399:Drivers/STM32G0xx_HAL_Driver/Inc/stm32g0xx_hal_pcd.h ****   * @{
 400:Drivers/STM32G0xx_HAL_Driver/Inc/stm32g0xx_hal_pcd.h ****   */
 401:Drivers/STM32G0xx_HAL_Driver/Inc/stm32g0xx_hal_pcd.h **** #define PCD_SNG_BUF                                                   0U
 402:Drivers/STM32G0xx_HAL_Driver/Inc/stm32g0xx_hal_pcd.h **** #define PCD_DBL_BUF                                                   1U
 403:Drivers/STM32G0xx_HAL_Driver/Inc/stm32g0xx_hal_pcd.h **** /**
 404:Drivers/STM32G0xx_HAL_Driver/Inc/stm32g0xx_hal_pcd.h ****   * @}
 405:Drivers/STM32G0xx_HAL_Driver/Inc/stm32g0xx_hal_pcd.h ****   */
 406:Drivers/STM32G0xx_HAL_Driver/Inc/stm32g0xx_hal_pcd.h **** 
 407:Drivers/STM32G0xx_HAL_Driver/Inc/stm32g0xx_hal_pcd.h **** /**
 408:Drivers/STM32G0xx_HAL_Driver/Inc/stm32g0xx_hal_pcd.h ****   * @}
 409:Drivers/STM32G0xx_HAL_Driver/Inc/stm32g0xx_hal_pcd.h ****   */
 410:Drivers/STM32G0xx_HAL_Driver/Inc/stm32g0xx_hal_pcd.h **** 
 411:Drivers/STM32G0xx_HAL_Driver/Inc/stm32g0xx_hal_pcd.h **** /* Private macros ------------------------------------------------------------*/
 412:Drivers/STM32G0xx_HAL_Driver/Inc/stm32g0xx_hal_pcd.h **** /** @defgroup PCD_Private_Macros PCD Private Macros
 413:Drivers/STM32G0xx_HAL_Driver/Inc/stm32g0xx_hal_pcd.h ****   * @{
 414:Drivers/STM32G0xx_HAL_Driver/Inc/stm32g0xx_hal_pcd.h ****   */
 415:Drivers/STM32G0xx_HAL_Driver/Inc/stm32g0xx_hal_pcd.h **** 
 416:Drivers/STM32G0xx_HAL_Driver/Inc/stm32g0xx_hal_pcd.h **** /* PMA RX counter */
 417:Drivers/STM32G0xx_HAL_Driver/Inc/stm32g0xx_hal_pcd.h **** #ifndef PCD_RX_PMA_CNT
 418:Drivers/STM32G0xx_HAL_Driver/Inc/stm32g0xx_hal_pcd.h **** #define PCD_RX_PMA_CNT                                               10U
 419:Drivers/STM32G0xx_HAL_Driver/Inc/stm32g0xx_hal_pcd.h **** #endif /* PCD_RX_PMA_CNT */
 420:Drivers/STM32G0xx_HAL_Driver/Inc/stm32g0xx_hal_pcd.h **** 
 421:Drivers/STM32G0xx_HAL_Driver/Inc/stm32g0xx_hal_pcd.h **** /* SetENDPOINT */
 422:Drivers/STM32G0xx_HAL_Driver/Inc/stm32g0xx_hal_pcd.h **** #define PCD_SET_ENDPOINT                       USB_DRD_SET_CHEP
 423:Drivers/STM32G0xx_HAL_Driver/Inc/stm32g0xx_hal_pcd.h **** 
 424:Drivers/STM32G0xx_HAL_Driver/Inc/stm32g0xx_hal_pcd.h **** /* GetENDPOINT Register value*/
 425:Drivers/STM32G0xx_HAL_Driver/Inc/stm32g0xx_hal_pcd.h **** #define PCD_GET_ENDPOINT                       USB_DRD_GET_CHEP
 426:Drivers/STM32G0xx_HAL_Driver/Inc/stm32g0xx_hal_pcd.h **** 
 427:Drivers/STM32G0xx_HAL_Driver/Inc/stm32g0xx_hal_pcd.h **** 
 428:Drivers/STM32G0xx_HAL_Driver/Inc/stm32g0xx_hal_pcd.h **** /**
 429:Drivers/STM32G0xx_HAL_Driver/Inc/stm32g0xx_hal_pcd.h ****   * @brief free buffer used from the application realizing it to the line
 430:Drivers/STM32G0xx_HAL_Driver/Inc/stm32g0xx_hal_pcd.h ****   *         toggles bit SW_BUF in the double buffered endpoint register
ARM GAS  C:\Users\Domagoj\AppData\Local\Temp\cc6jMbW9.s 			page 9


 431:Drivers/STM32G0xx_HAL_Driver/Inc/stm32g0xx_hal_pcd.h ****   * @param USBx USB device.
 432:Drivers/STM32G0xx_HAL_Driver/Inc/stm32g0xx_hal_pcd.h ****   * @param   bEpNum, bDir
 433:Drivers/STM32G0xx_HAL_Driver/Inc/stm32g0xx_hal_pcd.h ****   * @retval None
 434:Drivers/STM32G0xx_HAL_Driver/Inc/stm32g0xx_hal_pcd.h ****   */
 435:Drivers/STM32G0xx_HAL_Driver/Inc/stm32g0xx_hal_pcd.h **** #define PCD_FREE_USER_BUFFER                   USB_DRD_FREE_USER_BUFFER
 436:Drivers/STM32G0xx_HAL_Driver/Inc/stm32g0xx_hal_pcd.h **** 
 437:Drivers/STM32G0xx_HAL_Driver/Inc/stm32g0xx_hal_pcd.h **** /**
 438:Drivers/STM32G0xx_HAL_Driver/Inc/stm32g0xx_hal_pcd.h ****   * @brief  sets the status for tx transfer (bits STAT_TX[1:0]).
 439:Drivers/STM32G0xx_HAL_Driver/Inc/stm32g0xx_hal_pcd.h ****   * @param  USBx USB peripheral instance register address.
 440:Drivers/STM32G0xx_HAL_Driver/Inc/stm32g0xx_hal_pcd.h ****   * @param  bEpNum Endpoint Number.
 441:Drivers/STM32G0xx_HAL_Driver/Inc/stm32g0xx_hal_pcd.h ****   * @param  wState new state
 442:Drivers/STM32G0xx_HAL_Driver/Inc/stm32g0xx_hal_pcd.h ****   * @retval None
 443:Drivers/STM32G0xx_HAL_Driver/Inc/stm32g0xx_hal_pcd.h ****   */
 444:Drivers/STM32G0xx_HAL_Driver/Inc/stm32g0xx_hal_pcd.h **** #define PCD_SET_EP_TX_STATUS                   USB_DRD_SET_CHEP_TX_STATUS
 445:Drivers/STM32G0xx_HAL_Driver/Inc/stm32g0xx_hal_pcd.h **** 
 446:Drivers/STM32G0xx_HAL_Driver/Inc/stm32g0xx_hal_pcd.h **** /**
 447:Drivers/STM32G0xx_HAL_Driver/Inc/stm32g0xx_hal_pcd.h ****   * @brief  sets the status for rx transfer (bits STAT_TX[1:0])
 448:Drivers/STM32G0xx_HAL_Driver/Inc/stm32g0xx_hal_pcd.h ****   * @param  USBx USB peripheral instance register address.
 449:Drivers/STM32G0xx_HAL_Driver/Inc/stm32g0xx_hal_pcd.h ****   * @param  bEpNum Endpoint Number.
 450:Drivers/STM32G0xx_HAL_Driver/Inc/stm32g0xx_hal_pcd.h ****   * @param  wState new state
 451:Drivers/STM32G0xx_HAL_Driver/Inc/stm32g0xx_hal_pcd.h ****   * @retval None
 452:Drivers/STM32G0xx_HAL_Driver/Inc/stm32g0xx_hal_pcd.h ****   */
 453:Drivers/STM32G0xx_HAL_Driver/Inc/stm32g0xx_hal_pcd.h **** #define PCD_SET_EP_RX_STATUS                   USB_DRD_SET_CHEP_RX_STATUS
 454:Drivers/STM32G0xx_HAL_Driver/Inc/stm32g0xx_hal_pcd.h **** 
 455:Drivers/STM32G0xx_HAL_Driver/Inc/stm32g0xx_hal_pcd.h **** /**
 456:Drivers/STM32G0xx_HAL_Driver/Inc/stm32g0xx_hal_pcd.h ****   * @brief  Sets/clears directly EP_KIND bit in the endpoint register.
 457:Drivers/STM32G0xx_HAL_Driver/Inc/stm32g0xx_hal_pcd.h ****   * @param  USBx USB peripheral instance register address.
 458:Drivers/STM32G0xx_HAL_Driver/Inc/stm32g0xx_hal_pcd.h ****   * @param  bEpNum Endpoint Number.
 459:Drivers/STM32G0xx_HAL_Driver/Inc/stm32g0xx_hal_pcd.h ****   * @retval None
 460:Drivers/STM32G0xx_HAL_Driver/Inc/stm32g0xx_hal_pcd.h ****   */
 461:Drivers/STM32G0xx_HAL_Driver/Inc/stm32g0xx_hal_pcd.h **** #define PCD_SET_EP_KIND                        USB_DRD_SET_CHEP_KIND
 462:Drivers/STM32G0xx_HAL_Driver/Inc/stm32g0xx_hal_pcd.h **** #define PCD_CLEAR_EP_KIND                      USB_DRD_CLEAR_CHEP_KIND
 463:Drivers/STM32G0xx_HAL_Driver/Inc/stm32g0xx_hal_pcd.h **** #define PCD_SET_BULK_EP_DBUF                   PCD_SET_EP_KIND
 464:Drivers/STM32G0xx_HAL_Driver/Inc/stm32g0xx_hal_pcd.h **** #define PCD_CLEAR_BULK_EP_DBUF                 PCD_CLEAR_EP_KIND
 465:Drivers/STM32G0xx_HAL_Driver/Inc/stm32g0xx_hal_pcd.h **** 
 466:Drivers/STM32G0xx_HAL_Driver/Inc/stm32g0xx_hal_pcd.h **** /**
 467:Drivers/STM32G0xx_HAL_Driver/Inc/stm32g0xx_hal_pcd.h ****   * @brief  Sets/clears directly STATUS_OUT bit in the endpoint register.
 468:Drivers/STM32G0xx_HAL_Driver/Inc/stm32g0xx_hal_pcd.h ****   * @param  USBx USB peripheral instance register address.
 469:Drivers/STM32G0xx_HAL_Driver/Inc/stm32g0xx_hal_pcd.h ****   * @param  bEpNum Endpoint Number.
 470:Drivers/STM32G0xx_HAL_Driver/Inc/stm32g0xx_hal_pcd.h ****   * @retval None
 471:Drivers/STM32G0xx_HAL_Driver/Inc/stm32g0xx_hal_pcd.h ****   */
 472:Drivers/STM32G0xx_HAL_Driver/Inc/stm32g0xx_hal_pcd.h **** #define PCD_SET_OUT_STATUS                     USB_DRD_SET_CHEP_KIND
 473:Drivers/STM32G0xx_HAL_Driver/Inc/stm32g0xx_hal_pcd.h **** #define PCD_CLEAR_OUT_STATUS                   USB_DRD_CLEAR_CHEP_KIND
 474:Drivers/STM32G0xx_HAL_Driver/Inc/stm32g0xx_hal_pcd.h **** 
 475:Drivers/STM32G0xx_HAL_Driver/Inc/stm32g0xx_hal_pcd.h **** /**
 476:Drivers/STM32G0xx_HAL_Driver/Inc/stm32g0xx_hal_pcd.h ****   * @brief  Clears bit CTR_RX / CTR_TX in the endpoint register.
 477:Drivers/STM32G0xx_HAL_Driver/Inc/stm32g0xx_hal_pcd.h ****   * @param  USBx USB peripheral instance register address.
 478:Drivers/STM32G0xx_HAL_Driver/Inc/stm32g0xx_hal_pcd.h ****   * @param  bEpNum Endpoint Number.
 479:Drivers/STM32G0xx_HAL_Driver/Inc/stm32g0xx_hal_pcd.h ****   * @retval None
 480:Drivers/STM32G0xx_HAL_Driver/Inc/stm32g0xx_hal_pcd.h ****   */
 481:Drivers/STM32G0xx_HAL_Driver/Inc/stm32g0xx_hal_pcd.h **** #define PCD_CLEAR_RX_EP_CTR                    USB_DRD_CLEAR_RX_CHEP_CTR
 482:Drivers/STM32G0xx_HAL_Driver/Inc/stm32g0xx_hal_pcd.h **** #define PCD_CLEAR_TX_EP_CTR                    USB_DRD_CLEAR_TX_CHEP_CTR
 483:Drivers/STM32G0xx_HAL_Driver/Inc/stm32g0xx_hal_pcd.h **** /**
 484:Drivers/STM32G0xx_HAL_Driver/Inc/stm32g0xx_hal_pcd.h ****   * @brief  Toggles DTOG_RX / DTOG_TX bit in the endpoint register.
 485:Drivers/STM32G0xx_HAL_Driver/Inc/stm32g0xx_hal_pcd.h ****   * @param  USBx USB peripheral instance register address.
 486:Drivers/STM32G0xx_HAL_Driver/Inc/stm32g0xx_hal_pcd.h ****   * @param  bEpNum Endpoint Number.
 487:Drivers/STM32G0xx_HAL_Driver/Inc/stm32g0xx_hal_pcd.h ****   * @retval None
ARM GAS  C:\Users\Domagoj\AppData\Local\Temp\cc6jMbW9.s 			page 10


 488:Drivers/STM32G0xx_HAL_Driver/Inc/stm32g0xx_hal_pcd.h ****   */
 489:Drivers/STM32G0xx_HAL_Driver/Inc/stm32g0xx_hal_pcd.h **** #define PCD_RX_DTOG                            USB_DRD_RX_DTOG
 490:Drivers/STM32G0xx_HAL_Driver/Inc/stm32g0xx_hal_pcd.h **** #define PCD_TX_DTOG                            USB_DRD_TX_DTOG
 491:Drivers/STM32G0xx_HAL_Driver/Inc/stm32g0xx_hal_pcd.h **** /**
 492:Drivers/STM32G0xx_HAL_Driver/Inc/stm32g0xx_hal_pcd.h ****   * @brief  Clears DTOG_RX / DTOG_TX bit in the endpoint register.
 493:Drivers/STM32G0xx_HAL_Driver/Inc/stm32g0xx_hal_pcd.h ****   * @param  USBx USB peripheral instance register address.
 494:Drivers/STM32G0xx_HAL_Driver/Inc/stm32g0xx_hal_pcd.h ****   * @param  bEpNum Endpoint Number.
 495:Drivers/STM32G0xx_HAL_Driver/Inc/stm32g0xx_hal_pcd.h ****   * @retval None
 496:Drivers/STM32G0xx_HAL_Driver/Inc/stm32g0xx_hal_pcd.h ****   */
 497:Drivers/STM32G0xx_HAL_Driver/Inc/stm32g0xx_hal_pcd.h **** #define PCD_CLEAR_RX_DTOG                      USB_DRD_CLEAR_RX_DTOG
 498:Drivers/STM32G0xx_HAL_Driver/Inc/stm32g0xx_hal_pcd.h **** #define PCD_CLEAR_TX_DTOG                      USB_DRD_CLEAR_TX_DTOG
 499:Drivers/STM32G0xx_HAL_Driver/Inc/stm32g0xx_hal_pcd.h **** 
 500:Drivers/STM32G0xx_HAL_Driver/Inc/stm32g0xx_hal_pcd.h **** /**
 501:Drivers/STM32G0xx_HAL_Driver/Inc/stm32g0xx_hal_pcd.h ****   * @brief  Sets address in an endpoint register.
 502:Drivers/STM32G0xx_HAL_Driver/Inc/stm32g0xx_hal_pcd.h ****   * @param  USBx USB peripheral instance register address.
 503:Drivers/STM32G0xx_HAL_Driver/Inc/stm32g0xx_hal_pcd.h ****   * @param  bEpNum Endpoint Number.
 504:Drivers/STM32G0xx_HAL_Driver/Inc/stm32g0xx_hal_pcd.h ****   * @param  bAddr Address.
 505:Drivers/STM32G0xx_HAL_Driver/Inc/stm32g0xx_hal_pcd.h ****   * @retval None
 506:Drivers/STM32G0xx_HAL_Driver/Inc/stm32g0xx_hal_pcd.h ****   */
 507:Drivers/STM32G0xx_HAL_Driver/Inc/stm32g0xx_hal_pcd.h **** #define PCD_SET_EP_ADDRESS                     USB_DRD_SET_CHEP_ADDRESS
 508:Drivers/STM32G0xx_HAL_Driver/Inc/stm32g0xx_hal_pcd.h **** 
 509:Drivers/STM32G0xx_HAL_Driver/Inc/stm32g0xx_hal_pcd.h **** /**
 510:Drivers/STM32G0xx_HAL_Driver/Inc/stm32g0xx_hal_pcd.h ****   * @brief  sets address of the tx/rx buffer.
 511:Drivers/STM32G0xx_HAL_Driver/Inc/stm32g0xx_hal_pcd.h ****   * @param  USBx USB peripheral instance register address.
 512:Drivers/STM32G0xx_HAL_Driver/Inc/stm32g0xx_hal_pcd.h ****   * @param  bEpNum Endpoint Number.
 513:Drivers/STM32G0xx_HAL_Driver/Inc/stm32g0xx_hal_pcd.h ****   * @param  wAddr address to be set (must be word aligned).
 514:Drivers/STM32G0xx_HAL_Driver/Inc/stm32g0xx_hal_pcd.h ****   * @retval None
 515:Drivers/STM32G0xx_HAL_Driver/Inc/stm32g0xx_hal_pcd.h ****   */
 516:Drivers/STM32G0xx_HAL_Driver/Inc/stm32g0xx_hal_pcd.h **** #define PCD_SET_EP_TX_ADDRESS                  USB_DRD_SET_CHEP_TX_ADDRESS
 517:Drivers/STM32G0xx_HAL_Driver/Inc/stm32g0xx_hal_pcd.h **** #define PCD_SET_EP_RX_ADDRESS                  USB_DRD_SET_CHEP_RX_ADDRESS
 518:Drivers/STM32G0xx_HAL_Driver/Inc/stm32g0xx_hal_pcd.h **** 
 519:Drivers/STM32G0xx_HAL_Driver/Inc/stm32g0xx_hal_pcd.h **** /**
 520:Drivers/STM32G0xx_HAL_Driver/Inc/stm32g0xx_hal_pcd.h ****   * @brief  sets counter for the tx/rx buffer.
 521:Drivers/STM32G0xx_HAL_Driver/Inc/stm32g0xx_hal_pcd.h ****   * @param  USBx USB peripheral instance register address.
 522:Drivers/STM32G0xx_HAL_Driver/Inc/stm32g0xx_hal_pcd.h ****   * @param  bEpNum Endpoint Number.
 523:Drivers/STM32G0xx_HAL_Driver/Inc/stm32g0xx_hal_pcd.h ****   * @param  wCount Counter value.
 524:Drivers/STM32G0xx_HAL_Driver/Inc/stm32g0xx_hal_pcd.h ****   * @retval None
 525:Drivers/STM32G0xx_HAL_Driver/Inc/stm32g0xx_hal_pcd.h ****   */
 526:Drivers/STM32G0xx_HAL_Driver/Inc/stm32g0xx_hal_pcd.h **** #define PCD_SET_EP_TX_CNT                      USB_DRD_SET_CHEP_TX_CNT
 527:Drivers/STM32G0xx_HAL_Driver/Inc/stm32g0xx_hal_pcd.h **** #define PCD_SET_EP_RX_CNT                      USB_DRD_SET_CHEP_RX_CNT
 528:Drivers/STM32G0xx_HAL_Driver/Inc/stm32g0xx_hal_pcd.h **** 
 529:Drivers/STM32G0xx_HAL_Driver/Inc/stm32g0xx_hal_pcd.h **** /**
 530:Drivers/STM32G0xx_HAL_Driver/Inc/stm32g0xx_hal_pcd.h ****   * @brief  gets counter of the tx buffer.
 531:Drivers/STM32G0xx_HAL_Driver/Inc/stm32g0xx_hal_pcd.h ****   * @param  USBx USB peripheral instance register address.
 532:Drivers/STM32G0xx_HAL_Driver/Inc/stm32g0xx_hal_pcd.h ****   * @param  bEpNum Endpoint Number.
 533:Drivers/STM32G0xx_HAL_Driver/Inc/stm32g0xx_hal_pcd.h ****   * @retval Counter value
 534:Drivers/STM32G0xx_HAL_Driver/Inc/stm32g0xx_hal_pcd.h ****   */
 535:Drivers/STM32G0xx_HAL_Driver/Inc/stm32g0xx_hal_pcd.h **** #define PCD_GET_EP_TX_CNT                      USB_DRD_GET_CHEP_TX_CNT
 536:Drivers/STM32G0xx_HAL_Driver/Inc/stm32g0xx_hal_pcd.h **** 
 537:Drivers/STM32G0xx_HAL_Driver/Inc/stm32g0xx_hal_pcd.h **** /**
 538:Drivers/STM32G0xx_HAL_Driver/Inc/stm32g0xx_hal_pcd.h ****   * @brief  gets counter of the rx buffer.
 539:Drivers/STM32G0xx_HAL_Driver/Inc/stm32g0xx_hal_pcd.h ****   * @param  Instance USB peripheral instance register address.
 540:Drivers/STM32G0xx_HAL_Driver/Inc/stm32g0xx_hal_pcd.h ****   * @param  bEpNum channel Number.
 541:Drivers/STM32G0xx_HAL_Driver/Inc/stm32g0xx_hal_pcd.h ****   * @retval Counter value
 542:Drivers/STM32G0xx_HAL_Driver/Inc/stm32g0xx_hal_pcd.h ****   */
 543:Drivers/STM32G0xx_HAL_Driver/Inc/stm32g0xx_hal_pcd.h **** __STATIC_INLINE uint16_t PCD_GET_EP_RX_CNT(const PCD_TypeDef *Instance, uint16_t bEpNum)
 544:Drivers/STM32G0xx_HAL_Driver/Inc/stm32g0xx_hal_pcd.h **** {
ARM GAS  C:\Users\Domagoj\AppData\Local\Temp\cc6jMbW9.s 			page 11


  28              		.loc 2 544 1 view -0
  29              		.cfi_startproc
  30              		@ args = 0, pretend = 0, frame = 8
  31              		@ frame_needed = 0, uses_anonymous_args = 0
  32              		@ link register save eliminated.
  33              		.loc 2 544 1 is_stmt 0 view .LVU1
  34 0000 82B0     		sub	sp, sp, #8
  35              	.LCFI0:
  36              		.cfi_def_cfa_offset 8
 545:Drivers/STM32G0xx_HAL_Driver/Inc/stm32g0xx_hal_pcd.h ****   UNUSED(Instance);
  37              		.loc 2 545 3 is_stmt 1 view .LVU2
 546:Drivers/STM32G0xx_HAL_Driver/Inc/stm32g0xx_hal_pcd.h ****   __IO uint32_t count = PCD_RX_PMA_CNT;
  38              		.loc 2 546 3 view .LVU3
  39              		.loc 2 546 17 is_stmt 0 view .LVU4
  40 0002 0A23     		movs	r3, #10
  41 0004 0193     		str	r3, [sp, #4]
 547:Drivers/STM32G0xx_HAL_Driver/Inc/stm32g0xx_hal_pcd.h **** 
 548:Drivers/STM32G0xx_HAL_Driver/Inc/stm32g0xx_hal_pcd.h ****   /* WA: few cycles for RX PMA descriptor to update */
 549:Drivers/STM32G0xx_HAL_Driver/Inc/stm32g0xx_hal_pcd.h ****   while (count > 0U)
  42              		.loc 2 549 3 is_stmt 1 view .LVU5
  43              		.loc 2 549 9 is_stmt 0 view .LVU6
  44 0006 02E0     		b	.L2
  45              	.L3:
 550:Drivers/STM32G0xx_HAL_Driver/Inc/stm32g0xx_hal_pcd.h ****   {
 551:Drivers/STM32G0xx_HAL_Driver/Inc/stm32g0xx_hal_pcd.h ****     count--;
  46              		.loc 2 551 5 is_stmt 1 view .LVU7
  47              		.loc 2 551 10 is_stmt 0 view .LVU8
  48 0008 019B     		ldr	r3, [sp, #4]
  49 000a 013B     		subs	r3, r3, #1
  50 000c 0193     		str	r3, [sp, #4]
  51              	.L2:
 549:Drivers/STM32G0xx_HAL_Driver/Inc/stm32g0xx_hal_pcd.h ****   {
  52              		.loc 2 549 16 is_stmt 1 view .LVU9
  53 000e 019B     		ldr	r3, [sp, #4]
  54 0010 002B     		cmp	r3, #0
  55 0012 F9D1     		bne	.L3
 552:Drivers/STM32G0xx_HAL_Driver/Inc/stm32g0xx_hal_pcd.h ****   }
 553:Drivers/STM32G0xx_HAL_Driver/Inc/stm32g0xx_hal_pcd.h **** 
 554:Drivers/STM32G0xx_HAL_Driver/Inc/stm32g0xx_hal_pcd.h ****   return (uint16_t)USB_DRD_GET_CHEP_RX_CNT((Instance), (bEpNum));
  56              		.loc 2 554 3 view .LVU10
  57              		.loc 2 554 20 is_stmt 0 view .LVU11
  58 0014 CB00     		lsls	r3, r1, #3
  59 0016 044A     		ldr	r2, .L4
  60 0018 9446     		mov	ip, r2
  61 001a 6344     		add	r3, r3, ip
  62 001c 5868     		ldr	r0, [r3, #4]
  63              	.LVL1:
  64              		.loc 2 554 20 view .LVU12
  65 001e 000C     		lsrs	r0, r0, #16
  66              		.loc 2 554 10 view .LVU13
  67 0020 8005     		lsls	r0, r0, #22
  68              		.loc 2 554 10 discriminator 1 view .LVU14
  69 0022 800D     		lsrs	r0, r0, #22
 555:Drivers/STM32G0xx_HAL_Driver/Inc/stm32g0xx_hal_pcd.h **** }
  70              		.loc 2 555 1 view .LVU15
  71 0024 02B0     		add	sp, sp, #8
  72              		@ sp needed
ARM GAS  C:\Users\Domagoj\AppData\Local\Temp\cc6jMbW9.s 			page 12


  73 0026 7047     		bx	lr
  74              	.L5:
  75              		.align	2
  76              	.L4:
  77 0028 00980040 		.word	1073780736
  78              		.cfi_endproc
  79              	.LFE363:
  81              		.section	.text.PCD_GET_EP_DBUF0_CNT,"ax",%progbits
  82              		.align	1
  83              		.syntax unified
  84              		.code	16
  85              		.thumb_func
  87              	PCD_GET_EP_DBUF0_CNT:
  88              	.LVL2:
  89              	.LFB364:
 556:Drivers/STM32G0xx_HAL_Driver/Inc/stm32g0xx_hal_pcd.h **** 
 557:Drivers/STM32G0xx_HAL_Driver/Inc/stm32g0xx_hal_pcd.h **** /**
 558:Drivers/STM32G0xx_HAL_Driver/Inc/stm32g0xx_hal_pcd.h ****   * @brief  Sets addresses in a double buffer endpoint.
 559:Drivers/STM32G0xx_HAL_Driver/Inc/stm32g0xx_hal_pcd.h ****   * @param  USBx USB peripheral instance register address.
 560:Drivers/STM32G0xx_HAL_Driver/Inc/stm32g0xx_hal_pcd.h ****   * @param  bEpNum Endpoint Number.
 561:Drivers/STM32G0xx_HAL_Driver/Inc/stm32g0xx_hal_pcd.h ****   * @param  wBuf0Addr: buffer 0 address.
 562:Drivers/STM32G0xx_HAL_Driver/Inc/stm32g0xx_hal_pcd.h ****   * @param  wBuf1Addr = buffer 1 address.
 563:Drivers/STM32G0xx_HAL_Driver/Inc/stm32g0xx_hal_pcd.h ****   * @retval None
 564:Drivers/STM32G0xx_HAL_Driver/Inc/stm32g0xx_hal_pcd.h ****   */
 565:Drivers/STM32G0xx_HAL_Driver/Inc/stm32g0xx_hal_pcd.h **** #define PCD_SET_EP_DBUF_ADDR                   USB_DRD_SET_CHEP_DBUF_ADDR
 566:Drivers/STM32G0xx_HAL_Driver/Inc/stm32g0xx_hal_pcd.h **** 
 567:Drivers/STM32G0xx_HAL_Driver/Inc/stm32g0xx_hal_pcd.h **** /**
 568:Drivers/STM32G0xx_HAL_Driver/Inc/stm32g0xx_hal_pcd.h ****   * @brief  Gets buffer 0/1 address of a double buffer endpoint.
 569:Drivers/STM32G0xx_HAL_Driver/Inc/stm32g0xx_hal_pcd.h ****   * @param  USBx USB peripheral instance register address.
 570:Drivers/STM32G0xx_HAL_Driver/Inc/stm32g0xx_hal_pcd.h ****   * @param  bEpNum Endpoint Number.
 571:Drivers/STM32G0xx_HAL_Driver/Inc/stm32g0xx_hal_pcd.h ****   * @param  bDir endpoint dir  EP_DBUF_OUT = OUT
 572:Drivers/STM32G0xx_HAL_Driver/Inc/stm32g0xx_hal_pcd.h ****   *         EP_DBUF_IN  = IN
 573:Drivers/STM32G0xx_HAL_Driver/Inc/stm32g0xx_hal_pcd.h ****   * @param  wCount: Counter value
 574:Drivers/STM32G0xx_HAL_Driver/Inc/stm32g0xx_hal_pcd.h ****   * @retval None
 575:Drivers/STM32G0xx_HAL_Driver/Inc/stm32g0xx_hal_pcd.h ****   */
 576:Drivers/STM32G0xx_HAL_Driver/Inc/stm32g0xx_hal_pcd.h **** #define PCD_SET_EP_DBUF0_CNT                   USB_DRD_SET_CHEP_DBUF0_CNT
 577:Drivers/STM32G0xx_HAL_Driver/Inc/stm32g0xx_hal_pcd.h **** #define PCD_SET_EP_DBUF1_CNT                   USB_DRD_SET_CHEP_DBUF1_CNT
 578:Drivers/STM32G0xx_HAL_Driver/Inc/stm32g0xx_hal_pcd.h **** #define PCD_SET_EP_DBUF_CNT                    USB_DRD_SET_CHEP_DBUF_CNT
 579:Drivers/STM32G0xx_HAL_Driver/Inc/stm32g0xx_hal_pcd.h **** 
 580:Drivers/STM32G0xx_HAL_Driver/Inc/stm32g0xx_hal_pcd.h **** /**
 581:Drivers/STM32G0xx_HAL_Driver/Inc/stm32g0xx_hal_pcd.h ****   * @brief  gets counter of the rx buffer0.
 582:Drivers/STM32G0xx_HAL_Driver/Inc/stm32g0xx_hal_pcd.h ****   * @param  Instance USB peripheral instance register address.
 583:Drivers/STM32G0xx_HAL_Driver/Inc/stm32g0xx_hal_pcd.h ****   * @param  bEpNum channel Number.
 584:Drivers/STM32G0xx_HAL_Driver/Inc/stm32g0xx_hal_pcd.h ****   * @retval Counter value
 585:Drivers/STM32G0xx_HAL_Driver/Inc/stm32g0xx_hal_pcd.h ****   */
 586:Drivers/STM32G0xx_HAL_Driver/Inc/stm32g0xx_hal_pcd.h **** __STATIC_INLINE uint16_t PCD_GET_EP_DBUF0_CNT(const PCD_TypeDef *Instance, uint16_t bEpNum)
 587:Drivers/STM32G0xx_HAL_Driver/Inc/stm32g0xx_hal_pcd.h **** {
  90              		.loc 2 587 1 is_stmt 1 view -0
  91              		.cfi_startproc
  92              		@ args = 0, pretend = 0, frame = 8
  93              		@ frame_needed = 0, uses_anonymous_args = 0
  94              		@ link register save eliminated.
  95              		.loc 2 587 1 is_stmt 0 view .LVU17
  96 0000 82B0     		sub	sp, sp, #8
  97              	.LCFI1:
  98              		.cfi_def_cfa_offset 8
 588:Drivers/STM32G0xx_HAL_Driver/Inc/stm32g0xx_hal_pcd.h ****   UNUSED(Instance);
ARM GAS  C:\Users\Domagoj\AppData\Local\Temp\cc6jMbW9.s 			page 13


  99              		.loc 2 588 3 is_stmt 1 view .LVU18
 589:Drivers/STM32G0xx_HAL_Driver/Inc/stm32g0xx_hal_pcd.h ****   __IO uint32_t count = PCD_RX_PMA_CNT;
 100              		.loc 2 589 3 view .LVU19
 101              		.loc 2 589 17 is_stmt 0 view .LVU20
 102 0002 0A23     		movs	r3, #10
 103 0004 0193     		str	r3, [sp, #4]
 590:Drivers/STM32G0xx_HAL_Driver/Inc/stm32g0xx_hal_pcd.h **** 
 591:Drivers/STM32G0xx_HAL_Driver/Inc/stm32g0xx_hal_pcd.h ****   /* WA: few cycles for RX PMA descriptor to update */
 592:Drivers/STM32G0xx_HAL_Driver/Inc/stm32g0xx_hal_pcd.h ****   while (count > 0U)
 104              		.loc 2 592 3 is_stmt 1 view .LVU21
 105              		.loc 2 592 9 is_stmt 0 view .LVU22
 106 0006 02E0     		b	.L7
 107              	.L8:
 593:Drivers/STM32G0xx_HAL_Driver/Inc/stm32g0xx_hal_pcd.h ****   {
 594:Drivers/STM32G0xx_HAL_Driver/Inc/stm32g0xx_hal_pcd.h ****     count--;
 108              		.loc 2 594 5 is_stmt 1 view .LVU23
 109              		.loc 2 594 10 is_stmt 0 view .LVU24
 110 0008 019B     		ldr	r3, [sp, #4]
 111 000a 013B     		subs	r3, r3, #1
 112 000c 0193     		str	r3, [sp, #4]
 113              	.L7:
 592:Drivers/STM32G0xx_HAL_Driver/Inc/stm32g0xx_hal_pcd.h ****   {
 114              		.loc 2 592 16 is_stmt 1 view .LVU25
 115 000e 019B     		ldr	r3, [sp, #4]
 116 0010 002B     		cmp	r3, #0
 117 0012 F9D1     		bne	.L8
 595:Drivers/STM32G0xx_HAL_Driver/Inc/stm32g0xx_hal_pcd.h ****   }
 596:Drivers/STM32G0xx_HAL_Driver/Inc/stm32g0xx_hal_pcd.h **** 
 597:Drivers/STM32G0xx_HAL_Driver/Inc/stm32g0xx_hal_pcd.h ****   return (uint16_t)USB_DRD_GET_CHEP_DBUF0_CNT((Instance), (bEpNum));
 118              		.loc 2 597 3 view .LVU26
 119              		.loc 2 597 20 is_stmt 0 view .LVU27
 120 0014 CB00     		lsls	r3, r1, #3
 121 0016 044A     		ldr	r2, .L9
 122 0018 9446     		mov	ip, r2
 123 001a 6344     		add	r3, r3, ip
 124 001c 1868     		ldr	r0, [r3]
 125              	.LVL3:
 126              		.loc 2 597 20 view .LVU28
 127 001e 000C     		lsrs	r0, r0, #16
 128              		.loc 2 597 10 view .LVU29
 129 0020 8005     		lsls	r0, r0, #22
 130              		.loc 2 597 10 discriminator 1 view .LVU30
 131 0022 800D     		lsrs	r0, r0, #22
 598:Drivers/STM32G0xx_HAL_Driver/Inc/stm32g0xx_hal_pcd.h **** }
 132              		.loc 2 598 1 view .LVU31
 133 0024 02B0     		add	sp, sp, #8
 134              		@ sp needed
 135 0026 7047     		bx	lr
 136              	.L10:
 137              		.align	2
 138              	.L9:
 139 0028 00980040 		.word	1073780736
 140              		.cfi_endproc
 141              	.LFE364:
 143              		.section	.text.PCD_GET_EP_DBUF1_CNT,"ax",%progbits
 144              		.align	1
 145              		.syntax unified
ARM GAS  C:\Users\Domagoj\AppData\Local\Temp\cc6jMbW9.s 			page 14


 146              		.code	16
 147              		.thumb_func
 149              	PCD_GET_EP_DBUF1_CNT:
 150              	.LVL4:
 151              	.LFB365:
 599:Drivers/STM32G0xx_HAL_Driver/Inc/stm32g0xx_hal_pcd.h **** 
 600:Drivers/STM32G0xx_HAL_Driver/Inc/stm32g0xx_hal_pcd.h **** /**
 601:Drivers/STM32G0xx_HAL_Driver/Inc/stm32g0xx_hal_pcd.h ****   * @brief  gets counter of the rx buffer1.
 602:Drivers/STM32G0xx_HAL_Driver/Inc/stm32g0xx_hal_pcd.h ****   * @param  Instance USB peripheral instance register address.
 603:Drivers/STM32G0xx_HAL_Driver/Inc/stm32g0xx_hal_pcd.h ****   * @param  bEpNum channel Number.
 604:Drivers/STM32G0xx_HAL_Driver/Inc/stm32g0xx_hal_pcd.h ****   * @retval Counter value
 605:Drivers/STM32G0xx_HAL_Driver/Inc/stm32g0xx_hal_pcd.h ****   */
 606:Drivers/STM32G0xx_HAL_Driver/Inc/stm32g0xx_hal_pcd.h **** __STATIC_INLINE uint16_t PCD_GET_EP_DBUF1_CNT(const PCD_TypeDef *Instance, uint16_t bEpNum)
 607:Drivers/STM32G0xx_HAL_Driver/Inc/stm32g0xx_hal_pcd.h **** {
 152              		.loc 2 607 1 is_stmt 1 view -0
 153              		.cfi_startproc
 154              		@ args = 0, pretend = 0, frame = 8
 155              		@ frame_needed = 0, uses_anonymous_args = 0
 156              		@ link register save eliminated.
 157              		.loc 2 607 1 is_stmt 0 view .LVU33
 158 0000 82B0     		sub	sp, sp, #8
 159              	.LCFI2:
 160              		.cfi_def_cfa_offset 8
 608:Drivers/STM32G0xx_HAL_Driver/Inc/stm32g0xx_hal_pcd.h ****   UNUSED(Instance);
 161              		.loc 2 608 3 is_stmt 1 view .LVU34
 609:Drivers/STM32G0xx_HAL_Driver/Inc/stm32g0xx_hal_pcd.h ****   __IO uint32_t count = PCD_RX_PMA_CNT;
 162              		.loc 2 609 3 view .LVU35
 163              		.loc 2 609 17 is_stmt 0 view .LVU36
 164 0002 0A23     		movs	r3, #10
 165 0004 0193     		str	r3, [sp, #4]
 610:Drivers/STM32G0xx_HAL_Driver/Inc/stm32g0xx_hal_pcd.h **** 
 611:Drivers/STM32G0xx_HAL_Driver/Inc/stm32g0xx_hal_pcd.h ****   /* WA: few cycles for RX PMA descriptor to update */
 612:Drivers/STM32G0xx_HAL_Driver/Inc/stm32g0xx_hal_pcd.h ****   while (count > 0U)
 166              		.loc 2 612 3 is_stmt 1 view .LVU37
 167              		.loc 2 612 9 is_stmt 0 view .LVU38
 168 0006 02E0     		b	.L12
 169              	.L13:
 613:Drivers/STM32G0xx_HAL_Driver/Inc/stm32g0xx_hal_pcd.h ****   {
 614:Drivers/STM32G0xx_HAL_Driver/Inc/stm32g0xx_hal_pcd.h ****     count--;
 170              		.loc 2 614 5 is_stmt 1 view .LVU39
 171              		.loc 2 614 10 is_stmt 0 view .LVU40
 172 0008 019B     		ldr	r3, [sp, #4]
 173 000a 013B     		subs	r3, r3, #1
 174 000c 0193     		str	r3, [sp, #4]
 175              	.L12:
 612:Drivers/STM32G0xx_HAL_Driver/Inc/stm32g0xx_hal_pcd.h ****   {
 176              		.loc 2 612 16 is_stmt 1 view .LVU41
 177 000e 019B     		ldr	r3, [sp, #4]
 178 0010 002B     		cmp	r3, #0
 179 0012 F9D1     		bne	.L13
 615:Drivers/STM32G0xx_HAL_Driver/Inc/stm32g0xx_hal_pcd.h ****   }
 616:Drivers/STM32G0xx_HAL_Driver/Inc/stm32g0xx_hal_pcd.h **** 
 617:Drivers/STM32G0xx_HAL_Driver/Inc/stm32g0xx_hal_pcd.h ****   return (uint16_t)USB_DRD_GET_CHEP_DBUF1_CNT((Instance), (bEpNum));
 180              		.loc 2 617 3 view .LVU42
 181              		.loc 2 617 20 is_stmt 0 view .LVU43
 182 0014 CB00     		lsls	r3, r1, #3
 183 0016 044A     		ldr	r2, .L14
ARM GAS  C:\Users\Domagoj\AppData\Local\Temp\cc6jMbW9.s 			page 15


 184 0018 9446     		mov	ip, r2
 185 001a 6344     		add	r3, r3, ip
 186 001c 5868     		ldr	r0, [r3, #4]
 187              	.LVL5:
 188              		.loc 2 617 20 view .LVU44
 189 001e 000C     		lsrs	r0, r0, #16
 190              		.loc 2 617 10 view .LVU45
 191 0020 8005     		lsls	r0, r0, #22
 192              		.loc 2 617 10 discriminator 1 view .LVU46
 193 0022 800D     		lsrs	r0, r0, #22
 618:Drivers/STM32G0xx_HAL_Driver/Inc/stm32g0xx_hal_pcd.h **** }
 194              		.loc 2 618 1 view .LVU47
 195 0024 02B0     		add	sp, sp, #8
 196              		@ sp needed
 197 0026 7047     		bx	lr
 198              	.L15:
 199              		.align	2
 200              	.L14:
 201 0028 00980040 		.word	1073780736
 202              		.cfi_endproc
 203              	.LFE365:
 205              		.section	.text.HAL_PCD_EP_DB_Receive,"ax",%progbits
 206              		.align	1
 207              		.syntax unified
 208              		.code	16
 209              		.thumb_func
 211              	HAL_PCD_EP_DB_Receive:
 212              	.LVL6:
 213              	.LFB400:
   1:Drivers/STM32G0xx_HAL_Driver/Src/stm32g0xx_hal_pcd.c **** /**
   2:Drivers/STM32G0xx_HAL_Driver/Src/stm32g0xx_hal_pcd.c ****   ******************************************************************************
   3:Drivers/STM32G0xx_HAL_Driver/Src/stm32g0xx_hal_pcd.c ****   * @file    stm32g0xx_hal_pcd.c
   4:Drivers/STM32G0xx_HAL_Driver/Src/stm32g0xx_hal_pcd.c ****   * @author  MCD Application Team
   5:Drivers/STM32G0xx_HAL_Driver/Src/stm32g0xx_hal_pcd.c ****   * @brief   PCD HAL module driver.
   6:Drivers/STM32G0xx_HAL_Driver/Src/stm32g0xx_hal_pcd.c ****   *          This file provides firmware functions to manage the following
   7:Drivers/STM32G0xx_HAL_Driver/Src/stm32g0xx_hal_pcd.c ****   *          functionalities of the USB Peripheral Controller:
   8:Drivers/STM32G0xx_HAL_Driver/Src/stm32g0xx_hal_pcd.c ****   *           + Initialization and de-initialization functions
   9:Drivers/STM32G0xx_HAL_Driver/Src/stm32g0xx_hal_pcd.c ****   *           + IO operation functions
  10:Drivers/STM32G0xx_HAL_Driver/Src/stm32g0xx_hal_pcd.c ****   *           + Peripheral Control functions
  11:Drivers/STM32G0xx_HAL_Driver/Src/stm32g0xx_hal_pcd.c ****   *           + Peripheral State functions
  12:Drivers/STM32G0xx_HAL_Driver/Src/stm32g0xx_hal_pcd.c ****   *
  13:Drivers/STM32G0xx_HAL_Driver/Src/stm32g0xx_hal_pcd.c ****   ******************************************************************************
  14:Drivers/STM32G0xx_HAL_Driver/Src/stm32g0xx_hal_pcd.c ****   * @attention
  15:Drivers/STM32G0xx_HAL_Driver/Src/stm32g0xx_hal_pcd.c ****   *
  16:Drivers/STM32G0xx_HAL_Driver/Src/stm32g0xx_hal_pcd.c ****   * Copyright (c) 2018 STMicroelectronics.
  17:Drivers/STM32G0xx_HAL_Driver/Src/stm32g0xx_hal_pcd.c ****   * All rights reserved.
  18:Drivers/STM32G0xx_HAL_Driver/Src/stm32g0xx_hal_pcd.c ****   *
  19:Drivers/STM32G0xx_HAL_Driver/Src/stm32g0xx_hal_pcd.c ****   * This software is licensed under terms that can be found in the LICENSE file
  20:Drivers/STM32G0xx_HAL_Driver/Src/stm32g0xx_hal_pcd.c ****   * in the root directory of this software component.
  21:Drivers/STM32G0xx_HAL_Driver/Src/stm32g0xx_hal_pcd.c ****   * If no LICENSE file comes with this software, it is provided AS-IS.
  22:Drivers/STM32G0xx_HAL_Driver/Src/stm32g0xx_hal_pcd.c ****   *
  23:Drivers/STM32G0xx_HAL_Driver/Src/stm32g0xx_hal_pcd.c ****   ******************************************************************************
  24:Drivers/STM32G0xx_HAL_Driver/Src/stm32g0xx_hal_pcd.c ****   @verbatim
  25:Drivers/STM32G0xx_HAL_Driver/Src/stm32g0xx_hal_pcd.c ****   ==============================================================================
  26:Drivers/STM32G0xx_HAL_Driver/Src/stm32g0xx_hal_pcd.c ****                     ##### How to use this driver #####
  27:Drivers/STM32G0xx_HAL_Driver/Src/stm32g0xx_hal_pcd.c ****   ==============================================================================
  28:Drivers/STM32G0xx_HAL_Driver/Src/stm32g0xx_hal_pcd.c ****     [..]
ARM GAS  C:\Users\Domagoj\AppData\Local\Temp\cc6jMbW9.s 			page 16


  29:Drivers/STM32G0xx_HAL_Driver/Src/stm32g0xx_hal_pcd.c ****       The PCD HAL driver can be used as follows:
  30:Drivers/STM32G0xx_HAL_Driver/Src/stm32g0xx_hal_pcd.c **** 
  31:Drivers/STM32G0xx_HAL_Driver/Src/stm32g0xx_hal_pcd.c ****      (#) Declare a PCD_HandleTypeDef handle structure, for example:
  32:Drivers/STM32G0xx_HAL_Driver/Src/stm32g0xx_hal_pcd.c ****          PCD_HandleTypeDef  hpcd;
  33:Drivers/STM32G0xx_HAL_Driver/Src/stm32g0xx_hal_pcd.c **** 
  34:Drivers/STM32G0xx_HAL_Driver/Src/stm32g0xx_hal_pcd.c ****      (#) Fill parameters of Init structure in HCD handle
  35:Drivers/STM32G0xx_HAL_Driver/Src/stm32g0xx_hal_pcd.c **** 
  36:Drivers/STM32G0xx_HAL_Driver/Src/stm32g0xx_hal_pcd.c ****      (#) Call HAL_PCD_Init() API to initialize the PCD peripheral (Core, Device core, ...)
  37:Drivers/STM32G0xx_HAL_Driver/Src/stm32g0xx_hal_pcd.c **** 
  38:Drivers/STM32G0xx_HAL_Driver/Src/stm32g0xx_hal_pcd.c ****      (#) Initialize the PCD low level resources through the HAL_PCD_MspInit() API:
  39:Drivers/STM32G0xx_HAL_Driver/Src/stm32g0xx_hal_pcd.c ****          (##) Enable the PCD/USB Low Level interface clock using
  40:Drivers/STM32G0xx_HAL_Driver/Src/stm32g0xx_hal_pcd.c ****               (+++) __HAL_RCC_USB_CLK_ENABLE(); For USB Device FS peripheral
  41:Drivers/STM32G0xx_HAL_Driver/Src/stm32g0xx_hal_pcd.c **** 
  42:Drivers/STM32G0xx_HAL_Driver/Src/stm32g0xx_hal_pcd.c ****          (##) Initialize the related GPIO clocks
  43:Drivers/STM32G0xx_HAL_Driver/Src/stm32g0xx_hal_pcd.c ****          (##) Configure PCD pin-out
  44:Drivers/STM32G0xx_HAL_Driver/Src/stm32g0xx_hal_pcd.c ****          (##) Configure PCD NVIC interrupt
  45:Drivers/STM32G0xx_HAL_Driver/Src/stm32g0xx_hal_pcd.c **** 
  46:Drivers/STM32G0xx_HAL_Driver/Src/stm32g0xx_hal_pcd.c ****      (#)Associate the Upper USB device stack to the HAL PCD Driver:
  47:Drivers/STM32G0xx_HAL_Driver/Src/stm32g0xx_hal_pcd.c ****          (##) hpcd.pData = pdev;
  48:Drivers/STM32G0xx_HAL_Driver/Src/stm32g0xx_hal_pcd.c **** 
  49:Drivers/STM32G0xx_HAL_Driver/Src/stm32g0xx_hal_pcd.c ****      (#)Enable PCD transmission and reception:
  50:Drivers/STM32G0xx_HAL_Driver/Src/stm32g0xx_hal_pcd.c ****          (##) HAL_PCD_Start();
  51:Drivers/STM32G0xx_HAL_Driver/Src/stm32g0xx_hal_pcd.c **** 
  52:Drivers/STM32G0xx_HAL_Driver/Src/stm32g0xx_hal_pcd.c ****      (#)NOTE: For applications not using double buffer mode, define the symbol
  53:Drivers/STM32G0xx_HAL_Driver/Src/stm32g0xx_hal_pcd.c ****                'USE_USB_DOUBLE_BUFFER' as 0 to reduce the driver's memory footprint.
  54:Drivers/STM32G0xx_HAL_Driver/Src/stm32g0xx_hal_pcd.c **** 
  55:Drivers/STM32G0xx_HAL_Driver/Src/stm32g0xx_hal_pcd.c ****   @endverbatim
  56:Drivers/STM32G0xx_HAL_Driver/Src/stm32g0xx_hal_pcd.c ****   ******************************************************************************
  57:Drivers/STM32G0xx_HAL_Driver/Src/stm32g0xx_hal_pcd.c ****   */
  58:Drivers/STM32G0xx_HAL_Driver/Src/stm32g0xx_hal_pcd.c **** 
  59:Drivers/STM32G0xx_HAL_Driver/Src/stm32g0xx_hal_pcd.c **** /* Includes ------------------------------------------------------------------*/
  60:Drivers/STM32G0xx_HAL_Driver/Src/stm32g0xx_hal_pcd.c **** #include "stm32g0xx_hal.h"
  61:Drivers/STM32G0xx_HAL_Driver/Src/stm32g0xx_hal_pcd.c **** 
  62:Drivers/STM32G0xx_HAL_Driver/Src/stm32g0xx_hal_pcd.c **** /** @addtogroup STM32G0xx_HAL_Driver
  63:Drivers/STM32G0xx_HAL_Driver/Src/stm32g0xx_hal_pcd.c ****   * @{
  64:Drivers/STM32G0xx_HAL_Driver/Src/stm32g0xx_hal_pcd.c ****   */
  65:Drivers/STM32G0xx_HAL_Driver/Src/stm32g0xx_hal_pcd.c **** 
  66:Drivers/STM32G0xx_HAL_Driver/Src/stm32g0xx_hal_pcd.c **** /** @defgroup PCD PCD
  67:Drivers/STM32G0xx_HAL_Driver/Src/stm32g0xx_hal_pcd.c ****   * @brief PCD HAL module driver
  68:Drivers/STM32G0xx_HAL_Driver/Src/stm32g0xx_hal_pcd.c ****   * @{
  69:Drivers/STM32G0xx_HAL_Driver/Src/stm32g0xx_hal_pcd.c ****   */
  70:Drivers/STM32G0xx_HAL_Driver/Src/stm32g0xx_hal_pcd.c **** 
  71:Drivers/STM32G0xx_HAL_Driver/Src/stm32g0xx_hal_pcd.c **** #ifdef HAL_PCD_MODULE_ENABLED
  72:Drivers/STM32G0xx_HAL_Driver/Src/stm32g0xx_hal_pcd.c **** 
  73:Drivers/STM32G0xx_HAL_Driver/Src/stm32g0xx_hal_pcd.c **** #if defined (USB_DRD_FS)
  74:Drivers/STM32G0xx_HAL_Driver/Src/stm32g0xx_hal_pcd.c **** 
  75:Drivers/STM32G0xx_HAL_Driver/Src/stm32g0xx_hal_pcd.c **** /* Private types -------------------------------------------------------------*/
  76:Drivers/STM32G0xx_HAL_Driver/Src/stm32g0xx_hal_pcd.c **** /* Private variables ---------------------------------------------------------*/
  77:Drivers/STM32G0xx_HAL_Driver/Src/stm32g0xx_hal_pcd.c **** /* Private constants ---------------------------------------------------------*/
  78:Drivers/STM32G0xx_HAL_Driver/Src/stm32g0xx_hal_pcd.c **** /* Private macros ------------------------------------------------------------*/
  79:Drivers/STM32G0xx_HAL_Driver/Src/stm32g0xx_hal_pcd.c **** /** @defgroup PCD_Private_Macros PCD Private Macros
  80:Drivers/STM32G0xx_HAL_Driver/Src/stm32g0xx_hal_pcd.c ****   * @{
  81:Drivers/STM32G0xx_HAL_Driver/Src/stm32g0xx_hal_pcd.c ****   */
  82:Drivers/STM32G0xx_HAL_Driver/Src/stm32g0xx_hal_pcd.c **** #define PCD_MIN(a, b)  (((a) < (b)) ? (a) : (b))
  83:Drivers/STM32G0xx_HAL_Driver/Src/stm32g0xx_hal_pcd.c **** #define PCD_MAX(a, b)  (((a) > (b)) ? (a) : (b))
  84:Drivers/STM32G0xx_HAL_Driver/Src/stm32g0xx_hal_pcd.c **** /**
  85:Drivers/STM32G0xx_HAL_Driver/Src/stm32g0xx_hal_pcd.c ****   * @}
ARM GAS  C:\Users\Domagoj\AppData\Local\Temp\cc6jMbW9.s 			page 17


  86:Drivers/STM32G0xx_HAL_Driver/Src/stm32g0xx_hal_pcd.c ****   */
  87:Drivers/STM32G0xx_HAL_Driver/Src/stm32g0xx_hal_pcd.c **** 
  88:Drivers/STM32G0xx_HAL_Driver/Src/stm32g0xx_hal_pcd.c **** /* Private functions prototypes ----------------------------------------------*/
  89:Drivers/STM32G0xx_HAL_Driver/Src/stm32g0xx_hal_pcd.c **** /** @defgroup PCD_Private_Functions PCD Private Functions
  90:Drivers/STM32G0xx_HAL_Driver/Src/stm32g0xx_hal_pcd.c ****   * @{
  91:Drivers/STM32G0xx_HAL_Driver/Src/stm32g0xx_hal_pcd.c ****   */
  92:Drivers/STM32G0xx_HAL_Driver/Src/stm32g0xx_hal_pcd.c **** 
  93:Drivers/STM32G0xx_HAL_Driver/Src/stm32g0xx_hal_pcd.c **** static HAL_StatusTypeDef PCD_EP_ISR_Handler(PCD_HandleTypeDef *hpcd);
  94:Drivers/STM32G0xx_HAL_Driver/Src/stm32g0xx_hal_pcd.c **** #if (USE_USB_DOUBLE_BUFFER == 1U)
  95:Drivers/STM32G0xx_HAL_Driver/Src/stm32g0xx_hal_pcd.c **** static HAL_StatusTypeDef HAL_PCD_EP_DB_Transmit(PCD_HandleTypeDef *hpcd, PCD_EPTypeDef *ep, uint16_
  96:Drivers/STM32G0xx_HAL_Driver/Src/stm32g0xx_hal_pcd.c **** static uint16_t HAL_PCD_EP_DB_Receive(PCD_HandleTypeDef *hpcd, PCD_EPTypeDef *ep, uint16_t wEPVal);
  97:Drivers/STM32G0xx_HAL_Driver/Src/stm32g0xx_hal_pcd.c **** #endif /* (USE_USB_DOUBLE_BUFFER == 1U) */
  98:Drivers/STM32G0xx_HAL_Driver/Src/stm32g0xx_hal_pcd.c **** 
  99:Drivers/STM32G0xx_HAL_Driver/Src/stm32g0xx_hal_pcd.c **** /**
 100:Drivers/STM32G0xx_HAL_Driver/Src/stm32g0xx_hal_pcd.c ****   * @}
 101:Drivers/STM32G0xx_HAL_Driver/Src/stm32g0xx_hal_pcd.c ****   */
 102:Drivers/STM32G0xx_HAL_Driver/Src/stm32g0xx_hal_pcd.c **** 
 103:Drivers/STM32G0xx_HAL_Driver/Src/stm32g0xx_hal_pcd.c **** /* Exported functions --------------------------------------------------------*/
 104:Drivers/STM32G0xx_HAL_Driver/Src/stm32g0xx_hal_pcd.c **** /** @defgroup PCD_Exported_Functions PCD Exported Functions
 105:Drivers/STM32G0xx_HAL_Driver/Src/stm32g0xx_hal_pcd.c ****   * @{
 106:Drivers/STM32G0xx_HAL_Driver/Src/stm32g0xx_hal_pcd.c ****   */
 107:Drivers/STM32G0xx_HAL_Driver/Src/stm32g0xx_hal_pcd.c **** 
 108:Drivers/STM32G0xx_HAL_Driver/Src/stm32g0xx_hal_pcd.c **** /** @defgroup PCD_Exported_Functions_Group1 Initialization and de-initialization functions
 109:Drivers/STM32G0xx_HAL_Driver/Src/stm32g0xx_hal_pcd.c ****   *  @brief    Initialization and Configuration functions
 110:Drivers/STM32G0xx_HAL_Driver/Src/stm32g0xx_hal_pcd.c ****   *
 111:Drivers/STM32G0xx_HAL_Driver/Src/stm32g0xx_hal_pcd.c **** @verbatim
 112:Drivers/STM32G0xx_HAL_Driver/Src/stm32g0xx_hal_pcd.c ****  ===============================================================================
 113:Drivers/STM32G0xx_HAL_Driver/Src/stm32g0xx_hal_pcd.c ****             ##### Initialization and de-initialization functions #####
 114:Drivers/STM32G0xx_HAL_Driver/Src/stm32g0xx_hal_pcd.c ****  ===============================================================================
 115:Drivers/STM32G0xx_HAL_Driver/Src/stm32g0xx_hal_pcd.c ****     [..]  This section provides functions allowing to:
 116:Drivers/STM32G0xx_HAL_Driver/Src/stm32g0xx_hal_pcd.c **** 
 117:Drivers/STM32G0xx_HAL_Driver/Src/stm32g0xx_hal_pcd.c **** @endverbatim
 118:Drivers/STM32G0xx_HAL_Driver/Src/stm32g0xx_hal_pcd.c ****   * @{
 119:Drivers/STM32G0xx_HAL_Driver/Src/stm32g0xx_hal_pcd.c ****   */
 120:Drivers/STM32G0xx_HAL_Driver/Src/stm32g0xx_hal_pcd.c **** 
 121:Drivers/STM32G0xx_HAL_Driver/Src/stm32g0xx_hal_pcd.c **** /**
 122:Drivers/STM32G0xx_HAL_Driver/Src/stm32g0xx_hal_pcd.c ****   * @brief  Initializes the PCD according to the specified
 123:Drivers/STM32G0xx_HAL_Driver/Src/stm32g0xx_hal_pcd.c ****   *         parameters in the PCD_InitTypeDef and initialize the associated handle.
 124:Drivers/STM32G0xx_HAL_Driver/Src/stm32g0xx_hal_pcd.c ****   * @param  hpcd PCD handle
 125:Drivers/STM32G0xx_HAL_Driver/Src/stm32g0xx_hal_pcd.c ****   * @retval HAL status
 126:Drivers/STM32G0xx_HAL_Driver/Src/stm32g0xx_hal_pcd.c ****   */
 127:Drivers/STM32G0xx_HAL_Driver/Src/stm32g0xx_hal_pcd.c **** HAL_StatusTypeDef HAL_PCD_Init(PCD_HandleTypeDef *hpcd)
 128:Drivers/STM32G0xx_HAL_Driver/Src/stm32g0xx_hal_pcd.c **** {
 129:Drivers/STM32G0xx_HAL_Driver/Src/stm32g0xx_hal_pcd.c ****   uint8_t i;
 130:Drivers/STM32G0xx_HAL_Driver/Src/stm32g0xx_hal_pcd.c **** 
 131:Drivers/STM32G0xx_HAL_Driver/Src/stm32g0xx_hal_pcd.c ****   /* Check the PCD handle allocation */
 132:Drivers/STM32G0xx_HAL_Driver/Src/stm32g0xx_hal_pcd.c ****   if (hpcd == NULL)
 133:Drivers/STM32G0xx_HAL_Driver/Src/stm32g0xx_hal_pcd.c ****   {
 134:Drivers/STM32G0xx_HAL_Driver/Src/stm32g0xx_hal_pcd.c ****     return HAL_ERROR;
 135:Drivers/STM32G0xx_HAL_Driver/Src/stm32g0xx_hal_pcd.c ****   }
 136:Drivers/STM32G0xx_HAL_Driver/Src/stm32g0xx_hal_pcd.c **** 
 137:Drivers/STM32G0xx_HAL_Driver/Src/stm32g0xx_hal_pcd.c ****   /* Check the parameters */
 138:Drivers/STM32G0xx_HAL_Driver/Src/stm32g0xx_hal_pcd.c ****   assert_param(IS_PCD_ALL_INSTANCE(hpcd->Instance));
 139:Drivers/STM32G0xx_HAL_Driver/Src/stm32g0xx_hal_pcd.c **** 
 140:Drivers/STM32G0xx_HAL_Driver/Src/stm32g0xx_hal_pcd.c ****   if (hpcd->State == HAL_PCD_STATE_RESET)
 141:Drivers/STM32G0xx_HAL_Driver/Src/stm32g0xx_hal_pcd.c ****   {
 142:Drivers/STM32G0xx_HAL_Driver/Src/stm32g0xx_hal_pcd.c ****     /* Allocate lock resource and initialize it */
ARM GAS  C:\Users\Domagoj\AppData\Local\Temp\cc6jMbW9.s 			page 18


 143:Drivers/STM32G0xx_HAL_Driver/Src/stm32g0xx_hal_pcd.c ****     hpcd->Lock = HAL_UNLOCKED;
 144:Drivers/STM32G0xx_HAL_Driver/Src/stm32g0xx_hal_pcd.c **** 
 145:Drivers/STM32G0xx_HAL_Driver/Src/stm32g0xx_hal_pcd.c **** #if (USE_HAL_PCD_REGISTER_CALLBACKS == 1U)
 146:Drivers/STM32G0xx_HAL_Driver/Src/stm32g0xx_hal_pcd.c ****     hpcd->SOFCallback = HAL_PCD_SOFCallback;
 147:Drivers/STM32G0xx_HAL_Driver/Src/stm32g0xx_hal_pcd.c ****     hpcd->SetupStageCallback = HAL_PCD_SetupStageCallback;
 148:Drivers/STM32G0xx_HAL_Driver/Src/stm32g0xx_hal_pcd.c ****     hpcd->ResetCallback = HAL_PCD_ResetCallback;
 149:Drivers/STM32G0xx_HAL_Driver/Src/stm32g0xx_hal_pcd.c ****     hpcd->SuspendCallback = HAL_PCD_SuspendCallback;
 150:Drivers/STM32G0xx_HAL_Driver/Src/stm32g0xx_hal_pcd.c ****     hpcd->ResumeCallback = HAL_PCD_ResumeCallback;
 151:Drivers/STM32G0xx_HAL_Driver/Src/stm32g0xx_hal_pcd.c ****     hpcd->ConnectCallback = HAL_PCD_ConnectCallback;
 152:Drivers/STM32G0xx_HAL_Driver/Src/stm32g0xx_hal_pcd.c ****     hpcd->DisconnectCallback = HAL_PCD_DisconnectCallback;
 153:Drivers/STM32G0xx_HAL_Driver/Src/stm32g0xx_hal_pcd.c ****     hpcd->DataOutStageCallback = HAL_PCD_DataOutStageCallback;
 154:Drivers/STM32G0xx_HAL_Driver/Src/stm32g0xx_hal_pcd.c ****     hpcd->DataInStageCallback = HAL_PCD_DataInStageCallback;
 155:Drivers/STM32G0xx_HAL_Driver/Src/stm32g0xx_hal_pcd.c ****     hpcd->ISOOUTIncompleteCallback = HAL_PCD_ISOOUTIncompleteCallback;
 156:Drivers/STM32G0xx_HAL_Driver/Src/stm32g0xx_hal_pcd.c ****     hpcd->ISOINIncompleteCallback = HAL_PCD_ISOINIncompleteCallback;
 157:Drivers/STM32G0xx_HAL_Driver/Src/stm32g0xx_hal_pcd.c ****     hpcd->LPMCallback = HAL_PCDEx_LPM_Callback;
 158:Drivers/STM32G0xx_HAL_Driver/Src/stm32g0xx_hal_pcd.c ****     hpcd->BCDCallback = HAL_PCDEx_BCD_Callback;
 159:Drivers/STM32G0xx_HAL_Driver/Src/stm32g0xx_hal_pcd.c **** 
 160:Drivers/STM32G0xx_HAL_Driver/Src/stm32g0xx_hal_pcd.c ****     if (hpcd->MspInitCallback == NULL)
 161:Drivers/STM32G0xx_HAL_Driver/Src/stm32g0xx_hal_pcd.c ****     {
 162:Drivers/STM32G0xx_HAL_Driver/Src/stm32g0xx_hal_pcd.c ****       hpcd->MspInitCallback = HAL_PCD_MspInit;
 163:Drivers/STM32G0xx_HAL_Driver/Src/stm32g0xx_hal_pcd.c ****     }
 164:Drivers/STM32G0xx_HAL_Driver/Src/stm32g0xx_hal_pcd.c **** 
 165:Drivers/STM32G0xx_HAL_Driver/Src/stm32g0xx_hal_pcd.c ****     /* Init the low level hardware */
 166:Drivers/STM32G0xx_HAL_Driver/Src/stm32g0xx_hal_pcd.c ****     hpcd->MspInitCallback(hpcd);
 167:Drivers/STM32G0xx_HAL_Driver/Src/stm32g0xx_hal_pcd.c **** #else
 168:Drivers/STM32G0xx_HAL_Driver/Src/stm32g0xx_hal_pcd.c ****     /* Init the low level hardware : GPIO, CLOCK, NVIC... */
 169:Drivers/STM32G0xx_HAL_Driver/Src/stm32g0xx_hal_pcd.c ****     HAL_PCD_MspInit(hpcd);
 170:Drivers/STM32G0xx_HAL_Driver/Src/stm32g0xx_hal_pcd.c **** #endif /* (USE_HAL_PCD_REGISTER_CALLBACKS) */
 171:Drivers/STM32G0xx_HAL_Driver/Src/stm32g0xx_hal_pcd.c ****   }
 172:Drivers/STM32G0xx_HAL_Driver/Src/stm32g0xx_hal_pcd.c **** 
 173:Drivers/STM32G0xx_HAL_Driver/Src/stm32g0xx_hal_pcd.c ****   hpcd->State = HAL_PCD_STATE_BUSY;
 174:Drivers/STM32G0xx_HAL_Driver/Src/stm32g0xx_hal_pcd.c **** 
 175:Drivers/STM32G0xx_HAL_Driver/Src/stm32g0xx_hal_pcd.c ****   /* Disable the Interrupts */
 176:Drivers/STM32G0xx_HAL_Driver/Src/stm32g0xx_hal_pcd.c ****   __HAL_PCD_DISABLE(hpcd);
 177:Drivers/STM32G0xx_HAL_Driver/Src/stm32g0xx_hal_pcd.c **** 
 178:Drivers/STM32G0xx_HAL_Driver/Src/stm32g0xx_hal_pcd.c ****   /* Init endpoints structures */
 179:Drivers/STM32G0xx_HAL_Driver/Src/stm32g0xx_hal_pcd.c ****   for (i = 0U; i < hpcd->Init.dev_endpoints; i++)
 180:Drivers/STM32G0xx_HAL_Driver/Src/stm32g0xx_hal_pcd.c ****   {
 181:Drivers/STM32G0xx_HAL_Driver/Src/stm32g0xx_hal_pcd.c ****     /* Init ep structure */
 182:Drivers/STM32G0xx_HAL_Driver/Src/stm32g0xx_hal_pcd.c ****     hpcd->IN_ep[i].is_in = 1U;
 183:Drivers/STM32G0xx_HAL_Driver/Src/stm32g0xx_hal_pcd.c ****     hpcd->IN_ep[i].num = i;
 184:Drivers/STM32G0xx_HAL_Driver/Src/stm32g0xx_hal_pcd.c ****     /* Control until ep is activated */
 185:Drivers/STM32G0xx_HAL_Driver/Src/stm32g0xx_hal_pcd.c ****     hpcd->IN_ep[i].type = EP_TYPE_CTRL;
 186:Drivers/STM32G0xx_HAL_Driver/Src/stm32g0xx_hal_pcd.c ****     hpcd->IN_ep[i].maxpacket = 0U;
 187:Drivers/STM32G0xx_HAL_Driver/Src/stm32g0xx_hal_pcd.c ****     hpcd->IN_ep[i].xfer_buff = 0U;
 188:Drivers/STM32G0xx_HAL_Driver/Src/stm32g0xx_hal_pcd.c ****     hpcd->IN_ep[i].xfer_len = 0U;
 189:Drivers/STM32G0xx_HAL_Driver/Src/stm32g0xx_hal_pcd.c ****   }
 190:Drivers/STM32G0xx_HAL_Driver/Src/stm32g0xx_hal_pcd.c **** 
 191:Drivers/STM32G0xx_HAL_Driver/Src/stm32g0xx_hal_pcd.c ****   for (i = 0U; i < hpcd->Init.dev_endpoints; i++)
 192:Drivers/STM32G0xx_HAL_Driver/Src/stm32g0xx_hal_pcd.c ****   {
 193:Drivers/STM32G0xx_HAL_Driver/Src/stm32g0xx_hal_pcd.c ****     hpcd->OUT_ep[i].is_in = 0U;
 194:Drivers/STM32G0xx_HAL_Driver/Src/stm32g0xx_hal_pcd.c ****     hpcd->OUT_ep[i].num = i;
 195:Drivers/STM32G0xx_HAL_Driver/Src/stm32g0xx_hal_pcd.c ****     /* Control until ep is activated */
 196:Drivers/STM32G0xx_HAL_Driver/Src/stm32g0xx_hal_pcd.c ****     hpcd->OUT_ep[i].type = EP_TYPE_CTRL;
 197:Drivers/STM32G0xx_HAL_Driver/Src/stm32g0xx_hal_pcd.c ****     hpcd->OUT_ep[i].maxpacket = 0U;
 198:Drivers/STM32G0xx_HAL_Driver/Src/stm32g0xx_hal_pcd.c ****     hpcd->OUT_ep[i].xfer_buff = 0U;
 199:Drivers/STM32G0xx_HAL_Driver/Src/stm32g0xx_hal_pcd.c ****     hpcd->OUT_ep[i].xfer_len = 0U;
ARM GAS  C:\Users\Domagoj\AppData\Local\Temp\cc6jMbW9.s 			page 19


 200:Drivers/STM32G0xx_HAL_Driver/Src/stm32g0xx_hal_pcd.c ****   }
 201:Drivers/STM32G0xx_HAL_Driver/Src/stm32g0xx_hal_pcd.c **** 
 202:Drivers/STM32G0xx_HAL_Driver/Src/stm32g0xx_hal_pcd.c ****   /* Init Device */
 203:Drivers/STM32G0xx_HAL_Driver/Src/stm32g0xx_hal_pcd.c ****   (void)USB_DevInit(hpcd->Instance, hpcd->Init);
 204:Drivers/STM32G0xx_HAL_Driver/Src/stm32g0xx_hal_pcd.c **** 
 205:Drivers/STM32G0xx_HAL_Driver/Src/stm32g0xx_hal_pcd.c ****   hpcd->USB_Address = 0U;
 206:Drivers/STM32G0xx_HAL_Driver/Src/stm32g0xx_hal_pcd.c ****   hpcd->State = HAL_PCD_STATE_READY;
 207:Drivers/STM32G0xx_HAL_Driver/Src/stm32g0xx_hal_pcd.c **** 
 208:Drivers/STM32G0xx_HAL_Driver/Src/stm32g0xx_hal_pcd.c ****   /* Activate LPM */
 209:Drivers/STM32G0xx_HAL_Driver/Src/stm32g0xx_hal_pcd.c ****   if (hpcd->Init.lpm_enable == 1U)
 210:Drivers/STM32G0xx_HAL_Driver/Src/stm32g0xx_hal_pcd.c ****   {
 211:Drivers/STM32G0xx_HAL_Driver/Src/stm32g0xx_hal_pcd.c ****     (void)HAL_PCDEx_ActivateLPM(hpcd);
 212:Drivers/STM32G0xx_HAL_Driver/Src/stm32g0xx_hal_pcd.c ****   }
 213:Drivers/STM32G0xx_HAL_Driver/Src/stm32g0xx_hal_pcd.c **** 
 214:Drivers/STM32G0xx_HAL_Driver/Src/stm32g0xx_hal_pcd.c ****   return HAL_OK;
 215:Drivers/STM32G0xx_HAL_Driver/Src/stm32g0xx_hal_pcd.c **** }
 216:Drivers/STM32G0xx_HAL_Driver/Src/stm32g0xx_hal_pcd.c **** 
 217:Drivers/STM32G0xx_HAL_Driver/Src/stm32g0xx_hal_pcd.c **** /**
 218:Drivers/STM32G0xx_HAL_Driver/Src/stm32g0xx_hal_pcd.c ****   * @brief  DeInitializes the PCD peripheral.
 219:Drivers/STM32G0xx_HAL_Driver/Src/stm32g0xx_hal_pcd.c ****   * @param  hpcd PCD handle
 220:Drivers/STM32G0xx_HAL_Driver/Src/stm32g0xx_hal_pcd.c ****   * @retval HAL status
 221:Drivers/STM32G0xx_HAL_Driver/Src/stm32g0xx_hal_pcd.c ****   */
 222:Drivers/STM32G0xx_HAL_Driver/Src/stm32g0xx_hal_pcd.c **** HAL_StatusTypeDef HAL_PCD_DeInit(PCD_HandleTypeDef *hpcd)
 223:Drivers/STM32G0xx_HAL_Driver/Src/stm32g0xx_hal_pcd.c **** {
 224:Drivers/STM32G0xx_HAL_Driver/Src/stm32g0xx_hal_pcd.c ****   /* Check the PCD handle allocation */
 225:Drivers/STM32G0xx_HAL_Driver/Src/stm32g0xx_hal_pcd.c ****   if (hpcd == NULL)
 226:Drivers/STM32G0xx_HAL_Driver/Src/stm32g0xx_hal_pcd.c ****   {
 227:Drivers/STM32G0xx_HAL_Driver/Src/stm32g0xx_hal_pcd.c ****     return HAL_ERROR;
 228:Drivers/STM32G0xx_HAL_Driver/Src/stm32g0xx_hal_pcd.c ****   }
 229:Drivers/STM32G0xx_HAL_Driver/Src/stm32g0xx_hal_pcd.c **** 
 230:Drivers/STM32G0xx_HAL_Driver/Src/stm32g0xx_hal_pcd.c ****   hpcd->State = HAL_PCD_STATE_BUSY;
 231:Drivers/STM32G0xx_HAL_Driver/Src/stm32g0xx_hal_pcd.c **** 
 232:Drivers/STM32G0xx_HAL_Driver/Src/stm32g0xx_hal_pcd.c ****   /* Stop Device */
 233:Drivers/STM32G0xx_HAL_Driver/Src/stm32g0xx_hal_pcd.c ****   if (USB_StopDevice(hpcd->Instance) != HAL_OK)
 234:Drivers/STM32G0xx_HAL_Driver/Src/stm32g0xx_hal_pcd.c ****   {
 235:Drivers/STM32G0xx_HAL_Driver/Src/stm32g0xx_hal_pcd.c ****     return HAL_ERROR;
 236:Drivers/STM32G0xx_HAL_Driver/Src/stm32g0xx_hal_pcd.c ****   }
 237:Drivers/STM32G0xx_HAL_Driver/Src/stm32g0xx_hal_pcd.c **** 
 238:Drivers/STM32G0xx_HAL_Driver/Src/stm32g0xx_hal_pcd.c **** #if (USE_HAL_PCD_REGISTER_CALLBACKS == 1U)
 239:Drivers/STM32G0xx_HAL_Driver/Src/stm32g0xx_hal_pcd.c ****   if (hpcd->MspDeInitCallback == NULL)
 240:Drivers/STM32G0xx_HAL_Driver/Src/stm32g0xx_hal_pcd.c ****   {
 241:Drivers/STM32G0xx_HAL_Driver/Src/stm32g0xx_hal_pcd.c ****     hpcd->MspDeInitCallback = HAL_PCD_MspDeInit; /* Legacy weak MspDeInit  */
 242:Drivers/STM32G0xx_HAL_Driver/Src/stm32g0xx_hal_pcd.c ****   }
 243:Drivers/STM32G0xx_HAL_Driver/Src/stm32g0xx_hal_pcd.c **** 
 244:Drivers/STM32G0xx_HAL_Driver/Src/stm32g0xx_hal_pcd.c ****   /* DeInit the low level hardware */
 245:Drivers/STM32G0xx_HAL_Driver/Src/stm32g0xx_hal_pcd.c ****   hpcd->MspDeInitCallback(hpcd);
 246:Drivers/STM32G0xx_HAL_Driver/Src/stm32g0xx_hal_pcd.c **** #else
 247:Drivers/STM32G0xx_HAL_Driver/Src/stm32g0xx_hal_pcd.c ****   /* DeInit the low level hardware: CLOCK, NVIC.*/
 248:Drivers/STM32G0xx_HAL_Driver/Src/stm32g0xx_hal_pcd.c ****   HAL_PCD_MspDeInit(hpcd);
 249:Drivers/STM32G0xx_HAL_Driver/Src/stm32g0xx_hal_pcd.c **** #endif /* USE_HAL_PCD_REGISTER_CALLBACKS */
 250:Drivers/STM32G0xx_HAL_Driver/Src/stm32g0xx_hal_pcd.c **** 
 251:Drivers/STM32G0xx_HAL_Driver/Src/stm32g0xx_hal_pcd.c ****   hpcd->State = HAL_PCD_STATE_RESET;
 252:Drivers/STM32G0xx_HAL_Driver/Src/stm32g0xx_hal_pcd.c **** 
 253:Drivers/STM32G0xx_HAL_Driver/Src/stm32g0xx_hal_pcd.c ****   return HAL_OK;
 254:Drivers/STM32G0xx_HAL_Driver/Src/stm32g0xx_hal_pcd.c **** }
 255:Drivers/STM32G0xx_HAL_Driver/Src/stm32g0xx_hal_pcd.c **** 
 256:Drivers/STM32G0xx_HAL_Driver/Src/stm32g0xx_hal_pcd.c **** /**
ARM GAS  C:\Users\Domagoj\AppData\Local\Temp\cc6jMbW9.s 			page 20


 257:Drivers/STM32G0xx_HAL_Driver/Src/stm32g0xx_hal_pcd.c ****   * @brief  Initializes the PCD MSP.
 258:Drivers/STM32G0xx_HAL_Driver/Src/stm32g0xx_hal_pcd.c ****   * @param  hpcd PCD handle
 259:Drivers/STM32G0xx_HAL_Driver/Src/stm32g0xx_hal_pcd.c ****   * @retval None
 260:Drivers/STM32G0xx_HAL_Driver/Src/stm32g0xx_hal_pcd.c ****   */
 261:Drivers/STM32G0xx_HAL_Driver/Src/stm32g0xx_hal_pcd.c **** __weak void HAL_PCD_MspInit(PCD_HandleTypeDef *hpcd)
 262:Drivers/STM32G0xx_HAL_Driver/Src/stm32g0xx_hal_pcd.c **** {
 263:Drivers/STM32G0xx_HAL_Driver/Src/stm32g0xx_hal_pcd.c ****   /* Prevent unused argument(s) compilation warning */
 264:Drivers/STM32G0xx_HAL_Driver/Src/stm32g0xx_hal_pcd.c ****   UNUSED(hpcd);
 265:Drivers/STM32G0xx_HAL_Driver/Src/stm32g0xx_hal_pcd.c **** 
 266:Drivers/STM32G0xx_HAL_Driver/Src/stm32g0xx_hal_pcd.c ****   /* NOTE : This function should not be modified, when the callback is needed,
 267:Drivers/STM32G0xx_HAL_Driver/Src/stm32g0xx_hal_pcd.c ****             the HAL_PCD_MspInit could be implemented in the user file
 268:Drivers/STM32G0xx_HAL_Driver/Src/stm32g0xx_hal_pcd.c ****    */
 269:Drivers/STM32G0xx_HAL_Driver/Src/stm32g0xx_hal_pcd.c **** }
 270:Drivers/STM32G0xx_HAL_Driver/Src/stm32g0xx_hal_pcd.c **** 
 271:Drivers/STM32G0xx_HAL_Driver/Src/stm32g0xx_hal_pcd.c **** /**
 272:Drivers/STM32G0xx_HAL_Driver/Src/stm32g0xx_hal_pcd.c ****   * @brief  DeInitializes PCD MSP.
 273:Drivers/STM32G0xx_HAL_Driver/Src/stm32g0xx_hal_pcd.c ****   * @param  hpcd PCD handle
 274:Drivers/STM32G0xx_HAL_Driver/Src/stm32g0xx_hal_pcd.c ****   * @retval None
 275:Drivers/STM32G0xx_HAL_Driver/Src/stm32g0xx_hal_pcd.c ****   */
 276:Drivers/STM32G0xx_HAL_Driver/Src/stm32g0xx_hal_pcd.c **** __weak void HAL_PCD_MspDeInit(PCD_HandleTypeDef *hpcd)
 277:Drivers/STM32G0xx_HAL_Driver/Src/stm32g0xx_hal_pcd.c **** {
 278:Drivers/STM32G0xx_HAL_Driver/Src/stm32g0xx_hal_pcd.c ****   /* Prevent unused argument(s) compilation warning */
 279:Drivers/STM32G0xx_HAL_Driver/Src/stm32g0xx_hal_pcd.c ****   UNUSED(hpcd);
 280:Drivers/STM32G0xx_HAL_Driver/Src/stm32g0xx_hal_pcd.c **** 
 281:Drivers/STM32G0xx_HAL_Driver/Src/stm32g0xx_hal_pcd.c ****   /* NOTE : This function should not be modified, when the callback is needed,
 282:Drivers/STM32G0xx_HAL_Driver/Src/stm32g0xx_hal_pcd.c ****             the HAL_PCD_MspDeInit could be implemented in the user file
 283:Drivers/STM32G0xx_HAL_Driver/Src/stm32g0xx_hal_pcd.c ****    */
 284:Drivers/STM32G0xx_HAL_Driver/Src/stm32g0xx_hal_pcd.c **** }
 285:Drivers/STM32G0xx_HAL_Driver/Src/stm32g0xx_hal_pcd.c **** 
 286:Drivers/STM32G0xx_HAL_Driver/Src/stm32g0xx_hal_pcd.c **** #if (USE_HAL_PCD_REGISTER_CALLBACKS == 1U)
 287:Drivers/STM32G0xx_HAL_Driver/Src/stm32g0xx_hal_pcd.c **** /**
 288:Drivers/STM32G0xx_HAL_Driver/Src/stm32g0xx_hal_pcd.c ****   * @brief  Register a User USB PCD Callback
 289:Drivers/STM32G0xx_HAL_Driver/Src/stm32g0xx_hal_pcd.c ****   *         To be used instead of the weak predefined callback
 290:Drivers/STM32G0xx_HAL_Driver/Src/stm32g0xx_hal_pcd.c ****   * @param  hpcd USB PCD handle
 291:Drivers/STM32G0xx_HAL_Driver/Src/stm32g0xx_hal_pcd.c ****   * @param  CallbackID ID of the callback to be registered
 292:Drivers/STM32G0xx_HAL_Driver/Src/stm32g0xx_hal_pcd.c ****   *         This parameter can be one of the following values:
 293:Drivers/STM32G0xx_HAL_Driver/Src/stm32g0xx_hal_pcd.c ****   *          @arg @ref HAL_PCD_SOF_CB_ID USB PCD SOF callback ID
 294:Drivers/STM32G0xx_HAL_Driver/Src/stm32g0xx_hal_pcd.c ****   *          @arg @ref HAL_PCD_SETUPSTAGE_CB_ID USB PCD Setup callback ID
 295:Drivers/STM32G0xx_HAL_Driver/Src/stm32g0xx_hal_pcd.c ****   *          @arg @ref HAL_PCD_RESET_CB_ID USB PCD Reset callback ID
 296:Drivers/STM32G0xx_HAL_Driver/Src/stm32g0xx_hal_pcd.c ****   *          @arg @ref HAL_PCD_SUSPEND_CB_ID USB PCD Suspend callback ID
 297:Drivers/STM32G0xx_HAL_Driver/Src/stm32g0xx_hal_pcd.c ****   *          @arg @ref HAL_PCD_RESUME_CB_ID USB PCD Resume callback ID
 298:Drivers/STM32G0xx_HAL_Driver/Src/stm32g0xx_hal_pcd.c ****   *          @arg @ref HAL_PCD_CONNECT_CB_ID USB PCD Connect callback ID
 299:Drivers/STM32G0xx_HAL_Driver/Src/stm32g0xx_hal_pcd.c ****   *          @arg @ref HAL_PCD_DISCONNECT_CB_ID USB PCD Disconnect callback ID
 300:Drivers/STM32G0xx_HAL_Driver/Src/stm32g0xx_hal_pcd.c ****   *          @arg @ref HAL_PCD_MSPINIT_CB_ID MspDeInit callback ID
 301:Drivers/STM32G0xx_HAL_Driver/Src/stm32g0xx_hal_pcd.c ****   *          @arg @ref HAL_PCD_MSPDEINIT_CB_ID MspDeInit callback ID
 302:Drivers/STM32G0xx_HAL_Driver/Src/stm32g0xx_hal_pcd.c ****   * @param  pCallback pointer to the Callback function
 303:Drivers/STM32G0xx_HAL_Driver/Src/stm32g0xx_hal_pcd.c ****   * @retval HAL status
 304:Drivers/STM32G0xx_HAL_Driver/Src/stm32g0xx_hal_pcd.c ****   */
 305:Drivers/STM32G0xx_HAL_Driver/Src/stm32g0xx_hal_pcd.c **** HAL_StatusTypeDef HAL_PCD_RegisterCallback(PCD_HandleTypeDef *hpcd,
 306:Drivers/STM32G0xx_HAL_Driver/Src/stm32g0xx_hal_pcd.c ****                                            HAL_PCD_CallbackIDTypeDef CallbackID,
 307:Drivers/STM32G0xx_HAL_Driver/Src/stm32g0xx_hal_pcd.c ****                                            pPCD_CallbackTypeDef pCallback)
 308:Drivers/STM32G0xx_HAL_Driver/Src/stm32g0xx_hal_pcd.c **** {
 309:Drivers/STM32G0xx_HAL_Driver/Src/stm32g0xx_hal_pcd.c ****   HAL_StatusTypeDef status = HAL_OK;
 310:Drivers/STM32G0xx_HAL_Driver/Src/stm32g0xx_hal_pcd.c **** 
 311:Drivers/STM32G0xx_HAL_Driver/Src/stm32g0xx_hal_pcd.c ****   if (pCallback == NULL)
 312:Drivers/STM32G0xx_HAL_Driver/Src/stm32g0xx_hal_pcd.c ****   {
 313:Drivers/STM32G0xx_HAL_Driver/Src/stm32g0xx_hal_pcd.c ****     /* Update the error code */
ARM GAS  C:\Users\Domagoj\AppData\Local\Temp\cc6jMbW9.s 			page 21


 314:Drivers/STM32G0xx_HAL_Driver/Src/stm32g0xx_hal_pcd.c ****     hpcd->ErrorCode |= HAL_PCD_ERROR_INVALID_CALLBACK;
 315:Drivers/STM32G0xx_HAL_Driver/Src/stm32g0xx_hal_pcd.c ****     return HAL_ERROR;
 316:Drivers/STM32G0xx_HAL_Driver/Src/stm32g0xx_hal_pcd.c ****   }
 317:Drivers/STM32G0xx_HAL_Driver/Src/stm32g0xx_hal_pcd.c **** 
 318:Drivers/STM32G0xx_HAL_Driver/Src/stm32g0xx_hal_pcd.c ****   if (hpcd->State == HAL_PCD_STATE_READY)
 319:Drivers/STM32G0xx_HAL_Driver/Src/stm32g0xx_hal_pcd.c ****   {
 320:Drivers/STM32G0xx_HAL_Driver/Src/stm32g0xx_hal_pcd.c ****     switch (CallbackID)
 321:Drivers/STM32G0xx_HAL_Driver/Src/stm32g0xx_hal_pcd.c ****     {
 322:Drivers/STM32G0xx_HAL_Driver/Src/stm32g0xx_hal_pcd.c ****       case HAL_PCD_SOF_CB_ID :
 323:Drivers/STM32G0xx_HAL_Driver/Src/stm32g0xx_hal_pcd.c ****         hpcd->SOFCallback = pCallback;
 324:Drivers/STM32G0xx_HAL_Driver/Src/stm32g0xx_hal_pcd.c ****         break;
 325:Drivers/STM32G0xx_HAL_Driver/Src/stm32g0xx_hal_pcd.c **** 
 326:Drivers/STM32G0xx_HAL_Driver/Src/stm32g0xx_hal_pcd.c ****       case HAL_PCD_SETUPSTAGE_CB_ID :
 327:Drivers/STM32G0xx_HAL_Driver/Src/stm32g0xx_hal_pcd.c ****         hpcd->SetupStageCallback = pCallback;
 328:Drivers/STM32G0xx_HAL_Driver/Src/stm32g0xx_hal_pcd.c ****         break;
 329:Drivers/STM32G0xx_HAL_Driver/Src/stm32g0xx_hal_pcd.c **** 
 330:Drivers/STM32G0xx_HAL_Driver/Src/stm32g0xx_hal_pcd.c ****       case HAL_PCD_RESET_CB_ID :
 331:Drivers/STM32G0xx_HAL_Driver/Src/stm32g0xx_hal_pcd.c ****         hpcd->ResetCallback = pCallback;
 332:Drivers/STM32G0xx_HAL_Driver/Src/stm32g0xx_hal_pcd.c ****         break;
 333:Drivers/STM32G0xx_HAL_Driver/Src/stm32g0xx_hal_pcd.c **** 
 334:Drivers/STM32G0xx_HAL_Driver/Src/stm32g0xx_hal_pcd.c ****       case HAL_PCD_SUSPEND_CB_ID :
 335:Drivers/STM32G0xx_HAL_Driver/Src/stm32g0xx_hal_pcd.c ****         hpcd->SuspendCallback = pCallback;
 336:Drivers/STM32G0xx_HAL_Driver/Src/stm32g0xx_hal_pcd.c ****         break;
 337:Drivers/STM32G0xx_HAL_Driver/Src/stm32g0xx_hal_pcd.c **** 
 338:Drivers/STM32G0xx_HAL_Driver/Src/stm32g0xx_hal_pcd.c ****       case HAL_PCD_RESUME_CB_ID :
 339:Drivers/STM32G0xx_HAL_Driver/Src/stm32g0xx_hal_pcd.c ****         hpcd->ResumeCallback = pCallback;
 340:Drivers/STM32G0xx_HAL_Driver/Src/stm32g0xx_hal_pcd.c ****         break;
 341:Drivers/STM32G0xx_HAL_Driver/Src/stm32g0xx_hal_pcd.c **** 
 342:Drivers/STM32G0xx_HAL_Driver/Src/stm32g0xx_hal_pcd.c ****       case HAL_PCD_CONNECT_CB_ID :
 343:Drivers/STM32G0xx_HAL_Driver/Src/stm32g0xx_hal_pcd.c ****         hpcd->ConnectCallback = pCallback;
 344:Drivers/STM32G0xx_HAL_Driver/Src/stm32g0xx_hal_pcd.c ****         break;
 345:Drivers/STM32G0xx_HAL_Driver/Src/stm32g0xx_hal_pcd.c **** 
 346:Drivers/STM32G0xx_HAL_Driver/Src/stm32g0xx_hal_pcd.c ****       case HAL_PCD_DISCONNECT_CB_ID :
 347:Drivers/STM32G0xx_HAL_Driver/Src/stm32g0xx_hal_pcd.c ****         hpcd->DisconnectCallback = pCallback;
 348:Drivers/STM32G0xx_HAL_Driver/Src/stm32g0xx_hal_pcd.c ****         break;
 349:Drivers/STM32G0xx_HAL_Driver/Src/stm32g0xx_hal_pcd.c **** 
 350:Drivers/STM32G0xx_HAL_Driver/Src/stm32g0xx_hal_pcd.c ****       case HAL_PCD_MSPINIT_CB_ID :
 351:Drivers/STM32G0xx_HAL_Driver/Src/stm32g0xx_hal_pcd.c ****         hpcd->MspInitCallback = pCallback;
 352:Drivers/STM32G0xx_HAL_Driver/Src/stm32g0xx_hal_pcd.c ****         break;
 353:Drivers/STM32G0xx_HAL_Driver/Src/stm32g0xx_hal_pcd.c **** 
 354:Drivers/STM32G0xx_HAL_Driver/Src/stm32g0xx_hal_pcd.c ****       case HAL_PCD_MSPDEINIT_CB_ID :
 355:Drivers/STM32G0xx_HAL_Driver/Src/stm32g0xx_hal_pcd.c ****         hpcd->MspDeInitCallback = pCallback;
 356:Drivers/STM32G0xx_HAL_Driver/Src/stm32g0xx_hal_pcd.c ****         break;
 357:Drivers/STM32G0xx_HAL_Driver/Src/stm32g0xx_hal_pcd.c **** 
 358:Drivers/STM32G0xx_HAL_Driver/Src/stm32g0xx_hal_pcd.c ****       default :
 359:Drivers/STM32G0xx_HAL_Driver/Src/stm32g0xx_hal_pcd.c ****         /* Update the error code */
 360:Drivers/STM32G0xx_HAL_Driver/Src/stm32g0xx_hal_pcd.c ****         hpcd->ErrorCode |= HAL_PCD_ERROR_INVALID_CALLBACK;
 361:Drivers/STM32G0xx_HAL_Driver/Src/stm32g0xx_hal_pcd.c ****         /* Return error status */
 362:Drivers/STM32G0xx_HAL_Driver/Src/stm32g0xx_hal_pcd.c ****         status =  HAL_ERROR;
 363:Drivers/STM32G0xx_HAL_Driver/Src/stm32g0xx_hal_pcd.c ****         break;
 364:Drivers/STM32G0xx_HAL_Driver/Src/stm32g0xx_hal_pcd.c ****     }
 365:Drivers/STM32G0xx_HAL_Driver/Src/stm32g0xx_hal_pcd.c ****   }
 366:Drivers/STM32G0xx_HAL_Driver/Src/stm32g0xx_hal_pcd.c ****   else if (hpcd->State == HAL_PCD_STATE_RESET)
 367:Drivers/STM32G0xx_HAL_Driver/Src/stm32g0xx_hal_pcd.c ****   {
 368:Drivers/STM32G0xx_HAL_Driver/Src/stm32g0xx_hal_pcd.c ****     switch (CallbackID)
 369:Drivers/STM32G0xx_HAL_Driver/Src/stm32g0xx_hal_pcd.c ****     {
 370:Drivers/STM32G0xx_HAL_Driver/Src/stm32g0xx_hal_pcd.c ****       case HAL_PCD_MSPINIT_CB_ID :
ARM GAS  C:\Users\Domagoj\AppData\Local\Temp\cc6jMbW9.s 			page 22


 371:Drivers/STM32G0xx_HAL_Driver/Src/stm32g0xx_hal_pcd.c ****         hpcd->MspInitCallback = pCallback;
 372:Drivers/STM32G0xx_HAL_Driver/Src/stm32g0xx_hal_pcd.c ****         break;
 373:Drivers/STM32G0xx_HAL_Driver/Src/stm32g0xx_hal_pcd.c **** 
 374:Drivers/STM32G0xx_HAL_Driver/Src/stm32g0xx_hal_pcd.c ****       case HAL_PCD_MSPDEINIT_CB_ID :
 375:Drivers/STM32G0xx_HAL_Driver/Src/stm32g0xx_hal_pcd.c ****         hpcd->MspDeInitCallback = pCallback;
 376:Drivers/STM32G0xx_HAL_Driver/Src/stm32g0xx_hal_pcd.c ****         break;
 377:Drivers/STM32G0xx_HAL_Driver/Src/stm32g0xx_hal_pcd.c **** 
 378:Drivers/STM32G0xx_HAL_Driver/Src/stm32g0xx_hal_pcd.c ****       default :
 379:Drivers/STM32G0xx_HAL_Driver/Src/stm32g0xx_hal_pcd.c ****         /* Update the error code */
 380:Drivers/STM32G0xx_HAL_Driver/Src/stm32g0xx_hal_pcd.c ****         hpcd->ErrorCode |= HAL_PCD_ERROR_INVALID_CALLBACK;
 381:Drivers/STM32G0xx_HAL_Driver/Src/stm32g0xx_hal_pcd.c ****         /* Return error status */
 382:Drivers/STM32G0xx_HAL_Driver/Src/stm32g0xx_hal_pcd.c ****         status =  HAL_ERROR;
 383:Drivers/STM32G0xx_HAL_Driver/Src/stm32g0xx_hal_pcd.c ****         break;
 384:Drivers/STM32G0xx_HAL_Driver/Src/stm32g0xx_hal_pcd.c ****     }
 385:Drivers/STM32G0xx_HAL_Driver/Src/stm32g0xx_hal_pcd.c ****   }
 386:Drivers/STM32G0xx_HAL_Driver/Src/stm32g0xx_hal_pcd.c ****   else
 387:Drivers/STM32G0xx_HAL_Driver/Src/stm32g0xx_hal_pcd.c ****   {
 388:Drivers/STM32G0xx_HAL_Driver/Src/stm32g0xx_hal_pcd.c ****     /* Update the error code */
 389:Drivers/STM32G0xx_HAL_Driver/Src/stm32g0xx_hal_pcd.c ****     hpcd->ErrorCode |= HAL_PCD_ERROR_INVALID_CALLBACK;
 390:Drivers/STM32G0xx_HAL_Driver/Src/stm32g0xx_hal_pcd.c ****     /* Return error status */
 391:Drivers/STM32G0xx_HAL_Driver/Src/stm32g0xx_hal_pcd.c ****     status =  HAL_ERROR;
 392:Drivers/STM32G0xx_HAL_Driver/Src/stm32g0xx_hal_pcd.c ****   }
 393:Drivers/STM32G0xx_HAL_Driver/Src/stm32g0xx_hal_pcd.c **** 
 394:Drivers/STM32G0xx_HAL_Driver/Src/stm32g0xx_hal_pcd.c ****   return status;
 395:Drivers/STM32G0xx_HAL_Driver/Src/stm32g0xx_hal_pcd.c **** }
 396:Drivers/STM32G0xx_HAL_Driver/Src/stm32g0xx_hal_pcd.c **** 
 397:Drivers/STM32G0xx_HAL_Driver/Src/stm32g0xx_hal_pcd.c **** /**
 398:Drivers/STM32G0xx_HAL_Driver/Src/stm32g0xx_hal_pcd.c ****   * @brief  Unregister an USB PCD Callback
 399:Drivers/STM32G0xx_HAL_Driver/Src/stm32g0xx_hal_pcd.c ****   *         USB PCD callback is redirected to the weak predefined callback
 400:Drivers/STM32G0xx_HAL_Driver/Src/stm32g0xx_hal_pcd.c ****   * @param  hpcd USB PCD handle
 401:Drivers/STM32G0xx_HAL_Driver/Src/stm32g0xx_hal_pcd.c ****   * @param  CallbackID ID of the callback to be unregistered
 402:Drivers/STM32G0xx_HAL_Driver/Src/stm32g0xx_hal_pcd.c ****   *         This parameter can be one of the following values:
 403:Drivers/STM32G0xx_HAL_Driver/Src/stm32g0xx_hal_pcd.c ****   *          @arg @ref HAL_PCD_SOF_CB_ID USB PCD SOF callback ID
 404:Drivers/STM32G0xx_HAL_Driver/Src/stm32g0xx_hal_pcd.c ****   *          @arg @ref HAL_PCD_SETUPSTAGE_CB_ID USB PCD Setup callback ID
 405:Drivers/STM32G0xx_HAL_Driver/Src/stm32g0xx_hal_pcd.c ****   *          @arg @ref HAL_PCD_RESET_CB_ID USB PCD Reset callback ID
 406:Drivers/STM32G0xx_HAL_Driver/Src/stm32g0xx_hal_pcd.c ****   *          @arg @ref HAL_PCD_SUSPEND_CB_ID USB PCD Suspend callback ID
 407:Drivers/STM32G0xx_HAL_Driver/Src/stm32g0xx_hal_pcd.c ****   *          @arg @ref HAL_PCD_RESUME_CB_ID USB PCD Resume callback ID
 408:Drivers/STM32G0xx_HAL_Driver/Src/stm32g0xx_hal_pcd.c ****   *          @arg @ref HAL_PCD_CONNECT_CB_ID USB PCD Connect callback ID
 409:Drivers/STM32G0xx_HAL_Driver/Src/stm32g0xx_hal_pcd.c ****   *          @arg @ref HAL_PCD_DISCONNECT_CB_ID USB PCD Disconnect callback ID
 410:Drivers/STM32G0xx_HAL_Driver/Src/stm32g0xx_hal_pcd.c ****   *          @arg @ref HAL_PCD_MSPINIT_CB_ID MspDeInit callback ID
 411:Drivers/STM32G0xx_HAL_Driver/Src/stm32g0xx_hal_pcd.c ****   *          @arg @ref HAL_PCD_MSPDEINIT_CB_ID MspDeInit callback ID
 412:Drivers/STM32G0xx_HAL_Driver/Src/stm32g0xx_hal_pcd.c ****   * @retval HAL status
 413:Drivers/STM32G0xx_HAL_Driver/Src/stm32g0xx_hal_pcd.c ****   */
 414:Drivers/STM32G0xx_HAL_Driver/Src/stm32g0xx_hal_pcd.c **** HAL_StatusTypeDef HAL_PCD_UnRegisterCallback(PCD_HandleTypeDef *hpcd, HAL_PCD_CallbackIDTypeDef Cal
 415:Drivers/STM32G0xx_HAL_Driver/Src/stm32g0xx_hal_pcd.c **** {
 416:Drivers/STM32G0xx_HAL_Driver/Src/stm32g0xx_hal_pcd.c ****   HAL_StatusTypeDef status = HAL_OK;
 417:Drivers/STM32G0xx_HAL_Driver/Src/stm32g0xx_hal_pcd.c **** 
 418:Drivers/STM32G0xx_HAL_Driver/Src/stm32g0xx_hal_pcd.c ****   /* Setup Legacy weak Callbacks  */
 419:Drivers/STM32G0xx_HAL_Driver/Src/stm32g0xx_hal_pcd.c ****   if (hpcd->State == HAL_PCD_STATE_READY)
 420:Drivers/STM32G0xx_HAL_Driver/Src/stm32g0xx_hal_pcd.c ****   {
 421:Drivers/STM32G0xx_HAL_Driver/Src/stm32g0xx_hal_pcd.c ****     switch (CallbackID)
 422:Drivers/STM32G0xx_HAL_Driver/Src/stm32g0xx_hal_pcd.c ****     {
 423:Drivers/STM32G0xx_HAL_Driver/Src/stm32g0xx_hal_pcd.c ****       case HAL_PCD_SOF_CB_ID :
 424:Drivers/STM32G0xx_HAL_Driver/Src/stm32g0xx_hal_pcd.c ****         hpcd->SOFCallback = HAL_PCD_SOFCallback;
 425:Drivers/STM32G0xx_HAL_Driver/Src/stm32g0xx_hal_pcd.c ****         break;
 426:Drivers/STM32G0xx_HAL_Driver/Src/stm32g0xx_hal_pcd.c **** 
 427:Drivers/STM32G0xx_HAL_Driver/Src/stm32g0xx_hal_pcd.c ****       case HAL_PCD_SETUPSTAGE_CB_ID :
ARM GAS  C:\Users\Domagoj\AppData\Local\Temp\cc6jMbW9.s 			page 23


 428:Drivers/STM32G0xx_HAL_Driver/Src/stm32g0xx_hal_pcd.c ****         hpcd->SetupStageCallback = HAL_PCD_SetupStageCallback;
 429:Drivers/STM32G0xx_HAL_Driver/Src/stm32g0xx_hal_pcd.c ****         break;
 430:Drivers/STM32G0xx_HAL_Driver/Src/stm32g0xx_hal_pcd.c **** 
 431:Drivers/STM32G0xx_HAL_Driver/Src/stm32g0xx_hal_pcd.c ****       case HAL_PCD_RESET_CB_ID :
 432:Drivers/STM32G0xx_HAL_Driver/Src/stm32g0xx_hal_pcd.c ****         hpcd->ResetCallback = HAL_PCD_ResetCallback;
 433:Drivers/STM32G0xx_HAL_Driver/Src/stm32g0xx_hal_pcd.c ****         break;
 434:Drivers/STM32G0xx_HAL_Driver/Src/stm32g0xx_hal_pcd.c **** 
 435:Drivers/STM32G0xx_HAL_Driver/Src/stm32g0xx_hal_pcd.c ****       case HAL_PCD_SUSPEND_CB_ID :
 436:Drivers/STM32G0xx_HAL_Driver/Src/stm32g0xx_hal_pcd.c ****         hpcd->SuspendCallback = HAL_PCD_SuspendCallback;
 437:Drivers/STM32G0xx_HAL_Driver/Src/stm32g0xx_hal_pcd.c ****         break;
 438:Drivers/STM32G0xx_HAL_Driver/Src/stm32g0xx_hal_pcd.c **** 
 439:Drivers/STM32G0xx_HAL_Driver/Src/stm32g0xx_hal_pcd.c ****       case HAL_PCD_RESUME_CB_ID :
 440:Drivers/STM32G0xx_HAL_Driver/Src/stm32g0xx_hal_pcd.c ****         hpcd->ResumeCallback = HAL_PCD_ResumeCallback;
 441:Drivers/STM32G0xx_HAL_Driver/Src/stm32g0xx_hal_pcd.c ****         break;
 442:Drivers/STM32G0xx_HAL_Driver/Src/stm32g0xx_hal_pcd.c **** 
 443:Drivers/STM32G0xx_HAL_Driver/Src/stm32g0xx_hal_pcd.c ****       case HAL_PCD_CONNECT_CB_ID :
 444:Drivers/STM32G0xx_HAL_Driver/Src/stm32g0xx_hal_pcd.c ****         hpcd->ConnectCallback = HAL_PCD_ConnectCallback;
 445:Drivers/STM32G0xx_HAL_Driver/Src/stm32g0xx_hal_pcd.c ****         break;
 446:Drivers/STM32G0xx_HAL_Driver/Src/stm32g0xx_hal_pcd.c **** 
 447:Drivers/STM32G0xx_HAL_Driver/Src/stm32g0xx_hal_pcd.c ****       case HAL_PCD_DISCONNECT_CB_ID :
 448:Drivers/STM32G0xx_HAL_Driver/Src/stm32g0xx_hal_pcd.c ****         hpcd->DisconnectCallback = HAL_PCD_DisconnectCallback;
 449:Drivers/STM32G0xx_HAL_Driver/Src/stm32g0xx_hal_pcd.c ****         break;
 450:Drivers/STM32G0xx_HAL_Driver/Src/stm32g0xx_hal_pcd.c **** 
 451:Drivers/STM32G0xx_HAL_Driver/Src/stm32g0xx_hal_pcd.c ****       case HAL_PCD_MSPINIT_CB_ID :
 452:Drivers/STM32G0xx_HAL_Driver/Src/stm32g0xx_hal_pcd.c ****         hpcd->MspInitCallback = HAL_PCD_MspInit;
 453:Drivers/STM32G0xx_HAL_Driver/Src/stm32g0xx_hal_pcd.c ****         break;
 454:Drivers/STM32G0xx_HAL_Driver/Src/stm32g0xx_hal_pcd.c **** 
 455:Drivers/STM32G0xx_HAL_Driver/Src/stm32g0xx_hal_pcd.c ****       case HAL_PCD_MSPDEINIT_CB_ID :
 456:Drivers/STM32G0xx_HAL_Driver/Src/stm32g0xx_hal_pcd.c ****         hpcd->MspDeInitCallback = HAL_PCD_MspDeInit;
 457:Drivers/STM32G0xx_HAL_Driver/Src/stm32g0xx_hal_pcd.c ****         break;
 458:Drivers/STM32G0xx_HAL_Driver/Src/stm32g0xx_hal_pcd.c **** 
 459:Drivers/STM32G0xx_HAL_Driver/Src/stm32g0xx_hal_pcd.c ****       default :
 460:Drivers/STM32G0xx_HAL_Driver/Src/stm32g0xx_hal_pcd.c ****         /* Update the error code */
 461:Drivers/STM32G0xx_HAL_Driver/Src/stm32g0xx_hal_pcd.c ****         hpcd->ErrorCode |= HAL_PCD_ERROR_INVALID_CALLBACK;
 462:Drivers/STM32G0xx_HAL_Driver/Src/stm32g0xx_hal_pcd.c **** 
 463:Drivers/STM32G0xx_HAL_Driver/Src/stm32g0xx_hal_pcd.c ****         /* Return error status */
 464:Drivers/STM32G0xx_HAL_Driver/Src/stm32g0xx_hal_pcd.c ****         status =  HAL_ERROR;
 465:Drivers/STM32G0xx_HAL_Driver/Src/stm32g0xx_hal_pcd.c ****         break;
 466:Drivers/STM32G0xx_HAL_Driver/Src/stm32g0xx_hal_pcd.c ****     }
 467:Drivers/STM32G0xx_HAL_Driver/Src/stm32g0xx_hal_pcd.c ****   }
 468:Drivers/STM32G0xx_HAL_Driver/Src/stm32g0xx_hal_pcd.c ****   else if (hpcd->State == HAL_PCD_STATE_RESET)
 469:Drivers/STM32G0xx_HAL_Driver/Src/stm32g0xx_hal_pcd.c ****   {
 470:Drivers/STM32G0xx_HAL_Driver/Src/stm32g0xx_hal_pcd.c ****     switch (CallbackID)
 471:Drivers/STM32G0xx_HAL_Driver/Src/stm32g0xx_hal_pcd.c ****     {
 472:Drivers/STM32G0xx_HAL_Driver/Src/stm32g0xx_hal_pcd.c ****       case HAL_PCD_MSPINIT_CB_ID :
 473:Drivers/STM32G0xx_HAL_Driver/Src/stm32g0xx_hal_pcd.c ****         hpcd->MspInitCallback = HAL_PCD_MspInit;
 474:Drivers/STM32G0xx_HAL_Driver/Src/stm32g0xx_hal_pcd.c ****         break;
 475:Drivers/STM32G0xx_HAL_Driver/Src/stm32g0xx_hal_pcd.c **** 
 476:Drivers/STM32G0xx_HAL_Driver/Src/stm32g0xx_hal_pcd.c ****       case HAL_PCD_MSPDEINIT_CB_ID :
 477:Drivers/STM32G0xx_HAL_Driver/Src/stm32g0xx_hal_pcd.c ****         hpcd->MspDeInitCallback = HAL_PCD_MspDeInit;
 478:Drivers/STM32G0xx_HAL_Driver/Src/stm32g0xx_hal_pcd.c ****         break;
 479:Drivers/STM32G0xx_HAL_Driver/Src/stm32g0xx_hal_pcd.c **** 
 480:Drivers/STM32G0xx_HAL_Driver/Src/stm32g0xx_hal_pcd.c ****       default :
 481:Drivers/STM32G0xx_HAL_Driver/Src/stm32g0xx_hal_pcd.c ****         /* Update the error code */
 482:Drivers/STM32G0xx_HAL_Driver/Src/stm32g0xx_hal_pcd.c ****         hpcd->ErrorCode |= HAL_PCD_ERROR_INVALID_CALLBACK;
 483:Drivers/STM32G0xx_HAL_Driver/Src/stm32g0xx_hal_pcd.c **** 
 484:Drivers/STM32G0xx_HAL_Driver/Src/stm32g0xx_hal_pcd.c ****         /* Return error status */
ARM GAS  C:\Users\Domagoj\AppData\Local\Temp\cc6jMbW9.s 			page 24


 485:Drivers/STM32G0xx_HAL_Driver/Src/stm32g0xx_hal_pcd.c ****         status =  HAL_ERROR;
 486:Drivers/STM32G0xx_HAL_Driver/Src/stm32g0xx_hal_pcd.c ****         break;
 487:Drivers/STM32G0xx_HAL_Driver/Src/stm32g0xx_hal_pcd.c ****     }
 488:Drivers/STM32G0xx_HAL_Driver/Src/stm32g0xx_hal_pcd.c ****   }
 489:Drivers/STM32G0xx_HAL_Driver/Src/stm32g0xx_hal_pcd.c ****   else
 490:Drivers/STM32G0xx_HAL_Driver/Src/stm32g0xx_hal_pcd.c ****   {
 491:Drivers/STM32G0xx_HAL_Driver/Src/stm32g0xx_hal_pcd.c ****     /* Update the error code */
 492:Drivers/STM32G0xx_HAL_Driver/Src/stm32g0xx_hal_pcd.c ****     hpcd->ErrorCode |= HAL_PCD_ERROR_INVALID_CALLBACK;
 493:Drivers/STM32G0xx_HAL_Driver/Src/stm32g0xx_hal_pcd.c **** 
 494:Drivers/STM32G0xx_HAL_Driver/Src/stm32g0xx_hal_pcd.c ****     /* Return error status */
 495:Drivers/STM32G0xx_HAL_Driver/Src/stm32g0xx_hal_pcd.c ****     status =  HAL_ERROR;
 496:Drivers/STM32G0xx_HAL_Driver/Src/stm32g0xx_hal_pcd.c ****   }
 497:Drivers/STM32G0xx_HAL_Driver/Src/stm32g0xx_hal_pcd.c **** 
 498:Drivers/STM32G0xx_HAL_Driver/Src/stm32g0xx_hal_pcd.c ****   return status;
 499:Drivers/STM32G0xx_HAL_Driver/Src/stm32g0xx_hal_pcd.c **** }
 500:Drivers/STM32G0xx_HAL_Driver/Src/stm32g0xx_hal_pcd.c **** 
 501:Drivers/STM32G0xx_HAL_Driver/Src/stm32g0xx_hal_pcd.c **** /**
 502:Drivers/STM32G0xx_HAL_Driver/Src/stm32g0xx_hal_pcd.c ****   * @brief  Register USB PCD Data OUT Stage Callback
 503:Drivers/STM32G0xx_HAL_Driver/Src/stm32g0xx_hal_pcd.c ****   *         To be used instead of the weak HAL_PCD_DataOutStageCallback() predefined callback
 504:Drivers/STM32G0xx_HAL_Driver/Src/stm32g0xx_hal_pcd.c ****   * @param  hpcd PCD handle
 505:Drivers/STM32G0xx_HAL_Driver/Src/stm32g0xx_hal_pcd.c ****   * @param  pCallback pointer to the USB PCD Data OUT Stage Callback function
 506:Drivers/STM32G0xx_HAL_Driver/Src/stm32g0xx_hal_pcd.c ****   * @retval HAL status
 507:Drivers/STM32G0xx_HAL_Driver/Src/stm32g0xx_hal_pcd.c ****   */
 508:Drivers/STM32G0xx_HAL_Driver/Src/stm32g0xx_hal_pcd.c **** HAL_StatusTypeDef HAL_PCD_RegisterDataOutStageCallback(PCD_HandleTypeDef *hpcd,
 509:Drivers/STM32G0xx_HAL_Driver/Src/stm32g0xx_hal_pcd.c ****                                                        pPCD_DataOutStageCallbackTypeDef pCallback)
 510:Drivers/STM32G0xx_HAL_Driver/Src/stm32g0xx_hal_pcd.c **** {
 511:Drivers/STM32G0xx_HAL_Driver/Src/stm32g0xx_hal_pcd.c ****   HAL_StatusTypeDef status = HAL_OK;
 512:Drivers/STM32G0xx_HAL_Driver/Src/stm32g0xx_hal_pcd.c **** 
 513:Drivers/STM32G0xx_HAL_Driver/Src/stm32g0xx_hal_pcd.c ****   if (pCallback == NULL)
 514:Drivers/STM32G0xx_HAL_Driver/Src/stm32g0xx_hal_pcd.c ****   {
 515:Drivers/STM32G0xx_HAL_Driver/Src/stm32g0xx_hal_pcd.c ****     /* Update the error code */
 516:Drivers/STM32G0xx_HAL_Driver/Src/stm32g0xx_hal_pcd.c ****     hpcd->ErrorCode |= HAL_PCD_ERROR_INVALID_CALLBACK;
 517:Drivers/STM32G0xx_HAL_Driver/Src/stm32g0xx_hal_pcd.c **** 
 518:Drivers/STM32G0xx_HAL_Driver/Src/stm32g0xx_hal_pcd.c ****     return HAL_ERROR;
 519:Drivers/STM32G0xx_HAL_Driver/Src/stm32g0xx_hal_pcd.c ****   }
 520:Drivers/STM32G0xx_HAL_Driver/Src/stm32g0xx_hal_pcd.c **** 
 521:Drivers/STM32G0xx_HAL_Driver/Src/stm32g0xx_hal_pcd.c ****   if (hpcd->State == HAL_PCD_STATE_READY)
 522:Drivers/STM32G0xx_HAL_Driver/Src/stm32g0xx_hal_pcd.c ****   {
 523:Drivers/STM32G0xx_HAL_Driver/Src/stm32g0xx_hal_pcd.c ****     hpcd->DataOutStageCallback = pCallback;
 524:Drivers/STM32G0xx_HAL_Driver/Src/stm32g0xx_hal_pcd.c ****   }
 525:Drivers/STM32G0xx_HAL_Driver/Src/stm32g0xx_hal_pcd.c ****   else
 526:Drivers/STM32G0xx_HAL_Driver/Src/stm32g0xx_hal_pcd.c ****   {
 527:Drivers/STM32G0xx_HAL_Driver/Src/stm32g0xx_hal_pcd.c ****     /* Update the error code */
 528:Drivers/STM32G0xx_HAL_Driver/Src/stm32g0xx_hal_pcd.c ****     hpcd->ErrorCode |= HAL_PCD_ERROR_INVALID_CALLBACK;
 529:Drivers/STM32G0xx_HAL_Driver/Src/stm32g0xx_hal_pcd.c **** 
 530:Drivers/STM32G0xx_HAL_Driver/Src/stm32g0xx_hal_pcd.c ****     /* Return error status */
 531:Drivers/STM32G0xx_HAL_Driver/Src/stm32g0xx_hal_pcd.c ****     status =  HAL_ERROR;
 532:Drivers/STM32G0xx_HAL_Driver/Src/stm32g0xx_hal_pcd.c ****   }
 533:Drivers/STM32G0xx_HAL_Driver/Src/stm32g0xx_hal_pcd.c **** 
 534:Drivers/STM32G0xx_HAL_Driver/Src/stm32g0xx_hal_pcd.c ****   return status;
 535:Drivers/STM32G0xx_HAL_Driver/Src/stm32g0xx_hal_pcd.c **** }
 536:Drivers/STM32G0xx_HAL_Driver/Src/stm32g0xx_hal_pcd.c **** 
 537:Drivers/STM32G0xx_HAL_Driver/Src/stm32g0xx_hal_pcd.c **** /**
 538:Drivers/STM32G0xx_HAL_Driver/Src/stm32g0xx_hal_pcd.c ****   * @brief  Unregister the USB PCD Data OUT Stage Callback
 539:Drivers/STM32G0xx_HAL_Driver/Src/stm32g0xx_hal_pcd.c ****   *         USB PCD Data OUT Stage Callback is redirected to the weak HAL_PCD_DataOutStageCallback(
 540:Drivers/STM32G0xx_HAL_Driver/Src/stm32g0xx_hal_pcd.c ****   * @param  hpcd PCD handle
 541:Drivers/STM32G0xx_HAL_Driver/Src/stm32g0xx_hal_pcd.c ****   * @retval HAL status
ARM GAS  C:\Users\Domagoj\AppData\Local\Temp\cc6jMbW9.s 			page 25


 542:Drivers/STM32G0xx_HAL_Driver/Src/stm32g0xx_hal_pcd.c ****   */
 543:Drivers/STM32G0xx_HAL_Driver/Src/stm32g0xx_hal_pcd.c **** HAL_StatusTypeDef HAL_PCD_UnRegisterDataOutStageCallback(PCD_HandleTypeDef *hpcd)
 544:Drivers/STM32G0xx_HAL_Driver/Src/stm32g0xx_hal_pcd.c **** {
 545:Drivers/STM32G0xx_HAL_Driver/Src/stm32g0xx_hal_pcd.c ****   HAL_StatusTypeDef status = HAL_OK;
 546:Drivers/STM32G0xx_HAL_Driver/Src/stm32g0xx_hal_pcd.c **** 
 547:Drivers/STM32G0xx_HAL_Driver/Src/stm32g0xx_hal_pcd.c ****   if (hpcd->State == HAL_PCD_STATE_READY)
 548:Drivers/STM32G0xx_HAL_Driver/Src/stm32g0xx_hal_pcd.c ****   {
 549:Drivers/STM32G0xx_HAL_Driver/Src/stm32g0xx_hal_pcd.c ****     hpcd->DataOutStageCallback = HAL_PCD_DataOutStageCallback; /* Legacy weak DataOutStageCallback 
 550:Drivers/STM32G0xx_HAL_Driver/Src/stm32g0xx_hal_pcd.c ****   }
 551:Drivers/STM32G0xx_HAL_Driver/Src/stm32g0xx_hal_pcd.c ****   else
 552:Drivers/STM32G0xx_HAL_Driver/Src/stm32g0xx_hal_pcd.c ****   {
 553:Drivers/STM32G0xx_HAL_Driver/Src/stm32g0xx_hal_pcd.c ****     /* Update the error code */
 554:Drivers/STM32G0xx_HAL_Driver/Src/stm32g0xx_hal_pcd.c ****     hpcd->ErrorCode |= HAL_PCD_ERROR_INVALID_CALLBACK;
 555:Drivers/STM32G0xx_HAL_Driver/Src/stm32g0xx_hal_pcd.c **** 
 556:Drivers/STM32G0xx_HAL_Driver/Src/stm32g0xx_hal_pcd.c ****     /* Return error status */
 557:Drivers/STM32G0xx_HAL_Driver/Src/stm32g0xx_hal_pcd.c ****     status =  HAL_ERROR;
 558:Drivers/STM32G0xx_HAL_Driver/Src/stm32g0xx_hal_pcd.c ****   }
 559:Drivers/STM32G0xx_HAL_Driver/Src/stm32g0xx_hal_pcd.c **** 
 560:Drivers/STM32G0xx_HAL_Driver/Src/stm32g0xx_hal_pcd.c ****   return status;
 561:Drivers/STM32G0xx_HAL_Driver/Src/stm32g0xx_hal_pcd.c **** }
 562:Drivers/STM32G0xx_HAL_Driver/Src/stm32g0xx_hal_pcd.c **** 
 563:Drivers/STM32G0xx_HAL_Driver/Src/stm32g0xx_hal_pcd.c **** /**
 564:Drivers/STM32G0xx_HAL_Driver/Src/stm32g0xx_hal_pcd.c ****   * @brief  Register USB PCD Data IN Stage Callback
 565:Drivers/STM32G0xx_HAL_Driver/Src/stm32g0xx_hal_pcd.c ****   *         To be used instead of the weak HAL_PCD_DataInStageCallback() predefined callback
 566:Drivers/STM32G0xx_HAL_Driver/Src/stm32g0xx_hal_pcd.c ****   * @param  hpcd PCD handle
 567:Drivers/STM32G0xx_HAL_Driver/Src/stm32g0xx_hal_pcd.c ****   * @param  pCallback pointer to the USB PCD Data IN Stage Callback function
 568:Drivers/STM32G0xx_HAL_Driver/Src/stm32g0xx_hal_pcd.c ****   * @retval HAL status
 569:Drivers/STM32G0xx_HAL_Driver/Src/stm32g0xx_hal_pcd.c ****   */
 570:Drivers/STM32G0xx_HAL_Driver/Src/stm32g0xx_hal_pcd.c **** HAL_StatusTypeDef HAL_PCD_RegisterDataInStageCallback(PCD_HandleTypeDef *hpcd,
 571:Drivers/STM32G0xx_HAL_Driver/Src/stm32g0xx_hal_pcd.c ****                                                       pPCD_DataInStageCallbackTypeDef pCallback)
 572:Drivers/STM32G0xx_HAL_Driver/Src/stm32g0xx_hal_pcd.c **** {
 573:Drivers/STM32G0xx_HAL_Driver/Src/stm32g0xx_hal_pcd.c ****   HAL_StatusTypeDef status = HAL_OK;
 574:Drivers/STM32G0xx_HAL_Driver/Src/stm32g0xx_hal_pcd.c **** 
 575:Drivers/STM32G0xx_HAL_Driver/Src/stm32g0xx_hal_pcd.c ****   if (pCallback == NULL)
 576:Drivers/STM32G0xx_HAL_Driver/Src/stm32g0xx_hal_pcd.c ****   {
 577:Drivers/STM32G0xx_HAL_Driver/Src/stm32g0xx_hal_pcd.c ****     /* Update the error code */
 578:Drivers/STM32G0xx_HAL_Driver/Src/stm32g0xx_hal_pcd.c ****     hpcd->ErrorCode |= HAL_PCD_ERROR_INVALID_CALLBACK;
 579:Drivers/STM32G0xx_HAL_Driver/Src/stm32g0xx_hal_pcd.c **** 
 580:Drivers/STM32G0xx_HAL_Driver/Src/stm32g0xx_hal_pcd.c ****     return HAL_ERROR;
 581:Drivers/STM32G0xx_HAL_Driver/Src/stm32g0xx_hal_pcd.c ****   }
 582:Drivers/STM32G0xx_HAL_Driver/Src/stm32g0xx_hal_pcd.c **** 
 583:Drivers/STM32G0xx_HAL_Driver/Src/stm32g0xx_hal_pcd.c ****   if (hpcd->State == HAL_PCD_STATE_READY)
 584:Drivers/STM32G0xx_HAL_Driver/Src/stm32g0xx_hal_pcd.c ****   {
 585:Drivers/STM32G0xx_HAL_Driver/Src/stm32g0xx_hal_pcd.c ****     hpcd->DataInStageCallback = pCallback;
 586:Drivers/STM32G0xx_HAL_Driver/Src/stm32g0xx_hal_pcd.c ****   }
 587:Drivers/STM32G0xx_HAL_Driver/Src/stm32g0xx_hal_pcd.c ****   else
 588:Drivers/STM32G0xx_HAL_Driver/Src/stm32g0xx_hal_pcd.c ****   {
 589:Drivers/STM32G0xx_HAL_Driver/Src/stm32g0xx_hal_pcd.c ****     /* Update the error code */
 590:Drivers/STM32G0xx_HAL_Driver/Src/stm32g0xx_hal_pcd.c ****     hpcd->ErrorCode |= HAL_PCD_ERROR_INVALID_CALLBACK;
 591:Drivers/STM32G0xx_HAL_Driver/Src/stm32g0xx_hal_pcd.c **** 
 592:Drivers/STM32G0xx_HAL_Driver/Src/stm32g0xx_hal_pcd.c ****     /* Return error status */
 593:Drivers/STM32G0xx_HAL_Driver/Src/stm32g0xx_hal_pcd.c ****     status =  HAL_ERROR;
 594:Drivers/STM32G0xx_HAL_Driver/Src/stm32g0xx_hal_pcd.c ****   }
 595:Drivers/STM32G0xx_HAL_Driver/Src/stm32g0xx_hal_pcd.c **** 
 596:Drivers/STM32G0xx_HAL_Driver/Src/stm32g0xx_hal_pcd.c ****   return status;
 597:Drivers/STM32G0xx_HAL_Driver/Src/stm32g0xx_hal_pcd.c **** }
 598:Drivers/STM32G0xx_HAL_Driver/Src/stm32g0xx_hal_pcd.c **** 
ARM GAS  C:\Users\Domagoj\AppData\Local\Temp\cc6jMbW9.s 			page 26


 599:Drivers/STM32G0xx_HAL_Driver/Src/stm32g0xx_hal_pcd.c **** /**
 600:Drivers/STM32G0xx_HAL_Driver/Src/stm32g0xx_hal_pcd.c ****   * @brief  Unregister the USB PCD Data IN Stage Callback
 601:Drivers/STM32G0xx_HAL_Driver/Src/stm32g0xx_hal_pcd.c ****   *         USB PCD Data OUT Stage Callback is redirected to the weak HAL_PCD_DataInStageCallback()
 602:Drivers/STM32G0xx_HAL_Driver/Src/stm32g0xx_hal_pcd.c ****   * @param  hpcd PCD handle
 603:Drivers/STM32G0xx_HAL_Driver/Src/stm32g0xx_hal_pcd.c ****   * @retval HAL status
 604:Drivers/STM32G0xx_HAL_Driver/Src/stm32g0xx_hal_pcd.c ****   */
 605:Drivers/STM32G0xx_HAL_Driver/Src/stm32g0xx_hal_pcd.c **** HAL_StatusTypeDef HAL_PCD_UnRegisterDataInStageCallback(PCD_HandleTypeDef *hpcd)
 606:Drivers/STM32G0xx_HAL_Driver/Src/stm32g0xx_hal_pcd.c **** {
 607:Drivers/STM32G0xx_HAL_Driver/Src/stm32g0xx_hal_pcd.c ****   HAL_StatusTypeDef status = HAL_OK;
 608:Drivers/STM32G0xx_HAL_Driver/Src/stm32g0xx_hal_pcd.c **** 
 609:Drivers/STM32G0xx_HAL_Driver/Src/stm32g0xx_hal_pcd.c ****   if (hpcd->State == HAL_PCD_STATE_READY)
 610:Drivers/STM32G0xx_HAL_Driver/Src/stm32g0xx_hal_pcd.c ****   {
 611:Drivers/STM32G0xx_HAL_Driver/Src/stm32g0xx_hal_pcd.c ****     hpcd->DataInStageCallback = HAL_PCD_DataInStageCallback; /* Legacy weak DataInStageCallback  */
 612:Drivers/STM32G0xx_HAL_Driver/Src/stm32g0xx_hal_pcd.c ****   }
 613:Drivers/STM32G0xx_HAL_Driver/Src/stm32g0xx_hal_pcd.c ****   else
 614:Drivers/STM32G0xx_HAL_Driver/Src/stm32g0xx_hal_pcd.c ****   {
 615:Drivers/STM32G0xx_HAL_Driver/Src/stm32g0xx_hal_pcd.c ****     /* Update the error code */
 616:Drivers/STM32G0xx_HAL_Driver/Src/stm32g0xx_hal_pcd.c ****     hpcd->ErrorCode |= HAL_PCD_ERROR_INVALID_CALLBACK;
 617:Drivers/STM32G0xx_HAL_Driver/Src/stm32g0xx_hal_pcd.c **** 
 618:Drivers/STM32G0xx_HAL_Driver/Src/stm32g0xx_hal_pcd.c ****     /* Return error status */
 619:Drivers/STM32G0xx_HAL_Driver/Src/stm32g0xx_hal_pcd.c ****     status =  HAL_ERROR;
 620:Drivers/STM32G0xx_HAL_Driver/Src/stm32g0xx_hal_pcd.c ****   }
 621:Drivers/STM32G0xx_HAL_Driver/Src/stm32g0xx_hal_pcd.c **** 
 622:Drivers/STM32G0xx_HAL_Driver/Src/stm32g0xx_hal_pcd.c ****   return status;
 623:Drivers/STM32G0xx_HAL_Driver/Src/stm32g0xx_hal_pcd.c **** }
 624:Drivers/STM32G0xx_HAL_Driver/Src/stm32g0xx_hal_pcd.c **** 
 625:Drivers/STM32G0xx_HAL_Driver/Src/stm32g0xx_hal_pcd.c **** /**
 626:Drivers/STM32G0xx_HAL_Driver/Src/stm32g0xx_hal_pcd.c ****   * @brief  Register USB PCD Iso OUT incomplete Callback
 627:Drivers/STM32G0xx_HAL_Driver/Src/stm32g0xx_hal_pcd.c ****   *         To be used instead of the weak HAL_PCD_ISOOUTIncompleteCallback() predefined callback
 628:Drivers/STM32G0xx_HAL_Driver/Src/stm32g0xx_hal_pcd.c ****   * @param  hpcd PCD handle
 629:Drivers/STM32G0xx_HAL_Driver/Src/stm32g0xx_hal_pcd.c ****   * @param  pCallback pointer to the USB PCD Iso OUT incomplete Callback function
 630:Drivers/STM32G0xx_HAL_Driver/Src/stm32g0xx_hal_pcd.c ****   * @retval HAL status
 631:Drivers/STM32G0xx_HAL_Driver/Src/stm32g0xx_hal_pcd.c ****   */
 632:Drivers/STM32G0xx_HAL_Driver/Src/stm32g0xx_hal_pcd.c **** HAL_StatusTypeDef HAL_PCD_RegisterIsoOutIncpltCallback(PCD_HandleTypeDef *hpcd,
 633:Drivers/STM32G0xx_HAL_Driver/Src/stm32g0xx_hal_pcd.c ****                                                        pPCD_IsoOutIncpltCallbackTypeDef pCallback)
 634:Drivers/STM32G0xx_HAL_Driver/Src/stm32g0xx_hal_pcd.c **** {
 635:Drivers/STM32G0xx_HAL_Driver/Src/stm32g0xx_hal_pcd.c ****   HAL_StatusTypeDef status = HAL_OK;
 636:Drivers/STM32G0xx_HAL_Driver/Src/stm32g0xx_hal_pcd.c **** 
 637:Drivers/STM32G0xx_HAL_Driver/Src/stm32g0xx_hal_pcd.c ****   if (pCallback == NULL)
 638:Drivers/STM32G0xx_HAL_Driver/Src/stm32g0xx_hal_pcd.c ****   {
 639:Drivers/STM32G0xx_HAL_Driver/Src/stm32g0xx_hal_pcd.c ****     /* Update the error code */
 640:Drivers/STM32G0xx_HAL_Driver/Src/stm32g0xx_hal_pcd.c ****     hpcd->ErrorCode |= HAL_PCD_ERROR_INVALID_CALLBACK;
 641:Drivers/STM32G0xx_HAL_Driver/Src/stm32g0xx_hal_pcd.c **** 
 642:Drivers/STM32G0xx_HAL_Driver/Src/stm32g0xx_hal_pcd.c ****     return HAL_ERROR;
 643:Drivers/STM32G0xx_HAL_Driver/Src/stm32g0xx_hal_pcd.c ****   }
 644:Drivers/STM32G0xx_HAL_Driver/Src/stm32g0xx_hal_pcd.c **** 
 645:Drivers/STM32G0xx_HAL_Driver/Src/stm32g0xx_hal_pcd.c ****   if (hpcd->State == HAL_PCD_STATE_READY)
 646:Drivers/STM32G0xx_HAL_Driver/Src/stm32g0xx_hal_pcd.c ****   {
 647:Drivers/STM32G0xx_HAL_Driver/Src/stm32g0xx_hal_pcd.c ****     hpcd->ISOOUTIncompleteCallback = pCallback;
 648:Drivers/STM32G0xx_HAL_Driver/Src/stm32g0xx_hal_pcd.c ****   }
 649:Drivers/STM32G0xx_HAL_Driver/Src/stm32g0xx_hal_pcd.c ****   else
 650:Drivers/STM32G0xx_HAL_Driver/Src/stm32g0xx_hal_pcd.c ****   {
 651:Drivers/STM32G0xx_HAL_Driver/Src/stm32g0xx_hal_pcd.c ****     /* Update the error code */
 652:Drivers/STM32G0xx_HAL_Driver/Src/stm32g0xx_hal_pcd.c ****     hpcd->ErrorCode |= HAL_PCD_ERROR_INVALID_CALLBACK;
 653:Drivers/STM32G0xx_HAL_Driver/Src/stm32g0xx_hal_pcd.c **** 
 654:Drivers/STM32G0xx_HAL_Driver/Src/stm32g0xx_hal_pcd.c ****     /* Return error status */
 655:Drivers/STM32G0xx_HAL_Driver/Src/stm32g0xx_hal_pcd.c ****     status =  HAL_ERROR;
ARM GAS  C:\Users\Domagoj\AppData\Local\Temp\cc6jMbW9.s 			page 27


 656:Drivers/STM32G0xx_HAL_Driver/Src/stm32g0xx_hal_pcd.c ****   }
 657:Drivers/STM32G0xx_HAL_Driver/Src/stm32g0xx_hal_pcd.c **** 
 658:Drivers/STM32G0xx_HAL_Driver/Src/stm32g0xx_hal_pcd.c ****   return status;
 659:Drivers/STM32G0xx_HAL_Driver/Src/stm32g0xx_hal_pcd.c **** }
 660:Drivers/STM32G0xx_HAL_Driver/Src/stm32g0xx_hal_pcd.c **** 
 661:Drivers/STM32G0xx_HAL_Driver/Src/stm32g0xx_hal_pcd.c **** /**
 662:Drivers/STM32G0xx_HAL_Driver/Src/stm32g0xx_hal_pcd.c ****   * @brief  Unregister the USB PCD Iso OUT incomplete Callback
 663:Drivers/STM32G0xx_HAL_Driver/Src/stm32g0xx_hal_pcd.c ****   *         USB PCD Iso OUT incomplete Callback is redirected
 664:Drivers/STM32G0xx_HAL_Driver/Src/stm32g0xx_hal_pcd.c ****   *         to the weak HAL_PCD_ISOOUTIncompleteCallback() predefined callback
 665:Drivers/STM32G0xx_HAL_Driver/Src/stm32g0xx_hal_pcd.c ****   * @param  hpcd PCD handle
 666:Drivers/STM32G0xx_HAL_Driver/Src/stm32g0xx_hal_pcd.c ****   * @retval HAL status
 667:Drivers/STM32G0xx_HAL_Driver/Src/stm32g0xx_hal_pcd.c ****   */
 668:Drivers/STM32G0xx_HAL_Driver/Src/stm32g0xx_hal_pcd.c **** HAL_StatusTypeDef HAL_PCD_UnRegisterIsoOutIncpltCallback(PCD_HandleTypeDef *hpcd)
 669:Drivers/STM32G0xx_HAL_Driver/Src/stm32g0xx_hal_pcd.c **** {
 670:Drivers/STM32G0xx_HAL_Driver/Src/stm32g0xx_hal_pcd.c ****   HAL_StatusTypeDef status = HAL_OK;
 671:Drivers/STM32G0xx_HAL_Driver/Src/stm32g0xx_hal_pcd.c **** 
 672:Drivers/STM32G0xx_HAL_Driver/Src/stm32g0xx_hal_pcd.c ****   if (hpcd->State == HAL_PCD_STATE_READY)
 673:Drivers/STM32G0xx_HAL_Driver/Src/stm32g0xx_hal_pcd.c ****   {
 674:Drivers/STM32G0xx_HAL_Driver/Src/stm32g0xx_hal_pcd.c ****     hpcd->ISOOUTIncompleteCallback = HAL_PCD_ISOOUTIncompleteCallback; /* Legacy weak ISOOUTIncompl
 675:Drivers/STM32G0xx_HAL_Driver/Src/stm32g0xx_hal_pcd.c ****   }
 676:Drivers/STM32G0xx_HAL_Driver/Src/stm32g0xx_hal_pcd.c ****   else
 677:Drivers/STM32G0xx_HAL_Driver/Src/stm32g0xx_hal_pcd.c ****   {
 678:Drivers/STM32G0xx_HAL_Driver/Src/stm32g0xx_hal_pcd.c ****     /* Update the error code */
 679:Drivers/STM32G0xx_HAL_Driver/Src/stm32g0xx_hal_pcd.c ****     hpcd->ErrorCode |= HAL_PCD_ERROR_INVALID_CALLBACK;
 680:Drivers/STM32G0xx_HAL_Driver/Src/stm32g0xx_hal_pcd.c **** 
 681:Drivers/STM32G0xx_HAL_Driver/Src/stm32g0xx_hal_pcd.c ****     /* Return error status */
 682:Drivers/STM32G0xx_HAL_Driver/Src/stm32g0xx_hal_pcd.c ****     status =  HAL_ERROR;
 683:Drivers/STM32G0xx_HAL_Driver/Src/stm32g0xx_hal_pcd.c ****   }
 684:Drivers/STM32G0xx_HAL_Driver/Src/stm32g0xx_hal_pcd.c **** 
 685:Drivers/STM32G0xx_HAL_Driver/Src/stm32g0xx_hal_pcd.c ****   return status;
 686:Drivers/STM32G0xx_HAL_Driver/Src/stm32g0xx_hal_pcd.c **** }
 687:Drivers/STM32G0xx_HAL_Driver/Src/stm32g0xx_hal_pcd.c **** 
 688:Drivers/STM32G0xx_HAL_Driver/Src/stm32g0xx_hal_pcd.c **** /**
 689:Drivers/STM32G0xx_HAL_Driver/Src/stm32g0xx_hal_pcd.c ****   * @brief  Register USB PCD Iso IN incomplete Callback
 690:Drivers/STM32G0xx_HAL_Driver/Src/stm32g0xx_hal_pcd.c ****   *         To be used instead of the weak HAL_PCD_ISOINIncompleteCallback() predefined callback
 691:Drivers/STM32G0xx_HAL_Driver/Src/stm32g0xx_hal_pcd.c ****   * @param  hpcd PCD handle
 692:Drivers/STM32G0xx_HAL_Driver/Src/stm32g0xx_hal_pcd.c ****   * @param  pCallback pointer to the USB PCD Iso IN incomplete Callback function
 693:Drivers/STM32G0xx_HAL_Driver/Src/stm32g0xx_hal_pcd.c ****   * @retval HAL status
 694:Drivers/STM32G0xx_HAL_Driver/Src/stm32g0xx_hal_pcd.c ****   */
 695:Drivers/STM32G0xx_HAL_Driver/Src/stm32g0xx_hal_pcd.c **** HAL_StatusTypeDef HAL_PCD_RegisterIsoInIncpltCallback(PCD_HandleTypeDef *hpcd,
 696:Drivers/STM32G0xx_HAL_Driver/Src/stm32g0xx_hal_pcd.c ****                                                       pPCD_IsoInIncpltCallbackTypeDef pCallback)
 697:Drivers/STM32G0xx_HAL_Driver/Src/stm32g0xx_hal_pcd.c **** {
 698:Drivers/STM32G0xx_HAL_Driver/Src/stm32g0xx_hal_pcd.c ****   HAL_StatusTypeDef status = HAL_OK;
 699:Drivers/STM32G0xx_HAL_Driver/Src/stm32g0xx_hal_pcd.c **** 
 700:Drivers/STM32G0xx_HAL_Driver/Src/stm32g0xx_hal_pcd.c ****   if (pCallback == NULL)
 701:Drivers/STM32G0xx_HAL_Driver/Src/stm32g0xx_hal_pcd.c ****   {
 702:Drivers/STM32G0xx_HAL_Driver/Src/stm32g0xx_hal_pcd.c ****     /* Update the error code */
 703:Drivers/STM32G0xx_HAL_Driver/Src/stm32g0xx_hal_pcd.c ****     hpcd->ErrorCode |= HAL_PCD_ERROR_INVALID_CALLBACK;
 704:Drivers/STM32G0xx_HAL_Driver/Src/stm32g0xx_hal_pcd.c **** 
 705:Drivers/STM32G0xx_HAL_Driver/Src/stm32g0xx_hal_pcd.c ****     return HAL_ERROR;
 706:Drivers/STM32G0xx_HAL_Driver/Src/stm32g0xx_hal_pcd.c ****   }
 707:Drivers/STM32G0xx_HAL_Driver/Src/stm32g0xx_hal_pcd.c **** 
 708:Drivers/STM32G0xx_HAL_Driver/Src/stm32g0xx_hal_pcd.c ****   if (hpcd->State == HAL_PCD_STATE_READY)
 709:Drivers/STM32G0xx_HAL_Driver/Src/stm32g0xx_hal_pcd.c ****   {
 710:Drivers/STM32G0xx_HAL_Driver/Src/stm32g0xx_hal_pcd.c ****     hpcd->ISOINIncompleteCallback = pCallback;
 711:Drivers/STM32G0xx_HAL_Driver/Src/stm32g0xx_hal_pcd.c ****   }
 712:Drivers/STM32G0xx_HAL_Driver/Src/stm32g0xx_hal_pcd.c ****   else
ARM GAS  C:\Users\Domagoj\AppData\Local\Temp\cc6jMbW9.s 			page 28


 713:Drivers/STM32G0xx_HAL_Driver/Src/stm32g0xx_hal_pcd.c ****   {
 714:Drivers/STM32G0xx_HAL_Driver/Src/stm32g0xx_hal_pcd.c ****     /* Update the error code */
 715:Drivers/STM32G0xx_HAL_Driver/Src/stm32g0xx_hal_pcd.c ****     hpcd->ErrorCode |= HAL_PCD_ERROR_INVALID_CALLBACK;
 716:Drivers/STM32G0xx_HAL_Driver/Src/stm32g0xx_hal_pcd.c **** 
 717:Drivers/STM32G0xx_HAL_Driver/Src/stm32g0xx_hal_pcd.c ****     /* Return error status */
 718:Drivers/STM32G0xx_HAL_Driver/Src/stm32g0xx_hal_pcd.c ****     status =  HAL_ERROR;
 719:Drivers/STM32G0xx_HAL_Driver/Src/stm32g0xx_hal_pcd.c ****   }
 720:Drivers/STM32G0xx_HAL_Driver/Src/stm32g0xx_hal_pcd.c **** 
 721:Drivers/STM32G0xx_HAL_Driver/Src/stm32g0xx_hal_pcd.c ****   return status;
 722:Drivers/STM32G0xx_HAL_Driver/Src/stm32g0xx_hal_pcd.c **** }
 723:Drivers/STM32G0xx_HAL_Driver/Src/stm32g0xx_hal_pcd.c **** 
 724:Drivers/STM32G0xx_HAL_Driver/Src/stm32g0xx_hal_pcd.c **** /**
 725:Drivers/STM32G0xx_HAL_Driver/Src/stm32g0xx_hal_pcd.c ****   * @brief  Unregister the USB PCD Iso IN incomplete Callback
 726:Drivers/STM32G0xx_HAL_Driver/Src/stm32g0xx_hal_pcd.c ****   *         USB PCD Iso IN incomplete Callback is redirected
 727:Drivers/STM32G0xx_HAL_Driver/Src/stm32g0xx_hal_pcd.c ****   *         to the weak HAL_PCD_ISOINIncompleteCallback() predefined callback
 728:Drivers/STM32G0xx_HAL_Driver/Src/stm32g0xx_hal_pcd.c ****   * @param  hpcd PCD handle
 729:Drivers/STM32G0xx_HAL_Driver/Src/stm32g0xx_hal_pcd.c ****   * @retval HAL status
 730:Drivers/STM32G0xx_HAL_Driver/Src/stm32g0xx_hal_pcd.c ****   */
 731:Drivers/STM32G0xx_HAL_Driver/Src/stm32g0xx_hal_pcd.c **** HAL_StatusTypeDef HAL_PCD_UnRegisterIsoInIncpltCallback(PCD_HandleTypeDef *hpcd)
 732:Drivers/STM32G0xx_HAL_Driver/Src/stm32g0xx_hal_pcd.c **** {
 733:Drivers/STM32G0xx_HAL_Driver/Src/stm32g0xx_hal_pcd.c ****   HAL_StatusTypeDef status = HAL_OK;
 734:Drivers/STM32G0xx_HAL_Driver/Src/stm32g0xx_hal_pcd.c **** 
 735:Drivers/STM32G0xx_HAL_Driver/Src/stm32g0xx_hal_pcd.c ****   if (hpcd->State == HAL_PCD_STATE_READY)
 736:Drivers/STM32G0xx_HAL_Driver/Src/stm32g0xx_hal_pcd.c ****   {
 737:Drivers/STM32G0xx_HAL_Driver/Src/stm32g0xx_hal_pcd.c ****     hpcd->ISOINIncompleteCallback = HAL_PCD_ISOINIncompleteCallback; /* Legacy weak ISOINIncomplete
 738:Drivers/STM32G0xx_HAL_Driver/Src/stm32g0xx_hal_pcd.c ****   }
 739:Drivers/STM32G0xx_HAL_Driver/Src/stm32g0xx_hal_pcd.c ****   else
 740:Drivers/STM32G0xx_HAL_Driver/Src/stm32g0xx_hal_pcd.c ****   {
 741:Drivers/STM32G0xx_HAL_Driver/Src/stm32g0xx_hal_pcd.c ****     /* Update the error code */
 742:Drivers/STM32G0xx_HAL_Driver/Src/stm32g0xx_hal_pcd.c ****     hpcd->ErrorCode |= HAL_PCD_ERROR_INVALID_CALLBACK;
 743:Drivers/STM32G0xx_HAL_Driver/Src/stm32g0xx_hal_pcd.c **** 
 744:Drivers/STM32G0xx_HAL_Driver/Src/stm32g0xx_hal_pcd.c ****     /* Return error status */
 745:Drivers/STM32G0xx_HAL_Driver/Src/stm32g0xx_hal_pcd.c ****     status =  HAL_ERROR;
 746:Drivers/STM32G0xx_HAL_Driver/Src/stm32g0xx_hal_pcd.c ****   }
 747:Drivers/STM32G0xx_HAL_Driver/Src/stm32g0xx_hal_pcd.c **** 
 748:Drivers/STM32G0xx_HAL_Driver/Src/stm32g0xx_hal_pcd.c ****    return status;
 749:Drivers/STM32G0xx_HAL_Driver/Src/stm32g0xx_hal_pcd.c **** }
 750:Drivers/STM32G0xx_HAL_Driver/Src/stm32g0xx_hal_pcd.c **** 
 751:Drivers/STM32G0xx_HAL_Driver/Src/stm32g0xx_hal_pcd.c **** /**
 752:Drivers/STM32G0xx_HAL_Driver/Src/stm32g0xx_hal_pcd.c ****   * @brief  Register USB PCD BCD Callback
 753:Drivers/STM32G0xx_HAL_Driver/Src/stm32g0xx_hal_pcd.c ****   *         To be used instead of the weak HAL_PCDEx_BCD_Callback() predefined callback
 754:Drivers/STM32G0xx_HAL_Driver/Src/stm32g0xx_hal_pcd.c ****   * @param  hpcd PCD handle
 755:Drivers/STM32G0xx_HAL_Driver/Src/stm32g0xx_hal_pcd.c ****   * @param  pCallback pointer to the USB PCD BCD Callback function
 756:Drivers/STM32G0xx_HAL_Driver/Src/stm32g0xx_hal_pcd.c ****   * @retval HAL status
 757:Drivers/STM32G0xx_HAL_Driver/Src/stm32g0xx_hal_pcd.c ****   */
 758:Drivers/STM32G0xx_HAL_Driver/Src/stm32g0xx_hal_pcd.c **** HAL_StatusTypeDef HAL_PCD_RegisterBcdCallback(PCD_HandleTypeDef *hpcd, pPCD_BcdCallbackTypeDef pCal
 759:Drivers/STM32G0xx_HAL_Driver/Src/stm32g0xx_hal_pcd.c **** {
 760:Drivers/STM32G0xx_HAL_Driver/Src/stm32g0xx_hal_pcd.c ****   HAL_StatusTypeDef status = HAL_OK;
 761:Drivers/STM32G0xx_HAL_Driver/Src/stm32g0xx_hal_pcd.c **** 
 762:Drivers/STM32G0xx_HAL_Driver/Src/stm32g0xx_hal_pcd.c ****   if (pCallback == NULL)
 763:Drivers/STM32G0xx_HAL_Driver/Src/stm32g0xx_hal_pcd.c ****   {
 764:Drivers/STM32G0xx_HAL_Driver/Src/stm32g0xx_hal_pcd.c ****     /* Update the error code */
 765:Drivers/STM32G0xx_HAL_Driver/Src/stm32g0xx_hal_pcd.c ****     hpcd->ErrorCode |= HAL_PCD_ERROR_INVALID_CALLBACK;
 766:Drivers/STM32G0xx_HAL_Driver/Src/stm32g0xx_hal_pcd.c **** 
 767:Drivers/STM32G0xx_HAL_Driver/Src/stm32g0xx_hal_pcd.c ****     return HAL_ERROR;
 768:Drivers/STM32G0xx_HAL_Driver/Src/stm32g0xx_hal_pcd.c ****   }
 769:Drivers/STM32G0xx_HAL_Driver/Src/stm32g0xx_hal_pcd.c **** 
ARM GAS  C:\Users\Domagoj\AppData\Local\Temp\cc6jMbW9.s 			page 29


 770:Drivers/STM32G0xx_HAL_Driver/Src/stm32g0xx_hal_pcd.c ****   if (hpcd->State == HAL_PCD_STATE_READY)
 771:Drivers/STM32G0xx_HAL_Driver/Src/stm32g0xx_hal_pcd.c ****   {
 772:Drivers/STM32G0xx_HAL_Driver/Src/stm32g0xx_hal_pcd.c ****     hpcd->BCDCallback = pCallback;
 773:Drivers/STM32G0xx_HAL_Driver/Src/stm32g0xx_hal_pcd.c ****   }
 774:Drivers/STM32G0xx_HAL_Driver/Src/stm32g0xx_hal_pcd.c ****   else
 775:Drivers/STM32G0xx_HAL_Driver/Src/stm32g0xx_hal_pcd.c ****   {
 776:Drivers/STM32G0xx_HAL_Driver/Src/stm32g0xx_hal_pcd.c ****     /* Update the error code */
 777:Drivers/STM32G0xx_HAL_Driver/Src/stm32g0xx_hal_pcd.c ****     hpcd->ErrorCode |= HAL_PCD_ERROR_INVALID_CALLBACK;
 778:Drivers/STM32G0xx_HAL_Driver/Src/stm32g0xx_hal_pcd.c **** 
 779:Drivers/STM32G0xx_HAL_Driver/Src/stm32g0xx_hal_pcd.c ****     /* Return error status */
 780:Drivers/STM32G0xx_HAL_Driver/Src/stm32g0xx_hal_pcd.c ****     status =  HAL_ERROR;
 781:Drivers/STM32G0xx_HAL_Driver/Src/stm32g0xx_hal_pcd.c ****   }
 782:Drivers/STM32G0xx_HAL_Driver/Src/stm32g0xx_hal_pcd.c **** 
 783:Drivers/STM32G0xx_HAL_Driver/Src/stm32g0xx_hal_pcd.c ****   return status;
 784:Drivers/STM32G0xx_HAL_Driver/Src/stm32g0xx_hal_pcd.c **** }
 785:Drivers/STM32G0xx_HAL_Driver/Src/stm32g0xx_hal_pcd.c **** 
 786:Drivers/STM32G0xx_HAL_Driver/Src/stm32g0xx_hal_pcd.c **** /**
 787:Drivers/STM32G0xx_HAL_Driver/Src/stm32g0xx_hal_pcd.c ****   * @brief  Unregister the USB PCD BCD Callback
 788:Drivers/STM32G0xx_HAL_Driver/Src/stm32g0xx_hal_pcd.c ****   *         USB BCD Callback is redirected to the weak HAL_PCDEx_BCD_Callback() predefined callback
 789:Drivers/STM32G0xx_HAL_Driver/Src/stm32g0xx_hal_pcd.c ****   * @param  hpcd PCD handle
 790:Drivers/STM32G0xx_HAL_Driver/Src/stm32g0xx_hal_pcd.c ****   * @retval HAL status
 791:Drivers/STM32G0xx_HAL_Driver/Src/stm32g0xx_hal_pcd.c ****   */
 792:Drivers/STM32G0xx_HAL_Driver/Src/stm32g0xx_hal_pcd.c **** HAL_StatusTypeDef HAL_PCD_UnRegisterBcdCallback(PCD_HandleTypeDef *hpcd)
 793:Drivers/STM32G0xx_HAL_Driver/Src/stm32g0xx_hal_pcd.c **** {
 794:Drivers/STM32G0xx_HAL_Driver/Src/stm32g0xx_hal_pcd.c ****   HAL_StatusTypeDef status = HAL_OK;
 795:Drivers/STM32G0xx_HAL_Driver/Src/stm32g0xx_hal_pcd.c **** 
 796:Drivers/STM32G0xx_HAL_Driver/Src/stm32g0xx_hal_pcd.c ****   if (hpcd->State == HAL_PCD_STATE_READY)
 797:Drivers/STM32G0xx_HAL_Driver/Src/stm32g0xx_hal_pcd.c ****   {
 798:Drivers/STM32G0xx_HAL_Driver/Src/stm32g0xx_hal_pcd.c ****     hpcd->BCDCallback = HAL_PCDEx_BCD_Callback; /* Legacy weak HAL_PCDEx_BCD_Callback  */
 799:Drivers/STM32G0xx_HAL_Driver/Src/stm32g0xx_hal_pcd.c ****   }
 800:Drivers/STM32G0xx_HAL_Driver/Src/stm32g0xx_hal_pcd.c ****   else
 801:Drivers/STM32G0xx_HAL_Driver/Src/stm32g0xx_hal_pcd.c ****   {
 802:Drivers/STM32G0xx_HAL_Driver/Src/stm32g0xx_hal_pcd.c ****     /* Update the error code */
 803:Drivers/STM32G0xx_HAL_Driver/Src/stm32g0xx_hal_pcd.c ****     hpcd->ErrorCode |= HAL_PCD_ERROR_INVALID_CALLBACK;
 804:Drivers/STM32G0xx_HAL_Driver/Src/stm32g0xx_hal_pcd.c **** 
 805:Drivers/STM32G0xx_HAL_Driver/Src/stm32g0xx_hal_pcd.c ****     /* Return error status */
 806:Drivers/STM32G0xx_HAL_Driver/Src/stm32g0xx_hal_pcd.c ****     status =  HAL_ERROR;
 807:Drivers/STM32G0xx_HAL_Driver/Src/stm32g0xx_hal_pcd.c ****   }
 808:Drivers/STM32G0xx_HAL_Driver/Src/stm32g0xx_hal_pcd.c **** 
 809:Drivers/STM32G0xx_HAL_Driver/Src/stm32g0xx_hal_pcd.c ****   return status;
 810:Drivers/STM32G0xx_HAL_Driver/Src/stm32g0xx_hal_pcd.c **** }
 811:Drivers/STM32G0xx_HAL_Driver/Src/stm32g0xx_hal_pcd.c **** 
 812:Drivers/STM32G0xx_HAL_Driver/Src/stm32g0xx_hal_pcd.c **** /**
 813:Drivers/STM32G0xx_HAL_Driver/Src/stm32g0xx_hal_pcd.c ****   * @brief  Register USB PCD LPM Callback
 814:Drivers/STM32G0xx_HAL_Driver/Src/stm32g0xx_hal_pcd.c ****   *         To be used instead of the weak HAL_PCDEx_LPM_Callback() predefined callback
 815:Drivers/STM32G0xx_HAL_Driver/Src/stm32g0xx_hal_pcd.c ****   * @param  hpcd PCD handle
 816:Drivers/STM32G0xx_HAL_Driver/Src/stm32g0xx_hal_pcd.c ****   * @param  pCallback pointer to the USB PCD LPM Callback function
 817:Drivers/STM32G0xx_HAL_Driver/Src/stm32g0xx_hal_pcd.c ****   * @retval HAL status
 818:Drivers/STM32G0xx_HAL_Driver/Src/stm32g0xx_hal_pcd.c ****   */
 819:Drivers/STM32G0xx_HAL_Driver/Src/stm32g0xx_hal_pcd.c **** HAL_StatusTypeDef HAL_PCD_RegisterLpmCallback(PCD_HandleTypeDef *hpcd, pPCD_LpmCallbackTypeDef pCal
 820:Drivers/STM32G0xx_HAL_Driver/Src/stm32g0xx_hal_pcd.c **** {
 821:Drivers/STM32G0xx_HAL_Driver/Src/stm32g0xx_hal_pcd.c ****   HAL_StatusTypeDef status = HAL_OK;
 822:Drivers/STM32G0xx_HAL_Driver/Src/stm32g0xx_hal_pcd.c **** 
 823:Drivers/STM32G0xx_HAL_Driver/Src/stm32g0xx_hal_pcd.c ****   if (pCallback == NULL)
 824:Drivers/STM32G0xx_HAL_Driver/Src/stm32g0xx_hal_pcd.c ****   {
 825:Drivers/STM32G0xx_HAL_Driver/Src/stm32g0xx_hal_pcd.c ****     /* Update the error code */
 826:Drivers/STM32G0xx_HAL_Driver/Src/stm32g0xx_hal_pcd.c ****     hpcd->ErrorCode |= HAL_PCD_ERROR_INVALID_CALLBACK;
ARM GAS  C:\Users\Domagoj\AppData\Local\Temp\cc6jMbW9.s 			page 30


 827:Drivers/STM32G0xx_HAL_Driver/Src/stm32g0xx_hal_pcd.c **** 
 828:Drivers/STM32G0xx_HAL_Driver/Src/stm32g0xx_hal_pcd.c ****     return HAL_ERROR;
 829:Drivers/STM32G0xx_HAL_Driver/Src/stm32g0xx_hal_pcd.c ****   }
 830:Drivers/STM32G0xx_HAL_Driver/Src/stm32g0xx_hal_pcd.c **** 
 831:Drivers/STM32G0xx_HAL_Driver/Src/stm32g0xx_hal_pcd.c ****   if (hpcd->State == HAL_PCD_STATE_READY)
 832:Drivers/STM32G0xx_HAL_Driver/Src/stm32g0xx_hal_pcd.c ****   {
 833:Drivers/STM32G0xx_HAL_Driver/Src/stm32g0xx_hal_pcd.c ****     hpcd->LPMCallback = pCallback;
 834:Drivers/STM32G0xx_HAL_Driver/Src/stm32g0xx_hal_pcd.c ****   }
 835:Drivers/STM32G0xx_HAL_Driver/Src/stm32g0xx_hal_pcd.c ****   else
 836:Drivers/STM32G0xx_HAL_Driver/Src/stm32g0xx_hal_pcd.c ****   {
 837:Drivers/STM32G0xx_HAL_Driver/Src/stm32g0xx_hal_pcd.c ****     /* Update the error code */
 838:Drivers/STM32G0xx_HAL_Driver/Src/stm32g0xx_hal_pcd.c ****     hpcd->ErrorCode |= HAL_PCD_ERROR_INVALID_CALLBACK;
 839:Drivers/STM32G0xx_HAL_Driver/Src/stm32g0xx_hal_pcd.c **** 
 840:Drivers/STM32G0xx_HAL_Driver/Src/stm32g0xx_hal_pcd.c ****     /* Return error status */
 841:Drivers/STM32G0xx_HAL_Driver/Src/stm32g0xx_hal_pcd.c ****     status =  HAL_ERROR;
 842:Drivers/STM32G0xx_HAL_Driver/Src/stm32g0xx_hal_pcd.c ****   }
 843:Drivers/STM32G0xx_HAL_Driver/Src/stm32g0xx_hal_pcd.c **** 
 844:Drivers/STM32G0xx_HAL_Driver/Src/stm32g0xx_hal_pcd.c ****   return status;
 845:Drivers/STM32G0xx_HAL_Driver/Src/stm32g0xx_hal_pcd.c **** }
 846:Drivers/STM32G0xx_HAL_Driver/Src/stm32g0xx_hal_pcd.c **** 
 847:Drivers/STM32G0xx_HAL_Driver/Src/stm32g0xx_hal_pcd.c **** /**
 848:Drivers/STM32G0xx_HAL_Driver/Src/stm32g0xx_hal_pcd.c ****   * @brief  Unregister the USB PCD LPM Callback
 849:Drivers/STM32G0xx_HAL_Driver/Src/stm32g0xx_hal_pcd.c ****   *         USB LPM Callback is redirected to the weak HAL_PCDEx_LPM_Callback() predefined callback
 850:Drivers/STM32G0xx_HAL_Driver/Src/stm32g0xx_hal_pcd.c ****   * @param  hpcd PCD handle
 851:Drivers/STM32G0xx_HAL_Driver/Src/stm32g0xx_hal_pcd.c ****   * @retval HAL status
 852:Drivers/STM32G0xx_HAL_Driver/Src/stm32g0xx_hal_pcd.c ****   */
 853:Drivers/STM32G0xx_HAL_Driver/Src/stm32g0xx_hal_pcd.c **** HAL_StatusTypeDef HAL_PCD_UnRegisterLpmCallback(PCD_HandleTypeDef *hpcd)
 854:Drivers/STM32G0xx_HAL_Driver/Src/stm32g0xx_hal_pcd.c **** {
 855:Drivers/STM32G0xx_HAL_Driver/Src/stm32g0xx_hal_pcd.c ****   HAL_StatusTypeDef status = HAL_OK;
 856:Drivers/STM32G0xx_HAL_Driver/Src/stm32g0xx_hal_pcd.c **** 
 857:Drivers/STM32G0xx_HAL_Driver/Src/stm32g0xx_hal_pcd.c ****   if (hpcd->State == HAL_PCD_STATE_READY)
 858:Drivers/STM32G0xx_HAL_Driver/Src/stm32g0xx_hal_pcd.c ****   {
 859:Drivers/STM32G0xx_HAL_Driver/Src/stm32g0xx_hal_pcd.c ****     hpcd->LPMCallback = HAL_PCDEx_LPM_Callback; /* Legacy weak HAL_PCDEx_LPM_Callback  */
 860:Drivers/STM32G0xx_HAL_Driver/Src/stm32g0xx_hal_pcd.c ****   }
 861:Drivers/STM32G0xx_HAL_Driver/Src/stm32g0xx_hal_pcd.c ****   else
 862:Drivers/STM32G0xx_HAL_Driver/Src/stm32g0xx_hal_pcd.c ****   {
 863:Drivers/STM32G0xx_HAL_Driver/Src/stm32g0xx_hal_pcd.c ****     /* Update the error code */
 864:Drivers/STM32G0xx_HAL_Driver/Src/stm32g0xx_hal_pcd.c ****     hpcd->ErrorCode |= HAL_PCD_ERROR_INVALID_CALLBACK;
 865:Drivers/STM32G0xx_HAL_Driver/Src/stm32g0xx_hal_pcd.c **** 
 866:Drivers/STM32G0xx_HAL_Driver/Src/stm32g0xx_hal_pcd.c ****     /* Return error status */
 867:Drivers/STM32G0xx_HAL_Driver/Src/stm32g0xx_hal_pcd.c ****     status =  HAL_ERROR;
 868:Drivers/STM32G0xx_HAL_Driver/Src/stm32g0xx_hal_pcd.c ****   }
 869:Drivers/STM32G0xx_HAL_Driver/Src/stm32g0xx_hal_pcd.c **** 
 870:Drivers/STM32G0xx_HAL_Driver/Src/stm32g0xx_hal_pcd.c ****   return status;
 871:Drivers/STM32G0xx_HAL_Driver/Src/stm32g0xx_hal_pcd.c **** }
 872:Drivers/STM32G0xx_HAL_Driver/Src/stm32g0xx_hal_pcd.c **** #endif /* USE_HAL_PCD_REGISTER_CALLBACKS */
 873:Drivers/STM32G0xx_HAL_Driver/Src/stm32g0xx_hal_pcd.c **** 
 874:Drivers/STM32G0xx_HAL_Driver/Src/stm32g0xx_hal_pcd.c **** /**
 875:Drivers/STM32G0xx_HAL_Driver/Src/stm32g0xx_hal_pcd.c ****   * @}
 876:Drivers/STM32G0xx_HAL_Driver/Src/stm32g0xx_hal_pcd.c ****   */
 877:Drivers/STM32G0xx_HAL_Driver/Src/stm32g0xx_hal_pcd.c **** 
 878:Drivers/STM32G0xx_HAL_Driver/Src/stm32g0xx_hal_pcd.c **** /** @defgroup PCD_Exported_Functions_Group2 Input and Output operation functions
 879:Drivers/STM32G0xx_HAL_Driver/Src/stm32g0xx_hal_pcd.c ****   *  @brief   Data transfers functions
 880:Drivers/STM32G0xx_HAL_Driver/Src/stm32g0xx_hal_pcd.c ****   *
 881:Drivers/STM32G0xx_HAL_Driver/Src/stm32g0xx_hal_pcd.c **** @verbatim
 882:Drivers/STM32G0xx_HAL_Driver/Src/stm32g0xx_hal_pcd.c ****  ===============================================================================
 883:Drivers/STM32G0xx_HAL_Driver/Src/stm32g0xx_hal_pcd.c ****                       ##### IO operation functions #####
ARM GAS  C:\Users\Domagoj\AppData\Local\Temp\cc6jMbW9.s 			page 31


 884:Drivers/STM32G0xx_HAL_Driver/Src/stm32g0xx_hal_pcd.c ****  ===============================================================================
 885:Drivers/STM32G0xx_HAL_Driver/Src/stm32g0xx_hal_pcd.c ****     [..]
 886:Drivers/STM32G0xx_HAL_Driver/Src/stm32g0xx_hal_pcd.c ****     This subsection provides a set of functions allowing to manage the PCD data
 887:Drivers/STM32G0xx_HAL_Driver/Src/stm32g0xx_hal_pcd.c ****     transfers.
 888:Drivers/STM32G0xx_HAL_Driver/Src/stm32g0xx_hal_pcd.c **** 
 889:Drivers/STM32G0xx_HAL_Driver/Src/stm32g0xx_hal_pcd.c **** @endverbatim
 890:Drivers/STM32G0xx_HAL_Driver/Src/stm32g0xx_hal_pcd.c ****   * @{
 891:Drivers/STM32G0xx_HAL_Driver/Src/stm32g0xx_hal_pcd.c ****   */
 892:Drivers/STM32G0xx_HAL_Driver/Src/stm32g0xx_hal_pcd.c **** 
 893:Drivers/STM32G0xx_HAL_Driver/Src/stm32g0xx_hal_pcd.c **** /**
 894:Drivers/STM32G0xx_HAL_Driver/Src/stm32g0xx_hal_pcd.c ****   * @brief  Start the USB device
 895:Drivers/STM32G0xx_HAL_Driver/Src/stm32g0xx_hal_pcd.c ****   * @param  hpcd PCD handle
 896:Drivers/STM32G0xx_HAL_Driver/Src/stm32g0xx_hal_pcd.c ****   * @retval HAL status
 897:Drivers/STM32G0xx_HAL_Driver/Src/stm32g0xx_hal_pcd.c ****   */
 898:Drivers/STM32G0xx_HAL_Driver/Src/stm32g0xx_hal_pcd.c **** HAL_StatusTypeDef HAL_PCD_Start(PCD_HandleTypeDef *hpcd)
 899:Drivers/STM32G0xx_HAL_Driver/Src/stm32g0xx_hal_pcd.c **** {
 900:Drivers/STM32G0xx_HAL_Driver/Src/stm32g0xx_hal_pcd.c ****   __HAL_LOCK(hpcd);
 901:Drivers/STM32G0xx_HAL_Driver/Src/stm32g0xx_hal_pcd.c ****   __HAL_PCD_ENABLE(hpcd);
 902:Drivers/STM32G0xx_HAL_Driver/Src/stm32g0xx_hal_pcd.c ****   (void)USB_DevConnect(hpcd->Instance);
 903:Drivers/STM32G0xx_HAL_Driver/Src/stm32g0xx_hal_pcd.c ****   __HAL_UNLOCK(hpcd);
 904:Drivers/STM32G0xx_HAL_Driver/Src/stm32g0xx_hal_pcd.c **** 
 905:Drivers/STM32G0xx_HAL_Driver/Src/stm32g0xx_hal_pcd.c ****   return HAL_OK;
 906:Drivers/STM32G0xx_HAL_Driver/Src/stm32g0xx_hal_pcd.c **** }
 907:Drivers/STM32G0xx_HAL_Driver/Src/stm32g0xx_hal_pcd.c **** 
 908:Drivers/STM32G0xx_HAL_Driver/Src/stm32g0xx_hal_pcd.c **** /**
 909:Drivers/STM32G0xx_HAL_Driver/Src/stm32g0xx_hal_pcd.c ****   * @brief  Stop the USB device.
 910:Drivers/STM32G0xx_HAL_Driver/Src/stm32g0xx_hal_pcd.c ****   * @param  hpcd PCD handle
 911:Drivers/STM32G0xx_HAL_Driver/Src/stm32g0xx_hal_pcd.c ****   * @retval HAL status
 912:Drivers/STM32G0xx_HAL_Driver/Src/stm32g0xx_hal_pcd.c ****   */
 913:Drivers/STM32G0xx_HAL_Driver/Src/stm32g0xx_hal_pcd.c **** HAL_StatusTypeDef HAL_PCD_Stop(PCD_HandleTypeDef *hpcd)
 914:Drivers/STM32G0xx_HAL_Driver/Src/stm32g0xx_hal_pcd.c **** {
 915:Drivers/STM32G0xx_HAL_Driver/Src/stm32g0xx_hal_pcd.c ****   __HAL_LOCK(hpcd);
 916:Drivers/STM32G0xx_HAL_Driver/Src/stm32g0xx_hal_pcd.c ****   __HAL_PCD_DISABLE(hpcd);
 917:Drivers/STM32G0xx_HAL_Driver/Src/stm32g0xx_hal_pcd.c ****   (void)USB_DevDisconnect(hpcd->Instance);
 918:Drivers/STM32G0xx_HAL_Driver/Src/stm32g0xx_hal_pcd.c ****   __HAL_UNLOCK(hpcd);
 919:Drivers/STM32G0xx_HAL_Driver/Src/stm32g0xx_hal_pcd.c **** 
 920:Drivers/STM32G0xx_HAL_Driver/Src/stm32g0xx_hal_pcd.c ****   return HAL_OK;
 921:Drivers/STM32G0xx_HAL_Driver/Src/stm32g0xx_hal_pcd.c **** }
 922:Drivers/STM32G0xx_HAL_Driver/Src/stm32g0xx_hal_pcd.c **** 
 923:Drivers/STM32G0xx_HAL_Driver/Src/stm32g0xx_hal_pcd.c **** 
 924:Drivers/STM32G0xx_HAL_Driver/Src/stm32g0xx_hal_pcd.c **** /**
 925:Drivers/STM32G0xx_HAL_Driver/Src/stm32g0xx_hal_pcd.c ****   * @brief  This function handles PCD interrupt request.
 926:Drivers/STM32G0xx_HAL_Driver/Src/stm32g0xx_hal_pcd.c ****   * @param  hpcd PCD handle
 927:Drivers/STM32G0xx_HAL_Driver/Src/stm32g0xx_hal_pcd.c ****   * @retval HAL status
 928:Drivers/STM32G0xx_HAL_Driver/Src/stm32g0xx_hal_pcd.c ****   */
 929:Drivers/STM32G0xx_HAL_Driver/Src/stm32g0xx_hal_pcd.c **** void HAL_PCD_IRQHandler(PCD_HandleTypeDef *hpcd)
 930:Drivers/STM32G0xx_HAL_Driver/Src/stm32g0xx_hal_pcd.c **** {
 931:Drivers/STM32G0xx_HAL_Driver/Src/stm32g0xx_hal_pcd.c ****   uint32_t wIstr = USB_ReadInterrupts(hpcd->Instance);
 932:Drivers/STM32G0xx_HAL_Driver/Src/stm32g0xx_hal_pcd.c **** 
 933:Drivers/STM32G0xx_HAL_Driver/Src/stm32g0xx_hal_pcd.c ****   /* check if this is an USB pending IT */
 934:Drivers/STM32G0xx_HAL_Driver/Src/stm32g0xx_hal_pcd.c ****   if ((SYSCFG->IT_LINE_SR[8] & (0x1UL << 2)) == 0U)
 935:Drivers/STM32G0xx_HAL_Driver/Src/stm32g0xx_hal_pcd.c ****   {
 936:Drivers/STM32G0xx_HAL_Driver/Src/stm32g0xx_hal_pcd.c ****     return;
 937:Drivers/STM32G0xx_HAL_Driver/Src/stm32g0xx_hal_pcd.c ****   }
 938:Drivers/STM32G0xx_HAL_Driver/Src/stm32g0xx_hal_pcd.c **** 
 939:Drivers/STM32G0xx_HAL_Driver/Src/stm32g0xx_hal_pcd.c ****   if ((wIstr & USB_ISTR_CTR) == USB_ISTR_CTR)
 940:Drivers/STM32G0xx_HAL_Driver/Src/stm32g0xx_hal_pcd.c ****   {
ARM GAS  C:\Users\Domagoj\AppData\Local\Temp\cc6jMbW9.s 			page 32


 941:Drivers/STM32G0xx_HAL_Driver/Src/stm32g0xx_hal_pcd.c ****     /* servicing of the endpoint correct transfer interrupt */
 942:Drivers/STM32G0xx_HAL_Driver/Src/stm32g0xx_hal_pcd.c ****     /* clear of the CTR flag into the sub */
 943:Drivers/STM32G0xx_HAL_Driver/Src/stm32g0xx_hal_pcd.c ****     (void)PCD_EP_ISR_Handler(hpcd);
 944:Drivers/STM32G0xx_HAL_Driver/Src/stm32g0xx_hal_pcd.c **** 
 945:Drivers/STM32G0xx_HAL_Driver/Src/stm32g0xx_hal_pcd.c ****     return;
 946:Drivers/STM32G0xx_HAL_Driver/Src/stm32g0xx_hal_pcd.c ****   }
 947:Drivers/STM32G0xx_HAL_Driver/Src/stm32g0xx_hal_pcd.c **** 
 948:Drivers/STM32G0xx_HAL_Driver/Src/stm32g0xx_hal_pcd.c ****   if ((wIstr & USB_ISTR_RESET) == USB_ISTR_RESET)
 949:Drivers/STM32G0xx_HAL_Driver/Src/stm32g0xx_hal_pcd.c ****   {
 950:Drivers/STM32G0xx_HAL_Driver/Src/stm32g0xx_hal_pcd.c ****     __HAL_PCD_CLEAR_FLAG(hpcd, USB_ISTR_RESET);
 951:Drivers/STM32G0xx_HAL_Driver/Src/stm32g0xx_hal_pcd.c **** 
 952:Drivers/STM32G0xx_HAL_Driver/Src/stm32g0xx_hal_pcd.c **** #if (USE_HAL_PCD_REGISTER_CALLBACKS == 1U)
 953:Drivers/STM32G0xx_HAL_Driver/Src/stm32g0xx_hal_pcd.c ****     hpcd->ResetCallback(hpcd);
 954:Drivers/STM32G0xx_HAL_Driver/Src/stm32g0xx_hal_pcd.c **** #else
 955:Drivers/STM32G0xx_HAL_Driver/Src/stm32g0xx_hal_pcd.c ****     HAL_PCD_ResetCallback(hpcd);
 956:Drivers/STM32G0xx_HAL_Driver/Src/stm32g0xx_hal_pcd.c **** #endif /* USE_HAL_PCD_REGISTER_CALLBACKS */
 957:Drivers/STM32G0xx_HAL_Driver/Src/stm32g0xx_hal_pcd.c **** 
 958:Drivers/STM32G0xx_HAL_Driver/Src/stm32g0xx_hal_pcd.c ****     (void)HAL_PCD_SetAddress(hpcd, 0U);
 959:Drivers/STM32G0xx_HAL_Driver/Src/stm32g0xx_hal_pcd.c **** 
 960:Drivers/STM32G0xx_HAL_Driver/Src/stm32g0xx_hal_pcd.c ****     return;
 961:Drivers/STM32G0xx_HAL_Driver/Src/stm32g0xx_hal_pcd.c ****   }
 962:Drivers/STM32G0xx_HAL_Driver/Src/stm32g0xx_hal_pcd.c **** 
 963:Drivers/STM32G0xx_HAL_Driver/Src/stm32g0xx_hal_pcd.c ****   if ((wIstr & USB_ISTR_PMAOVR) == USB_ISTR_PMAOVR)
 964:Drivers/STM32G0xx_HAL_Driver/Src/stm32g0xx_hal_pcd.c ****   {
 965:Drivers/STM32G0xx_HAL_Driver/Src/stm32g0xx_hal_pcd.c ****     __HAL_PCD_CLEAR_FLAG(hpcd, USB_ISTR_PMAOVR);
 966:Drivers/STM32G0xx_HAL_Driver/Src/stm32g0xx_hal_pcd.c **** 
 967:Drivers/STM32G0xx_HAL_Driver/Src/stm32g0xx_hal_pcd.c ****     return;
 968:Drivers/STM32G0xx_HAL_Driver/Src/stm32g0xx_hal_pcd.c ****   }
 969:Drivers/STM32G0xx_HAL_Driver/Src/stm32g0xx_hal_pcd.c **** 
 970:Drivers/STM32G0xx_HAL_Driver/Src/stm32g0xx_hal_pcd.c ****   if ((wIstr & USB_ISTR_ERR) == USB_ISTR_ERR)
 971:Drivers/STM32G0xx_HAL_Driver/Src/stm32g0xx_hal_pcd.c ****   {
 972:Drivers/STM32G0xx_HAL_Driver/Src/stm32g0xx_hal_pcd.c ****     __HAL_PCD_CLEAR_FLAG(hpcd, USB_ISTR_ERR);
 973:Drivers/STM32G0xx_HAL_Driver/Src/stm32g0xx_hal_pcd.c **** 
 974:Drivers/STM32G0xx_HAL_Driver/Src/stm32g0xx_hal_pcd.c ****     return;
 975:Drivers/STM32G0xx_HAL_Driver/Src/stm32g0xx_hal_pcd.c ****   }
 976:Drivers/STM32G0xx_HAL_Driver/Src/stm32g0xx_hal_pcd.c **** 
 977:Drivers/STM32G0xx_HAL_Driver/Src/stm32g0xx_hal_pcd.c ****   if ((wIstr & USB_ISTR_WKUP) == USB_ISTR_WKUP)
 978:Drivers/STM32G0xx_HAL_Driver/Src/stm32g0xx_hal_pcd.c ****   {
 979:Drivers/STM32G0xx_HAL_Driver/Src/stm32g0xx_hal_pcd.c ****     hpcd->Instance->CNTR &= ~(USB_CNTR_SUSPRDY);
 980:Drivers/STM32G0xx_HAL_Driver/Src/stm32g0xx_hal_pcd.c ****     hpcd->Instance->CNTR &= ~(USB_CNTR_SUSPEN);
 981:Drivers/STM32G0xx_HAL_Driver/Src/stm32g0xx_hal_pcd.c **** 
 982:Drivers/STM32G0xx_HAL_Driver/Src/stm32g0xx_hal_pcd.c ****     if (hpcd->LPM_State == LPM_L1)
 983:Drivers/STM32G0xx_HAL_Driver/Src/stm32g0xx_hal_pcd.c ****     {
 984:Drivers/STM32G0xx_HAL_Driver/Src/stm32g0xx_hal_pcd.c ****       hpcd->LPM_State = LPM_L0;
 985:Drivers/STM32G0xx_HAL_Driver/Src/stm32g0xx_hal_pcd.c **** #if (USE_HAL_PCD_REGISTER_CALLBACKS == 1U)
 986:Drivers/STM32G0xx_HAL_Driver/Src/stm32g0xx_hal_pcd.c ****       hpcd->LPMCallback(hpcd, PCD_LPM_L0_ACTIVE);
 987:Drivers/STM32G0xx_HAL_Driver/Src/stm32g0xx_hal_pcd.c **** #else
 988:Drivers/STM32G0xx_HAL_Driver/Src/stm32g0xx_hal_pcd.c ****       HAL_PCDEx_LPM_Callback(hpcd, PCD_LPM_L0_ACTIVE);
 989:Drivers/STM32G0xx_HAL_Driver/Src/stm32g0xx_hal_pcd.c **** #endif /* USE_HAL_PCD_REGISTER_CALLBACKS */
 990:Drivers/STM32G0xx_HAL_Driver/Src/stm32g0xx_hal_pcd.c ****     }
 991:Drivers/STM32G0xx_HAL_Driver/Src/stm32g0xx_hal_pcd.c **** 
 992:Drivers/STM32G0xx_HAL_Driver/Src/stm32g0xx_hal_pcd.c **** #if (USE_HAL_PCD_REGISTER_CALLBACKS == 1U)
 993:Drivers/STM32G0xx_HAL_Driver/Src/stm32g0xx_hal_pcd.c ****     hpcd->ResumeCallback(hpcd);
 994:Drivers/STM32G0xx_HAL_Driver/Src/stm32g0xx_hal_pcd.c **** #else
 995:Drivers/STM32G0xx_HAL_Driver/Src/stm32g0xx_hal_pcd.c ****     HAL_PCD_ResumeCallback(hpcd);
 996:Drivers/STM32G0xx_HAL_Driver/Src/stm32g0xx_hal_pcd.c **** #endif /* USE_HAL_PCD_REGISTER_CALLBACKS */
 997:Drivers/STM32G0xx_HAL_Driver/Src/stm32g0xx_hal_pcd.c **** 
ARM GAS  C:\Users\Domagoj\AppData\Local\Temp\cc6jMbW9.s 			page 33


 998:Drivers/STM32G0xx_HAL_Driver/Src/stm32g0xx_hal_pcd.c ****     __HAL_PCD_CLEAR_FLAG(hpcd, USB_ISTR_WKUP);
 999:Drivers/STM32G0xx_HAL_Driver/Src/stm32g0xx_hal_pcd.c **** 
1000:Drivers/STM32G0xx_HAL_Driver/Src/stm32g0xx_hal_pcd.c ****     return;
1001:Drivers/STM32G0xx_HAL_Driver/Src/stm32g0xx_hal_pcd.c ****   }
1002:Drivers/STM32G0xx_HAL_Driver/Src/stm32g0xx_hal_pcd.c **** 
1003:Drivers/STM32G0xx_HAL_Driver/Src/stm32g0xx_hal_pcd.c ****   if ((wIstr & USB_ISTR_SUSP) == USB_ISTR_SUSP)
1004:Drivers/STM32G0xx_HAL_Driver/Src/stm32g0xx_hal_pcd.c ****   {
1005:Drivers/STM32G0xx_HAL_Driver/Src/stm32g0xx_hal_pcd.c ****     /* Force low-power mode in the macrocell */
1006:Drivers/STM32G0xx_HAL_Driver/Src/stm32g0xx_hal_pcd.c ****     hpcd->Instance->CNTR |= USB_CNTR_SUSPEN;
1007:Drivers/STM32G0xx_HAL_Driver/Src/stm32g0xx_hal_pcd.c **** 
1008:Drivers/STM32G0xx_HAL_Driver/Src/stm32g0xx_hal_pcd.c ****     /* clear of the ISTR bit must be done after setting of CNTR_FSUSP */
1009:Drivers/STM32G0xx_HAL_Driver/Src/stm32g0xx_hal_pcd.c ****     __HAL_PCD_CLEAR_FLAG(hpcd, USB_ISTR_SUSP);
1010:Drivers/STM32G0xx_HAL_Driver/Src/stm32g0xx_hal_pcd.c **** 
1011:Drivers/STM32G0xx_HAL_Driver/Src/stm32g0xx_hal_pcd.c ****     hpcd->Instance->CNTR |= USB_CNTR_SUSPRDY;
1012:Drivers/STM32G0xx_HAL_Driver/Src/stm32g0xx_hal_pcd.c **** 
1013:Drivers/STM32G0xx_HAL_Driver/Src/stm32g0xx_hal_pcd.c **** #if (USE_HAL_PCD_REGISTER_CALLBACKS == 1U)
1014:Drivers/STM32G0xx_HAL_Driver/Src/stm32g0xx_hal_pcd.c ****     hpcd->SuspendCallback(hpcd);
1015:Drivers/STM32G0xx_HAL_Driver/Src/stm32g0xx_hal_pcd.c **** #else
1016:Drivers/STM32G0xx_HAL_Driver/Src/stm32g0xx_hal_pcd.c ****     HAL_PCD_SuspendCallback(hpcd);
1017:Drivers/STM32G0xx_HAL_Driver/Src/stm32g0xx_hal_pcd.c **** #endif /* USE_HAL_PCD_REGISTER_CALLBACKS */
1018:Drivers/STM32G0xx_HAL_Driver/Src/stm32g0xx_hal_pcd.c **** 
1019:Drivers/STM32G0xx_HAL_Driver/Src/stm32g0xx_hal_pcd.c ****     return;
1020:Drivers/STM32G0xx_HAL_Driver/Src/stm32g0xx_hal_pcd.c ****   }
1021:Drivers/STM32G0xx_HAL_Driver/Src/stm32g0xx_hal_pcd.c **** 
1022:Drivers/STM32G0xx_HAL_Driver/Src/stm32g0xx_hal_pcd.c ****   /* Handle LPM Interrupt */
1023:Drivers/STM32G0xx_HAL_Driver/Src/stm32g0xx_hal_pcd.c ****   if ((wIstr & USB_ISTR_L1REQ) == USB_ISTR_L1REQ)
1024:Drivers/STM32G0xx_HAL_Driver/Src/stm32g0xx_hal_pcd.c ****   {
1025:Drivers/STM32G0xx_HAL_Driver/Src/stm32g0xx_hal_pcd.c ****     __HAL_PCD_CLEAR_FLAG(hpcd, USB_ISTR_L1REQ);
1026:Drivers/STM32G0xx_HAL_Driver/Src/stm32g0xx_hal_pcd.c ****     if (hpcd->LPM_State == LPM_L0)
1027:Drivers/STM32G0xx_HAL_Driver/Src/stm32g0xx_hal_pcd.c ****     {
1028:Drivers/STM32G0xx_HAL_Driver/Src/stm32g0xx_hal_pcd.c ****       /* Force suspend and low-power mode before going to L1 state*/
1029:Drivers/STM32G0xx_HAL_Driver/Src/stm32g0xx_hal_pcd.c ****       hpcd->Instance->CNTR |= USB_CNTR_SUSPRDY;
1030:Drivers/STM32G0xx_HAL_Driver/Src/stm32g0xx_hal_pcd.c ****       hpcd->Instance->CNTR |= USB_CNTR_SUSPEN;
1031:Drivers/STM32G0xx_HAL_Driver/Src/stm32g0xx_hal_pcd.c **** 
1032:Drivers/STM32G0xx_HAL_Driver/Src/stm32g0xx_hal_pcd.c ****       hpcd->LPM_State = LPM_L1;
1033:Drivers/STM32G0xx_HAL_Driver/Src/stm32g0xx_hal_pcd.c ****       hpcd->BESL = ((uint32_t)hpcd->Instance->LPMCSR & USB_LPMCSR_BESL) >> 2;
1034:Drivers/STM32G0xx_HAL_Driver/Src/stm32g0xx_hal_pcd.c **** #if (USE_HAL_PCD_REGISTER_CALLBACKS == 1U)
1035:Drivers/STM32G0xx_HAL_Driver/Src/stm32g0xx_hal_pcd.c ****       hpcd->LPMCallback(hpcd, PCD_LPM_L1_ACTIVE);
1036:Drivers/STM32G0xx_HAL_Driver/Src/stm32g0xx_hal_pcd.c **** #else
1037:Drivers/STM32G0xx_HAL_Driver/Src/stm32g0xx_hal_pcd.c ****       HAL_PCDEx_LPM_Callback(hpcd, PCD_LPM_L1_ACTIVE);
1038:Drivers/STM32G0xx_HAL_Driver/Src/stm32g0xx_hal_pcd.c **** #endif /* USE_HAL_PCD_REGISTER_CALLBACKS */
1039:Drivers/STM32G0xx_HAL_Driver/Src/stm32g0xx_hal_pcd.c ****     }
1040:Drivers/STM32G0xx_HAL_Driver/Src/stm32g0xx_hal_pcd.c ****     else
1041:Drivers/STM32G0xx_HAL_Driver/Src/stm32g0xx_hal_pcd.c ****     {
1042:Drivers/STM32G0xx_HAL_Driver/Src/stm32g0xx_hal_pcd.c **** #if (USE_HAL_PCD_REGISTER_CALLBACKS == 1U)
1043:Drivers/STM32G0xx_HAL_Driver/Src/stm32g0xx_hal_pcd.c ****       hpcd->SuspendCallback(hpcd);
1044:Drivers/STM32G0xx_HAL_Driver/Src/stm32g0xx_hal_pcd.c **** #else
1045:Drivers/STM32G0xx_HAL_Driver/Src/stm32g0xx_hal_pcd.c ****       HAL_PCD_SuspendCallback(hpcd);
1046:Drivers/STM32G0xx_HAL_Driver/Src/stm32g0xx_hal_pcd.c **** #endif /* USE_HAL_PCD_REGISTER_CALLBACKS */
1047:Drivers/STM32G0xx_HAL_Driver/Src/stm32g0xx_hal_pcd.c ****     }
1048:Drivers/STM32G0xx_HAL_Driver/Src/stm32g0xx_hal_pcd.c **** 
1049:Drivers/STM32G0xx_HAL_Driver/Src/stm32g0xx_hal_pcd.c ****     return;
1050:Drivers/STM32G0xx_HAL_Driver/Src/stm32g0xx_hal_pcd.c ****   }
1051:Drivers/STM32G0xx_HAL_Driver/Src/stm32g0xx_hal_pcd.c **** 
1052:Drivers/STM32G0xx_HAL_Driver/Src/stm32g0xx_hal_pcd.c ****   if ((wIstr & USB_ISTR_SOF) == USB_ISTR_SOF)
1053:Drivers/STM32G0xx_HAL_Driver/Src/stm32g0xx_hal_pcd.c ****   {
1054:Drivers/STM32G0xx_HAL_Driver/Src/stm32g0xx_hal_pcd.c ****     __HAL_PCD_CLEAR_FLAG(hpcd, USB_ISTR_SOF);
ARM GAS  C:\Users\Domagoj\AppData\Local\Temp\cc6jMbW9.s 			page 34


1055:Drivers/STM32G0xx_HAL_Driver/Src/stm32g0xx_hal_pcd.c **** 
1056:Drivers/STM32G0xx_HAL_Driver/Src/stm32g0xx_hal_pcd.c **** #if (USE_HAL_PCD_REGISTER_CALLBACKS == 1U)
1057:Drivers/STM32G0xx_HAL_Driver/Src/stm32g0xx_hal_pcd.c ****     hpcd->SOFCallback(hpcd);
1058:Drivers/STM32G0xx_HAL_Driver/Src/stm32g0xx_hal_pcd.c **** #else
1059:Drivers/STM32G0xx_HAL_Driver/Src/stm32g0xx_hal_pcd.c ****     HAL_PCD_SOFCallback(hpcd);
1060:Drivers/STM32G0xx_HAL_Driver/Src/stm32g0xx_hal_pcd.c **** #endif /* USE_HAL_PCD_REGISTER_CALLBACKS */
1061:Drivers/STM32G0xx_HAL_Driver/Src/stm32g0xx_hal_pcd.c **** 
1062:Drivers/STM32G0xx_HAL_Driver/Src/stm32g0xx_hal_pcd.c ****     return;
1063:Drivers/STM32G0xx_HAL_Driver/Src/stm32g0xx_hal_pcd.c ****   }
1064:Drivers/STM32G0xx_HAL_Driver/Src/stm32g0xx_hal_pcd.c **** 
1065:Drivers/STM32G0xx_HAL_Driver/Src/stm32g0xx_hal_pcd.c ****   if ((wIstr & USB_ISTR_ESOF) == USB_ISTR_ESOF)
1066:Drivers/STM32G0xx_HAL_Driver/Src/stm32g0xx_hal_pcd.c ****   {
1067:Drivers/STM32G0xx_HAL_Driver/Src/stm32g0xx_hal_pcd.c ****     /* clear ESOF flag in ISTR */
1068:Drivers/STM32G0xx_HAL_Driver/Src/stm32g0xx_hal_pcd.c ****     __HAL_PCD_CLEAR_FLAG(hpcd, USB_ISTR_ESOF);
1069:Drivers/STM32G0xx_HAL_Driver/Src/stm32g0xx_hal_pcd.c **** 
1070:Drivers/STM32G0xx_HAL_Driver/Src/stm32g0xx_hal_pcd.c ****     return;
1071:Drivers/STM32G0xx_HAL_Driver/Src/stm32g0xx_hal_pcd.c ****   }
1072:Drivers/STM32G0xx_HAL_Driver/Src/stm32g0xx_hal_pcd.c **** }
1073:Drivers/STM32G0xx_HAL_Driver/Src/stm32g0xx_hal_pcd.c **** 
1074:Drivers/STM32G0xx_HAL_Driver/Src/stm32g0xx_hal_pcd.c **** 
1075:Drivers/STM32G0xx_HAL_Driver/Src/stm32g0xx_hal_pcd.c **** /**
1076:Drivers/STM32G0xx_HAL_Driver/Src/stm32g0xx_hal_pcd.c ****   * @brief  Data OUT stage callback.
1077:Drivers/STM32G0xx_HAL_Driver/Src/stm32g0xx_hal_pcd.c ****   * @param  hpcd PCD handle
1078:Drivers/STM32G0xx_HAL_Driver/Src/stm32g0xx_hal_pcd.c ****   * @param  epnum endpoint number
1079:Drivers/STM32G0xx_HAL_Driver/Src/stm32g0xx_hal_pcd.c ****   * @retval None
1080:Drivers/STM32G0xx_HAL_Driver/Src/stm32g0xx_hal_pcd.c ****   */
1081:Drivers/STM32G0xx_HAL_Driver/Src/stm32g0xx_hal_pcd.c **** __weak void HAL_PCD_DataOutStageCallback(PCD_HandleTypeDef *hpcd, uint8_t epnum)
1082:Drivers/STM32G0xx_HAL_Driver/Src/stm32g0xx_hal_pcd.c **** {
1083:Drivers/STM32G0xx_HAL_Driver/Src/stm32g0xx_hal_pcd.c ****   /* Prevent unused argument(s) compilation warning */
1084:Drivers/STM32G0xx_HAL_Driver/Src/stm32g0xx_hal_pcd.c ****   UNUSED(hpcd);
1085:Drivers/STM32G0xx_HAL_Driver/Src/stm32g0xx_hal_pcd.c ****   UNUSED(epnum);
1086:Drivers/STM32G0xx_HAL_Driver/Src/stm32g0xx_hal_pcd.c **** 
1087:Drivers/STM32G0xx_HAL_Driver/Src/stm32g0xx_hal_pcd.c ****   /* NOTE : This function should not be modified, when the callback is needed,
1088:Drivers/STM32G0xx_HAL_Driver/Src/stm32g0xx_hal_pcd.c ****             the HAL_PCD_DataOutStageCallback could be implemented in the user file
1089:Drivers/STM32G0xx_HAL_Driver/Src/stm32g0xx_hal_pcd.c ****    */
1090:Drivers/STM32G0xx_HAL_Driver/Src/stm32g0xx_hal_pcd.c **** }
1091:Drivers/STM32G0xx_HAL_Driver/Src/stm32g0xx_hal_pcd.c **** 
1092:Drivers/STM32G0xx_HAL_Driver/Src/stm32g0xx_hal_pcd.c **** /**
1093:Drivers/STM32G0xx_HAL_Driver/Src/stm32g0xx_hal_pcd.c ****   * @brief  Data IN stage callback
1094:Drivers/STM32G0xx_HAL_Driver/Src/stm32g0xx_hal_pcd.c ****   * @param  hpcd PCD handle
1095:Drivers/STM32G0xx_HAL_Driver/Src/stm32g0xx_hal_pcd.c ****   * @param  epnum endpoint number
1096:Drivers/STM32G0xx_HAL_Driver/Src/stm32g0xx_hal_pcd.c ****   * @retval None
1097:Drivers/STM32G0xx_HAL_Driver/Src/stm32g0xx_hal_pcd.c ****   */
1098:Drivers/STM32G0xx_HAL_Driver/Src/stm32g0xx_hal_pcd.c **** __weak void HAL_PCD_DataInStageCallback(PCD_HandleTypeDef *hpcd, uint8_t epnum)
1099:Drivers/STM32G0xx_HAL_Driver/Src/stm32g0xx_hal_pcd.c **** {
1100:Drivers/STM32G0xx_HAL_Driver/Src/stm32g0xx_hal_pcd.c ****   /* Prevent unused argument(s) compilation warning */
1101:Drivers/STM32G0xx_HAL_Driver/Src/stm32g0xx_hal_pcd.c ****   UNUSED(hpcd);
1102:Drivers/STM32G0xx_HAL_Driver/Src/stm32g0xx_hal_pcd.c ****   UNUSED(epnum);
1103:Drivers/STM32G0xx_HAL_Driver/Src/stm32g0xx_hal_pcd.c **** 
1104:Drivers/STM32G0xx_HAL_Driver/Src/stm32g0xx_hal_pcd.c ****   /* NOTE : This function should not be modified, when the callback is needed,
1105:Drivers/STM32G0xx_HAL_Driver/Src/stm32g0xx_hal_pcd.c ****             the HAL_PCD_DataInStageCallback could be implemented in the user file
1106:Drivers/STM32G0xx_HAL_Driver/Src/stm32g0xx_hal_pcd.c ****    */
1107:Drivers/STM32G0xx_HAL_Driver/Src/stm32g0xx_hal_pcd.c **** }
1108:Drivers/STM32G0xx_HAL_Driver/Src/stm32g0xx_hal_pcd.c **** /**
1109:Drivers/STM32G0xx_HAL_Driver/Src/stm32g0xx_hal_pcd.c ****   * @brief  Setup stage callback
1110:Drivers/STM32G0xx_HAL_Driver/Src/stm32g0xx_hal_pcd.c ****   * @param  hpcd PCD handle
1111:Drivers/STM32G0xx_HAL_Driver/Src/stm32g0xx_hal_pcd.c ****   * @retval None
ARM GAS  C:\Users\Domagoj\AppData\Local\Temp\cc6jMbW9.s 			page 35


1112:Drivers/STM32G0xx_HAL_Driver/Src/stm32g0xx_hal_pcd.c ****   */
1113:Drivers/STM32G0xx_HAL_Driver/Src/stm32g0xx_hal_pcd.c **** __weak void HAL_PCD_SetupStageCallback(PCD_HandleTypeDef *hpcd)
1114:Drivers/STM32G0xx_HAL_Driver/Src/stm32g0xx_hal_pcd.c **** {
1115:Drivers/STM32G0xx_HAL_Driver/Src/stm32g0xx_hal_pcd.c ****   /* Prevent unused argument(s) compilation warning */
1116:Drivers/STM32G0xx_HAL_Driver/Src/stm32g0xx_hal_pcd.c ****   UNUSED(hpcd);
1117:Drivers/STM32G0xx_HAL_Driver/Src/stm32g0xx_hal_pcd.c **** 
1118:Drivers/STM32G0xx_HAL_Driver/Src/stm32g0xx_hal_pcd.c ****   /* NOTE : This function should not be modified, when the callback is needed,
1119:Drivers/STM32G0xx_HAL_Driver/Src/stm32g0xx_hal_pcd.c ****             the HAL_PCD_SetupStageCallback could be implemented in the user file
1120:Drivers/STM32G0xx_HAL_Driver/Src/stm32g0xx_hal_pcd.c ****    */
1121:Drivers/STM32G0xx_HAL_Driver/Src/stm32g0xx_hal_pcd.c **** }
1122:Drivers/STM32G0xx_HAL_Driver/Src/stm32g0xx_hal_pcd.c **** 
1123:Drivers/STM32G0xx_HAL_Driver/Src/stm32g0xx_hal_pcd.c **** /**
1124:Drivers/STM32G0xx_HAL_Driver/Src/stm32g0xx_hal_pcd.c ****   * @brief  USB Start Of Frame callback.
1125:Drivers/STM32G0xx_HAL_Driver/Src/stm32g0xx_hal_pcd.c ****   * @param  hpcd PCD handle
1126:Drivers/STM32G0xx_HAL_Driver/Src/stm32g0xx_hal_pcd.c ****   * @retval None
1127:Drivers/STM32G0xx_HAL_Driver/Src/stm32g0xx_hal_pcd.c ****   */
1128:Drivers/STM32G0xx_HAL_Driver/Src/stm32g0xx_hal_pcd.c **** __weak void HAL_PCD_SOFCallback(PCD_HandleTypeDef *hpcd)
1129:Drivers/STM32G0xx_HAL_Driver/Src/stm32g0xx_hal_pcd.c **** {
1130:Drivers/STM32G0xx_HAL_Driver/Src/stm32g0xx_hal_pcd.c ****   /* Prevent unused argument(s) compilation warning */
1131:Drivers/STM32G0xx_HAL_Driver/Src/stm32g0xx_hal_pcd.c ****   UNUSED(hpcd);
1132:Drivers/STM32G0xx_HAL_Driver/Src/stm32g0xx_hal_pcd.c **** 
1133:Drivers/STM32G0xx_HAL_Driver/Src/stm32g0xx_hal_pcd.c ****   /* NOTE : This function should not be modified, when the callback is needed,
1134:Drivers/STM32G0xx_HAL_Driver/Src/stm32g0xx_hal_pcd.c ****             the HAL_PCD_SOFCallback could be implemented in the user file
1135:Drivers/STM32G0xx_HAL_Driver/Src/stm32g0xx_hal_pcd.c ****    */
1136:Drivers/STM32G0xx_HAL_Driver/Src/stm32g0xx_hal_pcd.c **** }
1137:Drivers/STM32G0xx_HAL_Driver/Src/stm32g0xx_hal_pcd.c **** 
1138:Drivers/STM32G0xx_HAL_Driver/Src/stm32g0xx_hal_pcd.c **** /**
1139:Drivers/STM32G0xx_HAL_Driver/Src/stm32g0xx_hal_pcd.c ****   * @brief  USB Reset callback.
1140:Drivers/STM32G0xx_HAL_Driver/Src/stm32g0xx_hal_pcd.c ****   * @param  hpcd PCD handle
1141:Drivers/STM32G0xx_HAL_Driver/Src/stm32g0xx_hal_pcd.c ****   * @retval None
1142:Drivers/STM32G0xx_HAL_Driver/Src/stm32g0xx_hal_pcd.c ****   */
1143:Drivers/STM32G0xx_HAL_Driver/Src/stm32g0xx_hal_pcd.c **** __weak void HAL_PCD_ResetCallback(PCD_HandleTypeDef *hpcd)
1144:Drivers/STM32G0xx_HAL_Driver/Src/stm32g0xx_hal_pcd.c **** {
1145:Drivers/STM32G0xx_HAL_Driver/Src/stm32g0xx_hal_pcd.c ****   /* Prevent unused argument(s) compilation warning */
1146:Drivers/STM32G0xx_HAL_Driver/Src/stm32g0xx_hal_pcd.c ****   UNUSED(hpcd);
1147:Drivers/STM32G0xx_HAL_Driver/Src/stm32g0xx_hal_pcd.c **** 
1148:Drivers/STM32G0xx_HAL_Driver/Src/stm32g0xx_hal_pcd.c ****   /* NOTE : This function should not be modified, when the callback is needed,
1149:Drivers/STM32G0xx_HAL_Driver/Src/stm32g0xx_hal_pcd.c ****             the HAL_PCD_ResetCallback could be implemented in the user file
1150:Drivers/STM32G0xx_HAL_Driver/Src/stm32g0xx_hal_pcd.c ****    */
1151:Drivers/STM32G0xx_HAL_Driver/Src/stm32g0xx_hal_pcd.c **** }
1152:Drivers/STM32G0xx_HAL_Driver/Src/stm32g0xx_hal_pcd.c **** 
1153:Drivers/STM32G0xx_HAL_Driver/Src/stm32g0xx_hal_pcd.c **** /**
1154:Drivers/STM32G0xx_HAL_Driver/Src/stm32g0xx_hal_pcd.c ****   * @brief  Suspend event callback.
1155:Drivers/STM32G0xx_HAL_Driver/Src/stm32g0xx_hal_pcd.c ****   * @param  hpcd PCD handle
1156:Drivers/STM32G0xx_HAL_Driver/Src/stm32g0xx_hal_pcd.c ****   * @retval None
1157:Drivers/STM32G0xx_HAL_Driver/Src/stm32g0xx_hal_pcd.c ****   */
1158:Drivers/STM32G0xx_HAL_Driver/Src/stm32g0xx_hal_pcd.c **** __weak void HAL_PCD_SuspendCallback(PCD_HandleTypeDef *hpcd)
1159:Drivers/STM32G0xx_HAL_Driver/Src/stm32g0xx_hal_pcd.c **** {
1160:Drivers/STM32G0xx_HAL_Driver/Src/stm32g0xx_hal_pcd.c ****   /* Prevent unused argument(s) compilation warning */
1161:Drivers/STM32G0xx_HAL_Driver/Src/stm32g0xx_hal_pcd.c ****   UNUSED(hpcd);
1162:Drivers/STM32G0xx_HAL_Driver/Src/stm32g0xx_hal_pcd.c **** 
1163:Drivers/STM32G0xx_HAL_Driver/Src/stm32g0xx_hal_pcd.c ****   /* NOTE : This function should not be modified, when the callback is needed,
1164:Drivers/STM32G0xx_HAL_Driver/Src/stm32g0xx_hal_pcd.c ****             the HAL_PCD_SuspendCallback could be implemented in the user file
1165:Drivers/STM32G0xx_HAL_Driver/Src/stm32g0xx_hal_pcd.c ****    */
1166:Drivers/STM32G0xx_HAL_Driver/Src/stm32g0xx_hal_pcd.c **** }
1167:Drivers/STM32G0xx_HAL_Driver/Src/stm32g0xx_hal_pcd.c **** 
1168:Drivers/STM32G0xx_HAL_Driver/Src/stm32g0xx_hal_pcd.c **** /**
ARM GAS  C:\Users\Domagoj\AppData\Local\Temp\cc6jMbW9.s 			page 36


1169:Drivers/STM32G0xx_HAL_Driver/Src/stm32g0xx_hal_pcd.c ****   * @brief  Resume event callback.
1170:Drivers/STM32G0xx_HAL_Driver/Src/stm32g0xx_hal_pcd.c ****   * @param  hpcd PCD handle
1171:Drivers/STM32G0xx_HAL_Driver/Src/stm32g0xx_hal_pcd.c ****   * @retval None
1172:Drivers/STM32G0xx_HAL_Driver/Src/stm32g0xx_hal_pcd.c ****   */
1173:Drivers/STM32G0xx_HAL_Driver/Src/stm32g0xx_hal_pcd.c **** __weak void HAL_PCD_ResumeCallback(PCD_HandleTypeDef *hpcd)
1174:Drivers/STM32G0xx_HAL_Driver/Src/stm32g0xx_hal_pcd.c **** {
1175:Drivers/STM32G0xx_HAL_Driver/Src/stm32g0xx_hal_pcd.c ****   /* Prevent unused argument(s) compilation warning */
1176:Drivers/STM32G0xx_HAL_Driver/Src/stm32g0xx_hal_pcd.c ****   UNUSED(hpcd);
1177:Drivers/STM32G0xx_HAL_Driver/Src/stm32g0xx_hal_pcd.c **** 
1178:Drivers/STM32G0xx_HAL_Driver/Src/stm32g0xx_hal_pcd.c ****   /* NOTE : This function should not be modified, when the callback is needed,
1179:Drivers/STM32G0xx_HAL_Driver/Src/stm32g0xx_hal_pcd.c ****             the HAL_PCD_ResumeCallback could be implemented in the user file
1180:Drivers/STM32G0xx_HAL_Driver/Src/stm32g0xx_hal_pcd.c ****    */
1181:Drivers/STM32G0xx_HAL_Driver/Src/stm32g0xx_hal_pcd.c **** }
1182:Drivers/STM32G0xx_HAL_Driver/Src/stm32g0xx_hal_pcd.c **** 
1183:Drivers/STM32G0xx_HAL_Driver/Src/stm32g0xx_hal_pcd.c **** /**
1184:Drivers/STM32G0xx_HAL_Driver/Src/stm32g0xx_hal_pcd.c ****   * @brief  Incomplete ISO OUT callback.
1185:Drivers/STM32G0xx_HAL_Driver/Src/stm32g0xx_hal_pcd.c ****   * @param  hpcd PCD handle
1186:Drivers/STM32G0xx_HAL_Driver/Src/stm32g0xx_hal_pcd.c ****   * @param  epnum endpoint number
1187:Drivers/STM32G0xx_HAL_Driver/Src/stm32g0xx_hal_pcd.c ****   * @retval None
1188:Drivers/STM32G0xx_HAL_Driver/Src/stm32g0xx_hal_pcd.c ****   */
1189:Drivers/STM32G0xx_HAL_Driver/Src/stm32g0xx_hal_pcd.c **** __weak void HAL_PCD_ISOOUTIncompleteCallback(PCD_HandleTypeDef *hpcd, uint8_t epnum)
1190:Drivers/STM32G0xx_HAL_Driver/Src/stm32g0xx_hal_pcd.c **** {
1191:Drivers/STM32G0xx_HAL_Driver/Src/stm32g0xx_hal_pcd.c ****   /* Prevent unused argument(s) compilation warning */
1192:Drivers/STM32G0xx_HAL_Driver/Src/stm32g0xx_hal_pcd.c ****   UNUSED(hpcd);
1193:Drivers/STM32G0xx_HAL_Driver/Src/stm32g0xx_hal_pcd.c ****   UNUSED(epnum);
1194:Drivers/STM32G0xx_HAL_Driver/Src/stm32g0xx_hal_pcd.c **** 
1195:Drivers/STM32G0xx_HAL_Driver/Src/stm32g0xx_hal_pcd.c ****   /* NOTE : This function should not be modified, when the callback is needed,
1196:Drivers/STM32G0xx_HAL_Driver/Src/stm32g0xx_hal_pcd.c ****             the HAL_PCD_ISOOUTIncompleteCallback could be implemented in the user file
1197:Drivers/STM32G0xx_HAL_Driver/Src/stm32g0xx_hal_pcd.c ****    */
1198:Drivers/STM32G0xx_HAL_Driver/Src/stm32g0xx_hal_pcd.c **** }
1199:Drivers/STM32G0xx_HAL_Driver/Src/stm32g0xx_hal_pcd.c **** 
1200:Drivers/STM32G0xx_HAL_Driver/Src/stm32g0xx_hal_pcd.c **** /**
1201:Drivers/STM32G0xx_HAL_Driver/Src/stm32g0xx_hal_pcd.c ****   * @brief  Incomplete ISO IN callback.
1202:Drivers/STM32G0xx_HAL_Driver/Src/stm32g0xx_hal_pcd.c ****   * @param  hpcd PCD handle
1203:Drivers/STM32G0xx_HAL_Driver/Src/stm32g0xx_hal_pcd.c ****   * @param  epnum endpoint number
1204:Drivers/STM32G0xx_HAL_Driver/Src/stm32g0xx_hal_pcd.c ****   * @retval None
1205:Drivers/STM32G0xx_HAL_Driver/Src/stm32g0xx_hal_pcd.c ****   */
1206:Drivers/STM32G0xx_HAL_Driver/Src/stm32g0xx_hal_pcd.c **** __weak void HAL_PCD_ISOINIncompleteCallback(PCD_HandleTypeDef *hpcd, uint8_t epnum)
1207:Drivers/STM32G0xx_HAL_Driver/Src/stm32g0xx_hal_pcd.c **** {
1208:Drivers/STM32G0xx_HAL_Driver/Src/stm32g0xx_hal_pcd.c ****   /* Prevent unused argument(s) compilation warning */
1209:Drivers/STM32G0xx_HAL_Driver/Src/stm32g0xx_hal_pcd.c ****   UNUSED(hpcd);
1210:Drivers/STM32G0xx_HAL_Driver/Src/stm32g0xx_hal_pcd.c ****   UNUSED(epnum);
1211:Drivers/STM32G0xx_HAL_Driver/Src/stm32g0xx_hal_pcd.c **** 
1212:Drivers/STM32G0xx_HAL_Driver/Src/stm32g0xx_hal_pcd.c ****   /* NOTE : This function should not be modified, when the callback is needed,
1213:Drivers/STM32G0xx_HAL_Driver/Src/stm32g0xx_hal_pcd.c ****             the HAL_PCD_ISOINIncompleteCallback could be implemented in the user file
1214:Drivers/STM32G0xx_HAL_Driver/Src/stm32g0xx_hal_pcd.c ****    */
1215:Drivers/STM32G0xx_HAL_Driver/Src/stm32g0xx_hal_pcd.c **** }
1216:Drivers/STM32G0xx_HAL_Driver/Src/stm32g0xx_hal_pcd.c **** 
1217:Drivers/STM32G0xx_HAL_Driver/Src/stm32g0xx_hal_pcd.c **** /**
1218:Drivers/STM32G0xx_HAL_Driver/Src/stm32g0xx_hal_pcd.c ****   * @brief  Connection event callback.
1219:Drivers/STM32G0xx_HAL_Driver/Src/stm32g0xx_hal_pcd.c ****   * @param  hpcd PCD handle
1220:Drivers/STM32G0xx_HAL_Driver/Src/stm32g0xx_hal_pcd.c ****   * @retval None
1221:Drivers/STM32G0xx_HAL_Driver/Src/stm32g0xx_hal_pcd.c ****   */
1222:Drivers/STM32G0xx_HAL_Driver/Src/stm32g0xx_hal_pcd.c **** __weak void HAL_PCD_ConnectCallback(PCD_HandleTypeDef *hpcd)
1223:Drivers/STM32G0xx_HAL_Driver/Src/stm32g0xx_hal_pcd.c **** {
1224:Drivers/STM32G0xx_HAL_Driver/Src/stm32g0xx_hal_pcd.c ****   /* Prevent unused argument(s) compilation warning */
1225:Drivers/STM32G0xx_HAL_Driver/Src/stm32g0xx_hal_pcd.c ****   UNUSED(hpcd);
ARM GAS  C:\Users\Domagoj\AppData\Local\Temp\cc6jMbW9.s 			page 37


1226:Drivers/STM32G0xx_HAL_Driver/Src/stm32g0xx_hal_pcd.c **** 
1227:Drivers/STM32G0xx_HAL_Driver/Src/stm32g0xx_hal_pcd.c ****   /* NOTE : This function should not be modified, when the callback is needed,
1228:Drivers/STM32G0xx_HAL_Driver/Src/stm32g0xx_hal_pcd.c ****             the HAL_PCD_ConnectCallback could be implemented in the user file
1229:Drivers/STM32G0xx_HAL_Driver/Src/stm32g0xx_hal_pcd.c ****    */
1230:Drivers/STM32G0xx_HAL_Driver/Src/stm32g0xx_hal_pcd.c **** }
1231:Drivers/STM32G0xx_HAL_Driver/Src/stm32g0xx_hal_pcd.c **** 
1232:Drivers/STM32G0xx_HAL_Driver/Src/stm32g0xx_hal_pcd.c **** /**
1233:Drivers/STM32G0xx_HAL_Driver/Src/stm32g0xx_hal_pcd.c ****   * @brief  Disconnection event callback.
1234:Drivers/STM32G0xx_HAL_Driver/Src/stm32g0xx_hal_pcd.c ****   * @param  hpcd PCD handle
1235:Drivers/STM32G0xx_HAL_Driver/Src/stm32g0xx_hal_pcd.c ****   * @retval None
1236:Drivers/STM32G0xx_HAL_Driver/Src/stm32g0xx_hal_pcd.c ****   */
1237:Drivers/STM32G0xx_HAL_Driver/Src/stm32g0xx_hal_pcd.c **** __weak void HAL_PCD_DisconnectCallback(PCD_HandleTypeDef *hpcd)
1238:Drivers/STM32G0xx_HAL_Driver/Src/stm32g0xx_hal_pcd.c **** {
1239:Drivers/STM32G0xx_HAL_Driver/Src/stm32g0xx_hal_pcd.c ****   /* Prevent unused argument(s) compilation warning */
1240:Drivers/STM32G0xx_HAL_Driver/Src/stm32g0xx_hal_pcd.c ****   UNUSED(hpcd);
1241:Drivers/STM32G0xx_HAL_Driver/Src/stm32g0xx_hal_pcd.c **** 
1242:Drivers/STM32G0xx_HAL_Driver/Src/stm32g0xx_hal_pcd.c ****   /* NOTE : This function should not be modified, when the callback is needed,
1243:Drivers/STM32G0xx_HAL_Driver/Src/stm32g0xx_hal_pcd.c ****             the HAL_PCD_DisconnectCallback could be implemented in the user file
1244:Drivers/STM32G0xx_HAL_Driver/Src/stm32g0xx_hal_pcd.c ****    */
1245:Drivers/STM32G0xx_HAL_Driver/Src/stm32g0xx_hal_pcd.c **** }
1246:Drivers/STM32G0xx_HAL_Driver/Src/stm32g0xx_hal_pcd.c **** 
1247:Drivers/STM32G0xx_HAL_Driver/Src/stm32g0xx_hal_pcd.c **** /**
1248:Drivers/STM32G0xx_HAL_Driver/Src/stm32g0xx_hal_pcd.c ****   * @}
1249:Drivers/STM32G0xx_HAL_Driver/Src/stm32g0xx_hal_pcd.c ****   */
1250:Drivers/STM32G0xx_HAL_Driver/Src/stm32g0xx_hal_pcd.c **** 
1251:Drivers/STM32G0xx_HAL_Driver/Src/stm32g0xx_hal_pcd.c **** /** @defgroup PCD_Exported_Functions_Group3 Peripheral Control functions
1252:Drivers/STM32G0xx_HAL_Driver/Src/stm32g0xx_hal_pcd.c ****   *  @brief   management functions
1253:Drivers/STM32G0xx_HAL_Driver/Src/stm32g0xx_hal_pcd.c ****   *
1254:Drivers/STM32G0xx_HAL_Driver/Src/stm32g0xx_hal_pcd.c **** @verbatim
1255:Drivers/STM32G0xx_HAL_Driver/Src/stm32g0xx_hal_pcd.c ****  ===============================================================================
1256:Drivers/STM32G0xx_HAL_Driver/Src/stm32g0xx_hal_pcd.c ****                       ##### Peripheral Control functions #####
1257:Drivers/STM32G0xx_HAL_Driver/Src/stm32g0xx_hal_pcd.c ****  ===============================================================================
1258:Drivers/STM32G0xx_HAL_Driver/Src/stm32g0xx_hal_pcd.c ****     [..]
1259:Drivers/STM32G0xx_HAL_Driver/Src/stm32g0xx_hal_pcd.c ****     This subsection provides a set of functions allowing to control the PCD data
1260:Drivers/STM32G0xx_HAL_Driver/Src/stm32g0xx_hal_pcd.c ****     transfers.
1261:Drivers/STM32G0xx_HAL_Driver/Src/stm32g0xx_hal_pcd.c **** 
1262:Drivers/STM32G0xx_HAL_Driver/Src/stm32g0xx_hal_pcd.c **** @endverbatim
1263:Drivers/STM32G0xx_HAL_Driver/Src/stm32g0xx_hal_pcd.c ****   * @{
1264:Drivers/STM32G0xx_HAL_Driver/Src/stm32g0xx_hal_pcd.c ****   */
1265:Drivers/STM32G0xx_HAL_Driver/Src/stm32g0xx_hal_pcd.c **** 
1266:Drivers/STM32G0xx_HAL_Driver/Src/stm32g0xx_hal_pcd.c **** /**
1267:Drivers/STM32G0xx_HAL_Driver/Src/stm32g0xx_hal_pcd.c ****   * @brief  Connect the USB device
1268:Drivers/STM32G0xx_HAL_Driver/Src/stm32g0xx_hal_pcd.c ****   * @param  hpcd PCD handle
1269:Drivers/STM32G0xx_HAL_Driver/Src/stm32g0xx_hal_pcd.c ****   * @retval HAL status
1270:Drivers/STM32G0xx_HAL_Driver/Src/stm32g0xx_hal_pcd.c ****   */
1271:Drivers/STM32G0xx_HAL_Driver/Src/stm32g0xx_hal_pcd.c **** HAL_StatusTypeDef HAL_PCD_DevConnect(PCD_HandleTypeDef *hpcd)
1272:Drivers/STM32G0xx_HAL_Driver/Src/stm32g0xx_hal_pcd.c **** {
1273:Drivers/STM32G0xx_HAL_Driver/Src/stm32g0xx_hal_pcd.c ****   __HAL_LOCK(hpcd);
1274:Drivers/STM32G0xx_HAL_Driver/Src/stm32g0xx_hal_pcd.c ****   (void)USB_DevConnect(hpcd->Instance);
1275:Drivers/STM32G0xx_HAL_Driver/Src/stm32g0xx_hal_pcd.c ****   __HAL_UNLOCK(hpcd);
1276:Drivers/STM32G0xx_HAL_Driver/Src/stm32g0xx_hal_pcd.c **** 
1277:Drivers/STM32G0xx_HAL_Driver/Src/stm32g0xx_hal_pcd.c ****   return HAL_OK;
1278:Drivers/STM32G0xx_HAL_Driver/Src/stm32g0xx_hal_pcd.c **** }
1279:Drivers/STM32G0xx_HAL_Driver/Src/stm32g0xx_hal_pcd.c **** 
1280:Drivers/STM32G0xx_HAL_Driver/Src/stm32g0xx_hal_pcd.c **** /**
1281:Drivers/STM32G0xx_HAL_Driver/Src/stm32g0xx_hal_pcd.c ****   * @brief  Disconnect the USB device.
1282:Drivers/STM32G0xx_HAL_Driver/Src/stm32g0xx_hal_pcd.c ****   * @param  hpcd PCD handle
ARM GAS  C:\Users\Domagoj\AppData\Local\Temp\cc6jMbW9.s 			page 38


1283:Drivers/STM32G0xx_HAL_Driver/Src/stm32g0xx_hal_pcd.c ****   * @retval HAL status
1284:Drivers/STM32G0xx_HAL_Driver/Src/stm32g0xx_hal_pcd.c ****   */
1285:Drivers/STM32G0xx_HAL_Driver/Src/stm32g0xx_hal_pcd.c **** HAL_StatusTypeDef HAL_PCD_DevDisconnect(PCD_HandleTypeDef *hpcd)
1286:Drivers/STM32G0xx_HAL_Driver/Src/stm32g0xx_hal_pcd.c **** {
1287:Drivers/STM32G0xx_HAL_Driver/Src/stm32g0xx_hal_pcd.c ****   __HAL_LOCK(hpcd);
1288:Drivers/STM32G0xx_HAL_Driver/Src/stm32g0xx_hal_pcd.c ****   (void)USB_DevDisconnect(hpcd->Instance);
1289:Drivers/STM32G0xx_HAL_Driver/Src/stm32g0xx_hal_pcd.c ****   __HAL_UNLOCK(hpcd);
1290:Drivers/STM32G0xx_HAL_Driver/Src/stm32g0xx_hal_pcd.c **** 
1291:Drivers/STM32G0xx_HAL_Driver/Src/stm32g0xx_hal_pcd.c ****   return HAL_OK;
1292:Drivers/STM32G0xx_HAL_Driver/Src/stm32g0xx_hal_pcd.c **** }
1293:Drivers/STM32G0xx_HAL_Driver/Src/stm32g0xx_hal_pcd.c **** 
1294:Drivers/STM32G0xx_HAL_Driver/Src/stm32g0xx_hal_pcd.c **** /**
1295:Drivers/STM32G0xx_HAL_Driver/Src/stm32g0xx_hal_pcd.c ****   * @brief  Set the USB Device address.
1296:Drivers/STM32G0xx_HAL_Driver/Src/stm32g0xx_hal_pcd.c ****   * @param  hpcd PCD handle
1297:Drivers/STM32G0xx_HAL_Driver/Src/stm32g0xx_hal_pcd.c ****   * @param  address new device address
1298:Drivers/STM32G0xx_HAL_Driver/Src/stm32g0xx_hal_pcd.c ****   * @retval HAL status
1299:Drivers/STM32G0xx_HAL_Driver/Src/stm32g0xx_hal_pcd.c ****   */
1300:Drivers/STM32G0xx_HAL_Driver/Src/stm32g0xx_hal_pcd.c **** HAL_StatusTypeDef HAL_PCD_SetAddress(PCD_HandleTypeDef *hpcd, uint8_t address)
1301:Drivers/STM32G0xx_HAL_Driver/Src/stm32g0xx_hal_pcd.c **** {
1302:Drivers/STM32G0xx_HAL_Driver/Src/stm32g0xx_hal_pcd.c ****   __HAL_LOCK(hpcd);
1303:Drivers/STM32G0xx_HAL_Driver/Src/stm32g0xx_hal_pcd.c ****   hpcd->USB_Address = address;
1304:Drivers/STM32G0xx_HAL_Driver/Src/stm32g0xx_hal_pcd.c ****   (void)USB_SetDevAddress(hpcd->Instance, address);
1305:Drivers/STM32G0xx_HAL_Driver/Src/stm32g0xx_hal_pcd.c ****   __HAL_UNLOCK(hpcd);
1306:Drivers/STM32G0xx_HAL_Driver/Src/stm32g0xx_hal_pcd.c **** 
1307:Drivers/STM32G0xx_HAL_Driver/Src/stm32g0xx_hal_pcd.c ****   return HAL_OK;
1308:Drivers/STM32G0xx_HAL_Driver/Src/stm32g0xx_hal_pcd.c **** }
1309:Drivers/STM32G0xx_HAL_Driver/Src/stm32g0xx_hal_pcd.c **** /**
1310:Drivers/STM32G0xx_HAL_Driver/Src/stm32g0xx_hal_pcd.c ****   * @brief  Open and configure an endpoint.
1311:Drivers/STM32G0xx_HAL_Driver/Src/stm32g0xx_hal_pcd.c ****   * @param  hpcd PCD handle
1312:Drivers/STM32G0xx_HAL_Driver/Src/stm32g0xx_hal_pcd.c ****   * @param  ep_addr endpoint address
1313:Drivers/STM32G0xx_HAL_Driver/Src/stm32g0xx_hal_pcd.c ****   * @param  ep_mps endpoint max packet size
1314:Drivers/STM32G0xx_HAL_Driver/Src/stm32g0xx_hal_pcd.c ****   * @param  ep_type endpoint type
1315:Drivers/STM32G0xx_HAL_Driver/Src/stm32g0xx_hal_pcd.c ****   * @retval HAL status
1316:Drivers/STM32G0xx_HAL_Driver/Src/stm32g0xx_hal_pcd.c ****   */
1317:Drivers/STM32G0xx_HAL_Driver/Src/stm32g0xx_hal_pcd.c **** HAL_StatusTypeDef HAL_PCD_EP_Open(PCD_HandleTypeDef *hpcd, uint8_t ep_addr,
1318:Drivers/STM32G0xx_HAL_Driver/Src/stm32g0xx_hal_pcd.c ****                                   uint16_t ep_mps, uint8_t ep_type)
1319:Drivers/STM32G0xx_HAL_Driver/Src/stm32g0xx_hal_pcd.c **** {
1320:Drivers/STM32G0xx_HAL_Driver/Src/stm32g0xx_hal_pcd.c ****   HAL_StatusTypeDef ret = HAL_OK;
1321:Drivers/STM32G0xx_HAL_Driver/Src/stm32g0xx_hal_pcd.c ****   PCD_EPTypeDef *ep;
1322:Drivers/STM32G0xx_HAL_Driver/Src/stm32g0xx_hal_pcd.c **** 
1323:Drivers/STM32G0xx_HAL_Driver/Src/stm32g0xx_hal_pcd.c ****   if ((ep_addr & 0x80U) == 0x80U)
1324:Drivers/STM32G0xx_HAL_Driver/Src/stm32g0xx_hal_pcd.c ****   {
1325:Drivers/STM32G0xx_HAL_Driver/Src/stm32g0xx_hal_pcd.c ****     ep = &hpcd->IN_ep[ep_addr & EP_ADDR_MSK];
1326:Drivers/STM32G0xx_HAL_Driver/Src/stm32g0xx_hal_pcd.c ****     ep->is_in = 1U;
1327:Drivers/STM32G0xx_HAL_Driver/Src/stm32g0xx_hal_pcd.c ****   }
1328:Drivers/STM32G0xx_HAL_Driver/Src/stm32g0xx_hal_pcd.c ****   else
1329:Drivers/STM32G0xx_HAL_Driver/Src/stm32g0xx_hal_pcd.c ****   {
1330:Drivers/STM32G0xx_HAL_Driver/Src/stm32g0xx_hal_pcd.c ****     ep = &hpcd->OUT_ep[ep_addr & EP_ADDR_MSK];
1331:Drivers/STM32G0xx_HAL_Driver/Src/stm32g0xx_hal_pcd.c ****     ep->is_in = 0U;
1332:Drivers/STM32G0xx_HAL_Driver/Src/stm32g0xx_hal_pcd.c ****   }
1333:Drivers/STM32G0xx_HAL_Driver/Src/stm32g0xx_hal_pcd.c **** 
1334:Drivers/STM32G0xx_HAL_Driver/Src/stm32g0xx_hal_pcd.c ****   ep->num = ep_addr & EP_ADDR_MSK;
1335:Drivers/STM32G0xx_HAL_Driver/Src/stm32g0xx_hal_pcd.c ****   ep->maxpacket = (uint32_t)ep_mps & 0x7FFU;
1336:Drivers/STM32G0xx_HAL_Driver/Src/stm32g0xx_hal_pcd.c ****   ep->type = ep_type;
1337:Drivers/STM32G0xx_HAL_Driver/Src/stm32g0xx_hal_pcd.c **** 
1338:Drivers/STM32G0xx_HAL_Driver/Src/stm32g0xx_hal_pcd.c ****   /* Set initial data PID. */
1339:Drivers/STM32G0xx_HAL_Driver/Src/stm32g0xx_hal_pcd.c ****   if (ep_type == EP_TYPE_BULK)
ARM GAS  C:\Users\Domagoj\AppData\Local\Temp\cc6jMbW9.s 			page 39


1340:Drivers/STM32G0xx_HAL_Driver/Src/stm32g0xx_hal_pcd.c ****   {
1341:Drivers/STM32G0xx_HAL_Driver/Src/stm32g0xx_hal_pcd.c ****     ep->data_pid_start = 0U;
1342:Drivers/STM32G0xx_HAL_Driver/Src/stm32g0xx_hal_pcd.c ****   }
1343:Drivers/STM32G0xx_HAL_Driver/Src/stm32g0xx_hal_pcd.c **** 
1344:Drivers/STM32G0xx_HAL_Driver/Src/stm32g0xx_hal_pcd.c ****   __HAL_LOCK(hpcd);
1345:Drivers/STM32G0xx_HAL_Driver/Src/stm32g0xx_hal_pcd.c ****   (void)USB_ActivateEndpoint(hpcd->Instance, ep);
1346:Drivers/STM32G0xx_HAL_Driver/Src/stm32g0xx_hal_pcd.c ****   __HAL_UNLOCK(hpcd);
1347:Drivers/STM32G0xx_HAL_Driver/Src/stm32g0xx_hal_pcd.c **** 
1348:Drivers/STM32G0xx_HAL_Driver/Src/stm32g0xx_hal_pcd.c ****   return ret;
1349:Drivers/STM32G0xx_HAL_Driver/Src/stm32g0xx_hal_pcd.c **** }
1350:Drivers/STM32G0xx_HAL_Driver/Src/stm32g0xx_hal_pcd.c **** 
1351:Drivers/STM32G0xx_HAL_Driver/Src/stm32g0xx_hal_pcd.c **** /**
1352:Drivers/STM32G0xx_HAL_Driver/Src/stm32g0xx_hal_pcd.c ****   * @brief  Deactivate an endpoint.
1353:Drivers/STM32G0xx_HAL_Driver/Src/stm32g0xx_hal_pcd.c ****   * @param  hpcd PCD handle
1354:Drivers/STM32G0xx_HAL_Driver/Src/stm32g0xx_hal_pcd.c ****   * @param  ep_addr endpoint address
1355:Drivers/STM32G0xx_HAL_Driver/Src/stm32g0xx_hal_pcd.c ****   * @retval HAL status
1356:Drivers/STM32G0xx_HAL_Driver/Src/stm32g0xx_hal_pcd.c ****   */
1357:Drivers/STM32G0xx_HAL_Driver/Src/stm32g0xx_hal_pcd.c **** HAL_StatusTypeDef HAL_PCD_EP_Close(PCD_HandleTypeDef *hpcd, uint8_t ep_addr)
1358:Drivers/STM32G0xx_HAL_Driver/Src/stm32g0xx_hal_pcd.c **** {
1359:Drivers/STM32G0xx_HAL_Driver/Src/stm32g0xx_hal_pcd.c ****   PCD_EPTypeDef *ep;
1360:Drivers/STM32G0xx_HAL_Driver/Src/stm32g0xx_hal_pcd.c **** 
1361:Drivers/STM32G0xx_HAL_Driver/Src/stm32g0xx_hal_pcd.c ****   if ((ep_addr & 0x80U) == 0x80U)
1362:Drivers/STM32G0xx_HAL_Driver/Src/stm32g0xx_hal_pcd.c ****   {
1363:Drivers/STM32G0xx_HAL_Driver/Src/stm32g0xx_hal_pcd.c ****     ep = &hpcd->IN_ep[ep_addr & EP_ADDR_MSK];
1364:Drivers/STM32G0xx_HAL_Driver/Src/stm32g0xx_hal_pcd.c ****     ep->is_in = 1U;
1365:Drivers/STM32G0xx_HAL_Driver/Src/stm32g0xx_hal_pcd.c ****   }
1366:Drivers/STM32G0xx_HAL_Driver/Src/stm32g0xx_hal_pcd.c ****   else
1367:Drivers/STM32G0xx_HAL_Driver/Src/stm32g0xx_hal_pcd.c ****   {
1368:Drivers/STM32G0xx_HAL_Driver/Src/stm32g0xx_hal_pcd.c ****     ep = &hpcd->OUT_ep[ep_addr & EP_ADDR_MSK];
1369:Drivers/STM32G0xx_HAL_Driver/Src/stm32g0xx_hal_pcd.c ****     ep->is_in = 0U;
1370:Drivers/STM32G0xx_HAL_Driver/Src/stm32g0xx_hal_pcd.c ****   }
1371:Drivers/STM32G0xx_HAL_Driver/Src/stm32g0xx_hal_pcd.c ****   ep->num = ep_addr & EP_ADDR_MSK;
1372:Drivers/STM32G0xx_HAL_Driver/Src/stm32g0xx_hal_pcd.c **** 
1373:Drivers/STM32G0xx_HAL_Driver/Src/stm32g0xx_hal_pcd.c ****   __HAL_LOCK(hpcd);
1374:Drivers/STM32G0xx_HAL_Driver/Src/stm32g0xx_hal_pcd.c ****   (void)USB_DeactivateEndpoint(hpcd->Instance, ep);
1375:Drivers/STM32G0xx_HAL_Driver/Src/stm32g0xx_hal_pcd.c ****   __HAL_UNLOCK(hpcd);
1376:Drivers/STM32G0xx_HAL_Driver/Src/stm32g0xx_hal_pcd.c ****   return HAL_OK;
1377:Drivers/STM32G0xx_HAL_Driver/Src/stm32g0xx_hal_pcd.c **** }
1378:Drivers/STM32G0xx_HAL_Driver/Src/stm32g0xx_hal_pcd.c **** 
1379:Drivers/STM32G0xx_HAL_Driver/Src/stm32g0xx_hal_pcd.c **** 
1380:Drivers/STM32G0xx_HAL_Driver/Src/stm32g0xx_hal_pcd.c **** /**
1381:Drivers/STM32G0xx_HAL_Driver/Src/stm32g0xx_hal_pcd.c ****   * @brief  Receive an amount of data.
1382:Drivers/STM32G0xx_HAL_Driver/Src/stm32g0xx_hal_pcd.c ****   * @param  hpcd PCD handle
1383:Drivers/STM32G0xx_HAL_Driver/Src/stm32g0xx_hal_pcd.c ****   * @param  ep_addr endpoint address
1384:Drivers/STM32G0xx_HAL_Driver/Src/stm32g0xx_hal_pcd.c ****   * @param  pBuf pointer to the reception buffer
1385:Drivers/STM32G0xx_HAL_Driver/Src/stm32g0xx_hal_pcd.c ****   * @param  len amount of data to be received
1386:Drivers/STM32G0xx_HAL_Driver/Src/stm32g0xx_hal_pcd.c ****   * @retval HAL status
1387:Drivers/STM32G0xx_HAL_Driver/Src/stm32g0xx_hal_pcd.c ****   */
1388:Drivers/STM32G0xx_HAL_Driver/Src/stm32g0xx_hal_pcd.c **** HAL_StatusTypeDef HAL_PCD_EP_Receive(PCD_HandleTypeDef *hpcd, uint8_t ep_addr, uint8_t *pBuf, uint3
1389:Drivers/STM32G0xx_HAL_Driver/Src/stm32g0xx_hal_pcd.c **** {
1390:Drivers/STM32G0xx_HAL_Driver/Src/stm32g0xx_hal_pcd.c ****   PCD_EPTypeDef *ep;
1391:Drivers/STM32G0xx_HAL_Driver/Src/stm32g0xx_hal_pcd.c **** 
1392:Drivers/STM32G0xx_HAL_Driver/Src/stm32g0xx_hal_pcd.c ****   ep = &hpcd->OUT_ep[ep_addr & EP_ADDR_MSK];
1393:Drivers/STM32G0xx_HAL_Driver/Src/stm32g0xx_hal_pcd.c **** 
1394:Drivers/STM32G0xx_HAL_Driver/Src/stm32g0xx_hal_pcd.c ****   /*setup and start the Xfer */
1395:Drivers/STM32G0xx_HAL_Driver/Src/stm32g0xx_hal_pcd.c ****   ep->xfer_buff = pBuf;
1396:Drivers/STM32G0xx_HAL_Driver/Src/stm32g0xx_hal_pcd.c ****   ep->xfer_len = len;
ARM GAS  C:\Users\Domagoj\AppData\Local\Temp\cc6jMbW9.s 			page 40


1397:Drivers/STM32G0xx_HAL_Driver/Src/stm32g0xx_hal_pcd.c ****   ep->xfer_count = 0U;
1398:Drivers/STM32G0xx_HAL_Driver/Src/stm32g0xx_hal_pcd.c ****   ep->is_in = 0U;
1399:Drivers/STM32G0xx_HAL_Driver/Src/stm32g0xx_hal_pcd.c ****   ep->num = ep_addr & EP_ADDR_MSK;
1400:Drivers/STM32G0xx_HAL_Driver/Src/stm32g0xx_hal_pcd.c **** 
1401:Drivers/STM32G0xx_HAL_Driver/Src/stm32g0xx_hal_pcd.c ****   (void)USB_EPStartXfer(hpcd->Instance, ep);
1402:Drivers/STM32G0xx_HAL_Driver/Src/stm32g0xx_hal_pcd.c **** 
1403:Drivers/STM32G0xx_HAL_Driver/Src/stm32g0xx_hal_pcd.c ****   return HAL_OK;
1404:Drivers/STM32G0xx_HAL_Driver/Src/stm32g0xx_hal_pcd.c **** }
1405:Drivers/STM32G0xx_HAL_Driver/Src/stm32g0xx_hal_pcd.c **** 
1406:Drivers/STM32G0xx_HAL_Driver/Src/stm32g0xx_hal_pcd.c **** /**
1407:Drivers/STM32G0xx_HAL_Driver/Src/stm32g0xx_hal_pcd.c ****   * @brief  Get Received Data Size
1408:Drivers/STM32G0xx_HAL_Driver/Src/stm32g0xx_hal_pcd.c ****   * @param  hpcd PCD handle
1409:Drivers/STM32G0xx_HAL_Driver/Src/stm32g0xx_hal_pcd.c ****   * @param  ep_addr endpoint address
1410:Drivers/STM32G0xx_HAL_Driver/Src/stm32g0xx_hal_pcd.c ****   * @retval Data Size
1411:Drivers/STM32G0xx_HAL_Driver/Src/stm32g0xx_hal_pcd.c ****   */
1412:Drivers/STM32G0xx_HAL_Driver/Src/stm32g0xx_hal_pcd.c **** uint32_t HAL_PCD_EP_GetRxCount(PCD_HandleTypeDef const *hpcd, uint8_t ep_addr)
1413:Drivers/STM32G0xx_HAL_Driver/Src/stm32g0xx_hal_pcd.c **** {
1414:Drivers/STM32G0xx_HAL_Driver/Src/stm32g0xx_hal_pcd.c ****   return hpcd->OUT_ep[ep_addr & EP_ADDR_MSK].xfer_count;
1415:Drivers/STM32G0xx_HAL_Driver/Src/stm32g0xx_hal_pcd.c **** }
1416:Drivers/STM32G0xx_HAL_Driver/Src/stm32g0xx_hal_pcd.c **** /**
1417:Drivers/STM32G0xx_HAL_Driver/Src/stm32g0xx_hal_pcd.c ****   * @brief  Send an amount of data
1418:Drivers/STM32G0xx_HAL_Driver/Src/stm32g0xx_hal_pcd.c ****   * @param  hpcd PCD handle
1419:Drivers/STM32G0xx_HAL_Driver/Src/stm32g0xx_hal_pcd.c ****   * @param  ep_addr endpoint address
1420:Drivers/STM32G0xx_HAL_Driver/Src/stm32g0xx_hal_pcd.c ****   * @param  pBuf pointer to the transmission buffer
1421:Drivers/STM32G0xx_HAL_Driver/Src/stm32g0xx_hal_pcd.c ****   * @param  len amount of data to be sent
1422:Drivers/STM32G0xx_HAL_Driver/Src/stm32g0xx_hal_pcd.c ****   * @retval HAL status
1423:Drivers/STM32G0xx_HAL_Driver/Src/stm32g0xx_hal_pcd.c ****   */
1424:Drivers/STM32G0xx_HAL_Driver/Src/stm32g0xx_hal_pcd.c **** HAL_StatusTypeDef HAL_PCD_EP_Transmit(PCD_HandleTypeDef *hpcd, uint8_t ep_addr, uint8_t *pBuf, uint
1425:Drivers/STM32G0xx_HAL_Driver/Src/stm32g0xx_hal_pcd.c **** {
1426:Drivers/STM32G0xx_HAL_Driver/Src/stm32g0xx_hal_pcd.c ****   PCD_EPTypeDef *ep;
1427:Drivers/STM32G0xx_HAL_Driver/Src/stm32g0xx_hal_pcd.c **** 
1428:Drivers/STM32G0xx_HAL_Driver/Src/stm32g0xx_hal_pcd.c ****   ep = &hpcd->IN_ep[ep_addr & EP_ADDR_MSK];
1429:Drivers/STM32G0xx_HAL_Driver/Src/stm32g0xx_hal_pcd.c **** 
1430:Drivers/STM32G0xx_HAL_Driver/Src/stm32g0xx_hal_pcd.c ****   /*setup and start the Xfer */
1431:Drivers/STM32G0xx_HAL_Driver/Src/stm32g0xx_hal_pcd.c ****   ep->xfer_buff = pBuf;
1432:Drivers/STM32G0xx_HAL_Driver/Src/stm32g0xx_hal_pcd.c ****   ep->xfer_len = len;
1433:Drivers/STM32G0xx_HAL_Driver/Src/stm32g0xx_hal_pcd.c ****   ep->xfer_fill_db = 1U;
1434:Drivers/STM32G0xx_HAL_Driver/Src/stm32g0xx_hal_pcd.c ****   ep->xfer_len_db = len;
1435:Drivers/STM32G0xx_HAL_Driver/Src/stm32g0xx_hal_pcd.c ****   ep->xfer_count = 0U;
1436:Drivers/STM32G0xx_HAL_Driver/Src/stm32g0xx_hal_pcd.c ****   ep->is_in = 1U;
1437:Drivers/STM32G0xx_HAL_Driver/Src/stm32g0xx_hal_pcd.c ****   ep->num = ep_addr & EP_ADDR_MSK;
1438:Drivers/STM32G0xx_HAL_Driver/Src/stm32g0xx_hal_pcd.c **** 
1439:Drivers/STM32G0xx_HAL_Driver/Src/stm32g0xx_hal_pcd.c ****   (void)USB_EPStartXfer(hpcd->Instance, ep);
1440:Drivers/STM32G0xx_HAL_Driver/Src/stm32g0xx_hal_pcd.c **** 
1441:Drivers/STM32G0xx_HAL_Driver/Src/stm32g0xx_hal_pcd.c ****   return HAL_OK;
1442:Drivers/STM32G0xx_HAL_Driver/Src/stm32g0xx_hal_pcd.c **** }
1443:Drivers/STM32G0xx_HAL_Driver/Src/stm32g0xx_hal_pcd.c **** 
1444:Drivers/STM32G0xx_HAL_Driver/Src/stm32g0xx_hal_pcd.c **** /**
1445:Drivers/STM32G0xx_HAL_Driver/Src/stm32g0xx_hal_pcd.c ****   * @brief  Set a STALL condition over an endpoint
1446:Drivers/STM32G0xx_HAL_Driver/Src/stm32g0xx_hal_pcd.c ****   * @param  hpcd PCD handle
1447:Drivers/STM32G0xx_HAL_Driver/Src/stm32g0xx_hal_pcd.c ****   * @param  ep_addr endpoint address
1448:Drivers/STM32G0xx_HAL_Driver/Src/stm32g0xx_hal_pcd.c ****   * @retval HAL status
1449:Drivers/STM32G0xx_HAL_Driver/Src/stm32g0xx_hal_pcd.c ****   */
1450:Drivers/STM32G0xx_HAL_Driver/Src/stm32g0xx_hal_pcd.c **** HAL_StatusTypeDef HAL_PCD_EP_SetStall(PCD_HandleTypeDef *hpcd, uint8_t ep_addr)
1451:Drivers/STM32G0xx_HAL_Driver/Src/stm32g0xx_hal_pcd.c **** {
1452:Drivers/STM32G0xx_HAL_Driver/Src/stm32g0xx_hal_pcd.c ****   PCD_EPTypeDef *ep;
1453:Drivers/STM32G0xx_HAL_Driver/Src/stm32g0xx_hal_pcd.c **** 
ARM GAS  C:\Users\Domagoj\AppData\Local\Temp\cc6jMbW9.s 			page 41


1454:Drivers/STM32G0xx_HAL_Driver/Src/stm32g0xx_hal_pcd.c ****   if (((uint32_t)ep_addr & EP_ADDR_MSK) > hpcd->Init.dev_endpoints)
1455:Drivers/STM32G0xx_HAL_Driver/Src/stm32g0xx_hal_pcd.c ****   {
1456:Drivers/STM32G0xx_HAL_Driver/Src/stm32g0xx_hal_pcd.c ****     return HAL_ERROR;
1457:Drivers/STM32G0xx_HAL_Driver/Src/stm32g0xx_hal_pcd.c ****   }
1458:Drivers/STM32G0xx_HAL_Driver/Src/stm32g0xx_hal_pcd.c **** 
1459:Drivers/STM32G0xx_HAL_Driver/Src/stm32g0xx_hal_pcd.c ****   if ((0x80U & ep_addr) == 0x80U)
1460:Drivers/STM32G0xx_HAL_Driver/Src/stm32g0xx_hal_pcd.c ****   {
1461:Drivers/STM32G0xx_HAL_Driver/Src/stm32g0xx_hal_pcd.c ****     ep = &hpcd->IN_ep[ep_addr & EP_ADDR_MSK];
1462:Drivers/STM32G0xx_HAL_Driver/Src/stm32g0xx_hal_pcd.c ****     ep->is_in = 1U;
1463:Drivers/STM32G0xx_HAL_Driver/Src/stm32g0xx_hal_pcd.c ****   }
1464:Drivers/STM32G0xx_HAL_Driver/Src/stm32g0xx_hal_pcd.c ****   else
1465:Drivers/STM32G0xx_HAL_Driver/Src/stm32g0xx_hal_pcd.c ****   {
1466:Drivers/STM32G0xx_HAL_Driver/Src/stm32g0xx_hal_pcd.c ****     ep = &hpcd->OUT_ep[ep_addr];
1467:Drivers/STM32G0xx_HAL_Driver/Src/stm32g0xx_hal_pcd.c ****     ep->is_in = 0U;
1468:Drivers/STM32G0xx_HAL_Driver/Src/stm32g0xx_hal_pcd.c ****   }
1469:Drivers/STM32G0xx_HAL_Driver/Src/stm32g0xx_hal_pcd.c **** 
1470:Drivers/STM32G0xx_HAL_Driver/Src/stm32g0xx_hal_pcd.c ****   ep->is_stall = 1U;
1471:Drivers/STM32G0xx_HAL_Driver/Src/stm32g0xx_hal_pcd.c ****   ep->num = ep_addr & EP_ADDR_MSK;
1472:Drivers/STM32G0xx_HAL_Driver/Src/stm32g0xx_hal_pcd.c **** 
1473:Drivers/STM32G0xx_HAL_Driver/Src/stm32g0xx_hal_pcd.c ****   __HAL_LOCK(hpcd);
1474:Drivers/STM32G0xx_HAL_Driver/Src/stm32g0xx_hal_pcd.c **** 
1475:Drivers/STM32G0xx_HAL_Driver/Src/stm32g0xx_hal_pcd.c ****   (void)USB_EPSetStall(hpcd->Instance, ep);
1476:Drivers/STM32G0xx_HAL_Driver/Src/stm32g0xx_hal_pcd.c **** 
1477:Drivers/STM32G0xx_HAL_Driver/Src/stm32g0xx_hal_pcd.c ****   __HAL_UNLOCK(hpcd);
1478:Drivers/STM32G0xx_HAL_Driver/Src/stm32g0xx_hal_pcd.c **** 
1479:Drivers/STM32G0xx_HAL_Driver/Src/stm32g0xx_hal_pcd.c ****   return HAL_OK;
1480:Drivers/STM32G0xx_HAL_Driver/Src/stm32g0xx_hal_pcd.c **** }
1481:Drivers/STM32G0xx_HAL_Driver/Src/stm32g0xx_hal_pcd.c **** 
1482:Drivers/STM32G0xx_HAL_Driver/Src/stm32g0xx_hal_pcd.c **** /**
1483:Drivers/STM32G0xx_HAL_Driver/Src/stm32g0xx_hal_pcd.c ****   * @brief  Clear a STALL condition over in an endpoint
1484:Drivers/STM32G0xx_HAL_Driver/Src/stm32g0xx_hal_pcd.c ****   * @param  hpcd PCD handle
1485:Drivers/STM32G0xx_HAL_Driver/Src/stm32g0xx_hal_pcd.c ****   * @param  ep_addr endpoint address
1486:Drivers/STM32G0xx_HAL_Driver/Src/stm32g0xx_hal_pcd.c ****   * @retval HAL status
1487:Drivers/STM32G0xx_HAL_Driver/Src/stm32g0xx_hal_pcd.c ****   */
1488:Drivers/STM32G0xx_HAL_Driver/Src/stm32g0xx_hal_pcd.c **** HAL_StatusTypeDef HAL_PCD_EP_ClrStall(PCD_HandleTypeDef *hpcd, uint8_t ep_addr)
1489:Drivers/STM32G0xx_HAL_Driver/Src/stm32g0xx_hal_pcd.c **** {
1490:Drivers/STM32G0xx_HAL_Driver/Src/stm32g0xx_hal_pcd.c ****   PCD_EPTypeDef *ep;
1491:Drivers/STM32G0xx_HAL_Driver/Src/stm32g0xx_hal_pcd.c **** 
1492:Drivers/STM32G0xx_HAL_Driver/Src/stm32g0xx_hal_pcd.c ****   if (((uint32_t)ep_addr & 0x0FU) > hpcd->Init.dev_endpoints)
1493:Drivers/STM32G0xx_HAL_Driver/Src/stm32g0xx_hal_pcd.c ****   {
1494:Drivers/STM32G0xx_HAL_Driver/Src/stm32g0xx_hal_pcd.c ****     return HAL_ERROR;
1495:Drivers/STM32G0xx_HAL_Driver/Src/stm32g0xx_hal_pcd.c ****   }
1496:Drivers/STM32G0xx_HAL_Driver/Src/stm32g0xx_hal_pcd.c **** 
1497:Drivers/STM32G0xx_HAL_Driver/Src/stm32g0xx_hal_pcd.c ****   if ((0x80U & ep_addr) == 0x80U)
1498:Drivers/STM32G0xx_HAL_Driver/Src/stm32g0xx_hal_pcd.c ****   {
1499:Drivers/STM32G0xx_HAL_Driver/Src/stm32g0xx_hal_pcd.c ****     ep = &hpcd->IN_ep[ep_addr & EP_ADDR_MSK];
1500:Drivers/STM32G0xx_HAL_Driver/Src/stm32g0xx_hal_pcd.c ****     ep->is_in = 1U;
1501:Drivers/STM32G0xx_HAL_Driver/Src/stm32g0xx_hal_pcd.c ****   }
1502:Drivers/STM32G0xx_HAL_Driver/Src/stm32g0xx_hal_pcd.c ****   else
1503:Drivers/STM32G0xx_HAL_Driver/Src/stm32g0xx_hal_pcd.c ****   {
1504:Drivers/STM32G0xx_HAL_Driver/Src/stm32g0xx_hal_pcd.c ****     ep = &hpcd->OUT_ep[ep_addr & EP_ADDR_MSK];
1505:Drivers/STM32G0xx_HAL_Driver/Src/stm32g0xx_hal_pcd.c ****     ep->is_in = 0U;
1506:Drivers/STM32G0xx_HAL_Driver/Src/stm32g0xx_hal_pcd.c ****   }
1507:Drivers/STM32G0xx_HAL_Driver/Src/stm32g0xx_hal_pcd.c **** 
1508:Drivers/STM32G0xx_HAL_Driver/Src/stm32g0xx_hal_pcd.c ****   ep->is_stall = 0U;
1509:Drivers/STM32G0xx_HAL_Driver/Src/stm32g0xx_hal_pcd.c ****   ep->num = ep_addr & EP_ADDR_MSK;
1510:Drivers/STM32G0xx_HAL_Driver/Src/stm32g0xx_hal_pcd.c **** 
ARM GAS  C:\Users\Domagoj\AppData\Local\Temp\cc6jMbW9.s 			page 42


1511:Drivers/STM32G0xx_HAL_Driver/Src/stm32g0xx_hal_pcd.c ****   __HAL_LOCK(hpcd);
1512:Drivers/STM32G0xx_HAL_Driver/Src/stm32g0xx_hal_pcd.c ****   (void)USB_EPClearStall(hpcd->Instance, ep);
1513:Drivers/STM32G0xx_HAL_Driver/Src/stm32g0xx_hal_pcd.c ****   __HAL_UNLOCK(hpcd);
1514:Drivers/STM32G0xx_HAL_Driver/Src/stm32g0xx_hal_pcd.c **** 
1515:Drivers/STM32G0xx_HAL_Driver/Src/stm32g0xx_hal_pcd.c ****   return HAL_OK;
1516:Drivers/STM32G0xx_HAL_Driver/Src/stm32g0xx_hal_pcd.c **** }
1517:Drivers/STM32G0xx_HAL_Driver/Src/stm32g0xx_hal_pcd.c **** 
1518:Drivers/STM32G0xx_HAL_Driver/Src/stm32g0xx_hal_pcd.c **** /**
1519:Drivers/STM32G0xx_HAL_Driver/Src/stm32g0xx_hal_pcd.c ****    * @brief  Abort an USB EP transaction.
1520:Drivers/STM32G0xx_HAL_Driver/Src/stm32g0xx_hal_pcd.c ****    * @param  hpcd PCD handle
1521:Drivers/STM32G0xx_HAL_Driver/Src/stm32g0xx_hal_pcd.c ****    * @param  ep_addr endpoint address
1522:Drivers/STM32G0xx_HAL_Driver/Src/stm32g0xx_hal_pcd.c ****    * @retval HAL status
1523:Drivers/STM32G0xx_HAL_Driver/Src/stm32g0xx_hal_pcd.c ****    */
1524:Drivers/STM32G0xx_HAL_Driver/Src/stm32g0xx_hal_pcd.c **** HAL_StatusTypeDef HAL_PCD_EP_Abort(PCD_HandleTypeDef *hpcd, uint8_t ep_addr)
1525:Drivers/STM32G0xx_HAL_Driver/Src/stm32g0xx_hal_pcd.c **** {
1526:Drivers/STM32G0xx_HAL_Driver/Src/stm32g0xx_hal_pcd.c ****   HAL_StatusTypeDef ret;
1527:Drivers/STM32G0xx_HAL_Driver/Src/stm32g0xx_hal_pcd.c ****   PCD_EPTypeDef *ep;
1528:Drivers/STM32G0xx_HAL_Driver/Src/stm32g0xx_hal_pcd.c **** 
1529:Drivers/STM32G0xx_HAL_Driver/Src/stm32g0xx_hal_pcd.c ****   if ((0x80U & ep_addr) == 0x80U)
1530:Drivers/STM32G0xx_HAL_Driver/Src/stm32g0xx_hal_pcd.c ****   {
1531:Drivers/STM32G0xx_HAL_Driver/Src/stm32g0xx_hal_pcd.c ****     ep = &hpcd->IN_ep[ep_addr & EP_ADDR_MSK];
1532:Drivers/STM32G0xx_HAL_Driver/Src/stm32g0xx_hal_pcd.c ****   }
1533:Drivers/STM32G0xx_HAL_Driver/Src/stm32g0xx_hal_pcd.c ****   else
1534:Drivers/STM32G0xx_HAL_Driver/Src/stm32g0xx_hal_pcd.c ****   {
1535:Drivers/STM32G0xx_HAL_Driver/Src/stm32g0xx_hal_pcd.c ****     ep = &hpcd->OUT_ep[ep_addr & EP_ADDR_MSK];
1536:Drivers/STM32G0xx_HAL_Driver/Src/stm32g0xx_hal_pcd.c ****   }
1537:Drivers/STM32G0xx_HAL_Driver/Src/stm32g0xx_hal_pcd.c **** 
1538:Drivers/STM32G0xx_HAL_Driver/Src/stm32g0xx_hal_pcd.c ****   /* Stop Xfer */
1539:Drivers/STM32G0xx_HAL_Driver/Src/stm32g0xx_hal_pcd.c ****   ret = USB_EPStopXfer(hpcd->Instance, ep);
1540:Drivers/STM32G0xx_HAL_Driver/Src/stm32g0xx_hal_pcd.c **** 
1541:Drivers/STM32G0xx_HAL_Driver/Src/stm32g0xx_hal_pcd.c ****   return ret;
1542:Drivers/STM32G0xx_HAL_Driver/Src/stm32g0xx_hal_pcd.c **** }
1543:Drivers/STM32G0xx_HAL_Driver/Src/stm32g0xx_hal_pcd.c **** 
1544:Drivers/STM32G0xx_HAL_Driver/Src/stm32g0xx_hal_pcd.c **** /**
1545:Drivers/STM32G0xx_HAL_Driver/Src/stm32g0xx_hal_pcd.c ****   * @brief  Flush an endpoint
1546:Drivers/STM32G0xx_HAL_Driver/Src/stm32g0xx_hal_pcd.c ****   * @param  hpcd PCD handle
1547:Drivers/STM32G0xx_HAL_Driver/Src/stm32g0xx_hal_pcd.c ****   * @param  ep_addr endpoint address
1548:Drivers/STM32G0xx_HAL_Driver/Src/stm32g0xx_hal_pcd.c ****   * @retval HAL status
1549:Drivers/STM32G0xx_HAL_Driver/Src/stm32g0xx_hal_pcd.c ****   */
1550:Drivers/STM32G0xx_HAL_Driver/Src/stm32g0xx_hal_pcd.c **** HAL_StatusTypeDef HAL_PCD_EP_Flush(PCD_HandleTypeDef *hpcd, uint8_t ep_addr)
1551:Drivers/STM32G0xx_HAL_Driver/Src/stm32g0xx_hal_pcd.c **** {
1552:Drivers/STM32G0xx_HAL_Driver/Src/stm32g0xx_hal_pcd.c ****   __HAL_LOCK(hpcd);
1553:Drivers/STM32G0xx_HAL_Driver/Src/stm32g0xx_hal_pcd.c **** 
1554:Drivers/STM32G0xx_HAL_Driver/Src/stm32g0xx_hal_pcd.c ****   if ((ep_addr & 0x80U) == 0x80U)
1555:Drivers/STM32G0xx_HAL_Driver/Src/stm32g0xx_hal_pcd.c ****   {
1556:Drivers/STM32G0xx_HAL_Driver/Src/stm32g0xx_hal_pcd.c ****     (void)USB_FlushTxFifo(hpcd->Instance, (uint32_t)ep_addr & EP_ADDR_MSK);
1557:Drivers/STM32G0xx_HAL_Driver/Src/stm32g0xx_hal_pcd.c ****   }
1558:Drivers/STM32G0xx_HAL_Driver/Src/stm32g0xx_hal_pcd.c ****   else
1559:Drivers/STM32G0xx_HAL_Driver/Src/stm32g0xx_hal_pcd.c ****   {
1560:Drivers/STM32G0xx_HAL_Driver/Src/stm32g0xx_hal_pcd.c ****     (void)USB_FlushRxFifo(hpcd->Instance);
1561:Drivers/STM32G0xx_HAL_Driver/Src/stm32g0xx_hal_pcd.c ****   }
1562:Drivers/STM32G0xx_HAL_Driver/Src/stm32g0xx_hal_pcd.c **** 
1563:Drivers/STM32G0xx_HAL_Driver/Src/stm32g0xx_hal_pcd.c ****   __HAL_UNLOCK(hpcd);
1564:Drivers/STM32G0xx_HAL_Driver/Src/stm32g0xx_hal_pcd.c **** 
1565:Drivers/STM32G0xx_HAL_Driver/Src/stm32g0xx_hal_pcd.c ****   return HAL_OK;
1566:Drivers/STM32G0xx_HAL_Driver/Src/stm32g0xx_hal_pcd.c **** }
1567:Drivers/STM32G0xx_HAL_Driver/Src/stm32g0xx_hal_pcd.c **** 
ARM GAS  C:\Users\Domagoj\AppData\Local\Temp\cc6jMbW9.s 			page 43


1568:Drivers/STM32G0xx_HAL_Driver/Src/stm32g0xx_hal_pcd.c **** /**
1569:Drivers/STM32G0xx_HAL_Driver/Src/stm32g0xx_hal_pcd.c ****   * @brief  Activate remote wakeup signalling
1570:Drivers/STM32G0xx_HAL_Driver/Src/stm32g0xx_hal_pcd.c ****   * @param  hpcd PCD handle
1571:Drivers/STM32G0xx_HAL_Driver/Src/stm32g0xx_hal_pcd.c ****   * @retval HAL status
1572:Drivers/STM32G0xx_HAL_Driver/Src/stm32g0xx_hal_pcd.c ****   */
1573:Drivers/STM32G0xx_HAL_Driver/Src/stm32g0xx_hal_pcd.c **** HAL_StatusTypeDef HAL_PCD_ActivateRemoteWakeup(PCD_HandleTypeDef *hpcd)
1574:Drivers/STM32G0xx_HAL_Driver/Src/stm32g0xx_hal_pcd.c **** {
1575:Drivers/STM32G0xx_HAL_Driver/Src/stm32g0xx_hal_pcd.c ****   return (USB_ActivateRemoteWakeup(hpcd->Instance));
1576:Drivers/STM32G0xx_HAL_Driver/Src/stm32g0xx_hal_pcd.c **** }
1577:Drivers/STM32G0xx_HAL_Driver/Src/stm32g0xx_hal_pcd.c **** 
1578:Drivers/STM32G0xx_HAL_Driver/Src/stm32g0xx_hal_pcd.c **** /**
1579:Drivers/STM32G0xx_HAL_Driver/Src/stm32g0xx_hal_pcd.c ****   * @brief  De-activate remote wakeup signalling.
1580:Drivers/STM32G0xx_HAL_Driver/Src/stm32g0xx_hal_pcd.c ****   * @param  hpcd PCD handle
1581:Drivers/STM32G0xx_HAL_Driver/Src/stm32g0xx_hal_pcd.c ****   * @retval HAL status
1582:Drivers/STM32G0xx_HAL_Driver/Src/stm32g0xx_hal_pcd.c ****   */
1583:Drivers/STM32G0xx_HAL_Driver/Src/stm32g0xx_hal_pcd.c **** HAL_StatusTypeDef HAL_PCD_DeActivateRemoteWakeup(PCD_HandleTypeDef *hpcd)
1584:Drivers/STM32G0xx_HAL_Driver/Src/stm32g0xx_hal_pcd.c **** {
1585:Drivers/STM32G0xx_HAL_Driver/Src/stm32g0xx_hal_pcd.c ****   return (USB_DeActivateRemoteWakeup(hpcd->Instance));
1586:Drivers/STM32G0xx_HAL_Driver/Src/stm32g0xx_hal_pcd.c **** }
1587:Drivers/STM32G0xx_HAL_Driver/Src/stm32g0xx_hal_pcd.c **** 
1588:Drivers/STM32G0xx_HAL_Driver/Src/stm32g0xx_hal_pcd.c **** /**
1589:Drivers/STM32G0xx_HAL_Driver/Src/stm32g0xx_hal_pcd.c ****   * @}
1590:Drivers/STM32G0xx_HAL_Driver/Src/stm32g0xx_hal_pcd.c ****   */
1591:Drivers/STM32G0xx_HAL_Driver/Src/stm32g0xx_hal_pcd.c **** 
1592:Drivers/STM32G0xx_HAL_Driver/Src/stm32g0xx_hal_pcd.c **** /** @defgroup PCD_Exported_Functions_Group4 Peripheral State functions
1593:Drivers/STM32G0xx_HAL_Driver/Src/stm32g0xx_hal_pcd.c ****   *  @brief   Peripheral State functions
1594:Drivers/STM32G0xx_HAL_Driver/Src/stm32g0xx_hal_pcd.c ****   *
1595:Drivers/STM32G0xx_HAL_Driver/Src/stm32g0xx_hal_pcd.c **** @verbatim
1596:Drivers/STM32G0xx_HAL_Driver/Src/stm32g0xx_hal_pcd.c ****  ===============================================================================
1597:Drivers/STM32G0xx_HAL_Driver/Src/stm32g0xx_hal_pcd.c ****                       ##### Peripheral State functions #####
1598:Drivers/STM32G0xx_HAL_Driver/Src/stm32g0xx_hal_pcd.c ****  ===============================================================================
1599:Drivers/STM32G0xx_HAL_Driver/Src/stm32g0xx_hal_pcd.c ****     [..]
1600:Drivers/STM32G0xx_HAL_Driver/Src/stm32g0xx_hal_pcd.c ****     This subsection permits to get in run-time the status of the peripheral
1601:Drivers/STM32G0xx_HAL_Driver/Src/stm32g0xx_hal_pcd.c ****     and the data flow.
1602:Drivers/STM32G0xx_HAL_Driver/Src/stm32g0xx_hal_pcd.c **** 
1603:Drivers/STM32G0xx_HAL_Driver/Src/stm32g0xx_hal_pcd.c **** @endverbatim
1604:Drivers/STM32G0xx_HAL_Driver/Src/stm32g0xx_hal_pcd.c ****   * @{
1605:Drivers/STM32G0xx_HAL_Driver/Src/stm32g0xx_hal_pcd.c ****   */
1606:Drivers/STM32G0xx_HAL_Driver/Src/stm32g0xx_hal_pcd.c **** 
1607:Drivers/STM32G0xx_HAL_Driver/Src/stm32g0xx_hal_pcd.c **** /**
1608:Drivers/STM32G0xx_HAL_Driver/Src/stm32g0xx_hal_pcd.c ****   * @brief  Return the PCD handle state.
1609:Drivers/STM32G0xx_HAL_Driver/Src/stm32g0xx_hal_pcd.c ****   * @param  hpcd PCD handle
1610:Drivers/STM32G0xx_HAL_Driver/Src/stm32g0xx_hal_pcd.c ****   * @retval HAL state
1611:Drivers/STM32G0xx_HAL_Driver/Src/stm32g0xx_hal_pcd.c ****   */
1612:Drivers/STM32G0xx_HAL_Driver/Src/stm32g0xx_hal_pcd.c **** PCD_StateTypeDef HAL_PCD_GetState(PCD_HandleTypeDef const *hpcd)
1613:Drivers/STM32G0xx_HAL_Driver/Src/stm32g0xx_hal_pcd.c **** {
1614:Drivers/STM32G0xx_HAL_Driver/Src/stm32g0xx_hal_pcd.c ****   return hpcd->State;
1615:Drivers/STM32G0xx_HAL_Driver/Src/stm32g0xx_hal_pcd.c **** }
1616:Drivers/STM32G0xx_HAL_Driver/Src/stm32g0xx_hal_pcd.c **** 
1617:Drivers/STM32G0xx_HAL_Driver/Src/stm32g0xx_hal_pcd.c **** /**
1618:Drivers/STM32G0xx_HAL_Driver/Src/stm32g0xx_hal_pcd.c ****   * @}
1619:Drivers/STM32G0xx_HAL_Driver/Src/stm32g0xx_hal_pcd.c ****   */
1620:Drivers/STM32G0xx_HAL_Driver/Src/stm32g0xx_hal_pcd.c **** 
1621:Drivers/STM32G0xx_HAL_Driver/Src/stm32g0xx_hal_pcd.c **** /**
1622:Drivers/STM32G0xx_HAL_Driver/Src/stm32g0xx_hal_pcd.c ****   * @}
1623:Drivers/STM32G0xx_HAL_Driver/Src/stm32g0xx_hal_pcd.c ****   */
1624:Drivers/STM32G0xx_HAL_Driver/Src/stm32g0xx_hal_pcd.c **** 
ARM GAS  C:\Users\Domagoj\AppData\Local\Temp\cc6jMbW9.s 			page 44


1625:Drivers/STM32G0xx_HAL_Driver/Src/stm32g0xx_hal_pcd.c **** /* Private functions ---------------------------------------------------------*/
1626:Drivers/STM32G0xx_HAL_Driver/Src/stm32g0xx_hal_pcd.c **** /** @addtogroup PCD_Private_Functions
1627:Drivers/STM32G0xx_HAL_Driver/Src/stm32g0xx_hal_pcd.c ****   * @{
1628:Drivers/STM32G0xx_HAL_Driver/Src/stm32g0xx_hal_pcd.c ****   */
1629:Drivers/STM32G0xx_HAL_Driver/Src/stm32g0xx_hal_pcd.c **** 
1630:Drivers/STM32G0xx_HAL_Driver/Src/stm32g0xx_hal_pcd.c **** 
1631:Drivers/STM32G0xx_HAL_Driver/Src/stm32g0xx_hal_pcd.c **** /**
1632:Drivers/STM32G0xx_HAL_Driver/Src/stm32g0xx_hal_pcd.c ****   * @brief  This function handles PCD Endpoint interrupt request.
1633:Drivers/STM32G0xx_HAL_Driver/Src/stm32g0xx_hal_pcd.c ****   * @param  hpcd PCD handle
1634:Drivers/STM32G0xx_HAL_Driver/Src/stm32g0xx_hal_pcd.c ****   * @retval HAL status
1635:Drivers/STM32G0xx_HAL_Driver/Src/stm32g0xx_hal_pcd.c ****   */
1636:Drivers/STM32G0xx_HAL_Driver/Src/stm32g0xx_hal_pcd.c **** static HAL_StatusTypeDef PCD_EP_ISR_Handler(PCD_HandleTypeDef *hpcd)
1637:Drivers/STM32G0xx_HAL_Driver/Src/stm32g0xx_hal_pcd.c **** {
1638:Drivers/STM32G0xx_HAL_Driver/Src/stm32g0xx_hal_pcd.c ****   PCD_EPTypeDef *ep;
1639:Drivers/STM32G0xx_HAL_Driver/Src/stm32g0xx_hal_pcd.c ****   uint16_t count;
1640:Drivers/STM32G0xx_HAL_Driver/Src/stm32g0xx_hal_pcd.c ****   uint16_t wIstr;
1641:Drivers/STM32G0xx_HAL_Driver/Src/stm32g0xx_hal_pcd.c ****   uint16_t wEPVal;
1642:Drivers/STM32G0xx_HAL_Driver/Src/stm32g0xx_hal_pcd.c ****   uint16_t TxPctSize;
1643:Drivers/STM32G0xx_HAL_Driver/Src/stm32g0xx_hal_pcd.c ****   uint8_t epindex;
1644:Drivers/STM32G0xx_HAL_Driver/Src/stm32g0xx_hal_pcd.c **** 
1645:Drivers/STM32G0xx_HAL_Driver/Src/stm32g0xx_hal_pcd.c **** #if (USE_USB_DOUBLE_BUFFER != 1U)
1646:Drivers/STM32G0xx_HAL_Driver/Src/stm32g0xx_hal_pcd.c ****   count = 0U;
1647:Drivers/STM32G0xx_HAL_Driver/Src/stm32g0xx_hal_pcd.c **** #endif /* USE_USB_DOUBLE_BUFFER */
1648:Drivers/STM32G0xx_HAL_Driver/Src/stm32g0xx_hal_pcd.c **** 
1649:Drivers/STM32G0xx_HAL_Driver/Src/stm32g0xx_hal_pcd.c ****   /* stay in loop while pending interrupts */
1650:Drivers/STM32G0xx_HAL_Driver/Src/stm32g0xx_hal_pcd.c ****   while ((hpcd->Instance->ISTR & USB_ISTR_CTR) != 0U)
1651:Drivers/STM32G0xx_HAL_Driver/Src/stm32g0xx_hal_pcd.c ****   {
1652:Drivers/STM32G0xx_HAL_Driver/Src/stm32g0xx_hal_pcd.c ****     wIstr = (uint16_t)hpcd->Instance->ISTR;
1653:Drivers/STM32G0xx_HAL_Driver/Src/stm32g0xx_hal_pcd.c **** 
1654:Drivers/STM32G0xx_HAL_Driver/Src/stm32g0xx_hal_pcd.c ****     /* extract highest priority endpoint number */
1655:Drivers/STM32G0xx_HAL_Driver/Src/stm32g0xx_hal_pcd.c ****     epindex = (uint8_t)(wIstr & USB_ISTR_IDN);
1656:Drivers/STM32G0xx_HAL_Driver/Src/stm32g0xx_hal_pcd.c **** 
1657:Drivers/STM32G0xx_HAL_Driver/Src/stm32g0xx_hal_pcd.c ****     if (epindex >= 8U)
1658:Drivers/STM32G0xx_HAL_Driver/Src/stm32g0xx_hal_pcd.c ****     {
1659:Drivers/STM32G0xx_HAL_Driver/Src/stm32g0xx_hal_pcd.c ****       return HAL_ERROR;
1660:Drivers/STM32G0xx_HAL_Driver/Src/stm32g0xx_hal_pcd.c ****     }
1661:Drivers/STM32G0xx_HAL_Driver/Src/stm32g0xx_hal_pcd.c **** 
1662:Drivers/STM32G0xx_HAL_Driver/Src/stm32g0xx_hal_pcd.c ****     if (epindex == 0U)
1663:Drivers/STM32G0xx_HAL_Driver/Src/stm32g0xx_hal_pcd.c ****     {
1664:Drivers/STM32G0xx_HAL_Driver/Src/stm32g0xx_hal_pcd.c ****       /* Decode and service control endpoint interrupt */
1665:Drivers/STM32G0xx_HAL_Driver/Src/stm32g0xx_hal_pcd.c **** 
1666:Drivers/STM32G0xx_HAL_Driver/Src/stm32g0xx_hal_pcd.c ****       /* DIR bit = origin of the interrupt */
1667:Drivers/STM32G0xx_HAL_Driver/Src/stm32g0xx_hal_pcd.c ****       if ((wIstr & USB_ISTR_DIR) == 0U)
1668:Drivers/STM32G0xx_HAL_Driver/Src/stm32g0xx_hal_pcd.c ****       {
1669:Drivers/STM32G0xx_HAL_Driver/Src/stm32g0xx_hal_pcd.c ****         /* DIR = 0 */
1670:Drivers/STM32G0xx_HAL_Driver/Src/stm32g0xx_hal_pcd.c **** 
1671:Drivers/STM32G0xx_HAL_Driver/Src/stm32g0xx_hal_pcd.c ****         /* DIR = 0 => IN  int */
1672:Drivers/STM32G0xx_HAL_Driver/Src/stm32g0xx_hal_pcd.c ****         /* DIR = 0 implies that (EP_CTR_TX = 1) always */
1673:Drivers/STM32G0xx_HAL_Driver/Src/stm32g0xx_hal_pcd.c ****         PCD_CLEAR_TX_EP_CTR(hpcd->Instance, PCD_ENDP0);
1674:Drivers/STM32G0xx_HAL_Driver/Src/stm32g0xx_hal_pcd.c ****         ep = &hpcd->IN_ep[0];
1675:Drivers/STM32G0xx_HAL_Driver/Src/stm32g0xx_hal_pcd.c **** 
1676:Drivers/STM32G0xx_HAL_Driver/Src/stm32g0xx_hal_pcd.c ****         ep->xfer_count = PCD_GET_EP_TX_CNT(hpcd->Instance, ep->num);
1677:Drivers/STM32G0xx_HAL_Driver/Src/stm32g0xx_hal_pcd.c ****         ep->xfer_buff += ep->xfer_count;
1678:Drivers/STM32G0xx_HAL_Driver/Src/stm32g0xx_hal_pcd.c **** 
1679:Drivers/STM32G0xx_HAL_Driver/Src/stm32g0xx_hal_pcd.c ****         /* TX COMPLETE */
1680:Drivers/STM32G0xx_HAL_Driver/Src/stm32g0xx_hal_pcd.c **** #if (USE_HAL_PCD_REGISTER_CALLBACKS == 1U)
1681:Drivers/STM32G0xx_HAL_Driver/Src/stm32g0xx_hal_pcd.c ****         hpcd->DataInStageCallback(hpcd, 0U);
ARM GAS  C:\Users\Domagoj\AppData\Local\Temp\cc6jMbW9.s 			page 45


1682:Drivers/STM32G0xx_HAL_Driver/Src/stm32g0xx_hal_pcd.c **** #else
1683:Drivers/STM32G0xx_HAL_Driver/Src/stm32g0xx_hal_pcd.c ****         HAL_PCD_DataInStageCallback(hpcd, 0U);
1684:Drivers/STM32G0xx_HAL_Driver/Src/stm32g0xx_hal_pcd.c **** #endif /* USE_HAL_PCD_REGISTER_CALLBACKS */
1685:Drivers/STM32G0xx_HAL_Driver/Src/stm32g0xx_hal_pcd.c **** 
1686:Drivers/STM32G0xx_HAL_Driver/Src/stm32g0xx_hal_pcd.c ****         if ((hpcd->USB_Address > 0U) && (ep->xfer_len == 0U))
1687:Drivers/STM32G0xx_HAL_Driver/Src/stm32g0xx_hal_pcd.c ****         {
1688:Drivers/STM32G0xx_HAL_Driver/Src/stm32g0xx_hal_pcd.c ****           hpcd->Instance->DADDR = ((uint16_t)hpcd->USB_Address | USB_DADDR_EF);
1689:Drivers/STM32G0xx_HAL_Driver/Src/stm32g0xx_hal_pcd.c ****           hpcd->USB_Address = 0U;
1690:Drivers/STM32G0xx_HAL_Driver/Src/stm32g0xx_hal_pcd.c ****         }
1691:Drivers/STM32G0xx_HAL_Driver/Src/stm32g0xx_hal_pcd.c ****       }
1692:Drivers/STM32G0xx_HAL_Driver/Src/stm32g0xx_hal_pcd.c ****       else
1693:Drivers/STM32G0xx_HAL_Driver/Src/stm32g0xx_hal_pcd.c ****       {
1694:Drivers/STM32G0xx_HAL_Driver/Src/stm32g0xx_hal_pcd.c ****         /* DIR = 1 */
1695:Drivers/STM32G0xx_HAL_Driver/Src/stm32g0xx_hal_pcd.c **** 
1696:Drivers/STM32G0xx_HAL_Driver/Src/stm32g0xx_hal_pcd.c ****         /* DIR = 1 & CTR_RX => SETUP or OUT int */
1697:Drivers/STM32G0xx_HAL_Driver/Src/stm32g0xx_hal_pcd.c ****         /* DIR = 1 & (CTR_TX | CTR_RX) => 2 int pending */
1698:Drivers/STM32G0xx_HAL_Driver/Src/stm32g0xx_hal_pcd.c ****         ep = &hpcd->OUT_ep[0];
1699:Drivers/STM32G0xx_HAL_Driver/Src/stm32g0xx_hal_pcd.c ****         wEPVal = (uint16_t)PCD_GET_ENDPOINT(hpcd->Instance, PCD_ENDP0);
1700:Drivers/STM32G0xx_HAL_Driver/Src/stm32g0xx_hal_pcd.c **** 
1701:Drivers/STM32G0xx_HAL_Driver/Src/stm32g0xx_hal_pcd.c ****         if ((wEPVal & USB_EP_SETUP) != 0U)
1702:Drivers/STM32G0xx_HAL_Driver/Src/stm32g0xx_hal_pcd.c ****         {
1703:Drivers/STM32G0xx_HAL_Driver/Src/stm32g0xx_hal_pcd.c ****           /* Get SETUP Packet */
1704:Drivers/STM32G0xx_HAL_Driver/Src/stm32g0xx_hal_pcd.c ****           ep->xfer_count = PCD_GET_EP_RX_CNT(hpcd->Instance, ep->num);
1705:Drivers/STM32G0xx_HAL_Driver/Src/stm32g0xx_hal_pcd.c **** 
1706:Drivers/STM32G0xx_HAL_Driver/Src/stm32g0xx_hal_pcd.c ****           if (ep->xfer_count != 8U)
1707:Drivers/STM32G0xx_HAL_Driver/Src/stm32g0xx_hal_pcd.c ****           {
1708:Drivers/STM32G0xx_HAL_Driver/Src/stm32g0xx_hal_pcd.c ****             /* Set Stall condition for EP0 IN/OUT */
1709:Drivers/STM32G0xx_HAL_Driver/Src/stm32g0xx_hal_pcd.c ****             PCD_SET_EP_RX_STATUS(hpcd->Instance, PCD_ENDP0, USB_EP_RX_STALL);
1710:Drivers/STM32G0xx_HAL_Driver/Src/stm32g0xx_hal_pcd.c ****             PCD_SET_EP_TX_STATUS(hpcd->Instance, PCD_ENDP0, USB_EP_TX_STALL);
1711:Drivers/STM32G0xx_HAL_Driver/Src/stm32g0xx_hal_pcd.c **** 
1712:Drivers/STM32G0xx_HAL_Driver/Src/stm32g0xx_hal_pcd.c ****             /* SETUP bit kept frozen while CTR_RX = 1 */
1713:Drivers/STM32G0xx_HAL_Driver/Src/stm32g0xx_hal_pcd.c ****             PCD_CLEAR_RX_EP_CTR(hpcd->Instance, PCD_ENDP0);
1714:Drivers/STM32G0xx_HAL_Driver/Src/stm32g0xx_hal_pcd.c **** 
1715:Drivers/STM32G0xx_HAL_Driver/Src/stm32g0xx_hal_pcd.c ****             return HAL_OK;
1716:Drivers/STM32G0xx_HAL_Driver/Src/stm32g0xx_hal_pcd.c ****           }
1717:Drivers/STM32G0xx_HAL_Driver/Src/stm32g0xx_hal_pcd.c **** 
1718:Drivers/STM32G0xx_HAL_Driver/Src/stm32g0xx_hal_pcd.c ****           USB_ReadPMA(hpcd->Instance, (uint8_t *)hpcd->Setup,
1719:Drivers/STM32G0xx_HAL_Driver/Src/stm32g0xx_hal_pcd.c ****                       ep->pmaadress, (uint16_t)ep->xfer_count);
1720:Drivers/STM32G0xx_HAL_Driver/Src/stm32g0xx_hal_pcd.c **** 
1721:Drivers/STM32G0xx_HAL_Driver/Src/stm32g0xx_hal_pcd.c ****           /* SETUP bit kept frozen while CTR_RX = 1 */
1722:Drivers/STM32G0xx_HAL_Driver/Src/stm32g0xx_hal_pcd.c ****           PCD_CLEAR_RX_EP_CTR(hpcd->Instance, PCD_ENDP0);
1723:Drivers/STM32G0xx_HAL_Driver/Src/stm32g0xx_hal_pcd.c **** 
1724:Drivers/STM32G0xx_HAL_Driver/Src/stm32g0xx_hal_pcd.c ****           /* Process SETUP Packet*/
1725:Drivers/STM32G0xx_HAL_Driver/Src/stm32g0xx_hal_pcd.c **** #if (USE_HAL_PCD_REGISTER_CALLBACKS == 1U)
1726:Drivers/STM32G0xx_HAL_Driver/Src/stm32g0xx_hal_pcd.c ****           hpcd->SetupStageCallback(hpcd);
1727:Drivers/STM32G0xx_HAL_Driver/Src/stm32g0xx_hal_pcd.c **** #else
1728:Drivers/STM32G0xx_HAL_Driver/Src/stm32g0xx_hal_pcd.c ****           HAL_PCD_SetupStageCallback(hpcd);
1729:Drivers/STM32G0xx_HAL_Driver/Src/stm32g0xx_hal_pcd.c **** #endif /* USE_HAL_PCD_REGISTER_CALLBACKS */
1730:Drivers/STM32G0xx_HAL_Driver/Src/stm32g0xx_hal_pcd.c ****         }
1731:Drivers/STM32G0xx_HAL_Driver/Src/stm32g0xx_hal_pcd.c ****         else if ((wEPVal & USB_EP_VTRX) != 0U)
1732:Drivers/STM32G0xx_HAL_Driver/Src/stm32g0xx_hal_pcd.c ****         {
1733:Drivers/STM32G0xx_HAL_Driver/Src/stm32g0xx_hal_pcd.c ****           PCD_CLEAR_RX_EP_CTR(hpcd->Instance, PCD_ENDP0);
1734:Drivers/STM32G0xx_HAL_Driver/Src/stm32g0xx_hal_pcd.c **** 
1735:Drivers/STM32G0xx_HAL_Driver/Src/stm32g0xx_hal_pcd.c ****           /* Get Control Data OUT Packet */
1736:Drivers/STM32G0xx_HAL_Driver/Src/stm32g0xx_hal_pcd.c ****           ep->xfer_count = PCD_GET_EP_RX_CNT(hpcd->Instance, ep->num);
1737:Drivers/STM32G0xx_HAL_Driver/Src/stm32g0xx_hal_pcd.c **** 
1738:Drivers/STM32G0xx_HAL_Driver/Src/stm32g0xx_hal_pcd.c ****           if (ep->xfer_count == 0U)
ARM GAS  C:\Users\Domagoj\AppData\Local\Temp\cc6jMbW9.s 			page 46


1739:Drivers/STM32G0xx_HAL_Driver/Src/stm32g0xx_hal_pcd.c ****           {
1740:Drivers/STM32G0xx_HAL_Driver/Src/stm32g0xx_hal_pcd.c ****             /* Status phase re-arm for next setup */
1741:Drivers/STM32G0xx_HAL_Driver/Src/stm32g0xx_hal_pcd.c ****             PCD_SET_EP_RX_STATUS(hpcd->Instance, PCD_ENDP0, USB_EP_RX_VALID);
1742:Drivers/STM32G0xx_HAL_Driver/Src/stm32g0xx_hal_pcd.c ****           }
1743:Drivers/STM32G0xx_HAL_Driver/Src/stm32g0xx_hal_pcd.c ****           else
1744:Drivers/STM32G0xx_HAL_Driver/Src/stm32g0xx_hal_pcd.c ****           {
1745:Drivers/STM32G0xx_HAL_Driver/Src/stm32g0xx_hal_pcd.c ****             if (ep->xfer_buff != 0U)
1746:Drivers/STM32G0xx_HAL_Driver/Src/stm32g0xx_hal_pcd.c ****             {
1747:Drivers/STM32G0xx_HAL_Driver/Src/stm32g0xx_hal_pcd.c ****               USB_ReadPMA(hpcd->Instance, ep->xfer_buff,
1748:Drivers/STM32G0xx_HAL_Driver/Src/stm32g0xx_hal_pcd.c ****                           ep->pmaadress, (uint16_t)ep->xfer_count);  /* max 64bytes */
1749:Drivers/STM32G0xx_HAL_Driver/Src/stm32g0xx_hal_pcd.c **** 
1750:Drivers/STM32G0xx_HAL_Driver/Src/stm32g0xx_hal_pcd.c ****               ep->xfer_buff += ep->xfer_count;
1751:Drivers/STM32G0xx_HAL_Driver/Src/stm32g0xx_hal_pcd.c **** 
1752:Drivers/STM32G0xx_HAL_Driver/Src/stm32g0xx_hal_pcd.c ****               /* Process Control Data OUT Packet */
1753:Drivers/STM32G0xx_HAL_Driver/Src/stm32g0xx_hal_pcd.c **** #if (USE_HAL_PCD_REGISTER_CALLBACKS == 1U)
1754:Drivers/STM32G0xx_HAL_Driver/Src/stm32g0xx_hal_pcd.c ****               hpcd->DataOutStageCallback(hpcd, 0U);
1755:Drivers/STM32G0xx_HAL_Driver/Src/stm32g0xx_hal_pcd.c **** #else
1756:Drivers/STM32G0xx_HAL_Driver/Src/stm32g0xx_hal_pcd.c ****               HAL_PCD_DataOutStageCallback(hpcd, 0U);
1757:Drivers/STM32G0xx_HAL_Driver/Src/stm32g0xx_hal_pcd.c **** #endif /* USE_HAL_PCD_REGISTER_CALLBACKS */
1758:Drivers/STM32G0xx_HAL_Driver/Src/stm32g0xx_hal_pcd.c ****             }
1759:Drivers/STM32G0xx_HAL_Driver/Src/stm32g0xx_hal_pcd.c ****           }
1760:Drivers/STM32G0xx_HAL_Driver/Src/stm32g0xx_hal_pcd.c ****         }
1761:Drivers/STM32G0xx_HAL_Driver/Src/stm32g0xx_hal_pcd.c ****       }
1762:Drivers/STM32G0xx_HAL_Driver/Src/stm32g0xx_hal_pcd.c ****     }
1763:Drivers/STM32G0xx_HAL_Driver/Src/stm32g0xx_hal_pcd.c ****     else
1764:Drivers/STM32G0xx_HAL_Driver/Src/stm32g0xx_hal_pcd.c ****     {
1765:Drivers/STM32G0xx_HAL_Driver/Src/stm32g0xx_hal_pcd.c ****       /* Decode and service non control endpoints interrupt */
1766:Drivers/STM32G0xx_HAL_Driver/Src/stm32g0xx_hal_pcd.c ****       /* process related endpoint register */
1767:Drivers/STM32G0xx_HAL_Driver/Src/stm32g0xx_hal_pcd.c ****       wEPVal = (uint16_t)PCD_GET_ENDPOINT(hpcd->Instance, epindex);
1768:Drivers/STM32G0xx_HAL_Driver/Src/stm32g0xx_hal_pcd.c **** 
1769:Drivers/STM32G0xx_HAL_Driver/Src/stm32g0xx_hal_pcd.c ****       if ((wEPVal & USB_EP_VTRX) != 0U)
1770:Drivers/STM32G0xx_HAL_Driver/Src/stm32g0xx_hal_pcd.c ****       {
1771:Drivers/STM32G0xx_HAL_Driver/Src/stm32g0xx_hal_pcd.c ****         /* clear int flag */
1772:Drivers/STM32G0xx_HAL_Driver/Src/stm32g0xx_hal_pcd.c ****         PCD_CLEAR_RX_EP_CTR(hpcd->Instance, epindex);
1773:Drivers/STM32G0xx_HAL_Driver/Src/stm32g0xx_hal_pcd.c ****         ep = &hpcd->OUT_ep[epindex];
1774:Drivers/STM32G0xx_HAL_Driver/Src/stm32g0xx_hal_pcd.c **** 
1775:Drivers/STM32G0xx_HAL_Driver/Src/stm32g0xx_hal_pcd.c ****         /* OUT Single Buffering */
1776:Drivers/STM32G0xx_HAL_Driver/Src/stm32g0xx_hal_pcd.c ****         if (ep->doublebuffer == 0U)
1777:Drivers/STM32G0xx_HAL_Driver/Src/stm32g0xx_hal_pcd.c ****         {
1778:Drivers/STM32G0xx_HAL_Driver/Src/stm32g0xx_hal_pcd.c ****           count = (uint16_t)PCD_GET_EP_RX_CNT(hpcd->Instance, ep->num);
1779:Drivers/STM32G0xx_HAL_Driver/Src/stm32g0xx_hal_pcd.c **** 
1780:Drivers/STM32G0xx_HAL_Driver/Src/stm32g0xx_hal_pcd.c ****           if (count != 0U)
1781:Drivers/STM32G0xx_HAL_Driver/Src/stm32g0xx_hal_pcd.c ****           {
1782:Drivers/STM32G0xx_HAL_Driver/Src/stm32g0xx_hal_pcd.c ****             USB_ReadPMA(hpcd->Instance, ep->xfer_buff, ep->pmaadress, count);
1783:Drivers/STM32G0xx_HAL_Driver/Src/stm32g0xx_hal_pcd.c ****           }
1784:Drivers/STM32G0xx_HAL_Driver/Src/stm32g0xx_hal_pcd.c ****         }
1785:Drivers/STM32G0xx_HAL_Driver/Src/stm32g0xx_hal_pcd.c **** #if (USE_USB_DOUBLE_BUFFER == 1U)
1786:Drivers/STM32G0xx_HAL_Driver/Src/stm32g0xx_hal_pcd.c ****         else
1787:Drivers/STM32G0xx_HAL_Driver/Src/stm32g0xx_hal_pcd.c ****         {
1788:Drivers/STM32G0xx_HAL_Driver/Src/stm32g0xx_hal_pcd.c ****           /* manage double buffer bulk out */
1789:Drivers/STM32G0xx_HAL_Driver/Src/stm32g0xx_hal_pcd.c ****           if (ep->type == EP_TYPE_BULK)
1790:Drivers/STM32G0xx_HAL_Driver/Src/stm32g0xx_hal_pcd.c ****           {
1791:Drivers/STM32G0xx_HAL_Driver/Src/stm32g0xx_hal_pcd.c ****             count = HAL_PCD_EP_DB_Receive(hpcd, ep, wEPVal);
1792:Drivers/STM32G0xx_HAL_Driver/Src/stm32g0xx_hal_pcd.c ****           }
1793:Drivers/STM32G0xx_HAL_Driver/Src/stm32g0xx_hal_pcd.c ****           else /* manage double buffer iso out */
1794:Drivers/STM32G0xx_HAL_Driver/Src/stm32g0xx_hal_pcd.c ****           {
1795:Drivers/STM32G0xx_HAL_Driver/Src/stm32g0xx_hal_pcd.c ****             /* free EP OUT Buffer */
ARM GAS  C:\Users\Domagoj\AppData\Local\Temp\cc6jMbW9.s 			page 47


1796:Drivers/STM32G0xx_HAL_Driver/Src/stm32g0xx_hal_pcd.c ****             PCD_FREE_USER_BUFFER(hpcd->Instance, ep->num, 0U);
1797:Drivers/STM32G0xx_HAL_Driver/Src/stm32g0xx_hal_pcd.c **** 
1798:Drivers/STM32G0xx_HAL_Driver/Src/stm32g0xx_hal_pcd.c ****             if ((PCD_GET_ENDPOINT(hpcd->Instance, ep->num) & USB_EP_DTOG_RX) != 0U)
1799:Drivers/STM32G0xx_HAL_Driver/Src/stm32g0xx_hal_pcd.c ****             {
1800:Drivers/STM32G0xx_HAL_Driver/Src/stm32g0xx_hal_pcd.c ****               /* read from endpoint BUF0Addr buffer */
1801:Drivers/STM32G0xx_HAL_Driver/Src/stm32g0xx_hal_pcd.c ****               count = (uint16_t)PCD_GET_EP_DBUF0_CNT(hpcd->Instance, ep->num);
1802:Drivers/STM32G0xx_HAL_Driver/Src/stm32g0xx_hal_pcd.c **** 
1803:Drivers/STM32G0xx_HAL_Driver/Src/stm32g0xx_hal_pcd.c ****               if (count != 0U)
1804:Drivers/STM32G0xx_HAL_Driver/Src/stm32g0xx_hal_pcd.c ****               {
1805:Drivers/STM32G0xx_HAL_Driver/Src/stm32g0xx_hal_pcd.c ****                 USB_ReadPMA(hpcd->Instance, ep->xfer_buff, ep->pmaaddr0, count);
1806:Drivers/STM32G0xx_HAL_Driver/Src/stm32g0xx_hal_pcd.c ****               }
1807:Drivers/STM32G0xx_HAL_Driver/Src/stm32g0xx_hal_pcd.c ****             }
1808:Drivers/STM32G0xx_HAL_Driver/Src/stm32g0xx_hal_pcd.c ****             else
1809:Drivers/STM32G0xx_HAL_Driver/Src/stm32g0xx_hal_pcd.c ****             {
1810:Drivers/STM32G0xx_HAL_Driver/Src/stm32g0xx_hal_pcd.c ****               /* read from endpoint BUF1Addr buffer */
1811:Drivers/STM32G0xx_HAL_Driver/Src/stm32g0xx_hal_pcd.c ****               count = (uint16_t)PCD_GET_EP_DBUF1_CNT(hpcd->Instance, ep->num);
1812:Drivers/STM32G0xx_HAL_Driver/Src/stm32g0xx_hal_pcd.c **** 
1813:Drivers/STM32G0xx_HAL_Driver/Src/stm32g0xx_hal_pcd.c ****               if (count != 0U)
1814:Drivers/STM32G0xx_HAL_Driver/Src/stm32g0xx_hal_pcd.c ****               {
1815:Drivers/STM32G0xx_HAL_Driver/Src/stm32g0xx_hal_pcd.c ****                 USB_ReadPMA(hpcd->Instance, ep->xfer_buff, ep->pmaaddr1, count);
1816:Drivers/STM32G0xx_HAL_Driver/Src/stm32g0xx_hal_pcd.c ****               }
1817:Drivers/STM32G0xx_HAL_Driver/Src/stm32g0xx_hal_pcd.c ****             }
1818:Drivers/STM32G0xx_HAL_Driver/Src/stm32g0xx_hal_pcd.c ****           }
1819:Drivers/STM32G0xx_HAL_Driver/Src/stm32g0xx_hal_pcd.c ****         }
1820:Drivers/STM32G0xx_HAL_Driver/Src/stm32g0xx_hal_pcd.c **** #endif /* (USE_USB_DOUBLE_BUFFER == 1U) */
1821:Drivers/STM32G0xx_HAL_Driver/Src/stm32g0xx_hal_pcd.c **** 
1822:Drivers/STM32G0xx_HAL_Driver/Src/stm32g0xx_hal_pcd.c ****         /* multi-packet on the NON control OUT endpoint */
1823:Drivers/STM32G0xx_HAL_Driver/Src/stm32g0xx_hal_pcd.c ****         ep->xfer_count += count;
1824:Drivers/STM32G0xx_HAL_Driver/Src/stm32g0xx_hal_pcd.c **** 
1825:Drivers/STM32G0xx_HAL_Driver/Src/stm32g0xx_hal_pcd.c ****         if ((ep->xfer_len == 0U) || (count < ep->maxpacket))
1826:Drivers/STM32G0xx_HAL_Driver/Src/stm32g0xx_hal_pcd.c ****         {
1827:Drivers/STM32G0xx_HAL_Driver/Src/stm32g0xx_hal_pcd.c ****           /* RX COMPLETE */
1828:Drivers/STM32G0xx_HAL_Driver/Src/stm32g0xx_hal_pcd.c **** #if (USE_HAL_PCD_REGISTER_CALLBACKS == 1U)
1829:Drivers/STM32G0xx_HAL_Driver/Src/stm32g0xx_hal_pcd.c ****           hpcd->DataOutStageCallback(hpcd, ep->num);
1830:Drivers/STM32G0xx_HAL_Driver/Src/stm32g0xx_hal_pcd.c **** #else
1831:Drivers/STM32G0xx_HAL_Driver/Src/stm32g0xx_hal_pcd.c ****           HAL_PCD_DataOutStageCallback(hpcd, ep->num);
1832:Drivers/STM32G0xx_HAL_Driver/Src/stm32g0xx_hal_pcd.c **** #endif /* USE_HAL_PCD_REGISTER_CALLBACKS */
1833:Drivers/STM32G0xx_HAL_Driver/Src/stm32g0xx_hal_pcd.c ****         }
1834:Drivers/STM32G0xx_HAL_Driver/Src/stm32g0xx_hal_pcd.c ****         else
1835:Drivers/STM32G0xx_HAL_Driver/Src/stm32g0xx_hal_pcd.c ****         {
1836:Drivers/STM32G0xx_HAL_Driver/Src/stm32g0xx_hal_pcd.c ****           ep->xfer_buff += count;
1837:Drivers/STM32G0xx_HAL_Driver/Src/stm32g0xx_hal_pcd.c ****           (void)USB_EPStartXfer(hpcd->Instance, ep);
1838:Drivers/STM32G0xx_HAL_Driver/Src/stm32g0xx_hal_pcd.c ****         }
1839:Drivers/STM32G0xx_HAL_Driver/Src/stm32g0xx_hal_pcd.c ****       }
1840:Drivers/STM32G0xx_HAL_Driver/Src/stm32g0xx_hal_pcd.c **** 
1841:Drivers/STM32G0xx_HAL_Driver/Src/stm32g0xx_hal_pcd.c ****       if ((wEPVal & USB_EP_VTTX) != 0U)
1842:Drivers/STM32G0xx_HAL_Driver/Src/stm32g0xx_hal_pcd.c ****       {
1843:Drivers/STM32G0xx_HAL_Driver/Src/stm32g0xx_hal_pcd.c ****         ep = &hpcd->IN_ep[epindex];
1844:Drivers/STM32G0xx_HAL_Driver/Src/stm32g0xx_hal_pcd.c **** 
1845:Drivers/STM32G0xx_HAL_Driver/Src/stm32g0xx_hal_pcd.c ****         /* clear int flag */
1846:Drivers/STM32G0xx_HAL_Driver/Src/stm32g0xx_hal_pcd.c ****         PCD_CLEAR_TX_EP_CTR(hpcd->Instance, epindex);
1847:Drivers/STM32G0xx_HAL_Driver/Src/stm32g0xx_hal_pcd.c **** 
1848:Drivers/STM32G0xx_HAL_Driver/Src/stm32g0xx_hal_pcd.c ****         if (ep->type == EP_TYPE_ISOC)
1849:Drivers/STM32G0xx_HAL_Driver/Src/stm32g0xx_hal_pcd.c ****         {
1850:Drivers/STM32G0xx_HAL_Driver/Src/stm32g0xx_hal_pcd.c ****           ep->xfer_len = 0U;
1851:Drivers/STM32G0xx_HAL_Driver/Src/stm32g0xx_hal_pcd.c **** 
1852:Drivers/STM32G0xx_HAL_Driver/Src/stm32g0xx_hal_pcd.c **** #if (USE_USB_DOUBLE_BUFFER == 1U)
ARM GAS  C:\Users\Domagoj\AppData\Local\Temp\cc6jMbW9.s 			page 48


1853:Drivers/STM32G0xx_HAL_Driver/Src/stm32g0xx_hal_pcd.c ****           if (ep->doublebuffer != 0U)
1854:Drivers/STM32G0xx_HAL_Driver/Src/stm32g0xx_hal_pcd.c ****           {
1855:Drivers/STM32G0xx_HAL_Driver/Src/stm32g0xx_hal_pcd.c ****             if ((wEPVal & USB_EP_DTOG_TX) != 0U)
1856:Drivers/STM32G0xx_HAL_Driver/Src/stm32g0xx_hal_pcd.c ****             {
1857:Drivers/STM32G0xx_HAL_Driver/Src/stm32g0xx_hal_pcd.c ****               PCD_SET_EP_DBUF0_CNT(hpcd->Instance, ep->num, ep->is_in, 0U);
1858:Drivers/STM32G0xx_HAL_Driver/Src/stm32g0xx_hal_pcd.c ****             }
1859:Drivers/STM32G0xx_HAL_Driver/Src/stm32g0xx_hal_pcd.c ****             else
1860:Drivers/STM32G0xx_HAL_Driver/Src/stm32g0xx_hal_pcd.c ****             {
1861:Drivers/STM32G0xx_HAL_Driver/Src/stm32g0xx_hal_pcd.c ****               PCD_SET_EP_DBUF1_CNT(hpcd->Instance, ep->num, ep->is_in, 0U);
1862:Drivers/STM32G0xx_HAL_Driver/Src/stm32g0xx_hal_pcd.c ****             }
1863:Drivers/STM32G0xx_HAL_Driver/Src/stm32g0xx_hal_pcd.c ****           }
1864:Drivers/STM32G0xx_HAL_Driver/Src/stm32g0xx_hal_pcd.c **** #endif /* (USE_USB_DOUBLE_BUFFER == 1U) */
1865:Drivers/STM32G0xx_HAL_Driver/Src/stm32g0xx_hal_pcd.c **** 
1866:Drivers/STM32G0xx_HAL_Driver/Src/stm32g0xx_hal_pcd.c ****           /* TX COMPLETE */
1867:Drivers/STM32G0xx_HAL_Driver/Src/stm32g0xx_hal_pcd.c **** #if (USE_HAL_PCD_REGISTER_CALLBACKS == 1U)
1868:Drivers/STM32G0xx_HAL_Driver/Src/stm32g0xx_hal_pcd.c ****           hpcd->DataInStageCallback(hpcd, ep->num);
1869:Drivers/STM32G0xx_HAL_Driver/Src/stm32g0xx_hal_pcd.c **** #else
1870:Drivers/STM32G0xx_HAL_Driver/Src/stm32g0xx_hal_pcd.c ****           HAL_PCD_DataInStageCallback(hpcd, ep->num);
1871:Drivers/STM32G0xx_HAL_Driver/Src/stm32g0xx_hal_pcd.c **** #endif /* USE_HAL_PCD_REGISTER_CALLBACKS */
1872:Drivers/STM32G0xx_HAL_Driver/Src/stm32g0xx_hal_pcd.c ****         }
1873:Drivers/STM32G0xx_HAL_Driver/Src/stm32g0xx_hal_pcd.c ****         else
1874:Drivers/STM32G0xx_HAL_Driver/Src/stm32g0xx_hal_pcd.c ****         {
1875:Drivers/STM32G0xx_HAL_Driver/Src/stm32g0xx_hal_pcd.c ****           /* Manage Single Buffer Transaction */
1876:Drivers/STM32G0xx_HAL_Driver/Src/stm32g0xx_hal_pcd.c ****           if ((wEPVal & USB_EP_KIND) == 0U)
1877:Drivers/STM32G0xx_HAL_Driver/Src/stm32g0xx_hal_pcd.c ****           {
1878:Drivers/STM32G0xx_HAL_Driver/Src/stm32g0xx_hal_pcd.c ****             /* Multi-packet on the NON control IN endpoint */
1879:Drivers/STM32G0xx_HAL_Driver/Src/stm32g0xx_hal_pcd.c ****             TxPctSize = (uint16_t)PCD_GET_EP_TX_CNT(hpcd->Instance, ep->num);
1880:Drivers/STM32G0xx_HAL_Driver/Src/stm32g0xx_hal_pcd.c **** 
1881:Drivers/STM32G0xx_HAL_Driver/Src/stm32g0xx_hal_pcd.c ****             if (ep->xfer_len > TxPctSize)
1882:Drivers/STM32G0xx_HAL_Driver/Src/stm32g0xx_hal_pcd.c ****             {
1883:Drivers/STM32G0xx_HAL_Driver/Src/stm32g0xx_hal_pcd.c ****               ep->xfer_len -= TxPctSize;
1884:Drivers/STM32G0xx_HAL_Driver/Src/stm32g0xx_hal_pcd.c ****             }
1885:Drivers/STM32G0xx_HAL_Driver/Src/stm32g0xx_hal_pcd.c ****             else
1886:Drivers/STM32G0xx_HAL_Driver/Src/stm32g0xx_hal_pcd.c ****             {
1887:Drivers/STM32G0xx_HAL_Driver/Src/stm32g0xx_hal_pcd.c ****               ep->xfer_len = 0U;
1888:Drivers/STM32G0xx_HAL_Driver/Src/stm32g0xx_hal_pcd.c ****             }
1889:Drivers/STM32G0xx_HAL_Driver/Src/stm32g0xx_hal_pcd.c **** 
1890:Drivers/STM32G0xx_HAL_Driver/Src/stm32g0xx_hal_pcd.c ****             /* Zero Length Packet? */
1891:Drivers/STM32G0xx_HAL_Driver/Src/stm32g0xx_hal_pcd.c ****             if (ep->xfer_len == 0U)
1892:Drivers/STM32G0xx_HAL_Driver/Src/stm32g0xx_hal_pcd.c ****             {
1893:Drivers/STM32G0xx_HAL_Driver/Src/stm32g0xx_hal_pcd.c ****               /* TX COMPLETE */
1894:Drivers/STM32G0xx_HAL_Driver/Src/stm32g0xx_hal_pcd.c **** #if (USE_HAL_PCD_REGISTER_CALLBACKS == 1U)
1895:Drivers/STM32G0xx_HAL_Driver/Src/stm32g0xx_hal_pcd.c ****               hpcd->DataInStageCallback(hpcd, ep->num);
1896:Drivers/STM32G0xx_HAL_Driver/Src/stm32g0xx_hal_pcd.c **** #else
1897:Drivers/STM32G0xx_HAL_Driver/Src/stm32g0xx_hal_pcd.c ****               HAL_PCD_DataInStageCallback(hpcd, ep->num);
1898:Drivers/STM32G0xx_HAL_Driver/Src/stm32g0xx_hal_pcd.c **** #endif /* USE_HAL_PCD_REGISTER_CALLBACKS */
1899:Drivers/STM32G0xx_HAL_Driver/Src/stm32g0xx_hal_pcd.c ****             }
1900:Drivers/STM32G0xx_HAL_Driver/Src/stm32g0xx_hal_pcd.c ****             else
1901:Drivers/STM32G0xx_HAL_Driver/Src/stm32g0xx_hal_pcd.c ****             {
1902:Drivers/STM32G0xx_HAL_Driver/Src/stm32g0xx_hal_pcd.c ****               /* Transfer is not yet Done */
1903:Drivers/STM32G0xx_HAL_Driver/Src/stm32g0xx_hal_pcd.c ****               ep->xfer_buff += TxPctSize;
1904:Drivers/STM32G0xx_HAL_Driver/Src/stm32g0xx_hal_pcd.c ****               ep->xfer_count += TxPctSize;
1905:Drivers/STM32G0xx_HAL_Driver/Src/stm32g0xx_hal_pcd.c ****               (void)USB_EPStartXfer(hpcd->Instance, ep);
1906:Drivers/STM32G0xx_HAL_Driver/Src/stm32g0xx_hal_pcd.c ****             }
1907:Drivers/STM32G0xx_HAL_Driver/Src/stm32g0xx_hal_pcd.c ****           }
1908:Drivers/STM32G0xx_HAL_Driver/Src/stm32g0xx_hal_pcd.c **** #if (USE_USB_DOUBLE_BUFFER == 1U)
1909:Drivers/STM32G0xx_HAL_Driver/Src/stm32g0xx_hal_pcd.c ****           /* Double Buffer bulk IN (bulk transfer Len > Ep_Mps) */
ARM GAS  C:\Users\Domagoj\AppData\Local\Temp\cc6jMbW9.s 			page 49


1910:Drivers/STM32G0xx_HAL_Driver/Src/stm32g0xx_hal_pcd.c ****           else
1911:Drivers/STM32G0xx_HAL_Driver/Src/stm32g0xx_hal_pcd.c ****           {
1912:Drivers/STM32G0xx_HAL_Driver/Src/stm32g0xx_hal_pcd.c ****             (void)HAL_PCD_EP_DB_Transmit(hpcd, ep, wEPVal);
1913:Drivers/STM32G0xx_HAL_Driver/Src/stm32g0xx_hal_pcd.c ****           }
1914:Drivers/STM32G0xx_HAL_Driver/Src/stm32g0xx_hal_pcd.c **** #endif /* (USE_USB_DOUBLE_BUFFER == 1U) */
1915:Drivers/STM32G0xx_HAL_Driver/Src/stm32g0xx_hal_pcd.c ****         }
1916:Drivers/STM32G0xx_HAL_Driver/Src/stm32g0xx_hal_pcd.c ****       }
1917:Drivers/STM32G0xx_HAL_Driver/Src/stm32g0xx_hal_pcd.c ****     }
1918:Drivers/STM32G0xx_HAL_Driver/Src/stm32g0xx_hal_pcd.c ****   }
1919:Drivers/STM32G0xx_HAL_Driver/Src/stm32g0xx_hal_pcd.c **** 
1920:Drivers/STM32G0xx_HAL_Driver/Src/stm32g0xx_hal_pcd.c ****   return HAL_OK;
1921:Drivers/STM32G0xx_HAL_Driver/Src/stm32g0xx_hal_pcd.c **** }
1922:Drivers/STM32G0xx_HAL_Driver/Src/stm32g0xx_hal_pcd.c **** 
1923:Drivers/STM32G0xx_HAL_Driver/Src/stm32g0xx_hal_pcd.c **** 
1924:Drivers/STM32G0xx_HAL_Driver/Src/stm32g0xx_hal_pcd.c **** #if (USE_USB_DOUBLE_BUFFER == 1U)
1925:Drivers/STM32G0xx_HAL_Driver/Src/stm32g0xx_hal_pcd.c **** /**
1926:Drivers/STM32G0xx_HAL_Driver/Src/stm32g0xx_hal_pcd.c ****   * @brief  Manage double buffer bulk out transaction from ISR
1927:Drivers/STM32G0xx_HAL_Driver/Src/stm32g0xx_hal_pcd.c ****   * @param  hpcd PCD handle
1928:Drivers/STM32G0xx_HAL_Driver/Src/stm32g0xx_hal_pcd.c ****   * @param  ep current endpoint handle
1929:Drivers/STM32G0xx_HAL_Driver/Src/stm32g0xx_hal_pcd.c ****   * @param  wEPVal Last snapshot of EPRx register value taken in ISR
1930:Drivers/STM32G0xx_HAL_Driver/Src/stm32g0xx_hal_pcd.c ****   * @retval HAL status
1931:Drivers/STM32G0xx_HAL_Driver/Src/stm32g0xx_hal_pcd.c ****   */
1932:Drivers/STM32G0xx_HAL_Driver/Src/stm32g0xx_hal_pcd.c **** static uint16_t HAL_PCD_EP_DB_Receive(PCD_HandleTypeDef *hpcd,
1933:Drivers/STM32G0xx_HAL_Driver/Src/stm32g0xx_hal_pcd.c ****                                       PCD_EPTypeDef *ep, uint16_t wEPVal)
1934:Drivers/STM32G0xx_HAL_Driver/Src/stm32g0xx_hal_pcd.c **** {
 214              		.loc 1 1934 1 is_stmt 1 view -0
 215              		.cfi_startproc
 216              		@ args = 0, pretend = 0, frame = 0
 217              		@ frame_needed = 0, uses_anonymous_args = 0
 218              		.loc 1 1934 1 is_stmt 0 view .LVU49
 219 0000 F8B5     		push	{r3, r4, r5, r6, r7, lr}
 220              	.LCFI3:
 221              		.cfi_def_cfa_offset 24
 222              		.cfi_offset 3, -24
 223              		.cfi_offset 4, -20
 224              		.cfi_offset 5, -16
 225              		.cfi_offset 6, -12
 226              		.cfi_offset 7, -8
 227              		.cfi_offset 14, -4
 228 0002 0700     		movs	r7, r0
 229 0004 0C00     		movs	r4, r1
 230 0006 1500     		movs	r5, r2
1935:Drivers/STM32G0xx_HAL_Driver/Src/stm32g0xx_hal_pcd.c ****   uint16_t count;
 231              		.loc 1 1935 3 is_stmt 1 view .LVU50
1936:Drivers/STM32G0xx_HAL_Driver/Src/stm32g0xx_hal_pcd.c **** 
1937:Drivers/STM32G0xx_HAL_Driver/Src/stm32g0xx_hal_pcd.c ****   /* Manage Buffer0 OUT */
1938:Drivers/STM32G0xx_HAL_Driver/Src/stm32g0xx_hal_pcd.c ****   if ((wEPVal & USB_EP_DTOG_RX) != 0U)
 232              		.loc 1 1938 3 view .LVU51
 233              		.loc 1 1938 6 is_stmt 0 view .LVU52
 234 0008 5304     		lsls	r3, r2, #17
 235 000a 33D5     		bpl	.L17
1939:Drivers/STM32G0xx_HAL_Driver/Src/stm32g0xx_hal_pcd.c ****   {
1940:Drivers/STM32G0xx_HAL_Driver/Src/stm32g0xx_hal_pcd.c ****     /* Get count of received Data on buffer0 */
1941:Drivers/STM32G0xx_HAL_Driver/Src/stm32g0xx_hal_pcd.c ****     count = (uint16_t)PCD_GET_EP_DBUF0_CNT(hpcd->Instance, ep->num);
 236              		.loc 1 1941 5 is_stmt 1 view .LVU53
 237              		.loc 1 1941 48 is_stmt 0 view .LVU54
 238 000c 0068     		ldr	r0, [r0]
ARM GAS  C:\Users\Domagoj\AppData\Local\Temp\cc6jMbW9.s 			page 50


 239              	.LVL7:
 240              		.loc 1 1941 62 view .LVU55
 241 000e 0978     		ldrb	r1, [r1]
 242              	.LVL8:
 243              		.loc 1 1941 23 view .LVU56
 244 0010 FFF7FEFF 		bl	PCD_GET_EP_DBUF0_CNT
 245              	.LVL9:
 246              		.loc 1 1941 23 view .LVU57
 247 0014 0300     		movs	r3, r0
 248 0016 0600     		movs	r6, r0
 249              	.LVL10:
1942:Drivers/STM32G0xx_HAL_Driver/Src/stm32g0xx_hal_pcd.c **** 
1943:Drivers/STM32G0xx_HAL_Driver/Src/stm32g0xx_hal_pcd.c ****     if (ep->xfer_len >= count)
 250              		.loc 1 1943 5 is_stmt 1 view .LVU58
 251              		.loc 1 1943 11 is_stmt 0 view .LVU59
 252 0018 A269     		ldr	r2, [r4, #24]
 253              		.loc 1 1943 8 view .LVU60
 254 001a 8242     		cmp	r2, r0
 255 001c 21D3     		bcc	.L18
1944:Drivers/STM32G0xx_HAL_Driver/Src/stm32g0xx_hal_pcd.c ****     {
1945:Drivers/STM32G0xx_HAL_Driver/Src/stm32g0xx_hal_pcd.c ****       ep->xfer_len -= count;
 256              		.loc 1 1945 7 is_stmt 1 view .LVU61
 257              		.loc 1 1945 20 is_stmt 0 view .LVU62
 258 001e 121A     		subs	r2, r2, r0
 259 0020 A261     		str	r2, [r4, #24]
 260              	.L19:
1946:Drivers/STM32G0xx_HAL_Driver/Src/stm32g0xx_hal_pcd.c ****     }
1947:Drivers/STM32G0xx_HAL_Driver/Src/stm32g0xx_hal_pcd.c ****     else
1948:Drivers/STM32G0xx_HAL_Driver/Src/stm32g0xx_hal_pcd.c ****     {
1949:Drivers/STM32G0xx_HAL_Driver/Src/stm32g0xx_hal_pcd.c ****       ep->xfer_len = 0U;
1950:Drivers/STM32G0xx_HAL_Driver/Src/stm32g0xx_hal_pcd.c ****     }
1951:Drivers/STM32G0xx_HAL_Driver/Src/stm32g0xx_hal_pcd.c **** 
1952:Drivers/STM32G0xx_HAL_Driver/Src/stm32g0xx_hal_pcd.c ****     if (ep->xfer_len == 0U)
 261              		.loc 1 1952 5 is_stmt 1 view .LVU63
 262              		.loc 1 1952 11 is_stmt 0 view .LVU64
 263 0022 A269     		ldr	r2, [r4, #24]
 264              		.loc 1 1952 8 view .LVU65
 265 0024 002A     		cmp	r2, #0
 266 0026 0CD1     		bne	.L20
1953:Drivers/STM32G0xx_HAL_Driver/Src/stm32g0xx_hal_pcd.c ****     {
1954:Drivers/STM32G0xx_HAL_Driver/Src/stm32g0xx_hal_pcd.c ****       /* Set NAK to OUT endpoint since double buffer is enabled */
1955:Drivers/STM32G0xx_HAL_Driver/Src/stm32g0xx_hal_pcd.c ****       PCD_SET_EP_RX_STATUS(hpcd->Instance, ep->num, USB_EP_RX_NAK);
 267              		.loc 1 1955 7 is_stmt 1 view .LVU66
 268              	.LBB2:
 269              		.loc 1 1955 7 view .LVU67
 270              		.loc 1 1955 7 view .LVU68
 271 0028 3A68     		ldr	r2, [r7]
 272 002a 2178     		ldrb	r1, [r4]
 273 002c 8900     		lsls	r1, r1, #2
 274 002e 5218     		adds	r2, r2, r1
 275 0030 1168     		ldr	r1, [r2]
 276 0032 2948     		ldr	r0, .L30
 277              	.LVL11:
 278              		.loc 1 1955 7 is_stmt 0 view .LVU69
 279 0034 0140     		ands	r1, r0
 280              	.LVL12:
 281              		.loc 1 1955 7 is_stmt 1 view .LVU70
ARM GAS  C:\Users\Domagoj\AppData\Local\Temp\cc6jMbW9.s 			page 51


 282              		.loc 1 1955 7 discriminator 3 view .LVU71
 283              		.loc 1 1955 7 discriminator 4 view .LVU72
 284 0036 8020     		movs	r0, #128
 285 0038 8001     		lsls	r0, r0, #6
 286 003a 4840     		eors	r0, r1
 287              	.LVL13:
 288              		.loc 1 1955 7 discriminator 6 view .LVU73
 289 003c 2749     		ldr	r1, .L30+4
 290 003e 0143     		orrs	r1, r0
 291 0040 1160     		str	r1, [r2]
 292              	.LVL14:
 293              	.L20:
 294              		.loc 1 1955 7 is_stmt 0 discriminator 6 view .LVU74
 295              	.LBE2:
 296              		.loc 1 1955 7 is_stmt 1 view .LVU75
1956:Drivers/STM32G0xx_HAL_Driver/Src/stm32g0xx_hal_pcd.c ****     }
1957:Drivers/STM32G0xx_HAL_Driver/Src/stm32g0xx_hal_pcd.c **** 
1958:Drivers/STM32G0xx_HAL_Driver/Src/stm32g0xx_hal_pcd.c ****     /* Check if Buffer1 is in blocked state which requires to toggle */
1959:Drivers/STM32G0xx_HAL_Driver/Src/stm32g0xx_hal_pcd.c ****     if ((wEPVal & USB_EP_DTOG_TX) != 0U)
 297              		.loc 1 1959 5 view .LVU76
 298              		.loc 1 1959 8 is_stmt 0 view .LVU77
 299 0042 6D06     		lsls	r5, r5, #25
 300 0044 09D5     		bpl	.L21
 301              	.LVL15:
1960:Drivers/STM32G0xx_HAL_Driver/Src/stm32g0xx_hal_pcd.c ****     {
1961:Drivers/STM32G0xx_HAL_Driver/Src/stm32g0xx_hal_pcd.c ****       PCD_FREE_USER_BUFFER(hpcd->Instance, ep->num, 0U);
 302              		.loc 1 1961 7 is_stmt 1 view .LVU78
 303              		.loc 1 1961 7 view .LVU79
 304              		.loc 1 1961 7 discriminator 1 view .LVU80
 305              	.LBB3:
 306              		.loc 1 1961 7 discriminator 1 view .LVU81
 307              		.loc 1 1961 7 discriminator 1 view .LVU82
 308 0046 3A68     		ldr	r2, [r7]
 309 0048 2178     		ldrb	r1, [r4]
 310 004a 8900     		lsls	r1, r1, #2
 311 004c 5218     		adds	r2, r2, r1
 312 004e 1068     		ldr	r0, [r2]
 313 0050 2349     		ldr	r1, .L30+8
 314 0052 0840     		ands	r0, r1
 315              	.LVL16:
 316              		.loc 1 1961 7 view .LVU83
 317              		.loc 1 1961 7 is_stmt 0 discriminator 1 view .LVU84
 318 0054 2349     		ldr	r1, .L30+12
 319 0056 0143     		orrs	r1, r0
 320 0058 1160     		str	r1, [r2]
 321              	.LBE3:
 322              		.loc 1 1961 7 is_stmt 1 view .LVU85
 323              	.LVL17:
 324              	.L21:
 325              		.loc 1 1961 7 view .LVU86
 326              		.loc 1 1961 7 view .LVU87
1962:Drivers/STM32G0xx_HAL_Driver/Src/stm32g0xx_hal_pcd.c ****     }
1963:Drivers/STM32G0xx_HAL_Driver/Src/stm32g0xx_hal_pcd.c **** 
1964:Drivers/STM32G0xx_HAL_Driver/Src/stm32g0xx_hal_pcd.c ****     if (count != 0U)
 327              		.loc 1 1964 5 view .LVU88
 328              		.loc 1 1964 8 is_stmt 0 view .LVU89
 329 005a 002E     		cmp	r6, #0
ARM GAS  C:\Users\Domagoj\AppData\Local\Temp\cc6jMbW9.s 			page 52


 330 005c 04D1     		bne	.L29
 331              	.LVL18:
 332              	.L22:
1965:Drivers/STM32G0xx_HAL_Driver/Src/stm32g0xx_hal_pcd.c ****     {
1966:Drivers/STM32G0xx_HAL_Driver/Src/stm32g0xx_hal_pcd.c ****       USB_ReadPMA(hpcd->Instance, ep->xfer_buff, ep->pmaaddr0, count);
1967:Drivers/STM32G0xx_HAL_Driver/Src/stm32g0xx_hal_pcd.c ****     }
1968:Drivers/STM32G0xx_HAL_Driver/Src/stm32g0xx_hal_pcd.c ****   }
1969:Drivers/STM32G0xx_HAL_Driver/Src/stm32g0xx_hal_pcd.c ****   /* Manage Buffer 1 DTOG_RX=0 */
1970:Drivers/STM32G0xx_HAL_Driver/Src/stm32g0xx_hal_pcd.c ****   else
1971:Drivers/STM32G0xx_HAL_Driver/Src/stm32g0xx_hal_pcd.c ****   {
1972:Drivers/STM32G0xx_HAL_Driver/Src/stm32g0xx_hal_pcd.c ****     /* Get count of received data */
1973:Drivers/STM32G0xx_HAL_Driver/Src/stm32g0xx_hal_pcd.c ****     count = (uint16_t)PCD_GET_EP_DBUF1_CNT(hpcd->Instance, ep->num);
1974:Drivers/STM32G0xx_HAL_Driver/Src/stm32g0xx_hal_pcd.c **** 
1975:Drivers/STM32G0xx_HAL_Driver/Src/stm32g0xx_hal_pcd.c ****     if (ep->xfer_len >= count)
1976:Drivers/STM32G0xx_HAL_Driver/Src/stm32g0xx_hal_pcd.c ****     {
1977:Drivers/STM32G0xx_HAL_Driver/Src/stm32g0xx_hal_pcd.c ****       ep->xfer_len -= count;
1978:Drivers/STM32G0xx_HAL_Driver/Src/stm32g0xx_hal_pcd.c ****     }
1979:Drivers/STM32G0xx_HAL_Driver/Src/stm32g0xx_hal_pcd.c ****     else
1980:Drivers/STM32G0xx_HAL_Driver/Src/stm32g0xx_hal_pcd.c ****     {
1981:Drivers/STM32G0xx_HAL_Driver/Src/stm32g0xx_hal_pcd.c ****       ep->xfer_len = 0U;
1982:Drivers/STM32G0xx_HAL_Driver/Src/stm32g0xx_hal_pcd.c ****     }
1983:Drivers/STM32G0xx_HAL_Driver/Src/stm32g0xx_hal_pcd.c **** 
1984:Drivers/STM32G0xx_HAL_Driver/Src/stm32g0xx_hal_pcd.c ****     if (ep->xfer_len == 0U)
1985:Drivers/STM32G0xx_HAL_Driver/Src/stm32g0xx_hal_pcd.c ****     {
1986:Drivers/STM32G0xx_HAL_Driver/Src/stm32g0xx_hal_pcd.c ****       /* Set NAK on the current endpoint */
1987:Drivers/STM32G0xx_HAL_Driver/Src/stm32g0xx_hal_pcd.c ****       PCD_SET_EP_RX_STATUS(hpcd->Instance, ep->num, USB_EP_RX_NAK);
1988:Drivers/STM32G0xx_HAL_Driver/Src/stm32g0xx_hal_pcd.c ****     }
1989:Drivers/STM32G0xx_HAL_Driver/Src/stm32g0xx_hal_pcd.c **** 
1990:Drivers/STM32G0xx_HAL_Driver/Src/stm32g0xx_hal_pcd.c ****     /* Need to FreeUser Buffer */
1991:Drivers/STM32G0xx_HAL_Driver/Src/stm32g0xx_hal_pcd.c ****     if ((wEPVal & USB_EP_DTOG_TX) == 0U)
1992:Drivers/STM32G0xx_HAL_Driver/Src/stm32g0xx_hal_pcd.c ****     {
1993:Drivers/STM32G0xx_HAL_Driver/Src/stm32g0xx_hal_pcd.c ****       PCD_FREE_USER_BUFFER(hpcd->Instance, ep->num, 0U);
1994:Drivers/STM32G0xx_HAL_Driver/Src/stm32g0xx_hal_pcd.c ****     }
1995:Drivers/STM32G0xx_HAL_Driver/Src/stm32g0xx_hal_pcd.c **** 
1996:Drivers/STM32G0xx_HAL_Driver/Src/stm32g0xx_hal_pcd.c ****     if (count != 0U)
1997:Drivers/STM32G0xx_HAL_Driver/Src/stm32g0xx_hal_pcd.c ****     {
1998:Drivers/STM32G0xx_HAL_Driver/Src/stm32g0xx_hal_pcd.c ****       USB_ReadPMA(hpcd->Instance, ep->xfer_buff, ep->pmaaddr1, count);
1999:Drivers/STM32G0xx_HAL_Driver/Src/stm32g0xx_hal_pcd.c ****     }
2000:Drivers/STM32G0xx_HAL_Driver/Src/stm32g0xx_hal_pcd.c ****   }
2001:Drivers/STM32G0xx_HAL_Driver/Src/stm32g0xx_hal_pcd.c **** 
2002:Drivers/STM32G0xx_HAL_Driver/Src/stm32g0xx_hal_pcd.c ****   return count;
 333              		.loc 1 2002 3 is_stmt 1 view .LVU90
2003:Drivers/STM32G0xx_HAL_Driver/Src/stm32g0xx_hal_pcd.c **** }
 334              		.loc 1 2003 1 is_stmt 0 view .LVU91
 335 005e 3000     		movs	r0, r6
 336              		@ sp needed
 337              	.LVL19:
 338              	.LVL20:
 339              	.LVL21:
 340              		.loc 1 2003 1 view .LVU92
 341 0060 F8BD     		pop	{r3, r4, r5, r6, r7, pc}
 342              	.LVL22:
 343              	.L18:
1949:Drivers/STM32G0xx_HAL_Driver/Src/stm32g0xx_hal_pcd.c ****     }
 344              		.loc 1 1949 7 is_stmt 1 view .LVU93
1949:Drivers/STM32G0xx_HAL_Driver/Src/stm32g0xx_hal_pcd.c ****     }
 345              		.loc 1 1949 20 is_stmt 0 view .LVU94
ARM GAS  C:\Users\Domagoj\AppData\Local\Temp\cc6jMbW9.s 			page 53


 346 0062 0022     		movs	r2, #0
 347 0064 A261     		str	r2, [r4, #24]
 348 0066 DCE7     		b	.L19
 349              	.LVL23:
 350              	.L29:
1966:Drivers/STM32G0xx_HAL_Driver/Src/stm32g0xx_hal_pcd.c ****     }
 351              		.loc 1 1966 7 is_stmt 1 view .LVU95
1966:Drivers/STM32G0xx_HAL_Driver/Src/stm32g0xx_hal_pcd.c ****     }
 352              		.loc 1 1966 23 is_stmt 0 view .LVU96
 353 0068 3868     		ldr	r0, [r7]
1966:Drivers/STM32G0xx_HAL_Driver/Src/stm32g0xx_hal_pcd.c ****     }
 354              		.loc 1 1966 7 view .LVU97
 355 006a 2289     		ldrh	r2, [r4, #8]
 356 006c 6169     		ldr	r1, [r4, #20]
 357 006e FFF7FEFF 		bl	USB_ReadPMA
 358              	.LVL24:
 359 0072 F4E7     		b	.L22
 360              	.LVL25:
 361              	.L17:
1973:Drivers/STM32G0xx_HAL_Driver/Src/stm32g0xx_hal_pcd.c **** 
 362              		.loc 1 1973 5 is_stmt 1 view .LVU98
1973:Drivers/STM32G0xx_HAL_Driver/Src/stm32g0xx_hal_pcd.c **** 
 363              		.loc 1 1973 48 is_stmt 0 view .LVU99
 364 0074 0068     		ldr	r0, [r0]
 365              	.LVL26:
1973:Drivers/STM32G0xx_HAL_Driver/Src/stm32g0xx_hal_pcd.c **** 
 366              		.loc 1 1973 62 view .LVU100
 367 0076 0978     		ldrb	r1, [r1]
 368              	.LVL27:
1973:Drivers/STM32G0xx_HAL_Driver/Src/stm32g0xx_hal_pcd.c **** 
 369              		.loc 1 1973 23 view .LVU101
 370 0078 FFF7FEFF 		bl	PCD_GET_EP_DBUF1_CNT
 371              	.LVL28:
1973:Drivers/STM32G0xx_HAL_Driver/Src/stm32g0xx_hal_pcd.c **** 
 372              		.loc 1 1973 23 view .LVU102
 373 007c 0300     		movs	r3, r0
 374 007e 0600     		movs	r6, r0
 375              	.LVL29:
1975:Drivers/STM32G0xx_HAL_Driver/Src/stm32g0xx_hal_pcd.c ****     {
 376              		.loc 1 1975 5 is_stmt 1 view .LVU103
1975:Drivers/STM32G0xx_HAL_Driver/Src/stm32g0xx_hal_pcd.c ****     {
 377              		.loc 1 1975 11 is_stmt 0 view .LVU104
 378 0080 A269     		ldr	r2, [r4, #24]
1975:Drivers/STM32G0xx_HAL_Driver/Src/stm32g0xx_hal_pcd.c ****     {
 379              		.loc 1 1975 8 view .LVU105
 380 0082 8242     		cmp	r2, r0
 381 0084 25D3     		bcc	.L23
1977:Drivers/STM32G0xx_HAL_Driver/Src/stm32g0xx_hal_pcd.c ****     }
 382              		.loc 1 1977 7 is_stmt 1 view .LVU106
1977:Drivers/STM32G0xx_HAL_Driver/Src/stm32g0xx_hal_pcd.c ****     }
 383              		.loc 1 1977 20 is_stmt 0 view .LVU107
 384 0086 121A     		subs	r2, r2, r0
 385 0088 A261     		str	r2, [r4, #24]
 386              	.L24:
1984:Drivers/STM32G0xx_HAL_Driver/Src/stm32g0xx_hal_pcd.c ****     {
 387              		.loc 1 1984 5 is_stmt 1 view .LVU108
1984:Drivers/STM32G0xx_HAL_Driver/Src/stm32g0xx_hal_pcd.c ****     {
ARM GAS  C:\Users\Domagoj\AppData\Local\Temp\cc6jMbW9.s 			page 54


 388              		.loc 1 1984 11 is_stmt 0 view .LVU109
 389 008a A269     		ldr	r2, [r4, #24]
1984:Drivers/STM32G0xx_HAL_Driver/Src/stm32g0xx_hal_pcd.c ****     {
 390              		.loc 1 1984 8 view .LVU110
 391 008c 002A     		cmp	r2, #0
 392 008e 0CD1     		bne	.L25
1987:Drivers/STM32G0xx_HAL_Driver/Src/stm32g0xx_hal_pcd.c ****     }
 393              		.loc 1 1987 7 is_stmt 1 view .LVU111
 394              	.LBB4:
1987:Drivers/STM32G0xx_HAL_Driver/Src/stm32g0xx_hal_pcd.c ****     }
 395              		.loc 1 1987 7 view .LVU112
1987:Drivers/STM32G0xx_HAL_Driver/Src/stm32g0xx_hal_pcd.c ****     }
 396              		.loc 1 1987 7 view .LVU113
 397 0090 3A68     		ldr	r2, [r7]
 398 0092 2178     		ldrb	r1, [r4]
 399 0094 8900     		lsls	r1, r1, #2
 400 0096 5218     		adds	r2, r2, r1
 401 0098 1168     		ldr	r1, [r2]
 402 009a 0F48     		ldr	r0, .L30
 403              	.LVL30:
1987:Drivers/STM32G0xx_HAL_Driver/Src/stm32g0xx_hal_pcd.c ****     }
 404              		.loc 1 1987 7 is_stmt 0 view .LVU114
 405 009c 0140     		ands	r1, r0
 406              	.LVL31:
1987:Drivers/STM32G0xx_HAL_Driver/Src/stm32g0xx_hal_pcd.c ****     }
 407              		.loc 1 1987 7 is_stmt 1 view .LVU115
1987:Drivers/STM32G0xx_HAL_Driver/Src/stm32g0xx_hal_pcd.c ****     }
 408              		.loc 1 1987 7 discriminator 3 view .LVU116
1987:Drivers/STM32G0xx_HAL_Driver/Src/stm32g0xx_hal_pcd.c ****     }
 409              		.loc 1 1987 7 discriminator 4 view .LVU117
 410 009e 8020     		movs	r0, #128
 411 00a0 8001     		lsls	r0, r0, #6
 412 00a2 4840     		eors	r0, r1
 413              	.LVL32:
1987:Drivers/STM32G0xx_HAL_Driver/Src/stm32g0xx_hal_pcd.c ****     }
 414              		.loc 1 1987 7 discriminator 6 view .LVU118
 415 00a4 0D49     		ldr	r1, .L30+4
 416 00a6 0143     		orrs	r1, r0
 417 00a8 1160     		str	r1, [r2]
 418              	.LVL33:
 419              	.L25:
1987:Drivers/STM32G0xx_HAL_Driver/Src/stm32g0xx_hal_pcd.c ****     }
 420              		.loc 1 1987 7 is_stmt 0 discriminator 6 view .LVU119
 421              	.LBE4:
1987:Drivers/STM32G0xx_HAL_Driver/Src/stm32g0xx_hal_pcd.c ****     }
 422              		.loc 1 1987 7 is_stmt 1 view .LVU120
1991:Drivers/STM32G0xx_HAL_Driver/Src/stm32g0xx_hal_pcd.c ****     {
 423              		.loc 1 1991 5 view .LVU121
1991:Drivers/STM32G0xx_HAL_Driver/Src/stm32g0xx_hal_pcd.c ****     {
 424              		.loc 1 1991 8 is_stmt 0 view .LVU122
 425 00aa 6D06     		lsls	r5, r5, #25
 426 00ac 09D4     		bmi	.L26
 427              	.LVL34:
1993:Drivers/STM32G0xx_HAL_Driver/Src/stm32g0xx_hal_pcd.c ****     }
 428              		.loc 1 1993 7 is_stmt 1 view .LVU123
1993:Drivers/STM32G0xx_HAL_Driver/Src/stm32g0xx_hal_pcd.c ****     }
 429              		.loc 1 1993 7 view .LVU124
ARM GAS  C:\Users\Domagoj\AppData\Local\Temp\cc6jMbW9.s 			page 55


1993:Drivers/STM32G0xx_HAL_Driver/Src/stm32g0xx_hal_pcd.c ****     }
 430              		.loc 1 1993 7 discriminator 1 view .LVU125
 431              	.LBB5:
1993:Drivers/STM32G0xx_HAL_Driver/Src/stm32g0xx_hal_pcd.c ****     }
 432              		.loc 1 1993 7 discriminator 1 view .LVU126
1993:Drivers/STM32G0xx_HAL_Driver/Src/stm32g0xx_hal_pcd.c ****     }
 433              		.loc 1 1993 7 discriminator 1 view .LVU127
 434 00ae 3A68     		ldr	r2, [r7]
 435 00b0 2178     		ldrb	r1, [r4]
 436 00b2 8900     		lsls	r1, r1, #2
 437 00b4 5218     		adds	r2, r2, r1
 438 00b6 1068     		ldr	r0, [r2]
 439 00b8 0949     		ldr	r1, .L30+8
 440 00ba 0840     		ands	r0, r1
 441              	.LVL35:
1993:Drivers/STM32G0xx_HAL_Driver/Src/stm32g0xx_hal_pcd.c ****     }
 442              		.loc 1 1993 7 view .LVU128
1993:Drivers/STM32G0xx_HAL_Driver/Src/stm32g0xx_hal_pcd.c ****     }
 443              		.loc 1 1993 7 is_stmt 0 discriminator 1 view .LVU129
 444 00bc 0949     		ldr	r1, .L30+12
 445 00be 0143     		orrs	r1, r0
 446 00c0 1160     		str	r1, [r2]
 447              	.LBE5:
1993:Drivers/STM32G0xx_HAL_Driver/Src/stm32g0xx_hal_pcd.c ****     }
 448              		.loc 1 1993 7 is_stmt 1 view .LVU130
 449              	.LVL36:
 450              	.L26:
1993:Drivers/STM32G0xx_HAL_Driver/Src/stm32g0xx_hal_pcd.c ****     }
 451              		.loc 1 1993 7 view .LVU131
1993:Drivers/STM32G0xx_HAL_Driver/Src/stm32g0xx_hal_pcd.c ****     }
 452              		.loc 1 1993 7 view .LVU132
1996:Drivers/STM32G0xx_HAL_Driver/Src/stm32g0xx_hal_pcd.c ****     {
 453              		.loc 1 1996 5 view .LVU133
1996:Drivers/STM32G0xx_HAL_Driver/Src/stm32g0xx_hal_pcd.c ****     {
 454              		.loc 1 1996 8 is_stmt 0 view .LVU134
 455 00c2 002E     		cmp	r6, #0
 456 00c4 CBD0     		beq	.L22
1998:Drivers/STM32G0xx_HAL_Driver/Src/stm32g0xx_hal_pcd.c ****     }
 457              		.loc 1 1998 7 is_stmt 1 view .LVU135
1998:Drivers/STM32G0xx_HAL_Driver/Src/stm32g0xx_hal_pcd.c ****     }
 458              		.loc 1 1998 23 is_stmt 0 view .LVU136
 459 00c6 3868     		ldr	r0, [r7]
1998:Drivers/STM32G0xx_HAL_Driver/Src/stm32g0xx_hal_pcd.c ****     }
 460              		.loc 1 1998 7 view .LVU137
 461 00c8 6289     		ldrh	r2, [r4, #10]
 462 00ca 6169     		ldr	r1, [r4, #20]
 463 00cc FFF7FEFF 		bl	USB_ReadPMA
 464              	.LVL37:
 465 00d0 C5E7     		b	.L22
 466              	.LVL38:
 467              	.L23:
1981:Drivers/STM32G0xx_HAL_Driver/Src/stm32g0xx_hal_pcd.c ****     }
 468              		.loc 1 1981 7 is_stmt 1 view .LVU138
1981:Drivers/STM32G0xx_HAL_Driver/Src/stm32g0xx_hal_pcd.c ****     }
 469              		.loc 1 1981 20 is_stmt 0 view .LVU139
 470 00d2 0022     		movs	r2, #0
 471 00d4 A261     		str	r2, [r4, #24]
ARM GAS  C:\Users\Domagoj\AppData\Local\Temp\cc6jMbW9.s 			page 56


 472 00d6 D8E7     		b	.L24
 473              	.L31:
 474              		.align	2
 475              	.L30:
 476 00d8 8FBFFF07 		.word	134201231
 477 00dc 80800000 		.word	32896
 478 00e0 8F8FFF07 		.word	134188943
 479 00e4 C0800000 		.word	32960
 480              		.cfi_endproc
 481              	.LFE400:
 483              		.section	.text.HAL_PCD_MspInit,"ax",%progbits
 484              		.align	1
 485              		.weak	HAL_PCD_MspInit
 486              		.syntax unified
 487              		.code	16
 488              		.thumb_func
 490              	HAL_PCD_MspInit:
 491              	.LVL39:
 492              	.LFB368:
 262:Drivers/STM32G0xx_HAL_Driver/Src/stm32g0xx_hal_pcd.c ****   /* Prevent unused argument(s) compilation warning */
 493              		.loc 1 262 1 is_stmt 1 view -0
 494              		.cfi_startproc
 495              		@ args = 0, pretend = 0, frame = 0
 496              		@ frame_needed = 0, uses_anonymous_args = 0
 497              		@ link register save eliminated.
 264:Drivers/STM32G0xx_HAL_Driver/Src/stm32g0xx_hal_pcd.c **** 
 498              		.loc 1 264 3 view .LVU141
 269:Drivers/STM32G0xx_HAL_Driver/Src/stm32g0xx_hal_pcd.c **** 
 499              		.loc 1 269 1 is_stmt 0 view .LVU142
 500              		@ sp needed
 501 0000 7047     		bx	lr
 502              		.cfi_endproc
 503              	.LFE368:
 505              		.section	.text.HAL_PCD_Init,"ax",%progbits
 506              		.align	1
 507              		.global	HAL_PCD_Init
 508              		.syntax unified
 509              		.code	16
 510              		.thumb_func
 512              	HAL_PCD_Init:
 513              	.LVL40:
 514              	.LFB366:
 128:Drivers/STM32G0xx_HAL_Driver/Src/stm32g0xx_hal_pcd.c ****   uint8_t i;
 515              		.loc 1 128 1 is_stmt 1 view -0
 516              		.cfi_startproc
 517              		@ args = 0, pretend = 0, frame = 0
 518              		@ frame_needed = 0, uses_anonymous_args = 0
 128:Drivers/STM32G0xx_HAL_Driver/Src/stm32g0xx_hal_pcd.c ****   uint8_t i;
 519              		.loc 1 128 1 is_stmt 0 view .LVU144
 520 0000 70B5     		push	{r4, r5, r6, lr}
 521              	.LCFI4:
 522              		.cfi_def_cfa_offset 16
 523              		.cfi_offset 4, -16
 524              		.cfi_offset 5, -12
 525              		.cfi_offset 6, -8
 526              		.cfi_offset 14, -4
 527 0002 82B0     		sub	sp, sp, #8
ARM GAS  C:\Users\Domagoj\AppData\Local\Temp\cc6jMbW9.s 			page 57


 528              	.LCFI5:
 529              		.cfi_def_cfa_offset 24
 530 0004 041E     		subs	r4, r0, #0
 129:Drivers/STM32G0xx_HAL_Driver/Src/stm32g0xx_hal_pcd.c **** 
 531              		.loc 1 129 3 is_stmt 1 view .LVU145
 132:Drivers/STM32G0xx_HAL_Driver/Src/stm32g0xx_hal_pcd.c ****   {
 532              		.loc 1 132 3 view .LVU146
 132:Drivers/STM32G0xx_HAL_Driver/Src/stm32g0xx_hal_pcd.c ****   {
 533              		.loc 1 132 6 is_stmt 0 view .LVU147
 534 0006 5ED0     		beq	.L40
 138:Drivers/STM32G0xx_HAL_Driver/Src/stm32g0xx_hal_pcd.c **** 
 535              		.loc 1 138 3 is_stmt 1 view .LVU148
 140:Drivers/STM32G0xx_HAL_Driver/Src/stm32g0xx_hal_pcd.c ****   {
 536              		.loc 1 140 3 view .LVU149
 140:Drivers/STM32G0xx_HAL_Driver/Src/stm32g0xx_hal_pcd.c ****   {
 537              		.loc 1 140 11 is_stmt 0 view .LVU150
 538 0008 304B     		ldr	r3, .L44
 539 000a C35C     		ldrb	r3, [r0, r3]
 140:Drivers/STM32G0xx_HAL_Driver/Src/stm32g0xx_hal_pcd.c ****   {
 540              		.loc 1 140 6 view .LVU151
 541 000c 002B     		cmp	r3, #0
 542 000e 07D0     		beq	.L42
 543              	.LVL41:
 544              	.L35:
 173:Drivers/STM32G0xx_HAL_Driver/Src/stm32g0xx_hal_pcd.c **** 
 545              		.loc 1 173 3 is_stmt 1 view .LVU152
 173:Drivers/STM32G0xx_HAL_Driver/Src/stm32g0xx_hal_pcd.c **** 
 546              		.loc 1 173 15 is_stmt 0 view .LVU153
 547 0010 2E4B     		ldr	r3, .L44
 548 0012 0322     		movs	r2, #3
 549 0014 E254     		strb	r2, [r4, r3]
 176:Drivers/STM32G0xx_HAL_Driver/Src/stm32g0xx_hal_pcd.c **** 
 550              		.loc 1 176 3 is_stmt 1 view .LVU154
 551 0016 2068     		ldr	r0, [r4]
 552 0018 FFF7FEFF 		bl	USB_DisableGlobalInt
 553              	.LVL42:
 179:Drivers/STM32G0xx_HAL_Driver/Src/stm32g0xx_hal_pcd.c ****   {
 554              		.loc 1 179 3 view .LVU155
 179:Drivers/STM32G0xx_HAL_Driver/Src/stm32g0xx_hal_pcd.c ****   {
 555              		.loc 1 179 10 is_stmt 0 view .LVU156
 556 001c 0022     		movs	r2, #0
 179:Drivers/STM32G0xx_HAL_Driver/Src/stm32g0xx_hal_pcd.c ****   {
 557              		.loc 1 179 3 view .LVU157
 558 001e 18E0     		b	.L36
 559              	.LVL43:
 560              	.L42:
 143:Drivers/STM32G0xx_HAL_Driver/Src/stm32g0xx_hal_pcd.c **** 
 561              		.loc 1 143 5 is_stmt 1 view .LVU158
 143:Drivers/STM32G0xx_HAL_Driver/Src/stm32g0xx_hal_pcd.c **** 
 562              		.loc 1 143 16 is_stmt 0 view .LVU159
 563 0020 A523     		movs	r3, #165
 564 0022 9B00     		lsls	r3, r3, #2
 565 0024 0022     		movs	r2, #0
 566 0026 C254     		strb	r2, [r0, r3]
 169:Drivers/STM32G0xx_HAL_Driver/Src/stm32g0xx_hal_pcd.c **** #endif /* (USE_HAL_PCD_REGISTER_CALLBACKS) */
 567              		.loc 1 169 5 is_stmt 1 view .LVU160
 568 0028 FFF7FEFF 		bl	HAL_PCD_MspInit
ARM GAS  C:\Users\Domagoj\AppData\Local\Temp\cc6jMbW9.s 			page 58


 569              	.LVL44:
 169:Drivers/STM32G0xx_HAL_Driver/Src/stm32g0xx_hal_pcd.c **** #endif /* (USE_HAL_PCD_REGISTER_CALLBACKS) */
 570              		.loc 1 169 5 is_stmt 0 view .LVU161
 571 002c F0E7     		b	.L35
 572              	.LVL45:
 573              	.L37:
 182:Drivers/STM32G0xx_HAL_Driver/Src/stm32g0xx_hal_pcd.c ****     hpcd->IN_ep[i].num = i;
 574              		.loc 1 182 5 is_stmt 1 view .LVU162
 182:Drivers/STM32G0xx_HAL_Driver/Src/stm32g0xx_hal_pcd.c ****     hpcd->IN_ep[i].num = i;
 575              		.loc 1 182 26 is_stmt 0 view .LVU163
 576 002e 9300     		lsls	r3, r2, #2
 577 0030 9B18     		adds	r3, r3, r2
 578 0032 DB00     		lsls	r3, r3, #3
 579 0034 E318     		adds	r3, r4, r3
 580 0036 0121     		movs	r1, #1
 581 0038 5975     		strb	r1, [r3, #21]
 183:Drivers/STM32G0xx_HAL_Driver/Src/stm32g0xx_hal_pcd.c ****     /* Control until ep is activated */
 582              		.loc 1 183 5 is_stmt 1 view .LVU164
 183:Drivers/STM32G0xx_HAL_Driver/Src/stm32g0xx_hal_pcd.c ****     /* Control until ep is activated */
 583              		.loc 1 183 24 is_stmt 0 view .LVU165
 584 003a 1A75     		strb	r2, [r3, #20]
 185:Drivers/STM32G0xx_HAL_Driver/Src/stm32g0xx_hal_pcd.c ****     hpcd->IN_ep[i].maxpacket = 0U;
 585              		.loc 1 185 5 is_stmt 1 view .LVU166
 185:Drivers/STM32G0xx_HAL_Driver/Src/stm32g0xx_hal_pcd.c ****     hpcd->IN_ep[i].maxpacket = 0U;
 586              		.loc 1 185 25 is_stmt 0 view .LVU167
 587 003c 0021     		movs	r1, #0
 588 003e D975     		strb	r1, [r3, #23]
 186:Drivers/STM32G0xx_HAL_Driver/Src/stm32g0xx_hal_pcd.c ****     hpcd->IN_ep[i].xfer_buff = 0U;
 589              		.loc 1 186 5 is_stmt 1 view .LVU168
 186:Drivers/STM32G0xx_HAL_Driver/Src/stm32g0xx_hal_pcd.c ****     hpcd->IN_ep[i].xfer_buff = 0U;
 590              		.loc 1 186 30 is_stmt 0 view .LVU169
 591 0040 5962     		str	r1, [r3, #36]
 187:Drivers/STM32G0xx_HAL_Driver/Src/stm32g0xx_hal_pcd.c ****     hpcd->IN_ep[i].xfer_len = 0U;
 592              		.loc 1 187 5 is_stmt 1 view .LVU170
 187:Drivers/STM32G0xx_HAL_Driver/Src/stm32g0xx_hal_pcd.c ****     hpcd->IN_ep[i].xfer_len = 0U;
 593              		.loc 1 187 30 is_stmt 0 view .LVU171
 594 0042 9962     		str	r1, [r3, #40]
 188:Drivers/STM32G0xx_HAL_Driver/Src/stm32g0xx_hal_pcd.c ****   }
 595              		.loc 1 188 5 is_stmt 1 view .LVU172
 188:Drivers/STM32G0xx_HAL_Driver/Src/stm32g0xx_hal_pcd.c ****   }
 596              		.loc 1 188 29 is_stmt 0 view .LVU173
 597 0044 0132     		adds	r2, r2, #1
 598              	.LVL46:
 188:Drivers/STM32G0xx_HAL_Driver/Src/stm32g0xx_hal_pcd.c ****   }
 599              		.loc 1 188 29 view .LVU174
 600 0046 9300     		lsls	r3, r2, #2
 601              	.LVL47:
 188:Drivers/STM32G0xx_HAL_Driver/Src/stm32g0xx_hal_pcd.c ****   }
 602              		.loc 1 188 29 view .LVU175
 603 0048 9B18     		adds	r3, r3, r2
 604 004a DB00     		lsls	r3, r3, #3
 605 004c E318     		adds	r3, r4, r3
 606 004e 5960     		str	r1, [r3, #4]
 607              	.LVL48:
 179:Drivers/STM32G0xx_HAL_Driver/Src/stm32g0xx_hal_pcd.c ****   {
 608              		.loc 1 179 47 is_stmt 1 discriminator 3 view .LVU176
 609 0050 D2B2     		uxtb	r2, r2
ARM GAS  C:\Users\Domagoj\AppData\Local\Temp\cc6jMbW9.s 			page 59


 610              	.LVL49:
 611              	.L36:
 179:Drivers/STM32G0xx_HAL_Driver/Src/stm32g0xx_hal_pcd.c ****   {
 612              		.loc 1 179 18 discriminator 1 view .LVU177
 179:Drivers/STM32G0xx_HAL_Driver/Src/stm32g0xx_hal_pcd.c ****   {
 613              		.loc 1 179 30 is_stmt 0 discriminator 1 view .LVU178
 614 0052 2079     		ldrb	r0, [r4, #4]
 179:Drivers/STM32G0xx_HAL_Driver/Src/stm32g0xx_hal_pcd.c ****   {
 615              		.loc 1 179 18 discriminator 1 view .LVU179
 616 0054 9042     		cmp	r0, r2
 617 0056 EAD8     		bhi	.L37
 191:Drivers/STM32G0xx_HAL_Driver/Src/stm32g0xx_hal_pcd.c ****   {
 618              		.loc 1 191 10 view .LVU180
 619 0058 0021     		movs	r1, #0
 620 005a 19E0     		b	.L38
 621              	.LVL50:
 622              	.L39:
 193:Drivers/STM32G0xx_HAL_Driver/Src/stm32g0xx_hal_pcd.c ****     hpcd->OUT_ep[i].num = i;
 623              		.loc 1 193 5 is_stmt 1 view .LVU181
 193:Drivers/STM32G0xx_HAL_Driver/Src/stm32g0xx_hal_pcd.c ****     hpcd->OUT_ep[i].num = i;
 624              		.loc 1 193 27 is_stmt 0 view .LVU182
 625 005c 8A00     		lsls	r2, r1, #2
 626 005e 5318     		adds	r3, r2, r1
 627 0060 DB00     		lsls	r3, r3, #3
 628 0062 E318     		adds	r3, r4, r3
 629 0064 1E00     		movs	r6, r3
 630 0066 5636     		adds	r6, r6, #86
 631 0068 FF36     		adds	r6, r6, #255
 632 006a 0025     		movs	r5, #0
 633 006c 3570     		strb	r5, [r6]
 194:Drivers/STM32G0xx_HAL_Driver/Src/stm32g0xx_hal_pcd.c ****     /* Control until ep is activated */
 634              		.loc 1 194 5 is_stmt 1 view .LVU183
 194:Drivers/STM32G0xx_HAL_Driver/Src/stm32g0xx_hal_pcd.c ****     /* Control until ep is activated */
 635              		.loc 1 194 25 is_stmt 0 view .LVU184
 636 006e 013E     		subs	r6, r6, #1
 637 0070 3170     		strb	r1, [r6]
 196:Drivers/STM32G0xx_HAL_Driver/Src/stm32g0xx_hal_pcd.c ****     hpcd->OUT_ep[i].maxpacket = 0U;
 638              		.loc 1 196 5 is_stmt 1 view .LVU185
 196:Drivers/STM32G0xx_HAL_Driver/Src/stm32g0xx_hal_pcd.c ****     hpcd->OUT_ep[i].maxpacket = 0U;
 639              		.loc 1 196 26 is_stmt 0 view .LVU186
 640 0072 0336     		adds	r6, r6, #3
 641 0074 3570     		strb	r5, [r6]
 197:Drivers/STM32G0xx_HAL_Driver/Src/stm32g0xx_hal_pcd.c ****     hpcd->OUT_ep[i].xfer_buff = 0U;
 642              		.loc 1 197 5 is_stmt 1 view .LVU187
 197:Drivers/STM32G0xx_HAL_Driver/Src/stm32g0xx_hal_pcd.c ****     hpcd->OUT_ep[i].xfer_buff = 0U;
 643              		.loc 1 197 31 is_stmt 0 view .LVU188
 644 0076 0D36     		adds	r6, r6, #13
 645 0078 3560     		str	r5, [r6]
 198:Drivers/STM32G0xx_HAL_Driver/Src/stm32g0xx_hal_pcd.c ****     hpcd->OUT_ep[i].xfer_len = 0U;
 646              		.loc 1 198 5 is_stmt 1 view .LVU189
 198:Drivers/STM32G0xx_HAL_Driver/Src/stm32g0xx_hal_pcd.c ****     hpcd->OUT_ep[i].xfer_len = 0U;
 647              		.loc 1 198 31 is_stmt 0 view .LVU190
 648 007a 6933     		adds	r3, r3, #105
 649 007c FF33     		adds	r3, r3, #255
 650 007e 1D60     		str	r5, [r3]
 199:Drivers/STM32G0xx_HAL_Driver/Src/stm32g0xx_hal_pcd.c ****   }
 651              		.loc 1 199 5 is_stmt 1 view .LVU191
ARM GAS  C:\Users\Domagoj\AppData\Local\Temp\cc6jMbW9.s 			page 60


 199:Drivers/STM32G0xx_HAL_Driver/Src/stm32g0xx_hal_pcd.c ****   }
 652              		.loc 1 199 30 is_stmt 0 view .LVU192
 653 0080 5218     		adds	r2, r2, r1
 654 0082 D200     		lsls	r2, r2, #3
 655 0084 A218     		adds	r2, r4, r2
 656 0086 6D32     		adds	r2, r2, #109
 657 0088 FF32     		adds	r2, r2, #255
 658 008a 1560     		str	r5, [r2]
 191:Drivers/STM32G0xx_HAL_Driver/Src/stm32g0xx_hal_pcd.c ****   {
 659              		.loc 1 191 47 is_stmt 1 discriminator 3 view .LVU193
 660 008c 0131     		adds	r1, r1, #1
 661              	.LVL51:
 191:Drivers/STM32G0xx_HAL_Driver/Src/stm32g0xx_hal_pcd.c ****   {
 662              		.loc 1 191 47 is_stmt 0 discriminator 3 view .LVU194
 663 008e C9B2     		uxtb	r1, r1
 664              	.LVL52:
 665              	.L38:
 191:Drivers/STM32G0xx_HAL_Driver/Src/stm32g0xx_hal_pcd.c ****   {
 666              		.loc 1 191 18 is_stmt 1 discriminator 1 view .LVU195
 667 0090 8842     		cmp	r0, r1
 668 0092 E3D8     		bhi	.L39
 203:Drivers/STM32G0xx_HAL_Driver/Src/stm32g0xx_hal_pcd.c **** 
 669              		.loc 1 203 3 view .LVU196
 203:Drivers/STM32G0xx_HAL_Driver/Src/stm32g0xx_hal_pcd.c **** 
 670              		.loc 1 203 25 is_stmt 0 view .LVU197
 671 0094 2068     		ldr	r0, [r4]
 203:Drivers/STM32G0xx_HAL_Driver/Src/stm32g0xx_hal_pcd.c **** 
 672              		.loc 1 203 9 view .LVU198
 673 0096 6B46     		mov	r3, sp
 674 0098 227C     		ldrb	r2, [r4, #16]
 675 009a 1A70     		strb	r2, [r3]
 676 009c 6168     		ldr	r1, [r4, #4]
 677              	.LVL53:
 203:Drivers/STM32G0xx_HAL_Driver/Src/stm32g0xx_hal_pcd.c **** 
 678              		.loc 1 203 9 view .LVU199
 679 009e A268     		ldr	r2, [r4, #8]
 680 00a0 E368     		ldr	r3, [r4, #12]
 681 00a2 FFF7FEFF 		bl	USB_DevInit
 682              	.LVL54:
 205:Drivers/STM32G0xx_HAL_Driver/Src/stm32g0xx_hal_pcd.c ****   hpcd->State = HAL_PCD_STATE_READY;
 683              		.loc 1 205 3 is_stmt 1 view .LVU200
 205:Drivers/STM32G0xx_HAL_Driver/Src/stm32g0xx_hal_pcd.c ****   hpcd->State = HAL_PCD_STATE_READY;
 684              		.loc 1 205 21 is_stmt 0 view .LVU201
 685 00a6 0023     		movs	r3, #0
 686 00a8 6374     		strb	r3, [r4, #17]
 206:Drivers/STM32G0xx_HAL_Driver/Src/stm32g0xx_hal_pcd.c **** 
 687              		.loc 1 206 3 is_stmt 1 view .LVU202
 206:Drivers/STM32G0xx_HAL_Driver/Src/stm32g0xx_hal_pcd.c **** 
 688              		.loc 1 206 15 is_stmt 0 view .LVU203
 689 00aa 084B     		ldr	r3, .L44
 690 00ac 0122     		movs	r2, #1
 691 00ae E254     		strb	r2, [r4, r3]
 209:Drivers/STM32G0xx_HAL_Driver/Src/stm32g0xx_hal_pcd.c ****   {
 692              		.loc 1 209 3 is_stmt 1 view .LVU204
 209:Drivers/STM32G0xx_HAL_Driver/Src/stm32g0xx_hal_pcd.c ****   {
 693              		.loc 1 209 17 is_stmt 0 view .LVU205
 694 00b0 237B     		ldrb	r3, [r4, #12]
ARM GAS  C:\Users\Domagoj\AppData\Local\Temp\cc6jMbW9.s 			page 61


 209:Drivers/STM32G0xx_HAL_Driver/Src/stm32g0xx_hal_pcd.c ****   {
 695              		.loc 1 209 6 view .LVU206
 696 00b2 012B     		cmp	r3, #1
 697 00b4 02D0     		beq	.L43
 214:Drivers/STM32G0xx_HAL_Driver/Src/stm32g0xx_hal_pcd.c **** }
 698              		.loc 1 214 10 view .LVU207
 699 00b6 0020     		movs	r0, #0
 700              	.LVL55:
 701              	.L34:
 215:Drivers/STM32G0xx_HAL_Driver/Src/stm32g0xx_hal_pcd.c **** 
 702              		.loc 1 215 1 view .LVU208
 703 00b8 02B0     		add	sp, sp, #8
 704              		@ sp needed
 705              	.LVL56:
 215:Drivers/STM32G0xx_HAL_Driver/Src/stm32g0xx_hal_pcd.c **** 
 706              		.loc 1 215 1 view .LVU209
 707 00ba 70BD     		pop	{r4, r5, r6, pc}
 708              	.LVL57:
 709              	.L43:
 211:Drivers/STM32G0xx_HAL_Driver/Src/stm32g0xx_hal_pcd.c ****   }
 710              		.loc 1 211 5 is_stmt 1 view .LVU210
 211:Drivers/STM32G0xx_HAL_Driver/Src/stm32g0xx_hal_pcd.c ****   }
 711              		.loc 1 211 11 is_stmt 0 view .LVU211
 712 00bc 2000     		movs	r0, r4
 713 00be FFF7FEFF 		bl	HAL_PCDEx_ActivateLPM
 714              	.LVL58:
 214:Drivers/STM32G0xx_HAL_Driver/Src/stm32g0xx_hal_pcd.c **** }
 715              		.loc 1 214 10 view .LVU212
 716 00c2 0020     		movs	r0, #0
 717 00c4 F8E7     		b	.L34
 718              	.LVL59:
 719              	.L40:
 134:Drivers/STM32G0xx_HAL_Driver/Src/stm32g0xx_hal_pcd.c ****   }
 720              		.loc 1 134 12 view .LVU213
 721 00c6 0120     		movs	r0, #1
 722              	.LVL60:
 134:Drivers/STM32G0xx_HAL_Driver/Src/stm32g0xx_hal_pcd.c ****   }
 723              		.loc 1 134 12 view .LVU214
 724 00c8 F6E7     		b	.L34
 725              	.L45:
 726 00ca C046     		.align	2
 727              	.L44:
 728 00cc 95020000 		.word	661
 729              		.cfi_endproc
 730              	.LFE366:
 732              		.section	.text.HAL_PCD_MspDeInit,"ax",%progbits
 733              		.align	1
 734              		.weak	HAL_PCD_MspDeInit
 735              		.syntax unified
 736              		.code	16
 737              		.thumb_func
 739              	HAL_PCD_MspDeInit:
 740              	.LVL61:
 741              	.LFB369:
 277:Drivers/STM32G0xx_HAL_Driver/Src/stm32g0xx_hal_pcd.c ****   /* Prevent unused argument(s) compilation warning */
 742              		.loc 1 277 1 is_stmt 1 view -0
 743              		.cfi_startproc
ARM GAS  C:\Users\Domagoj\AppData\Local\Temp\cc6jMbW9.s 			page 62


 744              		@ args = 0, pretend = 0, frame = 0
 745              		@ frame_needed = 0, uses_anonymous_args = 0
 746              		@ link register save eliminated.
 279:Drivers/STM32G0xx_HAL_Driver/Src/stm32g0xx_hal_pcd.c **** 
 747              		.loc 1 279 3 view .LVU216
 284:Drivers/STM32G0xx_HAL_Driver/Src/stm32g0xx_hal_pcd.c **** 
 748              		.loc 1 284 1 is_stmt 0 view .LVU217
 749              		@ sp needed
 750 0000 7047     		bx	lr
 751              		.cfi_endproc
 752              	.LFE369:
 754              		.section	.text.HAL_PCD_DeInit,"ax",%progbits
 755              		.align	1
 756              		.global	HAL_PCD_DeInit
 757              		.syntax unified
 758              		.code	16
 759              		.thumb_func
 761              	HAL_PCD_DeInit:
 762              	.LVL62:
 763              	.LFB367:
 223:Drivers/STM32G0xx_HAL_Driver/Src/stm32g0xx_hal_pcd.c ****   /* Check the PCD handle allocation */
 764              		.loc 1 223 1 is_stmt 1 view -0
 765              		.cfi_startproc
 766              		@ args = 0, pretend = 0, frame = 0
 767              		@ frame_needed = 0, uses_anonymous_args = 0
 223:Drivers/STM32G0xx_HAL_Driver/Src/stm32g0xx_hal_pcd.c ****   /* Check the PCD handle allocation */
 768              		.loc 1 223 1 is_stmt 0 view .LVU219
 769 0000 70B5     		push	{r4, r5, r6, lr}
 770              	.LCFI6:
 771              		.cfi_def_cfa_offset 16
 772              		.cfi_offset 4, -16
 773              		.cfi_offset 5, -12
 774              		.cfi_offset 6, -8
 775              		.cfi_offset 14, -4
 776 0002 041E     		subs	r4, r0, #0
 225:Drivers/STM32G0xx_HAL_Driver/Src/stm32g0xx_hal_pcd.c ****   {
 777              		.loc 1 225 3 is_stmt 1 view .LVU220
 225:Drivers/STM32G0xx_HAL_Driver/Src/stm32g0xx_hal_pcd.c ****   {
 778              		.loc 1 225 6 is_stmt 0 view .LVU221
 779 0004 11D0     		beq	.L49
 230:Drivers/STM32G0xx_HAL_Driver/Src/stm32g0xx_hal_pcd.c **** 
 780              		.loc 1 230 3 is_stmt 1 view .LVU222
 230:Drivers/STM32G0xx_HAL_Driver/Src/stm32g0xx_hal_pcd.c **** 
 781              		.loc 1 230 15 is_stmt 0 view .LVU223
 782 0006 0A4B     		ldr	r3, .L52
 783 0008 0322     		movs	r2, #3
 784 000a C254     		strb	r2, [r0, r3]
 233:Drivers/STM32G0xx_HAL_Driver/Src/stm32g0xx_hal_pcd.c ****   {
 785              		.loc 1 233 3 is_stmt 1 view .LVU224
 233:Drivers/STM32G0xx_HAL_Driver/Src/stm32g0xx_hal_pcd.c ****   {
 786              		.loc 1 233 26 is_stmt 0 view .LVU225
 787 000c 0068     		ldr	r0, [r0]
 788              	.LVL63:
 233:Drivers/STM32G0xx_HAL_Driver/Src/stm32g0xx_hal_pcd.c ****   {
 789              		.loc 1 233 7 view .LVU226
 790 000e FFF7FEFF 		bl	USB_StopDevice
 791              	.LVL64:
ARM GAS  C:\Users\Domagoj\AppData\Local\Temp\cc6jMbW9.s 			page 63


 792 0012 051E     		subs	r5, r0, #0
 233:Drivers/STM32G0xx_HAL_Driver/Src/stm32g0xx_hal_pcd.c ****   {
 793              		.loc 1 233 6 discriminator 1 view .LVU227
 794 0014 02D0     		beq	.L51
 235:Drivers/STM32G0xx_HAL_Driver/Src/stm32g0xx_hal_pcd.c ****   }
 795              		.loc 1 235 12 view .LVU228
 796 0016 0125     		movs	r5, #1
 797              	.L48:
 254:Drivers/STM32G0xx_HAL_Driver/Src/stm32g0xx_hal_pcd.c **** 
 798              		.loc 1 254 1 view .LVU229
 799 0018 2800     		movs	r0, r5
 800              		@ sp needed
 801              	.LVL65:
 254:Drivers/STM32G0xx_HAL_Driver/Src/stm32g0xx_hal_pcd.c **** 
 802              		.loc 1 254 1 view .LVU230
 803 001a 70BD     		pop	{r4, r5, r6, pc}
 804              	.LVL66:
 805              	.L51:
 248:Drivers/STM32G0xx_HAL_Driver/Src/stm32g0xx_hal_pcd.c **** #endif /* USE_HAL_PCD_REGISTER_CALLBACKS */
 806              		.loc 1 248 3 is_stmt 1 view .LVU231
 807 001c 2000     		movs	r0, r4
 808 001e FFF7FEFF 		bl	HAL_PCD_MspDeInit
 809              	.LVL67:
 251:Drivers/STM32G0xx_HAL_Driver/Src/stm32g0xx_hal_pcd.c **** 
 810              		.loc 1 251 3 view .LVU232
 251:Drivers/STM32G0xx_HAL_Driver/Src/stm32g0xx_hal_pcd.c **** 
 811              		.loc 1 251 15 is_stmt 0 view .LVU233
 812 0022 034B     		ldr	r3, .L52
 813 0024 0022     		movs	r2, #0
 814 0026 E254     		strb	r2, [r4, r3]
 253:Drivers/STM32G0xx_HAL_Driver/Src/stm32g0xx_hal_pcd.c **** }
 815              		.loc 1 253 3 is_stmt 1 view .LVU234
 253:Drivers/STM32G0xx_HAL_Driver/Src/stm32g0xx_hal_pcd.c **** }
 816              		.loc 1 253 10 is_stmt 0 view .LVU235
 817 0028 F6E7     		b	.L48
 818              	.LVL68:
 819              	.L49:
 227:Drivers/STM32G0xx_HAL_Driver/Src/stm32g0xx_hal_pcd.c ****   }
 820              		.loc 1 227 12 view .LVU236
 821 002a 0125     		movs	r5, #1
 822 002c F4E7     		b	.L48
 823              	.L53:
 824 002e C046     		.align	2
 825              	.L52:
 826 0030 95020000 		.word	661
 827              		.cfi_endproc
 828              	.LFE367:
 830              		.section	.text.HAL_PCD_Start,"ax",%progbits
 831              		.align	1
 832              		.global	HAL_PCD_Start
 833              		.syntax unified
 834              		.code	16
 835              		.thumb_func
 837              	HAL_PCD_Start:
 838              	.LVL69:
 839              	.LFB370:
 899:Drivers/STM32G0xx_HAL_Driver/Src/stm32g0xx_hal_pcd.c ****   __HAL_LOCK(hpcd);
ARM GAS  C:\Users\Domagoj\AppData\Local\Temp\cc6jMbW9.s 			page 64


 840              		.loc 1 899 1 is_stmt 1 view -0
 841              		.cfi_startproc
 842              		@ args = 0, pretend = 0, frame = 0
 843              		@ frame_needed = 0, uses_anonymous_args = 0
 899:Drivers/STM32G0xx_HAL_Driver/Src/stm32g0xx_hal_pcd.c ****   __HAL_LOCK(hpcd);
 844              		.loc 1 899 1 is_stmt 0 view .LVU238
 845 0000 70B5     		push	{r4, r5, r6, lr}
 846              	.LCFI7:
 847              		.cfi_def_cfa_offset 16
 848              		.cfi_offset 4, -16
 849              		.cfi_offset 5, -12
 850              		.cfi_offset 6, -8
 851              		.cfi_offset 14, -4
 852 0002 0400     		movs	r4, r0
 900:Drivers/STM32G0xx_HAL_Driver/Src/stm32g0xx_hal_pcd.c ****   __HAL_PCD_ENABLE(hpcd);
 853              		.loc 1 900 3 is_stmt 1 view .LVU239
 900:Drivers/STM32G0xx_HAL_Driver/Src/stm32g0xx_hal_pcd.c ****   __HAL_PCD_ENABLE(hpcd);
 854              		.loc 1 900 3 view .LVU240
 855 0004 A523     		movs	r3, #165
 856 0006 9B00     		lsls	r3, r3, #2
 857 0008 C35C     		ldrb	r3, [r0, r3]
 858 000a 012B     		cmp	r3, #1
 859 000c 0DD0     		beq	.L56
 900:Drivers/STM32G0xx_HAL_Driver/Src/stm32g0xx_hal_pcd.c ****   __HAL_PCD_ENABLE(hpcd);
 860              		.loc 1 900 3 discriminator 2 view .LVU241
 861 000e A525     		movs	r5, #165
 862 0010 AD00     		lsls	r5, r5, #2
 863 0012 0123     		movs	r3, #1
 864 0014 4355     		strb	r3, [r0, r5]
 900:Drivers/STM32G0xx_HAL_Driver/Src/stm32g0xx_hal_pcd.c ****   __HAL_PCD_ENABLE(hpcd);
 865              		.loc 1 900 3 view .LVU242
 901:Drivers/STM32G0xx_HAL_Driver/Src/stm32g0xx_hal_pcd.c ****   (void)USB_DevConnect(hpcd->Instance);
 866              		.loc 1 901 3 view .LVU243
 867 0016 0068     		ldr	r0, [r0]
 868              	.LVL70:
 901:Drivers/STM32G0xx_HAL_Driver/Src/stm32g0xx_hal_pcd.c ****   (void)USB_DevConnect(hpcd->Instance);
 869              		.loc 1 901 3 is_stmt 0 view .LVU244
 870 0018 FFF7FEFF 		bl	USB_EnableGlobalInt
 871              	.LVL71:
 902:Drivers/STM32G0xx_HAL_Driver/Src/stm32g0xx_hal_pcd.c ****   __HAL_UNLOCK(hpcd);
 872              		.loc 1 902 3 is_stmt 1 view .LVU245
 902:Drivers/STM32G0xx_HAL_Driver/Src/stm32g0xx_hal_pcd.c ****   __HAL_UNLOCK(hpcd);
 873              		.loc 1 902 28 is_stmt 0 view .LVU246
 874 001c 2068     		ldr	r0, [r4]
 902:Drivers/STM32G0xx_HAL_Driver/Src/stm32g0xx_hal_pcd.c ****   __HAL_UNLOCK(hpcd);
 875              		.loc 1 902 9 view .LVU247
 876 001e FFF7FEFF 		bl	USB_DevConnect
 877              	.LVL72:
 903:Drivers/STM32G0xx_HAL_Driver/Src/stm32g0xx_hal_pcd.c **** 
 878              		.loc 1 903 3 is_stmt 1 view .LVU248
 903:Drivers/STM32G0xx_HAL_Driver/Src/stm32g0xx_hal_pcd.c **** 
 879              		.loc 1 903 3 view .LVU249
 880 0022 0023     		movs	r3, #0
 881 0024 6355     		strb	r3, [r4, r5]
 903:Drivers/STM32G0xx_HAL_Driver/Src/stm32g0xx_hal_pcd.c **** 
 882              		.loc 1 903 3 view .LVU250
 905:Drivers/STM32G0xx_HAL_Driver/Src/stm32g0xx_hal_pcd.c **** }
ARM GAS  C:\Users\Domagoj\AppData\Local\Temp\cc6jMbW9.s 			page 65


 883              		.loc 1 905 3 view .LVU251
 905:Drivers/STM32G0xx_HAL_Driver/Src/stm32g0xx_hal_pcd.c **** }
 884              		.loc 1 905 10 is_stmt 0 view .LVU252
 885 0026 0020     		movs	r0, #0
 886              	.L55:
 906:Drivers/STM32G0xx_HAL_Driver/Src/stm32g0xx_hal_pcd.c **** 
 887              		.loc 1 906 1 view .LVU253
 888              		@ sp needed
 889              	.LVL73:
 906:Drivers/STM32G0xx_HAL_Driver/Src/stm32g0xx_hal_pcd.c **** 
 890              		.loc 1 906 1 view .LVU254
 891 0028 70BD     		pop	{r4, r5, r6, pc}
 892              	.LVL74:
 893              	.L56:
 900:Drivers/STM32G0xx_HAL_Driver/Src/stm32g0xx_hal_pcd.c ****   __HAL_PCD_ENABLE(hpcd);
 894              		.loc 1 900 3 discriminator 1 view .LVU255
 895 002a 0220     		movs	r0, #2
 896              	.LVL75:
 900:Drivers/STM32G0xx_HAL_Driver/Src/stm32g0xx_hal_pcd.c ****   __HAL_PCD_ENABLE(hpcd);
 897              		.loc 1 900 3 discriminator 1 view .LVU256
 898 002c FCE7     		b	.L55
 899              		.cfi_endproc
 900              	.LFE370:
 902              		.section	.text.HAL_PCD_Stop,"ax",%progbits
 903              		.align	1
 904              		.global	HAL_PCD_Stop
 905              		.syntax unified
 906              		.code	16
 907              		.thumb_func
 909              	HAL_PCD_Stop:
 910              	.LVL76:
 911              	.LFB371:
 914:Drivers/STM32G0xx_HAL_Driver/Src/stm32g0xx_hal_pcd.c ****   __HAL_LOCK(hpcd);
 912              		.loc 1 914 1 is_stmt 1 view -0
 913              		.cfi_startproc
 914              		@ args = 0, pretend = 0, frame = 0
 915              		@ frame_needed = 0, uses_anonymous_args = 0
 914:Drivers/STM32G0xx_HAL_Driver/Src/stm32g0xx_hal_pcd.c ****   __HAL_LOCK(hpcd);
 916              		.loc 1 914 1 is_stmt 0 view .LVU258
 917 0000 70B5     		push	{r4, r5, r6, lr}
 918              	.LCFI8:
 919              		.cfi_def_cfa_offset 16
 920              		.cfi_offset 4, -16
 921              		.cfi_offset 5, -12
 922              		.cfi_offset 6, -8
 923              		.cfi_offset 14, -4
 924 0002 0400     		movs	r4, r0
 915:Drivers/STM32G0xx_HAL_Driver/Src/stm32g0xx_hal_pcd.c ****   __HAL_PCD_DISABLE(hpcd);
 925              		.loc 1 915 3 is_stmt 1 view .LVU259
 915:Drivers/STM32G0xx_HAL_Driver/Src/stm32g0xx_hal_pcd.c ****   __HAL_PCD_DISABLE(hpcd);
 926              		.loc 1 915 3 view .LVU260
 927 0004 A523     		movs	r3, #165
 928 0006 9B00     		lsls	r3, r3, #2
 929 0008 C35C     		ldrb	r3, [r0, r3]
 930 000a 012B     		cmp	r3, #1
 931 000c 0DD0     		beq	.L59
 915:Drivers/STM32G0xx_HAL_Driver/Src/stm32g0xx_hal_pcd.c ****   __HAL_PCD_DISABLE(hpcd);
ARM GAS  C:\Users\Domagoj\AppData\Local\Temp\cc6jMbW9.s 			page 66


 932              		.loc 1 915 3 discriminator 2 view .LVU261
 933 000e A525     		movs	r5, #165
 934 0010 AD00     		lsls	r5, r5, #2
 935 0012 0123     		movs	r3, #1
 936 0014 4355     		strb	r3, [r0, r5]
 915:Drivers/STM32G0xx_HAL_Driver/Src/stm32g0xx_hal_pcd.c ****   __HAL_PCD_DISABLE(hpcd);
 937              		.loc 1 915 3 view .LVU262
 916:Drivers/STM32G0xx_HAL_Driver/Src/stm32g0xx_hal_pcd.c ****   (void)USB_DevDisconnect(hpcd->Instance);
 938              		.loc 1 916 3 view .LVU263
 939 0016 0068     		ldr	r0, [r0]
 940              	.LVL77:
 916:Drivers/STM32G0xx_HAL_Driver/Src/stm32g0xx_hal_pcd.c ****   (void)USB_DevDisconnect(hpcd->Instance);
 941              		.loc 1 916 3 is_stmt 0 view .LVU264
 942 0018 FFF7FEFF 		bl	USB_DisableGlobalInt
 943              	.LVL78:
 917:Drivers/STM32G0xx_HAL_Driver/Src/stm32g0xx_hal_pcd.c ****   __HAL_UNLOCK(hpcd);
 944              		.loc 1 917 3 is_stmt 1 view .LVU265
 917:Drivers/STM32G0xx_HAL_Driver/Src/stm32g0xx_hal_pcd.c ****   __HAL_UNLOCK(hpcd);
 945              		.loc 1 917 31 is_stmt 0 view .LVU266
 946 001c 2068     		ldr	r0, [r4]
 917:Drivers/STM32G0xx_HAL_Driver/Src/stm32g0xx_hal_pcd.c ****   __HAL_UNLOCK(hpcd);
 947              		.loc 1 917 9 view .LVU267
 948 001e FFF7FEFF 		bl	USB_DevDisconnect
 949              	.LVL79:
 918:Drivers/STM32G0xx_HAL_Driver/Src/stm32g0xx_hal_pcd.c **** 
 950              		.loc 1 918 3 is_stmt 1 view .LVU268
 918:Drivers/STM32G0xx_HAL_Driver/Src/stm32g0xx_hal_pcd.c **** 
 951              		.loc 1 918 3 view .LVU269
 952 0022 0023     		movs	r3, #0
 953 0024 6355     		strb	r3, [r4, r5]
 918:Drivers/STM32G0xx_HAL_Driver/Src/stm32g0xx_hal_pcd.c **** 
 954              		.loc 1 918 3 view .LVU270
 920:Drivers/STM32G0xx_HAL_Driver/Src/stm32g0xx_hal_pcd.c **** }
 955              		.loc 1 920 3 view .LVU271
 920:Drivers/STM32G0xx_HAL_Driver/Src/stm32g0xx_hal_pcd.c **** }
 956              		.loc 1 920 10 is_stmt 0 view .LVU272
 957 0026 0020     		movs	r0, #0
 958              	.L58:
 921:Drivers/STM32G0xx_HAL_Driver/Src/stm32g0xx_hal_pcd.c **** 
 959              		.loc 1 921 1 view .LVU273
 960              		@ sp needed
 961              	.LVL80:
 921:Drivers/STM32G0xx_HAL_Driver/Src/stm32g0xx_hal_pcd.c **** 
 962              		.loc 1 921 1 view .LVU274
 963 0028 70BD     		pop	{r4, r5, r6, pc}
 964              	.LVL81:
 965              	.L59:
 915:Drivers/STM32G0xx_HAL_Driver/Src/stm32g0xx_hal_pcd.c ****   __HAL_PCD_DISABLE(hpcd);
 966              		.loc 1 915 3 discriminator 1 view .LVU275
 967 002a 0220     		movs	r0, #2
 968              	.LVL82:
 915:Drivers/STM32G0xx_HAL_Driver/Src/stm32g0xx_hal_pcd.c ****   __HAL_PCD_DISABLE(hpcd);
 969              		.loc 1 915 3 discriminator 1 view .LVU276
 970 002c FCE7     		b	.L58
 971              		.cfi_endproc
 972              	.LFE371:
 974              		.section	.text.HAL_PCD_DataOutStageCallback,"ax",%progbits
ARM GAS  C:\Users\Domagoj\AppData\Local\Temp\cc6jMbW9.s 			page 67


 975              		.align	1
 976              		.weak	HAL_PCD_DataOutStageCallback
 977              		.syntax unified
 978              		.code	16
 979              		.thumb_func
 981              	HAL_PCD_DataOutStageCallback:
 982              	.LVL83:
 983              	.LFB373:
1082:Drivers/STM32G0xx_HAL_Driver/Src/stm32g0xx_hal_pcd.c ****   /* Prevent unused argument(s) compilation warning */
 984              		.loc 1 1082 1 is_stmt 1 view -0
 985              		.cfi_startproc
 986              		@ args = 0, pretend = 0, frame = 0
 987              		@ frame_needed = 0, uses_anonymous_args = 0
 988              		@ link register save eliminated.
1084:Drivers/STM32G0xx_HAL_Driver/Src/stm32g0xx_hal_pcd.c ****   UNUSED(epnum);
 989              		.loc 1 1084 3 view .LVU278
1085:Drivers/STM32G0xx_HAL_Driver/Src/stm32g0xx_hal_pcd.c **** 
 990              		.loc 1 1085 3 view .LVU279
1090:Drivers/STM32G0xx_HAL_Driver/Src/stm32g0xx_hal_pcd.c **** 
 991              		.loc 1 1090 1 is_stmt 0 view .LVU280
 992              		@ sp needed
 993 0000 7047     		bx	lr
 994              		.cfi_endproc
 995              	.LFE373:
 997              		.section	.text.HAL_PCD_DataInStageCallback,"ax",%progbits
 998              		.align	1
 999              		.weak	HAL_PCD_DataInStageCallback
 1000              		.syntax unified
 1001              		.code	16
 1002              		.thumb_func
 1004              	HAL_PCD_DataInStageCallback:
 1005              	.LVL84:
 1006              	.LFB374:
1099:Drivers/STM32G0xx_HAL_Driver/Src/stm32g0xx_hal_pcd.c ****   /* Prevent unused argument(s) compilation warning */
 1007              		.loc 1 1099 1 is_stmt 1 view -0
 1008              		.cfi_startproc
 1009              		@ args = 0, pretend = 0, frame = 0
 1010              		@ frame_needed = 0, uses_anonymous_args = 0
 1011              		@ link register save eliminated.
1101:Drivers/STM32G0xx_HAL_Driver/Src/stm32g0xx_hal_pcd.c ****   UNUSED(epnum);
 1012              		.loc 1 1101 3 view .LVU282
1102:Drivers/STM32G0xx_HAL_Driver/Src/stm32g0xx_hal_pcd.c **** 
 1013              		.loc 1 1102 3 view .LVU283
1107:Drivers/STM32G0xx_HAL_Driver/Src/stm32g0xx_hal_pcd.c **** /**
 1014              		.loc 1 1107 1 is_stmt 0 view .LVU284
 1015              		@ sp needed
 1016 0000 7047     		bx	lr
 1017              		.cfi_endproc
 1018              	.LFE374:
 1020              		.section	.text.HAL_PCD_EP_DB_Transmit,"ax",%progbits
 1021              		.align	1
 1022              		.syntax unified
 1023              		.code	16
 1024              		.thumb_func
 1026              	HAL_PCD_EP_DB_Transmit:
 1027              	.LVL85:
 1028              	.LFB401:
ARM GAS  C:\Users\Domagoj\AppData\Local\Temp\cc6jMbW9.s 			page 68


2004:Drivers/STM32G0xx_HAL_Driver/Src/stm32g0xx_hal_pcd.c **** 
2005:Drivers/STM32G0xx_HAL_Driver/Src/stm32g0xx_hal_pcd.c **** 
2006:Drivers/STM32G0xx_HAL_Driver/Src/stm32g0xx_hal_pcd.c **** /**
2007:Drivers/STM32G0xx_HAL_Driver/Src/stm32g0xx_hal_pcd.c ****   * @brief  Manage double buffer bulk IN transaction from ISR
2008:Drivers/STM32G0xx_HAL_Driver/Src/stm32g0xx_hal_pcd.c ****   * @param  hpcd PCD handle
2009:Drivers/STM32G0xx_HAL_Driver/Src/stm32g0xx_hal_pcd.c ****   * @param  ep current endpoint handle
2010:Drivers/STM32G0xx_HAL_Driver/Src/stm32g0xx_hal_pcd.c ****   * @param  wEPVal Last snapshot of EPRx register value taken in ISR
2011:Drivers/STM32G0xx_HAL_Driver/Src/stm32g0xx_hal_pcd.c ****   * @retval HAL status
2012:Drivers/STM32G0xx_HAL_Driver/Src/stm32g0xx_hal_pcd.c ****   */
2013:Drivers/STM32G0xx_HAL_Driver/Src/stm32g0xx_hal_pcd.c **** static HAL_StatusTypeDef HAL_PCD_EP_DB_Transmit(PCD_HandleTypeDef *hpcd,
2014:Drivers/STM32G0xx_HAL_Driver/Src/stm32g0xx_hal_pcd.c ****                                                 PCD_EPTypeDef *ep, uint16_t wEPVal)
2015:Drivers/STM32G0xx_HAL_Driver/Src/stm32g0xx_hal_pcd.c **** {
 1029              		.loc 1 2015 1 is_stmt 1 view -0
 1030              		.cfi_startproc
 1031              		@ args = 0, pretend = 0, frame = 0
 1032              		@ frame_needed = 0, uses_anonymous_args = 0
 1033              		.loc 1 2015 1 is_stmt 0 view .LVU286
 1034 0000 70B5     		push	{r4, r5, r6, lr}
 1035              	.LCFI9:
 1036              		.cfi_def_cfa_offset 16
 1037              		.cfi_offset 4, -16
 1038              		.cfi_offset 5, -12
 1039              		.cfi_offset 6, -8
 1040              		.cfi_offset 14, -4
 1041 0002 0600     		movs	r6, r0
 1042 0004 0C00     		movs	r4, r1
 1043 0006 1500     		movs	r5, r2
2016:Drivers/STM32G0xx_HAL_Driver/Src/stm32g0xx_hal_pcd.c ****   uint32_t len;
 1044              		.loc 1 2016 3 is_stmt 1 view .LVU287
2017:Drivers/STM32G0xx_HAL_Driver/Src/stm32g0xx_hal_pcd.c ****   uint16_t TxPctSize;
 1045              		.loc 1 2017 3 view .LVU288
2018:Drivers/STM32G0xx_HAL_Driver/Src/stm32g0xx_hal_pcd.c **** 
2019:Drivers/STM32G0xx_HAL_Driver/Src/stm32g0xx_hal_pcd.c ****   /* Data Buffer0 ACK received */
2020:Drivers/STM32G0xx_HAL_Driver/Src/stm32g0xx_hal_pcd.c ****   if ((wEPVal & USB_EP_DTOG_TX) != 0U)
 1046              		.loc 1 2020 3 view .LVU289
 1047              		.loc 1 2020 6 is_stmt 0 view .LVU290
 1048 0008 5306     		lsls	r3, r2, #25
 1049 000a 00D4     		bmi	.LCB901
 1050 000c 03E1     		b	.L63	@long jump
 1051              	.LCB901:
2021:Drivers/STM32G0xx_HAL_Driver/Src/stm32g0xx_hal_pcd.c ****   {
2022:Drivers/STM32G0xx_HAL_Driver/Src/stm32g0xx_hal_pcd.c ****     /* multi-packet on the NON control IN endpoint */
2023:Drivers/STM32G0xx_HAL_Driver/Src/stm32g0xx_hal_pcd.c ****     TxPctSize = (uint16_t)PCD_GET_EP_DBUF0_CNT(hpcd->Instance, ep->num);
 1052              		.loc 1 2023 5 is_stmt 1 view .LVU291
 1053              		.loc 1 2023 52 is_stmt 0 view .LVU292
 1054 000e 0068     		ldr	r0, [r0]
 1055              	.LVL86:
 1056              		.loc 1 2023 66 view .LVU293
 1057 0010 0978     		ldrb	r1, [r1]
 1058              	.LVL87:
 1059              		.loc 1 2023 27 view .LVU294
 1060 0012 FFF7FEFF 		bl	PCD_GET_EP_DBUF0_CNT
 1061              	.LVL88:
 1062              		.loc 1 2023 27 view .LVU295
 1063 0016 0200     		movs	r2, r0
 1064              	.LVL89:
2024:Drivers/STM32G0xx_HAL_Driver/Src/stm32g0xx_hal_pcd.c **** 
ARM GAS  C:\Users\Domagoj\AppData\Local\Temp\cc6jMbW9.s 			page 69


2025:Drivers/STM32G0xx_HAL_Driver/Src/stm32g0xx_hal_pcd.c ****     if (ep->xfer_len > TxPctSize)
 1065              		.loc 1 2025 5 is_stmt 1 view .LVU296
 1066              		.loc 1 2025 11 is_stmt 0 view .LVU297
 1067 0018 A369     		ldr	r3, [r4, #24]
 1068              		.loc 1 2025 8 view .LVU298
 1069 001a 8342     		cmp	r3, r0
 1070 001c 23D9     		bls	.L64
2026:Drivers/STM32G0xx_HAL_Driver/Src/stm32g0xx_hal_pcd.c ****     {
2027:Drivers/STM32G0xx_HAL_Driver/Src/stm32g0xx_hal_pcd.c ****       ep->xfer_len -= TxPctSize;
 1071              		.loc 1 2027 7 is_stmt 1 view .LVU299
 1072              		.loc 1 2027 20 is_stmt 0 view .LVU300
 1073 001e 1B1A     		subs	r3, r3, r0
 1074 0020 A361     		str	r3, [r4, #24]
 1075              	.L65:
2028:Drivers/STM32G0xx_HAL_Driver/Src/stm32g0xx_hal_pcd.c ****     }
2029:Drivers/STM32G0xx_HAL_Driver/Src/stm32g0xx_hal_pcd.c ****     else
2030:Drivers/STM32G0xx_HAL_Driver/Src/stm32g0xx_hal_pcd.c ****     {
2031:Drivers/STM32G0xx_HAL_Driver/Src/stm32g0xx_hal_pcd.c ****       ep->xfer_len = 0U;
2032:Drivers/STM32G0xx_HAL_Driver/Src/stm32g0xx_hal_pcd.c ****     }
2033:Drivers/STM32G0xx_HAL_Driver/Src/stm32g0xx_hal_pcd.c **** 
2034:Drivers/STM32G0xx_HAL_Driver/Src/stm32g0xx_hal_pcd.c ****     /* Transfer is completed */
2035:Drivers/STM32G0xx_HAL_Driver/Src/stm32g0xx_hal_pcd.c ****     if (ep->xfer_len == 0U)
 1076              		.loc 1 2035 5 is_stmt 1 view .LVU301
 1077              		.loc 1 2035 11 is_stmt 0 view .LVU302
 1078 0022 A369     		ldr	r3, [r4, #24]
 1079              		.loc 1 2035 8 view .LVU303
 1080 0024 002B     		cmp	r3, #0
 1081 0026 21D0     		beq	.L112
2036:Drivers/STM32G0xx_HAL_Driver/Src/stm32g0xx_hal_pcd.c ****     {
2037:Drivers/STM32G0xx_HAL_Driver/Src/stm32g0xx_hal_pcd.c ****       PCD_SET_EP_DBUF0_CNT(hpcd->Instance, ep->num, ep->is_in, 0U);
2038:Drivers/STM32G0xx_HAL_Driver/Src/stm32g0xx_hal_pcd.c ****       PCD_SET_EP_DBUF1_CNT(hpcd->Instance, ep->num, ep->is_in, 0U);
2039:Drivers/STM32G0xx_HAL_Driver/Src/stm32g0xx_hal_pcd.c **** 
2040:Drivers/STM32G0xx_HAL_Driver/Src/stm32g0xx_hal_pcd.c ****       if (ep->type == EP_TYPE_BULK)
2041:Drivers/STM32G0xx_HAL_Driver/Src/stm32g0xx_hal_pcd.c ****       {
2042:Drivers/STM32G0xx_HAL_Driver/Src/stm32g0xx_hal_pcd.c ****         /* Set Bulk endpoint in NAK state */
2043:Drivers/STM32G0xx_HAL_Driver/Src/stm32g0xx_hal_pcd.c ****         PCD_SET_EP_TX_STATUS(hpcd->Instance, ep->num, USB_EP_TX_NAK);
2044:Drivers/STM32G0xx_HAL_Driver/Src/stm32g0xx_hal_pcd.c ****       }
2045:Drivers/STM32G0xx_HAL_Driver/Src/stm32g0xx_hal_pcd.c **** 
2046:Drivers/STM32G0xx_HAL_Driver/Src/stm32g0xx_hal_pcd.c ****       /* TX COMPLETE */
2047:Drivers/STM32G0xx_HAL_Driver/Src/stm32g0xx_hal_pcd.c **** #if (USE_HAL_PCD_REGISTER_CALLBACKS == 1U)
2048:Drivers/STM32G0xx_HAL_Driver/Src/stm32g0xx_hal_pcd.c ****       hpcd->DataInStageCallback(hpcd, ep->num);
2049:Drivers/STM32G0xx_HAL_Driver/Src/stm32g0xx_hal_pcd.c **** #else
2050:Drivers/STM32G0xx_HAL_Driver/Src/stm32g0xx_hal_pcd.c ****       HAL_PCD_DataInStageCallback(hpcd, ep->num);
2051:Drivers/STM32G0xx_HAL_Driver/Src/stm32g0xx_hal_pcd.c **** #endif /* USE_HAL_PCD_REGISTER_CALLBACKS */
2052:Drivers/STM32G0xx_HAL_Driver/Src/stm32g0xx_hal_pcd.c **** 
2053:Drivers/STM32G0xx_HAL_Driver/Src/stm32g0xx_hal_pcd.c ****       if ((wEPVal & USB_EP_DTOG_RX) != 0U)
2054:Drivers/STM32G0xx_HAL_Driver/Src/stm32g0xx_hal_pcd.c ****       {
2055:Drivers/STM32G0xx_HAL_Driver/Src/stm32g0xx_hal_pcd.c ****         PCD_FREE_USER_BUFFER(hpcd->Instance, ep->num, 1U);
2056:Drivers/STM32G0xx_HAL_Driver/Src/stm32g0xx_hal_pcd.c ****       }
2057:Drivers/STM32G0xx_HAL_Driver/Src/stm32g0xx_hal_pcd.c **** 
2058:Drivers/STM32G0xx_HAL_Driver/Src/stm32g0xx_hal_pcd.c ****       return HAL_OK;
2059:Drivers/STM32G0xx_HAL_Driver/Src/stm32g0xx_hal_pcd.c ****     }
2060:Drivers/STM32G0xx_HAL_Driver/Src/stm32g0xx_hal_pcd.c ****     else /* Transfer is not yet Done */
2061:Drivers/STM32G0xx_HAL_Driver/Src/stm32g0xx_hal_pcd.c ****     {
2062:Drivers/STM32G0xx_HAL_Driver/Src/stm32g0xx_hal_pcd.c ****       /* Need to Free USB Buffer */
2063:Drivers/STM32G0xx_HAL_Driver/Src/stm32g0xx_hal_pcd.c ****       if ((wEPVal & USB_EP_DTOG_RX) != 0U)
 1082              		.loc 1 2063 7 is_stmt 1 view .LVU304
ARM GAS  C:\Users\Domagoj\AppData\Local\Temp\cc6jMbW9.s 			page 70


 1083              		.loc 1 2063 10 is_stmt 0 view .LVU305
 1084 0028 6D04     		lsls	r5, r5, #17
 1085 002a 09D5     		bpl	.L74
 1086              	.LVL90:
2064:Drivers/STM32G0xx_HAL_Driver/Src/stm32g0xx_hal_pcd.c ****       {
2065:Drivers/STM32G0xx_HAL_Driver/Src/stm32g0xx_hal_pcd.c ****         PCD_FREE_USER_BUFFER(hpcd->Instance, ep->num, 1U);
 1087              		.loc 1 2065 9 is_stmt 1 view .LVU306
 1088              		.loc 1 2065 9 view .LVU307
 1089              		.loc 1 2065 9 discriminator 2 view .LVU308
 1090              		.loc 1 2065 9 discriminator 3 view .LVU309
 1091              	.LBB6:
 1092              		.loc 1 2065 9 discriminator 3 view .LVU310
 1093              		.loc 1 2065 9 discriminator 3 view .LVU311
 1094 002c 3368     		ldr	r3, [r6]
 1095 002e 2178     		ldrb	r1, [r4]
 1096 0030 8900     		lsls	r1, r1, #2
 1097 0032 5B18     		adds	r3, r3, r1
 1098 0034 1868     		ldr	r0, [r3]
 1099              	.LVL91:
 1100              		.loc 1 2065 9 is_stmt 0 discriminator 3 view .LVU312
 1101 0036 CB49     		ldr	r1, .L119
 1102 0038 0840     		ands	r0, r1
 1103              	.LVL92:
 1104              		.loc 1 2065 9 is_stmt 1 view .LVU313
 1105              		.loc 1 2065 9 is_stmt 0 discriminator 3 view .LVU314
 1106 003a CB49     		ldr	r1, .L119+4
 1107 003c 0143     		orrs	r1, r0
 1108 003e 1960     		str	r1, [r3]
 1109              	.LVL93:
 1110              	.L74:
 1111              		.loc 1 2065 9 discriminator 3 view .LVU315
 1112              	.LBE6:
 1113              		.loc 1 2065 9 is_stmt 1 view .LVU316
 1114              		.loc 1 2065 9 view .LVU317
2066:Drivers/STM32G0xx_HAL_Driver/Src/stm32g0xx_hal_pcd.c ****       }
2067:Drivers/STM32G0xx_HAL_Driver/Src/stm32g0xx_hal_pcd.c **** 
2068:Drivers/STM32G0xx_HAL_Driver/Src/stm32g0xx_hal_pcd.c ****       /* Still there is data to Fill in the next Buffer */
2069:Drivers/STM32G0xx_HAL_Driver/Src/stm32g0xx_hal_pcd.c ****       if (ep->xfer_fill_db == 1U)
 1115              		.loc 1 2069 7 view .LVU318
 1116              		.loc 1 2069 13 is_stmt 0 view .LVU319
 1117 0040 2423     		movs	r3, #36
 1118 0042 E35C     		ldrb	r3, [r4, r3]
 1119              		.loc 1 2069 10 view .LVU320
 1120 0044 012B     		cmp	r3, #1
 1121 0046 00D1     		bne	.LCB963
 1122 0048 7BE0     		b	.L113	@long jump
 1123              	.LCB963:
 1124              	.LVL94:
 1125              	.L75:
2070:Drivers/STM32G0xx_HAL_Driver/Src/stm32g0xx_hal_pcd.c ****       {
2071:Drivers/STM32G0xx_HAL_Driver/Src/stm32g0xx_hal_pcd.c ****         ep->xfer_buff += TxPctSize;
2072:Drivers/STM32G0xx_HAL_Driver/Src/stm32g0xx_hal_pcd.c ****         ep->xfer_count += TxPctSize;
2073:Drivers/STM32G0xx_HAL_Driver/Src/stm32g0xx_hal_pcd.c **** 
2074:Drivers/STM32G0xx_HAL_Driver/Src/stm32g0xx_hal_pcd.c ****         /* Calculate the len of the new buffer to fill */
2075:Drivers/STM32G0xx_HAL_Driver/Src/stm32g0xx_hal_pcd.c ****         if (ep->xfer_len_db >= ep->maxpacket)
2076:Drivers/STM32G0xx_HAL_Driver/Src/stm32g0xx_hal_pcd.c ****         {
2077:Drivers/STM32G0xx_HAL_Driver/Src/stm32g0xx_hal_pcd.c ****           len = ep->maxpacket;
ARM GAS  C:\Users\Domagoj\AppData\Local\Temp\cc6jMbW9.s 			page 71


2078:Drivers/STM32G0xx_HAL_Driver/Src/stm32g0xx_hal_pcd.c ****           ep->xfer_len_db -= len;
2079:Drivers/STM32G0xx_HAL_Driver/Src/stm32g0xx_hal_pcd.c ****         }
2080:Drivers/STM32G0xx_HAL_Driver/Src/stm32g0xx_hal_pcd.c ****         else if (ep->xfer_len_db == 0U)
2081:Drivers/STM32G0xx_HAL_Driver/Src/stm32g0xx_hal_pcd.c ****         {
2082:Drivers/STM32G0xx_HAL_Driver/Src/stm32g0xx_hal_pcd.c ****           len = TxPctSize;
2083:Drivers/STM32G0xx_HAL_Driver/Src/stm32g0xx_hal_pcd.c ****           ep->xfer_fill_db = 0U;
2084:Drivers/STM32G0xx_HAL_Driver/Src/stm32g0xx_hal_pcd.c ****         }
2085:Drivers/STM32G0xx_HAL_Driver/Src/stm32g0xx_hal_pcd.c ****         else
2086:Drivers/STM32G0xx_HAL_Driver/Src/stm32g0xx_hal_pcd.c ****         {
2087:Drivers/STM32G0xx_HAL_Driver/Src/stm32g0xx_hal_pcd.c ****           ep->xfer_fill_db = 0U;
2088:Drivers/STM32G0xx_HAL_Driver/Src/stm32g0xx_hal_pcd.c ****           len = ep->xfer_len_db;
2089:Drivers/STM32G0xx_HAL_Driver/Src/stm32g0xx_hal_pcd.c ****           ep->xfer_len_db = 0U;
2090:Drivers/STM32G0xx_HAL_Driver/Src/stm32g0xx_hal_pcd.c ****         }
2091:Drivers/STM32G0xx_HAL_Driver/Src/stm32g0xx_hal_pcd.c **** 
2092:Drivers/STM32G0xx_HAL_Driver/Src/stm32g0xx_hal_pcd.c ****         /* Write remaining Data to Buffer */
2093:Drivers/STM32G0xx_HAL_Driver/Src/stm32g0xx_hal_pcd.c ****         /* Set the Double buffer counter for pma buffer0 */
2094:Drivers/STM32G0xx_HAL_Driver/Src/stm32g0xx_hal_pcd.c ****         PCD_SET_EP_DBUF0_CNT(hpcd->Instance, ep->num, ep->is_in, len);
2095:Drivers/STM32G0xx_HAL_Driver/Src/stm32g0xx_hal_pcd.c **** 
2096:Drivers/STM32G0xx_HAL_Driver/Src/stm32g0xx_hal_pcd.c ****         /* Copy user buffer to USB PMA */
2097:Drivers/STM32G0xx_HAL_Driver/Src/stm32g0xx_hal_pcd.c ****         USB_WritePMA(hpcd->Instance, ep->xfer_buff,  ep->pmaaddr0, (uint16_t)len);
2098:Drivers/STM32G0xx_HAL_Driver/Src/stm32g0xx_hal_pcd.c ****       }
2099:Drivers/STM32G0xx_HAL_Driver/Src/stm32g0xx_hal_pcd.c ****     }
2100:Drivers/STM32G0xx_HAL_Driver/Src/stm32g0xx_hal_pcd.c ****   }
2101:Drivers/STM32G0xx_HAL_Driver/Src/stm32g0xx_hal_pcd.c ****   else /* Data Buffer1 ACK received */
2102:Drivers/STM32G0xx_HAL_Driver/Src/stm32g0xx_hal_pcd.c ****   {
2103:Drivers/STM32G0xx_HAL_Driver/Src/stm32g0xx_hal_pcd.c ****     /* multi-packet on the NON control IN endpoint */
2104:Drivers/STM32G0xx_HAL_Driver/Src/stm32g0xx_hal_pcd.c ****     TxPctSize = (uint16_t)PCD_GET_EP_DBUF1_CNT(hpcd->Instance, ep->num);
2105:Drivers/STM32G0xx_HAL_Driver/Src/stm32g0xx_hal_pcd.c **** 
2106:Drivers/STM32G0xx_HAL_Driver/Src/stm32g0xx_hal_pcd.c ****     if (ep->xfer_len >= TxPctSize)
2107:Drivers/STM32G0xx_HAL_Driver/Src/stm32g0xx_hal_pcd.c ****     {
2108:Drivers/STM32G0xx_HAL_Driver/Src/stm32g0xx_hal_pcd.c ****       ep->xfer_len -= TxPctSize;
2109:Drivers/STM32G0xx_HAL_Driver/Src/stm32g0xx_hal_pcd.c ****     }
2110:Drivers/STM32G0xx_HAL_Driver/Src/stm32g0xx_hal_pcd.c ****     else
2111:Drivers/STM32G0xx_HAL_Driver/Src/stm32g0xx_hal_pcd.c ****     {
2112:Drivers/STM32G0xx_HAL_Driver/Src/stm32g0xx_hal_pcd.c ****       ep->xfer_len = 0U;
2113:Drivers/STM32G0xx_HAL_Driver/Src/stm32g0xx_hal_pcd.c ****     }
2114:Drivers/STM32G0xx_HAL_Driver/Src/stm32g0xx_hal_pcd.c **** 
2115:Drivers/STM32G0xx_HAL_Driver/Src/stm32g0xx_hal_pcd.c ****     /* Transfer is completed */
2116:Drivers/STM32G0xx_HAL_Driver/Src/stm32g0xx_hal_pcd.c ****     if (ep->xfer_len == 0U)
2117:Drivers/STM32G0xx_HAL_Driver/Src/stm32g0xx_hal_pcd.c ****     {
2118:Drivers/STM32G0xx_HAL_Driver/Src/stm32g0xx_hal_pcd.c ****       PCD_SET_EP_DBUF0_CNT(hpcd->Instance, ep->num, ep->is_in, 0U);
2119:Drivers/STM32G0xx_HAL_Driver/Src/stm32g0xx_hal_pcd.c ****       PCD_SET_EP_DBUF1_CNT(hpcd->Instance, ep->num, ep->is_in, 0U);
2120:Drivers/STM32G0xx_HAL_Driver/Src/stm32g0xx_hal_pcd.c **** 
2121:Drivers/STM32G0xx_HAL_Driver/Src/stm32g0xx_hal_pcd.c ****       if (ep->type == EP_TYPE_BULK)
2122:Drivers/STM32G0xx_HAL_Driver/Src/stm32g0xx_hal_pcd.c ****       {
2123:Drivers/STM32G0xx_HAL_Driver/Src/stm32g0xx_hal_pcd.c ****         /* Set Bulk endpoint in NAK state */
2124:Drivers/STM32G0xx_HAL_Driver/Src/stm32g0xx_hal_pcd.c ****         PCD_SET_EP_TX_STATUS(hpcd->Instance, ep->num, USB_EP_TX_NAK);
2125:Drivers/STM32G0xx_HAL_Driver/Src/stm32g0xx_hal_pcd.c ****       }
2126:Drivers/STM32G0xx_HAL_Driver/Src/stm32g0xx_hal_pcd.c **** 
2127:Drivers/STM32G0xx_HAL_Driver/Src/stm32g0xx_hal_pcd.c ****       /* TX COMPLETE */
2128:Drivers/STM32G0xx_HAL_Driver/Src/stm32g0xx_hal_pcd.c **** #if (USE_HAL_PCD_REGISTER_CALLBACKS == 1U)
2129:Drivers/STM32G0xx_HAL_Driver/Src/stm32g0xx_hal_pcd.c ****       hpcd->DataInStageCallback(hpcd, ep->num);
2130:Drivers/STM32G0xx_HAL_Driver/Src/stm32g0xx_hal_pcd.c **** #else
2131:Drivers/STM32G0xx_HAL_Driver/Src/stm32g0xx_hal_pcd.c ****       HAL_PCD_DataInStageCallback(hpcd, ep->num);
2132:Drivers/STM32G0xx_HAL_Driver/Src/stm32g0xx_hal_pcd.c **** #endif /* USE_HAL_PCD_REGISTER_CALLBACKS */
2133:Drivers/STM32G0xx_HAL_Driver/Src/stm32g0xx_hal_pcd.c **** 
2134:Drivers/STM32G0xx_HAL_Driver/Src/stm32g0xx_hal_pcd.c ****       /* need to Free USB Buff */
ARM GAS  C:\Users\Domagoj\AppData\Local\Temp\cc6jMbW9.s 			page 72


2135:Drivers/STM32G0xx_HAL_Driver/Src/stm32g0xx_hal_pcd.c ****       if ((wEPVal & USB_EP_DTOG_RX) == 0U)
2136:Drivers/STM32G0xx_HAL_Driver/Src/stm32g0xx_hal_pcd.c ****       {
2137:Drivers/STM32G0xx_HAL_Driver/Src/stm32g0xx_hal_pcd.c ****         PCD_FREE_USER_BUFFER(hpcd->Instance, ep->num, 1U);
2138:Drivers/STM32G0xx_HAL_Driver/Src/stm32g0xx_hal_pcd.c ****       }
2139:Drivers/STM32G0xx_HAL_Driver/Src/stm32g0xx_hal_pcd.c **** 
2140:Drivers/STM32G0xx_HAL_Driver/Src/stm32g0xx_hal_pcd.c ****       return HAL_OK;
2141:Drivers/STM32G0xx_HAL_Driver/Src/stm32g0xx_hal_pcd.c ****     }
2142:Drivers/STM32G0xx_HAL_Driver/Src/stm32g0xx_hal_pcd.c ****     else /* Transfer is not yet Done */
2143:Drivers/STM32G0xx_HAL_Driver/Src/stm32g0xx_hal_pcd.c ****     {
2144:Drivers/STM32G0xx_HAL_Driver/Src/stm32g0xx_hal_pcd.c ****       /* Need to Free USB Buffer */
2145:Drivers/STM32G0xx_HAL_Driver/Src/stm32g0xx_hal_pcd.c ****       if ((wEPVal & USB_EP_DTOG_RX) == 0U)
2146:Drivers/STM32G0xx_HAL_Driver/Src/stm32g0xx_hal_pcd.c ****       {
2147:Drivers/STM32G0xx_HAL_Driver/Src/stm32g0xx_hal_pcd.c ****         PCD_FREE_USER_BUFFER(hpcd->Instance, ep->num, 1U);
2148:Drivers/STM32G0xx_HAL_Driver/Src/stm32g0xx_hal_pcd.c ****       }
2149:Drivers/STM32G0xx_HAL_Driver/Src/stm32g0xx_hal_pcd.c **** 
2150:Drivers/STM32G0xx_HAL_Driver/Src/stm32g0xx_hal_pcd.c ****       /* Still there is data to Fill in the next Buffer */
2151:Drivers/STM32G0xx_HAL_Driver/Src/stm32g0xx_hal_pcd.c ****       if (ep->xfer_fill_db == 1U)
2152:Drivers/STM32G0xx_HAL_Driver/Src/stm32g0xx_hal_pcd.c ****       {
2153:Drivers/STM32G0xx_HAL_Driver/Src/stm32g0xx_hal_pcd.c ****         ep->xfer_buff += TxPctSize;
2154:Drivers/STM32G0xx_HAL_Driver/Src/stm32g0xx_hal_pcd.c ****         ep->xfer_count += TxPctSize;
2155:Drivers/STM32G0xx_HAL_Driver/Src/stm32g0xx_hal_pcd.c **** 
2156:Drivers/STM32G0xx_HAL_Driver/Src/stm32g0xx_hal_pcd.c ****         /* Calculate the len of the new buffer to fill */
2157:Drivers/STM32G0xx_HAL_Driver/Src/stm32g0xx_hal_pcd.c ****         if (ep->xfer_len_db >= ep->maxpacket)
2158:Drivers/STM32G0xx_HAL_Driver/Src/stm32g0xx_hal_pcd.c ****         {
2159:Drivers/STM32G0xx_HAL_Driver/Src/stm32g0xx_hal_pcd.c ****           len = ep->maxpacket;
2160:Drivers/STM32G0xx_HAL_Driver/Src/stm32g0xx_hal_pcd.c ****           ep->xfer_len_db -= len;
2161:Drivers/STM32G0xx_HAL_Driver/Src/stm32g0xx_hal_pcd.c ****         }
2162:Drivers/STM32G0xx_HAL_Driver/Src/stm32g0xx_hal_pcd.c ****         else if (ep->xfer_len_db == 0U)
2163:Drivers/STM32G0xx_HAL_Driver/Src/stm32g0xx_hal_pcd.c ****         {
2164:Drivers/STM32G0xx_HAL_Driver/Src/stm32g0xx_hal_pcd.c ****           len = TxPctSize;
2165:Drivers/STM32G0xx_HAL_Driver/Src/stm32g0xx_hal_pcd.c ****           ep->xfer_fill_db = 0U;
2166:Drivers/STM32G0xx_HAL_Driver/Src/stm32g0xx_hal_pcd.c ****         }
2167:Drivers/STM32G0xx_HAL_Driver/Src/stm32g0xx_hal_pcd.c ****         else
2168:Drivers/STM32G0xx_HAL_Driver/Src/stm32g0xx_hal_pcd.c ****         {
2169:Drivers/STM32G0xx_HAL_Driver/Src/stm32g0xx_hal_pcd.c ****           len = ep->xfer_len_db;
2170:Drivers/STM32G0xx_HAL_Driver/Src/stm32g0xx_hal_pcd.c ****           ep->xfer_len_db = 0U;
2171:Drivers/STM32G0xx_HAL_Driver/Src/stm32g0xx_hal_pcd.c ****           ep->xfer_fill_db = 0;
2172:Drivers/STM32G0xx_HAL_Driver/Src/stm32g0xx_hal_pcd.c ****         }
2173:Drivers/STM32G0xx_HAL_Driver/Src/stm32g0xx_hal_pcd.c **** 
2174:Drivers/STM32G0xx_HAL_Driver/Src/stm32g0xx_hal_pcd.c ****         /* Set the Double buffer counter for pma buffer1 */
2175:Drivers/STM32G0xx_HAL_Driver/Src/stm32g0xx_hal_pcd.c ****         PCD_SET_EP_DBUF1_CNT(hpcd->Instance, ep->num, ep->is_in, len);
2176:Drivers/STM32G0xx_HAL_Driver/Src/stm32g0xx_hal_pcd.c **** 
2177:Drivers/STM32G0xx_HAL_Driver/Src/stm32g0xx_hal_pcd.c ****         /* Copy the user buffer to USB PMA */
2178:Drivers/STM32G0xx_HAL_Driver/Src/stm32g0xx_hal_pcd.c ****         USB_WritePMA(hpcd->Instance, ep->xfer_buff,  ep->pmaaddr1, (uint16_t)len);
2179:Drivers/STM32G0xx_HAL_Driver/Src/stm32g0xx_hal_pcd.c ****       }
2180:Drivers/STM32G0xx_HAL_Driver/Src/stm32g0xx_hal_pcd.c ****     }
2181:Drivers/STM32G0xx_HAL_Driver/Src/stm32g0xx_hal_pcd.c ****   }
2182:Drivers/STM32G0xx_HAL_Driver/Src/stm32g0xx_hal_pcd.c **** 
2183:Drivers/STM32G0xx_HAL_Driver/Src/stm32g0xx_hal_pcd.c ****   /* Enable endpoint IN */
2184:Drivers/STM32G0xx_HAL_Driver/Src/stm32g0xx_hal_pcd.c ****   PCD_SET_EP_TX_STATUS(hpcd->Instance, ep->num, USB_EP_TX_VALID);
 1126              		.loc 1 2184 3 is_stmt 1 view .LVU321
 1127              	.LBB7:
 1128              		.loc 1 2184 3 view .LVU322
 1129              		.loc 1 2184 3 view .LVU323
 1130 004a 3268     		ldr	r2, [r6]
 1131 004c 2378     		ldrb	r3, [r4]
 1132 004e 9B00     		lsls	r3, r3, #2
ARM GAS  C:\Users\Domagoj\AppData\Local\Temp\cc6jMbW9.s 			page 73


 1133 0050 D218     		adds	r2, r2, r3
 1134 0052 1368     		ldr	r3, [r2]
 1135 0054 C549     		ldr	r1, .L119+8
 1136 0056 0B40     		ands	r3, r1
 1137              	.LVL95:
 1138              		.loc 1 2184 3 view .LVU324
 1139              		.loc 1 2184 3 discriminator 1 view .LVU325
 1140              		.loc 1 2184 3 discriminator 3 view .LVU326
 1141              		.loc 1 2184 3 discriminator 4 view .LVU327
 1142 0058 3021     		movs	r1, #48
 1143 005a 4B40     		eors	r3, r1
 1144              	.LVL96:
 1145              		.loc 1 2184 3 discriminator 6 view .LVU328
 1146 005c C449     		ldr	r1, .L119+12
 1147 005e 0B43     		orrs	r3, r1
 1148              	.LVL97:
 1149              		.loc 1 2184 3 is_stmt 0 discriminator 6 view .LVU329
 1150 0060 1360     		str	r3, [r2]
 1151              	.LBE7:
 1152              		.loc 1 2184 3 is_stmt 1 view .LVU330
2185:Drivers/STM32G0xx_HAL_Driver/Src/stm32g0xx_hal_pcd.c **** 
2186:Drivers/STM32G0xx_HAL_Driver/Src/stm32g0xx_hal_pcd.c ****   return HAL_OK;
 1153              		.loc 1 2186 3 view .LVU331
 1154              	.LVL98:
 1155              	.L73:
2187:Drivers/STM32G0xx_HAL_Driver/Src/stm32g0xx_hal_pcd.c **** }
 1156              		.loc 1 2187 1 is_stmt 0 view .LVU332
 1157 0062 0020     		movs	r0, #0
 1158              		@ sp needed
 1159              	.LVL99:
 1160              	.LVL100:
 1161              		.loc 1 2187 1 view .LVU333
 1162 0064 70BD     		pop	{r4, r5, r6, pc}
 1163              	.LVL101:
 1164              	.L64:
2031:Drivers/STM32G0xx_HAL_Driver/Src/stm32g0xx_hal_pcd.c ****     }
 1165              		.loc 1 2031 7 is_stmt 1 view .LVU334
2031:Drivers/STM32G0xx_HAL_Driver/Src/stm32g0xx_hal_pcd.c ****     }
 1166              		.loc 1 2031 20 is_stmt 0 view .LVU335
 1167 0066 0023     		movs	r3, #0
 1168 0068 A361     		str	r3, [r4, #24]
 1169 006a DAE7     		b	.L65
 1170              	.L112:
2037:Drivers/STM32G0xx_HAL_Driver/Src/stm32g0xx_hal_pcd.c ****       PCD_SET_EP_DBUF1_CNT(hpcd->Instance, ep->num, ep->is_in, 0U);
 1171              		.loc 1 2037 7 is_stmt 1 view .LVU336
2037:Drivers/STM32G0xx_HAL_Driver/Src/stm32g0xx_hal_pcd.c ****       PCD_SET_EP_DBUF1_CNT(hpcd->Instance, ep->num, ep->is_in, 0U);
 1172              		.loc 1 2037 7 view .LVU337
 1173 006c 6378     		ldrb	r3, [r4, #1]
 1174 006e 002B     		cmp	r3, #0
 1175 0070 38D1     		bne	.L67
2037:Drivers/STM32G0xx_HAL_Driver/Src/stm32g0xx_hal_pcd.c ****       PCD_SET_EP_DBUF1_CNT(hpcd->Instance, ep->num, ep->is_in, 0U);
 1176              		.loc 1 2037 7 discriminator 1 view .LVU338
 1177              	.LBB8:
2037:Drivers/STM32G0xx_HAL_Driver/Src/stm32g0xx_hal_pcd.c ****       PCD_SET_EP_DBUF1_CNT(hpcd->Instance, ep->num, ep->is_in, 0U);
 1178              		.loc 1 2037 7 discriminator 1 view .LVU339
2037:Drivers/STM32G0xx_HAL_Driver/Src/stm32g0xx_hal_pcd.c ****       PCD_SET_EP_DBUF1_CNT(hpcd->Instance, ep->num, ep->is_in, 0U);
 1179              		.loc 1 2037 7 discriminator 1 view .LVU340
ARM GAS  C:\Users\Domagoj\AppData\Local\Temp\cc6jMbW9.s 			page 74


 1180 0072 2378     		ldrb	r3, [r4]
 1181 0074 DB00     		lsls	r3, r3, #3
 1182 0076 BF4A     		ldr	r2, .L119+16
 1183 0078 9446     		mov	ip, r2
 1184 007a 6344     		add	r3, r3, ip
 1185 007c 1A68     		ldr	r2, [r3]
 1186 007e 9201     		lsls	r2, r2, #6
 1187 0080 9209     		lsrs	r2, r2, #6
 1188 0082 1A60     		str	r2, [r3]
2037:Drivers/STM32G0xx_HAL_Driver/Src/stm32g0xx_hal_pcd.c ****       PCD_SET_EP_DBUF1_CNT(hpcd->Instance, ep->num, ep->is_in, 0U);
 1189              		.loc 1 2037 7 view .LVU341
2037:Drivers/STM32G0xx_HAL_Driver/Src/stm32g0xx_hal_pcd.c ****       PCD_SET_EP_DBUF1_CNT(hpcd->Instance, ep->num, ep->is_in, 0U);
 1190              		.loc 1 2037 7 discriminator 3 view .LVU342
 1191 0084 2378     		ldrb	r3, [r4]
 1192 0086 DB00     		lsls	r3, r3, #3
 1193 0088 6344     		add	r3, r3, ip
 1194 008a 1968     		ldr	r1, [r3]
 1195 008c 8022     		movs	r2, #128
 1196 008e 1206     		lsls	r2, r2, #24
 1197 0090 0A43     		orrs	r2, r1
 1198 0092 1A60     		str	r2, [r3]
2037:Drivers/STM32G0xx_HAL_Driver/Src/stm32g0xx_hal_pcd.c ****       PCD_SET_EP_DBUF1_CNT(hpcd->Instance, ep->num, ep->is_in, 0U);
 1199              		.loc 1 2037 7 view .LVU343
 1200              	.LBE8:
2037:Drivers/STM32G0xx_HAL_Driver/Src/stm32g0xx_hal_pcd.c ****       PCD_SET_EP_DBUF1_CNT(hpcd->Instance, ep->num, ep->is_in, 0U);
 1201              		.loc 1 2037 7 view .LVU344
 1202              	.L68:
2037:Drivers/STM32G0xx_HAL_Driver/Src/stm32g0xx_hal_pcd.c ****       PCD_SET_EP_DBUF1_CNT(hpcd->Instance, ep->num, ep->is_in, 0U);
 1203              		.loc 1 2037 7 view .LVU345
2037:Drivers/STM32G0xx_HAL_Driver/Src/stm32g0xx_hal_pcd.c ****       PCD_SET_EP_DBUF1_CNT(hpcd->Instance, ep->num, ep->is_in, 0U);
 1204              		.loc 1 2037 7 view .LVU346
2038:Drivers/STM32G0xx_HAL_Driver/Src/stm32g0xx_hal_pcd.c **** 
 1205              		.loc 1 2038 7 view .LVU347
2038:Drivers/STM32G0xx_HAL_Driver/Src/stm32g0xx_hal_pcd.c **** 
 1206              		.loc 1 2038 7 view .LVU348
 1207 0094 6378     		ldrb	r3, [r4, #1]
 1208 0096 002B     		cmp	r3, #0
 1209 0098 35D1     		bne	.L69
2038:Drivers/STM32G0xx_HAL_Driver/Src/stm32g0xx_hal_pcd.c **** 
 1210              		.loc 1 2038 7 discriminator 1 view .LVU349
 1211              	.LBB9:
2038:Drivers/STM32G0xx_HAL_Driver/Src/stm32g0xx_hal_pcd.c **** 
 1212              		.loc 1 2038 7 discriminator 1 view .LVU350
2038:Drivers/STM32G0xx_HAL_Driver/Src/stm32g0xx_hal_pcd.c **** 
 1213              		.loc 1 2038 7 discriminator 1 view .LVU351
 1214 009a 2378     		ldrb	r3, [r4]
 1215 009c DB00     		lsls	r3, r3, #3
 1216 009e B54A     		ldr	r2, .L119+16
 1217 00a0 9446     		mov	ip, r2
 1218 00a2 6344     		add	r3, r3, ip
 1219 00a4 5A68     		ldr	r2, [r3, #4]
 1220 00a6 9201     		lsls	r2, r2, #6
 1221 00a8 9209     		lsrs	r2, r2, #6
 1222 00aa 5A60     		str	r2, [r3, #4]
2038:Drivers/STM32G0xx_HAL_Driver/Src/stm32g0xx_hal_pcd.c **** 
 1223              		.loc 1 2038 7 view .LVU352
2038:Drivers/STM32G0xx_HAL_Driver/Src/stm32g0xx_hal_pcd.c **** 
ARM GAS  C:\Users\Domagoj\AppData\Local\Temp\cc6jMbW9.s 			page 75


 1224              		.loc 1 2038 7 discriminator 3 view .LVU353
 1225 00ac 2378     		ldrb	r3, [r4]
 1226 00ae DB00     		lsls	r3, r3, #3
 1227 00b0 6344     		add	r3, r3, ip
 1228 00b2 5968     		ldr	r1, [r3, #4]
 1229 00b4 8022     		movs	r2, #128
 1230 00b6 1206     		lsls	r2, r2, #24
 1231 00b8 0A43     		orrs	r2, r1
 1232 00ba 5A60     		str	r2, [r3, #4]
2038:Drivers/STM32G0xx_HAL_Driver/Src/stm32g0xx_hal_pcd.c **** 
 1233              		.loc 1 2038 7 view .LVU354
 1234              	.LBE9:
2038:Drivers/STM32G0xx_HAL_Driver/Src/stm32g0xx_hal_pcd.c **** 
 1235              		.loc 1 2038 7 view .LVU355
 1236              	.L70:
2038:Drivers/STM32G0xx_HAL_Driver/Src/stm32g0xx_hal_pcd.c **** 
 1237              		.loc 1 2038 7 view .LVU356
2040:Drivers/STM32G0xx_HAL_Driver/Src/stm32g0xx_hal_pcd.c ****       {
 1238              		.loc 1 2040 7 view .LVU357
2040:Drivers/STM32G0xx_HAL_Driver/Src/stm32g0xx_hal_pcd.c ****       {
 1239              		.loc 1 2040 13 is_stmt 0 view .LVU358
 1240 00bc E378     		ldrb	r3, [r4, #3]
2040:Drivers/STM32G0xx_HAL_Driver/Src/stm32g0xx_hal_pcd.c ****       {
 1241              		.loc 1 2040 10 view .LVU359
 1242 00be 022B     		cmp	r3, #2
 1243 00c0 32D0     		beq	.L114
 1244              	.L71:
2043:Drivers/STM32G0xx_HAL_Driver/Src/stm32g0xx_hal_pcd.c ****       }
 1245              		.loc 1 2043 9 is_stmt 1 view .LVU360
2050:Drivers/STM32G0xx_HAL_Driver/Src/stm32g0xx_hal_pcd.c **** #endif /* USE_HAL_PCD_REGISTER_CALLBACKS */
 1246              		.loc 1 2050 7 view .LVU361
 1247 00c2 2178     		ldrb	r1, [r4]
 1248 00c4 3000     		movs	r0, r6
 1249              	.LVL102:
2050:Drivers/STM32G0xx_HAL_Driver/Src/stm32g0xx_hal_pcd.c **** #endif /* USE_HAL_PCD_REGISTER_CALLBACKS */
 1250              		.loc 1 2050 7 is_stmt 0 view .LVU362
 1251 00c6 FFF7FEFF 		bl	HAL_PCD_DataInStageCallback
 1252              	.LVL103:
2053:Drivers/STM32G0xx_HAL_Driver/Src/stm32g0xx_hal_pcd.c ****       {
 1253              		.loc 1 2053 7 is_stmt 1 view .LVU363
2053:Drivers/STM32G0xx_HAL_Driver/Src/stm32g0xx_hal_pcd.c ****       {
 1254              		.loc 1 2053 10 is_stmt 0 view .LVU364
 1255 00ca 6D04     		lsls	r5, r5, #17
 1256 00cc C9D5     		bpl	.L73
2055:Drivers/STM32G0xx_HAL_Driver/Src/stm32g0xx_hal_pcd.c ****       }
 1257              		.loc 1 2055 9 is_stmt 1 view .LVU365
2055:Drivers/STM32G0xx_HAL_Driver/Src/stm32g0xx_hal_pcd.c ****       }
 1258              		.loc 1 2055 9 view .LVU366
2055:Drivers/STM32G0xx_HAL_Driver/Src/stm32g0xx_hal_pcd.c ****       }
 1259              		.loc 1 2055 9 discriminator 2 view .LVU367
2055:Drivers/STM32G0xx_HAL_Driver/Src/stm32g0xx_hal_pcd.c ****       }
 1260              		.loc 1 2055 9 discriminator 3 view .LVU368
 1261              	.LBB10:
2055:Drivers/STM32G0xx_HAL_Driver/Src/stm32g0xx_hal_pcd.c ****       }
 1262              		.loc 1 2055 9 discriminator 3 view .LVU369
2055:Drivers/STM32G0xx_HAL_Driver/Src/stm32g0xx_hal_pcd.c ****       }
 1263              		.loc 1 2055 9 discriminator 3 view .LVU370
ARM GAS  C:\Users\Domagoj\AppData\Local\Temp\cc6jMbW9.s 			page 76


 1264 00ce 3368     		ldr	r3, [r6]
 1265 00d0 2278     		ldrb	r2, [r4]
 1266 00d2 9200     		lsls	r2, r2, #2
 1267 00d4 9B18     		adds	r3, r3, r2
 1268 00d6 1968     		ldr	r1, [r3]
 1269 00d8 A24A     		ldr	r2, .L119
 1270 00da 1140     		ands	r1, r2
 1271              	.LVL104:
2055:Drivers/STM32G0xx_HAL_Driver/Src/stm32g0xx_hal_pcd.c ****       }
 1272              		.loc 1 2055 9 view .LVU371
2055:Drivers/STM32G0xx_HAL_Driver/Src/stm32g0xx_hal_pcd.c ****       }
 1273              		.loc 1 2055 9 is_stmt 0 discriminator 3 view .LVU372
 1274 00dc A24A     		ldr	r2, .L119+4
 1275 00de 0A43     		orrs	r2, r1
 1276 00e0 1A60     		str	r2, [r3]
 1277              	.LBE10:
2055:Drivers/STM32G0xx_HAL_Driver/Src/stm32g0xx_hal_pcd.c ****       }
 1278              		.loc 1 2055 9 is_stmt 1 view .LVU373
2055:Drivers/STM32G0xx_HAL_Driver/Src/stm32g0xx_hal_pcd.c ****       }
 1279              		.loc 1 2055 9 view .LVU374
2058:Drivers/STM32G0xx_HAL_Driver/Src/stm32g0xx_hal_pcd.c ****     }
 1280              		.loc 1 2058 7 view .LVU375
2058:Drivers/STM32G0xx_HAL_Driver/Src/stm32g0xx_hal_pcd.c ****     }
 1281              		.loc 1 2058 14 is_stmt 0 view .LVU376
 1282 00e2 BEE7     		b	.L73
 1283              	.LVL105:
 1284              	.L67:
2037:Drivers/STM32G0xx_HAL_Driver/Src/stm32g0xx_hal_pcd.c ****       PCD_SET_EP_DBUF1_CNT(hpcd->Instance, ep->num, ep->is_in, 0U);
 1285              		.loc 1 2037 7 is_stmt 1 discriminator 2 view .LVU377
 1286 00e4 012B     		cmp	r3, #1
 1287 00e6 D5D1     		bne	.L68
2037:Drivers/STM32G0xx_HAL_Driver/Src/stm32g0xx_hal_pcd.c ****       PCD_SET_EP_DBUF1_CNT(hpcd->Instance, ep->num, ep->is_in, 0U);
 1288              		.loc 1 2037 7 discriminator 13 view .LVU378
2037:Drivers/STM32G0xx_HAL_Driver/Src/stm32g0xx_hal_pcd.c ****       PCD_SET_EP_DBUF1_CNT(hpcd->Instance, ep->num, ep->is_in, 0U);
 1289              		.loc 1 2037 7 discriminator 13 view .LVU379
 1290 00e8 2378     		ldrb	r3, [r4]
 1291 00ea DB00     		lsls	r3, r3, #3
 1292 00ec A14A     		ldr	r2, .L119+16
 1293 00ee 9446     		mov	ip, r2
 1294 00f0 6344     		add	r3, r3, ip
 1295 00f2 1A68     		ldr	r2, [r3]
 1296 00f4 1204     		lsls	r2, r2, #16
 1297 00f6 120C     		lsrs	r2, r2, #16
 1298 00f8 1A60     		str	r2, [r3]
2037:Drivers/STM32G0xx_HAL_Driver/Src/stm32g0xx_hal_pcd.c ****       PCD_SET_EP_DBUF1_CNT(hpcd->Instance, ep->num, ep->is_in, 0U);
 1299              		.loc 1 2037 7 view .LVU380
2037:Drivers/STM32G0xx_HAL_Driver/Src/stm32g0xx_hal_pcd.c ****       PCD_SET_EP_DBUF1_CNT(hpcd->Instance, ep->num, ep->is_in, 0U);
 1300              		.loc 1 2037 7 is_stmt 0 discriminator 13 view .LVU381
 1301 00fa 2378     		ldrb	r3, [r4]
 1302 00fc DB00     		lsls	r3, r3, #3
 1303 00fe 6344     		add	r3, r3, ip
 1304 0100 1A68     		ldr	r2, [r3]
 1305 0102 1A60     		str	r2, [r3]
 1306 0104 C6E7     		b	.L68
 1307              	.L69:
2038:Drivers/STM32G0xx_HAL_Driver/Src/stm32g0xx_hal_pcd.c **** 
 1308              		.loc 1 2038 7 is_stmt 1 discriminator 2 view .LVU382
ARM GAS  C:\Users\Domagoj\AppData\Local\Temp\cc6jMbW9.s 			page 77


 1309 0106 012B     		cmp	r3, #1
 1310 0108 D8D1     		bne	.L70
2038:Drivers/STM32G0xx_HAL_Driver/Src/stm32g0xx_hal_pcd.c **** 
 1311              		.loc 1 2038 7 discriminator 13 view .LVU383
 1312 010a 2378     		ldrb	r3, [r4]
 1313 010c DB00     		lsls	r3, r3, #3
 1314 010e 994A     		ldr	r2, .L119+16
 1315 0110 9446     		mov	ip, r2
 1316 0112 6344     		add	r3, r3, ip
 1317 0114 5A68     		ldr	r2, [r3, #4]
 1318 0116 1204     		lsls	r2, r2, #16
 1319 0118 120C     		lsrs	r2, r2, #16
 1320 011a 5A60     		str	r2, [r3, #4]
2038:Drivers/STM32G0xx_HAL_Driver/Src/stm32g0xx_hal_pcd.c **** 
 1321              		.loc 1 2038 7 view .LVU384
2038:Drivers/STM32G0xx_HAL_Driver/Src/stm32g0xx_hal_pcd.c **** 
 1322              		.loc 1 2038 7 is_stmt 0 discriminator 13 view .LVU385
 1323 011c 2378     		ldrb	r3, [r4]
 1324 011e DB00     		lsls	r3, r3, #3
 1325 0120 6344     		add	r3, r3, ip
 1326 0122 5A68     		ldr	r2, [r3, #4]
 1327 0124 5A60     		str	r2, [r3, #4]
 1328 0126 C9E7     		b	.L70
 1329              	.L114:
2043:Drivers/STM32G0xx_HAL_Driver/Src/stm32g0xx_hal_pcd.c ****       }
 1330              		.loc 1 2043 9 is_stmt 1 view .LVU386
 1331              	.LBB11:
2043:Drivers/STM32G0xx_HAL_Driver/Src/stm32g0xx_hal_pcd.c ****       }
 1332              		.loc 1 2043 9 view .LVU387
2043:Drivers/STM32G0xx_HAL_Driver/Src/stm32g0xx_hal_pcd.c ****       }
 1333              		.loc 1 2043 9 view .LVU388
 1334 0128 3268     		ldr	r2, [r6]
 1335 012a 2378     		ldrb	r3, [r4]
 1336 012c 9B00     		lsls	r3, r3, #2
 1337 012e D218     		adds	r2, r2, r3
 1338 0130 1368     		ldr	r3, [r2]
 1339 0132 8E49     		ldr	r1, .L119+8
 1340 0134 0B40     		ands	r3, r1
 1341              	.LVL106:
2043:Drivers/STM32G0xx_HAL_Driver/Src/stm32g0xx_hal_pcd.c ****       }
 1342              		.loc 1 2043 9 view .LVU389
2043:Drivers/STM32G0xx_HAL_Driver/Src/stm32g0xx_hal_pcd.c ****       }
 1343              		.loc 1 2043 9 discriminator 3 view .LVU390
2043:Drivers/STM32G0xx_HAL_Driver/Src/stm32g0xx_hal_pcd.c ****       }
 1344              		.loc 1 2043 9 discriminator 4 view .LVU391
 1345 0136 2021     		movs	r1, #32
 1346 0138 4B40     		eors	r3, r1
 1347              	.LVL107:
2043:Drivers/STM32G0xx_HAL_Driver/Src/stm32g0xx_hal_pcd.c ****       }
 1348              		.loc 1 2043 9 discriminator 6 view .LVU392
 1349 013a 8D49     		ldr	r1, .L119+12
 1350 013c 0B43     		orrs	r3, r1
 1351              	.LVL108:
2043:Drivers/STM32G0xx_HAL_Driver/Src/stm32g0xx_hal_pcd.c ****       }
 1352              		.loc 1 2043 9 is_stmt 0 discriminator 6 view .LVU393
 1353 013e 1360     		str	r3, [r2]
 1354 0140 BFE7     		b	.L71
ARM GAS  C:\Users\Domagoj\AppData\Local\Temp\cc6jMbW9.s 			page 78


 1355              	.LVL109:
 1356              	.L113:
2043:Drivers/STM32G0xx_HAL_Driver/Src/stm32g0xx_hal_pcd.c ****       }
 1357              		.loc 1 2043 9 discriminator 6 view .LVU394
 1358              	.LBE11:
2071:Drivers/STM32G0xx_HAL_Driver/Src/stm32g0xx_hal_pcd.c ****         ep->xfer_count += TxPctSize;
 1359              		.loc 1 2071 9 is_stmt 1 view .LVU395
2071:Drivers/STM32G0xx_HAL_Driver/Src/stm32g0xx_hal_pcd.c ****         ep->xfer_count += TxPctSize;
 1360              		.loc 1 2071 11 is_stmt 0 view .LVU396
 1361 0142 6369     		ldr	r3, [r4, #20]
2071:Drivers/STM32G0xx_HAL_Driver/Src/stm32g0xx_hal_pcd.c ****         ep->xfer_count += TxPctSize;
 1362              		.loc 1 2071 23 view .LVU397
 1363 0144 9B18     		adds	r3, r3, r2
 1364 0146 6361     		str	r3, [r4, #20]
2072:Drivers/STM32G0xx_HAL_Driver/Src/stm32g0xx_hal_pcd.c **** 
 1365              		.loc 1 2072 9 is_stmt 1 view .LVU398
2072:Drivers/STM32G0xx_HAL_Driver/Src/stm32g0xx_hal_pcd.c **** 
 1366              		.loc 1 2072 11 is_stmt 0 view .LVU399
 1367 0148 E369     		ldr	r3, [r4, #28]
2072:Drivers/STM32G0xx_HAL_Driver/Src/stm32g0xx_hal_pcd.c **** 
 1368              		.loc 1 2072 24 view .LVU400
 1369 014a D318     		adds	r3, r2, r3
 1370 014c E361     		str	r3, [r4, #28]
2075:Drivers/STM32G0xx_HAL_Driver/Src/stm32g0xx_hal_pcd.c ****         {
 1371              		.loc 1 2075 9 is_stmt 1 view .LVU401
2075:Drivers/STM32G0xx_HAL_Driver/Src/stm32g0xx_hal_pcd.c ****         {
 1372              		.loc 1 2075 15 is_stmt 0 view .LVU402
 1373 014e 216A     		ldr	r1, [r4, #32]
2075:Drivers/STM32G0xx_HAL_Driver/Src/stm32g0xx_hal_pcd.c ****         {
 1374              		.loc 1 2075 34 view .LVU403
 1375 0150 2369     		ldr	r3, [r4, #16]
2075:Drivers/STM32G0xx_HAL_Driver/Src/stm32g0xx_hal_pcd.c ****         {
 1376              		.loc 1 2075 12 view .LVU404
 1377 0152 9942     		cmp	r1, r3
 1378 0154 18D3     		bcc	.L76
2077:Drivers/STM32G0xx_HAL_Driver/Src/stm32g0xx_hal_pcd.c ****           ep->xfer_len_db -= len;
 1379              		.loc 1 2077 11 is_stmt 1 view .LVU405
 1380              	.LVL110:
2078:Drivers/STM32G0xx_HAL_Driver/Src/stm32g0xx_hal_pcd.c ****         }
 1381              		.loc 1 2078 11 view .LVU406
2078:Drivers/STM32G0xx_HAL_Driver/Src/stm32g0xx_hal_pcd.c ****         }
 1382              		.loc 1 2078 27 is_stmt 0 view .LVU407
 1383 0156 C91A     		subs	r1, r1, r3
 1384 0158 2162     		str	r1, [r4, #32]
 1385              	.L77:
2094:Drivers/STM32G0xx_HAL_Driver/Src/stm32g0xx_hal_pcd.c **** 
 1386              		.loc 1 2094 9 is_stmt 1 view .LVU408
2094:Drivers/STM32G0xx_HAL_Driver/Src/stm32g0xx_hal_pcd.c **** 
 1387              		.loc 1 2094 9 view .LVU409
 1388 015a 6278     		ldrb	r2, [r4, #1]
 1389 015c 002A     		cmp	r2, #0
 1390 015e 40D1     		bne	.L79
2094:Drivers/STM32G0xx_HAL_Driver/Src/stm32g0xx_hal_pcd.c **** 
 1391              		.loc 1 2094 9 discriminator 1 view .LVU410
 1392              	.LBB12:
2094:Drivers/STM32G0xx_HAL_Driver/Src/stm32g0xx_hal_pcd.c **** 
 1393              		.loc 1 2094 9 discriminator 1 view .LVU411
ARM GAS  C:\Users\Domagoj\AppData\Local\Temp\cc6jMbW9.s 			page 79


2094:Drivers/STM32G0xx_HAL_Driver/Src/stm32g0xx_hal_pcd.c **** 
 1394              		.loc 1 2094 9 discriminator 1 view .LVU412
 1395 0160 2278     		ldrb	r2, [r4]
 1396 0162 D200     		lsls	r2, r2, #3
 1397 0164 8349     		ldr	r1, .L119+16
 1398 0166 8C46     		mov	ip, r1
 1399 0168 6244     		add	r2, r2, ip
 1400 016a 1168     		ldr	r1, [r2]
 1401 016c 8901     		lsls	r1, r1, #6
 1402 016e 8909     		lsrs	r1, r1, #6
 1403 0170 1160     		str	r1, [r2]
2094:Drivers/STM32G0xx_HAL_Driver/Src/stm32g0xx_hal_pcd.c **** 
 1404              		.loc 1 2094 9 view .LVU413
2094:Drivers/STM32G0xx_HAL_Driver/Src/stm32g0xx_hal_pcd.c **** 
 1405              		.loc 1 2094 9 is_stmt 0 discriminator 1 view .LVU414
 1406 0172 002B     		cmp	r3, #0
 1407 0174 14D1     		bne	.L80
2094:Drivers/STM32G0xx_HAL_Driver/Src/stm32g0xx_hal_pcd.c **** 
 1408              		.loc 1 2094 9 is_stmt 1 discriminator 3 view .LVU415
 1409 0176 2278     		ldrb	r2, [r4]
 1410 0178 D200     		lsls	r2, r2, #3
 1411 017a 6244     		add	r2, r2, ip
 1412 017c 1068     		ldr	r0, [r2]
 1413 017e 8021     		movs	r1, #128
 1414 0180 0906     		lsls	r1, r1, #24
 1415 0182 0143     		orrs	r1, r0
 1416 0184 1160     		str	r1, [r2]
 1417 0186 2EE0     		b	.L81
 1418              	.LVL111:
 1419              	.L76:
2094:Drivers/STM32G0xx_HAL_Driver/Src/stm32g0xx_hal_pcd.c **** 
 1420              		.loc 1 2094 9 is_stmt 0 discriminator 3 view .LVU416
 1421              	.LBE12:
2080:Drivers/STM32G0xx_HAL_Driver/Src/stm32g0xx_hal_pcd.c ****         {
 1422              		.loc 1 2080 14 is_stmt 1 view .LVU417
2080:Drivers/STM32G0xx_HAL_Driver/Src/stm32g0xx_hal_pcd.c ****         {
 1423              		.loc 1 2080 17 is_stmt 0 view .LVU418
 1424 0188 0029     		cmp	r1, #0
 1425 018a 03D1     		bne	.L78
2082:Drivers/STM32G0xx_HAL_Driver/Src/stm32g0xx_hal_pcd.c ****           ep->xfer_fill_db = 0U;
 1426              		.loc 1 2082 11 is_stmt 1 view .LVU419
 1427              	.LVL112:
2083:Drivers/STM32G0xx_HAL_Driver/Src/stm32g0xx_hal_pcd.c ****         }
 1428              		.loc 1 2083 11 view .LVU420
2083:Drivers/STM32G0xx_HAL_Driver/Src/stm32g0xx_hal_pcd.c ****         }
 1429              		.loc 1 2083 28 is_stmt 0 view .LVU421
 1430 018c 2423     		movs	r3, #36
 1431 018e E154     		strb	r1, [r4, r3]
2082:Drivers/STM32G0xx_HAL_Driver/Src/stm32g0xx_hal_pcd.c ****           ep->xfer_fill_db = 0U;
 1432              		.loc 1 2082 15 view .LVU422
 1433 0190 1300     		movs	r3, r2
 1434 0192 E2E7     		b	.L77
 1435              	.LVL113:
 1436              	.L78:
2087:Drivers/STM32G0xx_HAL_Driver/Src/stm32g0xx_hal_pcd.c ****           len = ep->xfer_len_db;
 1437              		.loc 1 2087 11 is_stmt 1 view .LVU423
2087:Drivers/STM32G0xx_HAL_Driver/Src/stm32g0xx_hal_pcd.c ****           len = ep->xfer_len_db;
ARM GAS  C:\Users\Domagoj\AppData\Local\Temp\cc6jMbW9.s 			page 80


 1438              		.loc 1 2087 28 is_stmt 0 view .LVU424
 1439 0194 0023     		movs	r3, #0
 1440 0196 2422     		movs	r2, #36
 1441 0198 A354     		strb	r3, [r4, r2]
2088:Drivers/STM32G0xx_HAL_Driver/Src/stm32g0xx_hal_pcd.c ****           ep->xfer_len_db = 0U;
 1442              		.loc 1 2088 11 is_stmt 1 view .LVU425
 1443              	.LVL114:
2089:Drivers/STM32G0xx_HAL_Driver/Src/stm32g0xx_hal_pcd.c ****         }
 1444              		.loc 1 2089 11 view .LVU426
2089:Drivers/STM32G0xx_HAL_Driver/Src/stm32g0xx_hal_pcd.c ****         }
 1445              		.loc 1 2089 27 is_stmt 0 view .LVU427
 1446 019a 2362     		str	r3, [r4, #32]
2088:Drivers/STM32G0xx_HAL_Driver/Src/stm32g0xx_hal_pcd.c ****           ep->xfer_len_db = 0U;
 1447              		.loc 1 2088 15 view .LVU428
 1448 019c 0B00     		movs	r3, r1
 1449 019e DCE7     		b	.L77
 1450              	.LVL115:
 1451              	.L80:
 1452              	.LBB13:
2094:Drivers/STM32G0xx_HAL_Driver/Src/stm32g0xx_hal_pcd.c **** 
 1453              		.loc 1 2094 9 is_stmt 1 discriminator 4 view .LVU429
 1454 01a0 3E2B     		cmp	r3, #62
 1455 01a2 0DD8     		bhi	.L82
2094:Drivers/STM32G0xx_HAL_Driver/Src/stm32g0xx_hal_pcd.c **** 
 1456              		.loc 1 2094 9 discriminator 5 view .LVU430
2094:Drivers/STM32G0xx_HAL_Driver/Src/stm32g0xx_hal_pcd.c **** 
 1457              		.loc 1 2094 9 discriminator 5 view .LVU431
 1458 01a4 5908     		lsrs	r1, r3, #1
 1459              	.LVL116:
2094:Drivers/STM32G0xx_HAL_Driver/Src/stm32g0xx_hal_pcd.c **** 
 1460              		.loc 1 2094 9 view .LVU432
2094:Drivers/STM32G0xx_HAL_Driver/Src/stm32g0xx_hal_pcd.c **** 
 1461              		.loc 1 2094 9 is_stmt 0 discriminator 5 view .LVU433
 1462 01a6 DA07     		lsls	r2, r3, #31
 1463 01a8 00D5     		bpl	.L83
2094:Drivers/STM32G0xx_HAL_Driver/Src/stm32g0xx_hal_pcd.c **** 
 1464              		.loc 1 2094 9 is_stmt 1 discriminator 7 view .LVU434
 1465 01aa 0131     		adds	r1, r1, #1
 1466              	.LVL117:
 1467              	.L83:
2094:Drivers/STM32G0xx_HAL_Driver/Src/stm32g0xx_hal_pcd.c **** 
 1468              		.loc 1 2094 9 discriminator 9 view .LVU435
 1469 01ac 2278     		ldrb	r2, [r4]
 1470 01ae D200     		lsls	r2, r2, #3
 1471 01b0 7048     		ldr	r0, .L119+16
 1472 01b2 8446     		mov	ip, r0
 1473 01b4 6244     		add	r2, r2, ip
 1474 01b6 1068     		ldr	r0, [r2]
 1475 01b8 8906     		lsls	r1, r1, #26
 1476              	.LVL118:
2094:Drivers/STM32G0xx_HAL_Driver/Src/stm32g0xx_hal_pcd.c **** 
 1477              		.loc 1 2094 9 is_stmt 0 discriminator 9 view .LVU436
 1478 01ba 0143     		orrs	r1, r0
 1479 01bc 1160     		str	r1, [r2]
2094:Drivers/STM32G0xx_HAL_Driver/Src/stm32g0xx_hal_pcd.c **** 
 1480              		.loc 1 2094 9 is_stmt 1 view .LVU437
 1481 01be 12E0     		b	.L81
ARM GAS  C:\Users\Domagoj\AppData\Local\Temp\cc6jMbW9.s 			page 81


 1482              	.LVL119:
 1483              	.L82:
2094:Drivers/STM32G0xx_HAL_Driver/Src/stm32g0xx_hal_pcd.c **** 
 1484              		.loc 1 2094 9 discriminator 6 view .LVU438
2094:Drivers/STM32G0xx_HAL_Driver/Src/stm32g0xx_hal_pcd.c **** 
 1485              		.loc 1 2094 9 discriminator 6 view .LVU439
 1486 01c0 5909     		lsrs	r1, r3, #5
 1487              	.LVL120:
2094:Drivers/STM32G0xx_HAL_Driver/Src/stm32g0xx_hal_pcd.c **** 
 1488              		.loc 1 2094 9 view .LVU440
2094:Drivers/STM32G0xx_HAL_Driver/Src/stm32g0xx_hal_pcd.c **** 
 1489              		.loc 1 2094 9 is_stmt 0 discriminator 6 view .LVU441
 1490 01c2 DA06     		lsls	r2, r3, #27
 1491 01c4 00D1     		bne	.L84
2094:Drivers/STM32G0xx_HAL_Driver/Src/stm32g0xx_hal_pcd.c **** 
 1492              		.loc 1 2094 9 is_stmt 1 discriminator 10 view .LVU442
 1493 01c6 0139     		subs	r1, r1, #1
 1494              	.LVL121:
 1495              	.L84:
2094:Drivers/STM32G0xx_HAL_Driver/Src/stm32g0xx_hal_pcd.c **** 
 1496              		.loc 1 2094 9 discriminator 12 view .LVU443
 1497 01c8 2278     		ldrb	r2, [r4]
 1498 01ca D200     		lsls	r2, r2, #3
 1499 01cc 6948     		ldr	r0, .L119+16
 1500 01ce 8446     		mov	ip, r0
 1501 01d0 6244     		add	r2, r2, ip
 1502 01d2 1068     		ldr	r0, [r2]
 1503 01d4 8906     		lsls	r1, r1, #26
 1504              	.LVL122:
2094:Drivers/STM32G0xx_HAL_Driver/Src/stm32g0xx_hal_pcd.c **** 
 1505              		.loc 1 2094 9 is_stmt 0 discriminator 12 view .LVU444
 1506 01d6 0843     		orrs	r0, r1
 1507 01d8 8021     		movs	r1, #128
 1508 01da 0906     		lsls	r1, r1, #24
 1509 01dc 0143     		orrs	r1, r0
 1510 01de 1160     		str	r1, [r2]
 1511 01e0 01E0     		b	.L81
 1512              	.LVL123:
 1513              	.L79:
2094:Drivers/STM32G0xx_HAL_Driver/Src/stm32g0xx_hal_pcd.c **** 
 1514              		.loc 1 2094 9 discriminator 12 view .LVU445
 1515              	.LBE13:
2094:Drivers/STM32G0xx_HAL_Driver/Src/stm32g0xx_hal_pcd.c **** 
 1516              		.loc 1 2094 9 is_stmt 1 discriminator 2 view .LVU446
 1517 01e2 012A     		cmp	r2, #1
 1518 01e4 06D0     		beq	.L115
 1519              	.L81:
2094:Drivers/STM32G0xx_HAL_Driver/Src/stm32g0xx_hal_pcd.c **** 
 1520              		.loc 1 2094 9 view .LVU447
2094:Drivers/STM32G0xx_HAL_Driver/Src/stm32g0xx_hal_pcd.c **** 
 1521              		.loc 1 2094 9 view .LVU448
2097:Drivers/STM32G0xx_HAL_Driver/Src/stm32g0xx_hal_pcd.c ****       }
 1522              		.loc 1 2097 9 view .LVU449
2097:Drivers/STM32G0xx_HAL_Driver/Src/stm32g0xx_hal_pcd.c ****       }
 1523              		.loc 1 2097 26 is_stmt 0 view .LVU450
 1524 01e6 3068     		ldr	r0, [r6]
2097:Drivers/STM32G0xx_HAL_Driver/Src/stm32g0xx_hal_pcd.c ****       }
ARM GAS  C:\Users\Domagoj\AppData\Local\Temp\cc6jMbW9.s 			page 82


 1525              		.loc 1 2097 9 view .LVU451
 1526 01e8 9BB2     		uxth	r3, r3
 1527              	.LVL124:
2097:Drivers/STM32G0xx_HAL_Driver/Src/stm32g0xx_hal_pcd.c ****       }
 1528              		.loc 1 2097 9 view .LVU452
 1529 01ea 2289     		ldrh	r2, [r4, #8]
 1530 01ec 6169     		ldr	r1, [r4, #20]
 1531 01ee FFF7FEFF 		bl	USB_WritePMA
 1532              	.LVL125:
 1533 01f2 2AE7     		b	.L75
 1534              	.LVL126:
 1535              	.L115:
2094:Drivers/STM32G0xx_HAL_Driver/Src/stm32g0xx_hal_pcd.c **** 
 1536              		.loc 1 2094 9 is_stmt 1 discriminator 13 view .LVU453
2094:Drivers/STM32G0xx_HAL_Driver/Src/stm32g0xx_hal_pcd.c **** 
 1537              		.loc 1 2094 9 discriminator 13 view .LVU454
 1538 01f4 2278     		ldrb	r2, [r4]
 1539 01f6 D200     		lsls	r2, r2, #3
 1540 01f8 5E49     		ldr	r1, .L119+16
 1541 01fa 8C46     		mov	ip, r1
 1542 01fc 6244     		add	r2, r2, ip
 1543 01fe 1168     		ldr	r1, [r2]
 1544 0200 0904     		lsls	r1, r1, #16
 1545 0202 090C     		lsrs	r1, r1, #16
 1546 0204 1160     		str	r1, [r2]
2094:Drivers/STM32G0xx_HAL_Driver/Src/stm32g0xx_hal_pcd.c **** 
 1547              		.loc 1 2094 9 view .LVU455
2094:Drivers/STM32G0xx_HAL_Driver/Src/stm32g0xx_hal_pcd.c **** 
 1548              		.loc 1 2094 9 is_stmt 0 discriminator 13 view .LVU456
 1549 0206 2278     		ldrb	r2, [r4]
 1550 0208 D200     		lsls	r2, r2, #3
 1551 020a 6244     		add	r2, r2, ip
 1552 020c 1168     		ldr	r1, [r2]
 1553 020e 1804     		lsls	r0, r3, #16
 1554 0210 0143     		orrs	r1, r0
 1555 0212 1160     		str	r1, [r2]
 1556 0214 E7E7     		b	.L81
 1557              	.LVL127:
 1558              	.L63:
2104:Drivers/STM32G0xx_HAL_Driver/Src/stm32g0xx_hal_pcd.c **** 
 1559              		.loc 1 2104 5 is_stmt 1 view .LVU457
2104:Drivers/STM32G0xx_HAL_Driver/Src/stm32g0xx_hal_pcd.c **** 
 1560              		.loc 1 2104 52 is_stmt 0 view .LVU458
 1561 0216 0068     		ldr	r0, [r0]
 1562              	.LVL128:
2104:Drivers/STM32G0xx_HAL_Driver/Src/stm32g0xx_hal_pcd.c **** 
 1563              		.loc 1 2104 66 view .LVU459
 1564 0218 0978     		ldrb	r1, [r1]
 1565              	.LVL129:
2104:Drivers/STM32G0xx_HAL_Driver/Src/stm32g0xx_hal_pcd.c **** 
 1566              		.loc 1 2104 27 view .LVU460
 1567 021a FFF7FEFF 		bl	PCD_GET_EP_DBUF1_CNT
 1568              	.LVL130:
2104:Drivers/STM32G0xx_HAL_Driver/Src/stm32g0xx_hal_pcd.c **** 
 1569              		.loc 1 2104 27 view .LVU461
 1570 021e 0200     		movs	r2, r0
 1571              	.LVL131:
ARM GAS  C:\Users\Domagoj\AppData\Local\Temp\cc6jMbW9.s 			page 83


2106:Drivers/STM32G0xx_HAL_Driver/Src/stm32g0xx_hal_pcd.c ****     {
 1572              		.loc 1 2106 5 is_stmt 1 view .LVU462
2106:Drivers/STM32G0xx_HAL_Driver/Src/stm32g0xx_hal_pcd.c ****     {
 1573              		.loc 1 2106 11 is_stmt 0 view .LVU463
 1574 0220 A369     		ldr	r3, [r4, #24]
2106:Drivers/STM32G0xx_HAL_Driver/Src/stm32g0xx_hal_pcd.c ****     {
 1575              		.loc 1 2106 8 view .LVU464
 1576 0222 8342     		cmp	r3, r0
 1577 0224 3BD3     		bcc	.L85
2108:Drivers/STM32G0xx_HAL_Driver/Src/stm32g0xx_hal_pcd.c ****     }
 1578              		.loc 1 2108 7 is_stmt 1 view .LVU465
2108:Drivers/STM32G0xx_HAL_Driver/Src/stm32g0xx_hal_pcd.c ****     }
 1579              		.loc 1 2108 20 is_stmt 0 view .LVU466
 1580 0226 1B1A     		subs	r3, r3, r0
 1581 0228 A361     		str	r3, [r4, #24]
 1582              	.L86:
2116:Drivers/STM32G0xx_HAL_Driver/Src/stm32g0xx_hal_pcd.c ****     {
 1583              		.loc 1 2116 5 is_stmt 1 view .LVU467
2116:Drivers/STM32G0xx_HAL_Driver/Src/stm32g0xx_hal_pcd.c ****     {
 1584              		.loc 1 2116 11 is_stmt 0 view .LVU468
 1585 022a A369     		ldr	r3, [r4, #24]
2116:Drivers/STM32G0xx_HAL_Driver/Src/stm32g0xx_hal_pcd.c ****     {
 1586              		.loc 1 2116 8 view .LVU469
 1587 022c 002B     		cmp	r3, #0
 1588 022e 39D0     		beq	.L116
2145:Drivers/STM32G0xx_HAL_Driver/Src/stm32g0xx_hal_pcd.c ****       {
 1589              		.loc 1 2145 7 is_stmt 1 view .LVU470
2145:Drivers/STM32G0xx_HAL_Driver/Src/stm32g0xx_hal_pcd.c ****       {
 1590              		.loc 1 2145 10 is_stmt 0 view .LVU471
 1591 0230 6D04     		lsls	r5, r5, #17
 1592 0232 09D4     		bmi	.L94
 1593              	.LVL132:
2147:Drivers/STM32G0xx_HAL_Driver/Src/stm32g0xx_hal_pcd.c ****       }
 1594              		.loc 1 2147 9 is_stmt 1 view .LVU472
2147:Drivers/STM32G0xx_HAL_Driver/Src/stm32g0xx_hal_pcd.c ****       }
 1595              		.loc 1 2147 9 view .LVU473
2147:Drivers/STM32G0xx_HAL_Driver/Src/stm32g0xx_hal_pcd.c ****       }
 1596              		.loc 1 2147 9 discriminator 2 view .LVU474
2147:Drivers/STM32G0xx_HAL_Driver/Src/stm32g0xx_hal_pcd.c ****       }
 1597              		.loc 1 2147 9 discriminator 3 view .LVU475
 1598              	.LBB14:
2147:Drivers/STM32G0xx_HAL_Driver/Src/stm32g0xx_hal_pcd.c ****       }
 1599              		.loc 1 2147 9 discriminator 3 view .LVU476
2147:Drivers/STM32G0xx_HAL_Driver/Src/stm32g0xx_hal_pcd.c ****       }
 1600              		.loc 1 2147 9 discriminator 3 view .LVU477
 1601 0234 3368     		ldr	r3, [r6]
 1602 0236 2178     		ldrb	r1, [r4]
 1603 0238 8900     		lsls	r1, r1, #2
 1604 023a 5B18     		adds	r3, r3, r1
 1605 023c 1868     		ldr	r0, [r3]
 1606              	.LVL133:
2147:Drivers/STM32G0xx_HAL_Driver/Src/stm32g0xx_hal_pcd.c ****       }
 1607              		.loc 1 2147 9 is_stmt 0 discriminator 3 view .LVU478
 1608 023e 4949     		ldr	r1, .L119
 1609 0240 0840     		ands	r0, r1
 1610              	.LVL134:
2147:Drivers/STM32G0xx_HAL_Driver/Src/stm32g0xx_hal_pcd.c ****       }
ARM GAS  C:\Users\Domagoj\AppData\Local\Temp\cc6jMbW9.s 			page 84


 1611              		.loc 1 2147 9 is_stmt 1 view .LVU479
2147:Drivers/STM32G0xx_HAL_Driver/Src/stm32g0xx_hal_pcd.c ****       }
 1612              		.loc 1 2147 9 is_stmt 0 discriminator 3 view .LVU480
 1613 0242 4949     		ldr	r1, .L119+4
 1614 0244 0143     		orrs	r1, r0
 1615 0246 1960     		str	r1, [r3]
 1616              	.LVL135:
 1617              	.L94:
2147:Drivers/STM32G0xx_HAL_Driver/Src/stm32g0xx_hal_pcd.c ****       }
 1618              		.loc 1 2147 9 discriminator 3 view .LVU481
 1619              	.LBE14:
2147:Drivers/STM32G0xx_HAL_Driver/Src/stm32g0xx_hal_pcd.c ****       }
 1620              		.loc 1 2147 9 is_stmt 1 view .LVU482
2147:Drivers/STM32G0xx_HAL_Driver/Src/stm32g0xx_hal_pcd.c ****       }
 1621              		.loc 1 2147 9 view .LVU483
2151:Drivers/STM32G0xx_HAL_Driver/Src/stm32g0xx_hal_pcd.c ****       {
 1622              		.loc 1 2151 7 view .LVU484
2151:Drivers/STM32G0xx_HAL_Driver/Src/stm32g0xx_hal_pcd.c ****       {
 1623              		.loc 1 2151 13 is_stmt 0 view .LVU485
 1624 0248 2423     		movs	r3, #36
 1625 024a E35C     		ldrb	r3, [r4, r3]
2151:Drivers/STM32G0xx_HAL_Driver/Src/stm32g0xx_hal_pcd.c ****       {
 1626              		.loc 1 2151 10 view .LVU486
 1627 024c 012B     		cmp	r3, #1
 1628 024e 00D0     		beq	.LCB1500
 1629 0250 FBE6     		b	.L75	@long jump
 1630              	.LCB1500:
2153:Drivers/STM32G0xx_HAL_Driver/Src/stm32g0xx_hal_pcd.c ****         ep->xfer_count += TxPctSize;
 1631              		.loc 1 2153 9 is_stmt 1 view .LVU487
2153:Drivers/STM32G0xx_HAL_Driver/Src/stm32g0xx_hal_pcd.c ****         ep->xfer_count += TxPctSize;
 1632              		.loc 1 2153 11 is_stmt 0 view .LVU488
 1633 0252 6369     		ldr	r3, [r4, #20]
2153:Drivers/STM32G0xx_HAL_Driver/Src/stm32g0xx_hal_pcd.c ****         ep->xfer_count += TxPctSize;
 1634              		.loc 1 2153 23 view .LVU489
 1635 0254 9B18     		adds	r3, r3, r2
 1636 0256 6361     		str	r3, [r4, #20]
2154:Drivers/STM32G0xx_HAL_Driver/Src/stm32g0xx_hal_pcd.c **** 
 1637              		.loc 1 2154 9 is_stmt 1 view .LVU490
2154:Drivers/STM32G0xx_HAL_Driver/Src/stm32g0xx_hal_pcd.c **** 
 1638              		.loc 1 2154 11 is_stmt 0 view .LVU491
 1639 0258 E369     		ldr	r3, [r4, #28]
2154:Drivers/STM32G0xx_HAL_Driver/Src/stm32g0xx_hal_pcd.c **** 
 1640              		.loc 1 2154 24 view .LVU492
 1641 025a D318     		adds	r3, r2, r3
 1642 025c E361     		str	r3, [r4, #28]
2157:Drivers/STM32G0xx_HAL_Driver/Src/stm32g0xx_hal_pcd.c ****         {
 1643              		.loc 1 2157 9 is_stmt 1 view .LVU493
2157:Drivers/STM32G0xx_HAL_Driver/Src/stm32g0xx_hal_pcd.c ****         {
 1644              		.loc 1 2157 15 is_stmt 0 view .LVU494
 1645 025e 216A     		ldr	r1, [r4, #32]
2157:Drivers/STM32G0xx_HAL_Driver/Src/stm32g0xx_hal_pcd.c ****         {
 1646              		.loc 1 2157 34 view .LVU495
 1647 0260 2369     		ldr	r3, [r4, #16]
2157:Drivers/STM32G0xx_HAL_Driver/Src/stm32g0xx_hal_pcd.c ****         {
 1648              		.loc 1 2157 12 view .LVU496
 1649 0262 9942     		cmp	r1, r3
 1650 0264 00D2     		bcs	.LCB1513
ARM GAS  C:\Users\Domagoj\AppData\Local\Temp\cc6jMbW9.s 			page 85


 1651 0266 94E0     		b	.L95	@long jump
 1652              	.LCB1513:
2159:Drivers/STM32G0xx_HAL_Driver/Src/stm32g0xx_hal_pcd.c ****           ep->xfer_len_db -= len;
 1653              		.loc 1 2159 11 is_stmt 1 view .LVU497
 1654              	.LVL136:
2160:Drivers/STM32G0xx_HAL_Driver/Src/stm32g0xx_hal_pcd.c ****         }
 1655              		.loc 1 2160 11 view .LVU498
2160:Drivers/STM32G0xx_HAL_Driver/Src/stm32g0xx_hal_pcd.c ****         }
 1656              		.loc 1 2160 27 is_stmt 0 view .LVU499
 1657 0268 C91A     		subs	r1, r1, r3
 1658 026a 2162     		str	r1, [r4, #32]
 1659              	.L96:
2175:Drivers/STM32G0xx_HAL_Driver/Src/stm32g0xx_hal_pcd.c **** 
 1660              		.loc 1 2175 9 is_stmt 1 view .LVU500
2175:Drivers/STM32G0xx_HAL_Driver/Src/stm32g0xx_hal_pcd.c **** 
 1661              		.loc 1 2175 9 view .LVU501
 1662 026c 6278     		ldrb	r2, [r4, #1]
 1663 026e 002A     		cmp	r2, #0
 1664 0270 00D0     		beq	.LCB1527
 1665 0272 BBE0     		b	.L98	@long jump
 1666              	.LCB1527:
2175:Drivers/STM32G0xx_HAL_Driver/Src/stm32g0xx_hal_pcd.c **** 
 1667              		.loc 1 2175 9 discriminator 1 view .LVU502
 1668              	.LBB15:
2175:Drivers/STM32G0xx_HAL_Driver/Src/stm32g0xx_hal_pcd.c **** 
 1669              		.loc 1 2175 9 discriminator 1 view .LVU503
2175:Drivers/STM32G0xx_HAL_Driver/Src/stm32g0xx_hal_pcd.c **** 
 1670              		.loc 1 2175 9 discriminator 1 view .LVU504
 1671 0274 2278     		ldrb	r2, [r4]
 1672 0276 D200     		lsls	r2, r2, #3
 1673 0278 3E49     		ldr	r1, .L119+16
 1674 027a 8C46     		mov	ip, r1
 1675 027c 6244     		add	r2, r2, ip
 1676 027e 5168     		ldr	r1, [r2, #4]
 1677 0280 8901     		lsls	r1, r1, #6
 1678 0282 8909     		lsrs	r1, r1, #6
 1679 0284 5160     		str	r1, [r2, #4]
2175:Drivers/STM32G0xx_HAL_Driver/Src/stm32g0xx_hal_pcd.c **** 
 1680              		.loc 1 2175 9 view .LVU505
2175:Drivers/STM32G0xx_HAL_Driver/Src/stm32g0xx_hal_pcd.c **** 
 1681              		.loc 1 2175 9 is_stmt 0 discriminator 1 view .LVU506
 1682 0286 002B     		cmp	r3, #0
 1683 0288 00D0     		beq	.LCB1544
 1684 028a 8EE0     		b	.L99	@long jump
 1685              	.LCB1544:
2175:Drivers/STM32G0xx_HAL_Driver/Src/stm32g0xx_hal_pcd.c **** 
 1686              		.loc 1 2175 9 is_stmt 1 discriminator 3 view .LVU507
 1687 028c 2278     		ldrb	r2, [r4]
 1688 028e D200     		lsls	r2, r2, #3
 1689 0290 6244     		add	r2, r2, ip
 1690 0292 5068     		ldr	r0, [r2, #4]
 1691 0294 8021     		movs	r1, #128
 1692 0296 0906     		lsls	r1, r1, #24
 1693 0298 0143     		orrs	r1, r0
 1694 029a 5160     		str	r1, [r2, #4]
 1695 029c A8E0     		b	.L100
 1696              	.LVL137:
ARM GAS  C:\Users\Domagoj\AppData\Local\Temp\cc6jMbW9.s 			page 86


 1697              	.L85:
2175:Drivers/STM32G0xx_HAL_Driver/Src/stm32g0xx_hal_pcd.c **** 
 1698              		.loc 1 2175 9 is_stmt 0 discriminator 3 view .LVU508
 1699              	.LBE15:
2112:Drivers/STM32G0xx_HAL_Driver/Src/stm32g0xx_hal_pcd.c ****     }
 1700              		.loc 1 2112 7 is_stmt 1 view .LVU509
2112:Drivers/STM32G0xx_HAL_Driver/Src/stm32g0xx_hal_pcd.c ****     }
 1701              		.loc 1 2112 20 is_stmt 0 view .LVU510
 1702 029e 0023     		movs	r3, #0
 1703 02a0 A361     		str	r3, [r4, #24]
 1704 02a2 C2E7     		b	.L86
 1705              	.L116:
2118:Drivers/STM32G0xx_HAL_Driver/Src/stm32g0xx_hal_pcd.c ****       PCD_SET_EP_DBUF1_CNT(hpcd->Instance, ep->num, ep->is_in, 0U);
 1706              		.loc 1 2118 7 is_stmt 1 view .LVU511
2118:Drivers/STM32G0xx_HAL_Driver/Src/stm32g0xx_hal_pcd.c ****       PCD_SET_EP_DBUF1_CNT(hpcd->Instance, ep->num, ep->is_in, 0U);
 1707              		.loc 1 2118 7 view .LVU512
 1708 02a4 6378     		ldrb	r3, [r4, #1]
 1709 02a6 002B     		cmp	r3, #0
 1710 02a8 39D1     		bne	.L88
2118:Drivers/STM32G0xx_HAL_Driver/Src/stm32g0xx_hal_pcd.c ****       PCD_SET_EP_DBUF1_CNT(hpcd->Instance, ep->num, ep->is_in, 0U);
 1711              		.loc 1 2118 7 discriminator 1 view .LVU513
 1712              	.LBB16:
2118:Drivers/STM32G0xx_HAL_Driver/Src/stm32g0xx_hal_pcd.c ****       PCD_SET_EP_DBUF1_CNT(hpcd->Instance, ep->num, ep->is_in, 0U);
 1713              		.loc 1 2118 7 discriminator 1 view .LVU514
2118:Drivers/STM32G0xx_HAL_Driver/Src/stm32g0xx_hal_pcd.c ****       PCD_SET_EP_DBUF1_CNT(hpcd->Instance, ep->num, ep->is_in, 0U);
 1714              		.loc 1 2118 7 discriminator 1 view .LVU515
 1715 02aa 2378     		ldrb	r3, [r4]
 1716 02ac DB00     		lsls	r3, r3, #3
 1717 02ae 314A     		ldr	r2, .L119+16
 1718 02b0 9446     		mov	ip, r2
 1719 02b2 6344     		add	r3, r3, ip
 1720 02b4 1A68     		ldr	r2, [r3]
 1721 02b6 9201     		lsls	r2, r2, #6
 1722 02b8 9209     		lsrs	r2, r2, #6
 1723 02ba 1A60     		str	r2, [r3]
2118:Drivers/STM32G0xx_HAL_Driver/Src/stm32g0xx_hal_pcd.c ****       PCD_SET_EP_DBUF1_CNT(hpcd->Instance, ep->num, ep->is_in, 0U);
 1724              		.loc 1 2118 7 view .LVU516
2118:Drivers/STM32G0xx_HAL_Driver/Src/stm32g0xx_hal_pcd.c ****       PCD_SET_EP_DBUF1_CNT(hpcd->Instance, ep->num, ep->is_in, 0U);
 1725              		.loc 1 2118 7 discriminator 3 view .LVU517
 1726 02bc 2378     		ldrb	r3, [r4]
 1727 02be DB00     		lsls	r3, r3, #3
 1728 02c0 6344     		add	r3, r3, ip
 1729 02c2 1968     		ldr	r1, [r3]
 1730 02c4 8022     		movs	r2, #128
 1731 02c6 1206     		lsls	r2, r2, #24
 1732 02c8 0A43     		orrs	r2, r1
 1733 02ca 1A60     		str	r2, [r3]
2118:Drivers/STM32G0xx_HAL_Driver/Src/stm32g0xx_hal_pcd.c ****       PCD_SET_EP_DBUF1_CNT(hpcd->Instance, ep->num, ep->is_in, 0U);
 1734              		.loc 1 2118 7 view .LVU518
 1735              	.LBE16:
2118:Drivers/STM32G0xx_HAL_Driver/Src/stm32g0xx_hal_pcd.c ****       PCD_SET_EP_DBUF1_CNT(hpcd->Instance, ep->num, ep->is_in, 0U);
 1736              		.loc 1 2118 7 view .LVU519
 1737              	.L89:
2118:Drivers/STM32G0xx_HAL_Driver/Src/stm32g0xx_hal_pcd.c ****       PCD_SET_EP_DBUF1_CNT(hpcd->Instance, ep->num, ep->is_in, 0U);
 1738              		.loc 1 2118 7 view .LVU520
2118:Drivers/STM32G0xx_HAL_Driver/Src/stm32g0xx_hal_pcd.c ****       PCD_SET_EP_DBUF1_CNT(hpcd->Instance, ep->num, ep->is_in, 0U);
 1739              		.loc 1 2118 7 view .LVU521
ARM GAS  C:\Users\Domagoj\AppData\Local\Temp\cc6jMbW9.s 			page 87


2119:Drivers/STM32G0xx_HAL_Driver/Src/stm32g0xx_hal_pcd.c **** 
 1740              		.loc 1 2119 7 view .LVU522
2119:Drivers/STM32G0xx_HAL_Driver/Src/stm32g0xx_hal_pcd.c **** 
 1741              		.loc 1 2119 7 view .LVU523
 1742 02cc 6378     		ldrb	r3, [r4, #1]
 1743 02ce 002B     		cmp	r3, #0
 1744 02d0 36D1     		bne	.L90
2119:Drivers/STM32G0xx_HAL_Driver/Src/stm32g0xx_hal_pcd.c **** 
 1745              		.loc 1 2119 7 discriminator 1 view .LVU524
 1746              	.LBB17:
2119:Drivers/STM32G0xx_HAL_Driver/Src/stm32g0xx_hal_pcd.c **** 
 1747              		.loc 1 2119 7 discriminator 1 view .LVU525
2119:Drivers/STM32G0xx_HAL_Driver/Src/stm32g0xx_hal_pcd.c **** 
 1748              		.loc 1 2119 7 discriminator 1 view .LVU526
 1749 02d2 2378     		ldrb	r3, [r4]
 1750 02d4 DB00     		lsls	r3, r3, #3
 1751 02d6 274A     		ldr	r2, .L119+16
 1752 02d8 9446     		mov	ip, r2
 1753 02da 6344     		add	r3, r3, ip
 1754 02dc 5A68     		ldr	r2, [r3, #4]
 1755 02de 9201     		lsls	r2, r2, #6
 1756 02e0 9209     		lsrs	r2, r2, #6
 1757 02e2 5A60     		str	r2, [r3, #4]
2119:Drivers/STM32G0xx_HAL_Driver/Src/stm32g0xx_hal_pcd.c **** 
 1758              		.loc 1 2119 7 view .LVU527
2119:Drivers/STM32G0xx_HAL_Driver/Src/stm32g0xx_hal_pcd.c **** 
 1759              		.loc 1 2119 7 discriminator 3 view .LVU528
 1760 02e4 2378     		ldrb	r3, [r4]
 1761 02e6 DB00     		lsls	r3, r3, #3
 1762 02e8 6344     		add	r3, r3, ip
 1763 02ea 5968     		ldr	r1, [r3, #4]
 1764 02ec 8022     		movs	r2, #128
 1765 02ee 1206     		lsls	r2, r2, #24
 1766 02f0 0A43     		orrs	r2, r1
 1767 02f2 5A60     		str	r2, [r3, #4]
2119:Drivers/STM32G0xx_HAL_Driver/Src/stm32g0xx_hal_pcd.c **** 
 1768              		.loc 1 2119 7 view .LVU529
 1769              	.LBE17:
2119:Drivers/STM32G0xx_HAL_Driver/Src/stm32g0xx_hal_pcd.c **** 
 1770              		.loc 1 2119 7 view .LVU530
 1771              	.L91:
2119:Drivers/STM32G0xx_HAL_Driver/Src/stm32g0xx_hal_pcd.c **** 
 1772              		.loc 1 2119 7 view .LVU531
2121:Drivers/STM32G0xx_HAL_Driver/Src/stm32g0xx_hal_pcd.c ****       {
 1773              		.loc 1 2121 7 view .LVU532
2121:Drivers/STM32G0xx_HAL_Driver/Src/stm32g0xx_hal_pcd.c ****       {
 1774              		.loc 1 2121 13 is_stmt 0 view .LVU533
 1775 02f4 E378     		ldrb	r3, [r4, #3]
2121:Drivers/STM32G0xx_HAL_Driver/Src/stm32g0xx_hal_pcd.c ****       {
 1776              		.loc 1 2121 10 view .LVU534
 1777 02f6 022B     		cmp	r3, #2
 1778 02f8 3ED0     		beq	.L117
 1779              	.L92:
2124:Drivers/STM32G0xx_HAL_Driver/Src/stm32g0xx_hal_pcd.c ****       }
 1780              		.loc 1 2124 9 is_stmt 1 view .LVU535
2131:Drivers/STM32G0xx_HAL_Driver/Src/stm32g0xx_hal_pcd.c **** #endif /* USE_HAL_PCD_REGISTER_CALLBACKS */
 1781              		.loc 1 2131 7 view .LVU536
ARM GAS  C:\Users\Domagoj\AppData\Local\Temp\cc6jMbW9.s 			page 88


 1782 02fa 2178     		ldrb	r1, [r4]
 1783 02fc 3000     		movs	r0, r6
 1784              	.LVL138:
2131:Drivers/STM32G0xx_HAL_Driver/Src/stm32g0xx_hal_pcd.c **** #endif /* USE_HAL_PCD_REGISTER_CALLBACKS */
 1785              		.loc 1 2131 7 is_stmt 0 view .LVU537
 1786 02fe FFF7FEFF 		bl	HAL_PCD_DataInStageCallback
 1787              	.LVL139:
2135:Drivers/STM32G0xx_HAL_Driver/Src/stm32g0xx_hal_pcd.c ****       {
 1788              		.loc 1 2135 7 is_stmt 1 view .LVU538
2135:Drivers/STM32G0xx_HAL_Driver/Src/stm32g0xx_hal_pcd.c ****       {
 1789              		.loc 1 2135 10 is_stmt 0 view .LVU539
 1790 0302 6D04     		lsls	r5, r5, #17
 1791 0304 00D5     		bpl	.LCB1655
 1792 0306 ACE6     		b	.L73	@long jump
 1793              	.LCB1655:
2137:Drivers/STM32G0xx_HAL_Driver/Src/stm32g0xx_hal_pcd.c ****       }
 1794              		.loc 1 2137 9 is_stmt 1 view .LVU540
2137:Drivers/STM32G0xx_HAL_Driver/Src/stm32g0xx_hal_pcd.c ****       }
 1795              		.loc 1 2137 9 view .LVU541
2137:Drivers/STM32G0xx_HAL_Driver/Src/stm32g0xx_hal_pcd.c ****       }
 1796              		.loc 1 2137 9 discriminator 2 view .LVU542
2137:Drivers/STM32G0xx_HAL_Driver/Src/stm32g0xx_hal_pcd.c ****       }
 1797              		.loc 1 2137 9 discriminator 3 view .LVU543
 1798              	.LBB18:
2137:Drivers/STM32G0xx_HAL_Driver/Src/stm32g0xx_hal_pcd.c ****       }
 1799              		.loc 1 2137 9 discriminator 3 view .LVU544
2137:Drivers/STM32G0xx_HAL_Driver/Src/stm32g0xx_hal_pcd.c ****       }
 1800              		.loc 1 2137 9 discriminator 3 view .LVU545
 1801 0308 3368     		ldr	r3, [r6]
 1802 030a 2278     		ldrb	r2, [r4]
 1803 030c 9200     		lsls	r2, r2, #2
 1804 030e 9B18     		adds	r3, r3, r2
 1805 0310 1968     		ldr	r1, [r3]
 1806 0312 144A     		ldr	r2, .L119
 1807 0314 1140     		ands	r1, r2
 1808              	.LVL140:
2137:Drivers/STM32G0xx_HAL_Driver/Src/stm32g0xx_hal_pcd.c ****       }
 1809              		.loc 1 2137 9 view .LVU546
2137:Drivers/STM32G0xx_HAL_Driver/Src/stm32g0xx_hal_pcd.c ****       }
 1810              		.loc 1 2137 9 is_stmt 0 discriminator 3 view .LVU547
 1811 0316 144A     		ldr	r2, .L119+4
 1812 0318 0A43     		orrs	r2, r1
 1813 031a 1A60     		str	r2, [r3]
 1814              	.LBE18:
2137:Drivers/STM32G0xx_HAL_Driver/Src/stm32g0xx_hal_pcd.c ****       }
 1815              		.loc 1 2137 9 is_stmt 1 view .LVU548
2137:Drivers/STM32G0xx_HAL_Driver/Src/stm32g0xx_hal_pcd.c ****       }
 1816              		.loc 1 2137 9 view .LVU549
2140:Drivers/STM32G0xx_HAL_Driver/Src/stm32g0xx_hal_pcd.c ****     }
 1817              		.loc 1 2140 7 view .LVU550
2140:Drivers/STM32G0xx_HAL_Driver/Src/stm32g0xx_hal_pcd.c ****     }
 1818              		.loc 1 2140 14 is_stmt 0 view .LVU551
 1819 031c A1E6     		b	.L73
 1820              	.LVL141:
 1821              	.L88:
2118:Drivers/STM32G0xx_HAL_Driver/Src/stm32g0xx_hal_pcd.c ****       PCD_SET_EP_DBUF1_CNT(hpcd->Instance, ep->num, ep->is_in, 0U);
 1822              		.loc 1 2118 7 is_stmt 1 discriminator 2 view .LVU552
ARM GAS  C:\Users\Domagoj\AppData\Local\Temp\cc6jMbW9.s 			page 89


 1823 031e 012B     		cmp	r3, #1
 1824 0320 D4D1     		bne	.L89
2118:Drivers/STM32G0xx_HAL_Driver/Src/stm32g0xx_hal_pcd.c ****       PCD_SET_EP_DBUF1_CNT(hpcd->Instance, ep->num, ep->is_in, 0U);
 1825              		.loc 1 2118 7 discriminator 13 view .LVU553
2118:Drivers/STM32G0xx_HAL_Driver/Src/stm32g0xx_hal_pcd.c ****       PCD_SET_EP_DBUF1_CNT(hpcd->Instance, ep->num, ep->is_in, 0U);
 1826              		.loc 1 2118 7 discriminator 13 view .LVU554
 1827 0322 2378     		ldrb	r3, [r4]
 1828 0324 DB00     		lsls	r3, r3, #3
 1829 0326 134A     		ldr	r2, .L119+16
 1830 0328 9446     		mov	ip, r2
 1831 032a 6344     		add	r3, r3, ip
 1832 032c 1A68     		ldr	r2, [r3]
 1833 032e 1204     		lsls	r2, r2, #16
 1834 0330 120C     		lsrs	r2, r2, #16
 1835 0332 1A60     		str	r2, [r3]
2118:Drivers/STM32G0xx_HAL_Driver/Src/stm32g0xx_hal_pcd.c ****       PCD_SET_EP_DBUF1_CNT(hpcd->Instance, ep->num, ep->is_in, 0U);
 1836              		.loc 1 2118 7 view .LVU555
2118:Drivers/STM32G0xx_HAL_Driver/Src/stm32g0xx_hal_pcd.c ****       PCD_SET_EP_DBUF1_CNT(hpcd->Instance, ep->num, ep->is_in, 0U);
 1837              		.loc 1 2118 7 is_stmt 0 discriminator 13 view .LVU556
 1838 0334 2378     		ldrb	r3, [r4]
 1839 0336 DB00     		lsls	r3, r3, #3
 1840 0338 6344     		add	r3, r3, ip
 1841 033a 1A68     		ldr	r2, [r3]
 1842 033c 1A60     		str	r2, [r3]
 1843 033e C5E7     		b	.L89
 1844              	.L90:
2119:Drivers/STM32G0xx_HAL_Driver/Src/stm32g0xx_hal_pcd.c **** 
 1845              		.loc 1 2119 7 is_stmt 1 discriminator 2 view .LVU557
 1846 0340 012B     		cmp	r3, #1
 1847 0342 D7D1     		bne	.L91
2119:Drivers/STM32G0xx_HAL_Driver/Src/stm32g0xx_hal_pcd.c **** 
 1848              		.loc 1 2119 7 discriminator 13 view .LVU558
 1849 0344 2378     		ldrb	r3, [r4]
 1850 0346 DB00     		lsls	r3, r3, #3
 1851 0348 0A4A     		ldr	r2, .L119+16
 1852 034a 9446     		mov	ip, r2
 1853 034c 6344     		add	r3, r3, ip
 1854 034e 5A68     		ldr	r2, [r3, #4]
 1855 0350 1204     		lsls	r2, r2, #16
 1856 0352 120C     		lsrs	r2, r2, #16
 1857 0354 5A60     		str	r2, [r3, #4]
2119:Drivers/STM32G0xx_HAL_Driver/Src/stm32g0xx_hal_pcd.c **** 
 1858              		.loc 1 2119 7 view .LVU559
2119:Drivers/STM32G0xx_HAL_Driver/Src/stm32g0xx_hal_pcd.c **** 
 1859              		.loc 1 2119 7 is_stmt 0 discriminator 13 view .LVU560
 1860 0356 2378     		ldrb	r3, [r4]
 1861 0358 DB00     		lsls	r3, r3, #3
 1862 035a 6344     		add	r3, r3, ip
 1863 035c 5A68     		ldr	r2, [r3, #4]
 1864 035e 5A60     		str	r2, [r3, #4]
 1865 0360 C8E7     		b	.L91
 1866              	.L120:
 1867 0362 C046     		.align	2
 1868              	.L119:
 1869 0364 8F8FFF07 		.word	134188943
 1870 0368 80C00000 		.word	49280
 1871 036c BF8FFF07 		.word	134188991
ARM GAS  C:\Users\Domagoj\AppData\Local\Temp\cc6jMbW9.s 			page 90


 1872 0370 80800000 		.word	32896
 1873 0374 00980040 		.word	1073780736
 1874              	.L117:
2124:Drivers/STM32G0xx_HAL_Driver/Src/stm32g0xx_hal_pcd.c ****       }
 1875              		.loc 1 2124 9 is_stmt 1 view .LVU561
 1876              	.LBB19:
2124:Drivers/STM32G0xx_HAL_Driver/Src/stm32g0xx_hal_pcd.c ****       }
 1877              		.loc 1 2124 9 view .LVU562
2124:Drivers/STM32G0xx_HAL_Driver/Src/stm32g0xx_hal_pcd.c ****       }
 1878              		.loc 1 2124 9 view .LVU563
 1879 0378 3268     		ldr	r2, [r6]
 1880 037a 2378     		ldrb	r3, [r4]
 1881 037c 9B00     		lsls	r3, r3, #2
 1882 037e D218     		adds	r2, r2, r3
 1883 0380 1368     		ldr	r3, [r2]
 1884 0382 2749     		ldr	r1, .L121
 1885 0384 0B40     		ands	r3, r1
 1886              	.LVL142:
2124:Drivers/STM32G0xx_HAL_Driver/Src/stm32g0xx_hal_pcd.c ****       }
 1887              		.loc 1 2124 9 view .LVU564
2124:Drivers/STM32G0xx_HAL_Driver/Src/stm32g0xx_hal_pcd.c ****       }
 1888              		.loc 1 2124 9 discriminator 3 view .LVU565
2124:Drivers/STM32G0xx_HAL_Driver/Src/stm32g0xx_hal_pcd.c ****       }
 1889              		.loc 1 2124 9 discriminator 4 view .LVU566
 1890 0386 2021     		movs	r1, #32
 1891 0388 4B40     		eors	r3, r1
 1892              	.LVL143:
2124:Drivers/STM32G0xx_HAL_Driver/Src/stm32g0xx_hal_pcd.c ****       }
 1893              		.loc 1 2124 9 discriminator 6 view .LVU567
 1894 038a 2649     		ldr	r1, .L121+4
 1895 038c 0B43     		orrs	r3, r1
 1896              	.LVL144:
2124:Drivers/STM32G0xx_HAL_Driver/Src/stm32g0xx_hal_pcd.c ****       }
 1897              		.loc 1 2124 9 is_stmt 0 discriminator 6 view .LVU568
 1898 038e 1360     		str	r3, [r2]
 1899 0390 B3E7     		b	.L92
 1900              	.LVL145:
 1901              	.L95:
2124:Drivers/STM32G0xx_HAL_Driver/Src/stm32g0xx_hal_pcd.c ****       }
 1902              		.loc 1 2124 9 discriminator 6 view .LVU569
 1903              	.LBE19:
2162:Drivers/STM32G0xx_HAL_Driver/Src/stm32g0xx_hal_pcd.c ****         {
 1904              		.loc 1 2162 14 is_stmt 1 view .LVU570
2162:Drivers/STM32G0xx_HAL_Driver/Src/stm32g0xx_hal_pcd.c ****         {
 1905              		.loc 1 2162 17 is_stmt 0 view .LVU571
 1906 0392 0029     		cmp	r1, #0
 1907 0394 03D1     		bne	.L97
2164:Drivers/STM32G0xx_HAL_Driver/Src/stm32g0xx_hal_pcd.c ****           ep->xfer_fill_db = 0U;
 1908              		.loc 1 2164 11 is_stmt 1 view .LVU572
 1909              	.LVL146:
2165:Drivers/STM32G0xx_HAL_Driver/Src/stm32g0xx_hal_pcd.c ****         }
 1910              		.loc 1 2165 11 view .LVU573
2165:Drivers/STM32G0xx_HAL_Driver/Src/stm32g0xx_hal_pcd.c ****         }
 1911              		.loc 1 2165 28 is_stmt 0 view .LVU574
 1912 0396 2423     		movs	r3, #36
 1913 0398 E154     		strb	r1, [r4, r3]
2164:Drivers/STM32G0xx_HAL_Driver/Src/stm32g0xx_hal_pcd.c ****           ep->xfer_fill_db = 0U;
ARM GAS  C:\Users\Domagoj\AppData\Local\Temp\cc6jMbW9.s 			page 91


 1914              		.loc 1 2164 15 view .LVU575
 1915 039a 1300     		movs	r3, r2
 1916 039c 66E7     		b	.L96
 1917              	.LVL147:
 1918              	.L97:
2169:Drivers/STM32G0xx_HAL_Driver/Src/stm32g0xx_hal_pcd.c ****           ep->xfer_len_db = 0U;
 1919              		.loc 1 2169 11 is_stmt 1 view .LVU576
2170:Drivers/STM32G0xx_HAL_Driver/Src/stm32g0xx_hal_pcd.c ****           ep->xfer_fill_db = 0;
 1920              		.loc 1 2170 11 view .LVU577
2170:Drivers/STM32G0xx_HAL_Driver/Src/stm32g0xx_hal_pcd.c ****           ep->xfer_fill_db = 0;
 1921              		.loc 1 2170 27 is_stmt 0 view .LVU578
 1922 039e 0023     		movs	r3, #0
 1923 03a0 2362     		str	r3, [r4, #32]
2171:Drivers/STM32G0xx_HAL_Driver/Src/stm32g0xx_hal_pcd.c ****         }
 1924              		.loc 1 2171 11 is_stmt 1 view .LVU579
2171:Drivers/STM32G0xx_HAL_Driver/Src/stm32g0xx_hal_pcd.c ****         }
 1925              		.loc 1 2171 28 is_stmt 0 view .LVU580
 1926 03a2 2422     		movs	r2, #36
 1927 03a4 A354     		strb	r3, [r4, r2]
2169:Drivers/STM32G0xx_HAL_Driver/Src/stm32g0xx_hal_pcd.c ****           ep->xfer_len_db = 0U;
 1928              		.loc 1 2169 15 view .LVU581
 1929 03a6 0B00     		movs	r3, r1
 1930 03a8 60E7     		b	.L96
 1931              	.LVL148:
 1932              	.L99:
 1933              	.LBB20:
2175:Drivers/STM32G0xx_HAL_Driver/Src/stm32g0xx_hal_pcd.c **** 
 1934              		.loc 1 2175 9 is_stmt 1 discriminator 4 view .LVU582
 1935 03aa 3E2B     		cmp	r3, #62
 1936 03ac 0DD8     		bhi	.L101
2175:Drivers/STM32G0xx_HAL_Driver/Src/stm32g0xx_hal_pcd.c **** 
 1937              		.loc 1 2175 9 discriminator 5 view .LVU583
2175:Drivers/STM32G0xx_HAL_Driver/Src/stm32g0xx_hal_pcd.c **** 
 1938              		.loc 1 2175 9 discriminator 5 view .LVU584
 1939 03ae 5908     		lsrs	r1, r3, #1
 1940              	.LVL149:
2175:Drivers/STM32G0xx_HAL_Driver/Src/stm32g0xx_hal_pcd.c **** 
 1941              		.loc 1 2175 9 view .LVU585
2175:Drivers/STM32G0xx_HAL_Driver/Src/stm32g0xx_hal_pcd.c **** 
 1942              		.loc 1 2175 9 is_stmt 0 discriminator 5 view .LVU586
 1943 03b0 DA07     		lsls	r2, r3, #31
 1944 03b2 00D5     		bpl	.L102
2175:Drivers/STM32G0xx_HAL_Driver/Src/stm32g0xx_hal_pcd.c **** 
 1945              		.loc 1 2175 9 is_stmt 1 discriminator 7 view .LVU587
 1946 03b4 0131     		adds	r1, r1, #1
 1947              	.LVL150:
 1948              	.L102:
2175:Drivers/STM32G0xx_HAL_Driver/Src/stm32g0xx_hal_pcd.c **** 
 1949              		.loc 1 2175 9 discriminator 9 view .LVU588
 1950 03b6 2278     		ldrb	r2, [r4]
 1951 03b8 D200     		lsls	r2, r2, #3
 1952 03ba 1B48     		ldr	r0, .L121+8
 1953 03bc 8446     		mov	ip, r0
 1954 03be 6244     		add	r2, r2, ip
 1955 03c0 5068     		ldr	r0, [r2, #4]
 1956 03c2 8906     		lsls	r1, r1, #26
 1957              	.LVL151:
ARM GAS  C:\Users\Domagoj\AppData\Local\Temp\cc6jMbW9.s 			page 92


2175:Drivers/STM32G0xx_HAL_Driver/Src/stm32g0xx_hal_pcd.c **** 
 1958              		.loc 1 2175 9 is_stmt 0 discriminator 9 view .LVU589
 1959 03c4 0143     		orrs	r1, r0
 1960 03c6 5160     		str	r1, [r2, #4]
2175:Drivers/STM32G0xx_HAL_Driver/Src/stm32g0xx_hal_pcd.c **** 
 1961              		.loc 1 2175 9 is_stmt 1 view .LVU590
 1962 03c8 12E0     		b	.L100
 1963              	.LVL152:
 1964              	.L101:
2175:Drivers/STM32G0xx_HAL_Driver/Src/stm32g0xx_hal_pcd.c **** 
 1965              		.loc 1 2175 9 discriminator 6 view .LVU591
2175:Drivers/STM32G0xx_HAL_Driver/Src/stm32g0xx_hal_pcd.c **** 
 1966              		.loc 1 2175 9 discriminator 6 view .LVU592
 1967 03ca 5909     		lsrs	r1, r3, #5
 1968              	.LVL153:
2175:Drivers/STM32G0xx_HAL_Driver/Src/stm32g0xx_hal_pcd.c **** 
 1969              		.loc 1 2175 9 view .LVU593
2175:Drivers/STM32G0xx_HAL_Driver/Src/stm32g0xx_hal_pcd.c **** 
 1970              		.loc 1 2175 9 is_stmt 0 discriminator 6 view .LVU594
 1971 03cc DA06     		lsls	r2, r3, #27
 1972 03ce 00D1     		bne	.L103
2175:Drivers/STM32G0xx_HAL_Driver/Src/stm32g0xx_hal_pcd.c **** 
 1973              		.loc 1 2175 9 is_stmt 1 discriminator 10 view .LVU595
 1974 03d0 0139     		subs	r1, r1, #1
 1975              	.LVL154:
 1976              	.L103:
2175:Drivers/STM32G0xx_HAL_Driver/Src/stm32g0xx_hal_pcd.c **** 
 1977              		.loc 1 2175 9 discriminator 12 view .LVU596
 1978 03d2 2278     		ldrb	r2, [r4]
 1979 03d4 D200     		lsls	r2, r2, #3
 1980 03d6 1448     		ldr	r0, .L121+8
 1981 03d8 8446     		mov	ip, r0
 1982 03da 6244     		add	r2, r2, ip
 1983 03dc 5068     		ldr	r0, [r2, #4]
 1984 03de 8906     		lsls	r1, r1, #26
 1985              	.LVL155:
2175:Drivers/STM32G0xx_HAL_Driver/Src/stm32g0xx_hal_pcd.c **** 
 1986              		.loc 1 2175 9 is_stmt 0 discriminator 12 view .LVU597
 1987 03e0 0843     		orrs	r0, r1
 1988 03e2 8021     		movs	r1, #128
 1989 03e4 0906     		lsls	r1, r1, #24
 1990 03e6 0143     		orrs	r1, r0
 1991 03e8 5160     		str	r1, [r2, #4]
 1992 03ea 01E0     		b	.L100
 1993              	.LVL156:
 1994              	.L98:
2175:Drivers/STM32G0xx_HAL_Driver/Src/stm32g0xx_hal_pcd.c **** 
 1995              		.loc 1 2175 9 discriminator 12 view .LVU598
 1996              	.LBE20:
2175:Drivers/STM32G0xx_HAL_Driver/Src/stm32g0xx_hal_pcd.c **** 
 1997              		.loc 1 2175 9 is_stmt 1 discriminator 2 view .LVU599
 1998 03ec 012A     		cmp	r2, #1
 1999 03ee 06D0     		beq	.L118
 2000              	.L100:
2175:Drivers/STM32G0xx_HAL_Driver/Src/stm32g0xx_hal_pcd.c **** 
 2001              		.loc 1 2175 9 view .LVU600
2178:Drivers/STM32G0xx_HAL_Driver/Src/stm32g0xx_hal_pcd.c ****       }
ARM GAS  C:\Users\Domagoj\AppData\Local\Temp\cc6jMbW9.s 			page 93


 2002              		.loc 1 2178 9 view .LVU601
2178:Drivers/STM32G0xx_HAL_Driver/Src/stm32g0xx_hal_pcd.c ****       }
 2003              		.loc 1 2178 26 is_stmt 0 view .LVU602
 2004 03f0 3068     		ldr	r0, [r6]
2178:Drivers/STM32G0xx_HAL_Driver/Src/stm32g0xx_hal_pcd.c ****       }
 2005              		.loc 1 2178 9 view .LVU603
 2006 03f2 9BB2     		uxth	r3, r3
 2007              	.LVL157:
2178:Drivers/STM32G0xx_HAL_Driver/Src/stm32g0xx_hal_pcd.c ****       }
 2008              		.loc 1 2178 9 view .LVU604
 2009 03f4 6289     		ldrh	r2, [r4, #10]
 2010 03f6 6169     		ldr	r1, [r4, #20]
 2011 03f8 FFF7FEFF 		bl	USB_WritePMA
 2012              	.LVL158:
 2013 03fc 25E6     		b	.L75
 2014              	.LVL159:
 2015              	.L118:
2175:Drivers/STM32G0xx_HAL_Driver/Src/stm32g0xx_hal_pcd.c **** 
 2016              		.loc 1 2175 9 is_stmt 1 discriminator 13 view .LVU605
 2017 03fe 2278     		ldrb	r2, [r4]
 2018 0400 D200     		lsls	r2, r2, #3
 2019 0402 0949     		ldr	r1, .L121+8
 2020 0404 8C46     		mov	ip, r1
 2021 0406 6244     		add	r2, r2, ip
 2022 0408 5168     		ldr	r1, [r2, #4]
 2023 040a 0904     		lsls	r1, r1, #16
 2024 040c 090C     		lsrs	r1, r1, #16
 2025 040e 5160     		str	r1, [r2, #4]
2175:Drivers/STM32G0xx_HAL_Driver/Src/stm32g0xx_hal_pcd.c **** 
 2026              		.loc 1 2175 9 view .LVU606
2175:Drivers/STM32G0xx_HAL_Driver/Src/stm32g0xx_hal_pcd.c **** 
 2027              		.loc 1 2175 9 is_stmt 0 discriminator 13 view .LVU607
 2028 0410 2278     		ldrb	r2, [r4]
 2029 0412 D200     		lsls	r2, r2, #3
 2030 0414 6244     		add	r2, r2, ip
 2031 0416 5168     		ldr	r1, [r2, #4]
 2032 0418 1804     		lsls	r0, r3, #16
 2033 041a 0143     		orrs	r1, r0
 2034 041c 5160     		str	r1, [r2, #4]
 2035 041e E7E7     		b	.L100
 2036              	.L122:
 2037              		.align	2
 2038              	.L121:
 2039 0420 BF8FFF07 		.word	134188991
 2040 0424 80800000 		.word	32896
 2041 0428 00980040 		.word	1073780736
 2042              		.cfi_endproc
 2043              	.LFE401:
 2045              		.section	.text.HAL_PCD_SetupStageCallback,"ax",%progbits
 2046              		.align	1
 2047              		.weak	HAL_PCD_SetupStageCallback
 2048              		.syntax unified
 2049              		.code	16
 2050              		.thumb_func
 2052              	HAL_PCD_SetupStageCallback:
 2053              	.LVL160:
 2054              	.LFB375:
ARM GAS  C:\Users\Domagoj\AppData\Local\Temp\cc6jMbW9.s 			page 94


1114:Drivers/STM32G0xx_HAL_Driver/Src/stm32g0xx_hal_pcd.c ****   /* Prevent unused argument(s) compilation warning */
 2055              		.loc 1 1114 1 is_stmt 1 view -0
 2056              		.cfi_startproc
 2057              		@ args = 0, pretend = 0, frame = 0
 2058              		@ frame_needed = 0, uses_anonymous_args = 0
 2059              		@ link register save eliminated.
1116:Drivers/STM32G0xx_HAL_Driver/Src/stm32g0xx_hal_pcd.c **** 
 2060              		.loc 1 1116 3 view .LVU609
1121:Drivers/STM32G0xx_HAL_Driver/Src/stm32g0xx_hal_pcd.c **** 
 2061              		.loc 1 1121 1 is_stmt 0 view .LVU610
 2062              		@ sp needed
 2063 0000 7047     		bx	lr
 2064              		.cfi_endproc
 2065              	.LFE375:
 2067              		.section	.text.PCD_EP_ISR_Handler,"ax",%progbits
 2068              		.align	1
 2069              		.syntax unified
 2070              		.code	16
 2071              		.thumb_func
 2073              	PCD_EP_ISR_Handler:
 2074              	.LVL161:
 2075              	.LFB399:
1637:Drivers/STM32G0xx_HAL_Driver/Src/stm32g0xx_hal_pcd.c ****   PCD_EPTypeDef *ep;
 2076              		.loc 1 1637 1 is_stmt 1 view -0
 2077              		.cfi_startproc
 2078              		@ args = 0, pretend = 0, frame = 0
 2079              		@ frame_needed = 0, uses_anonymous_args = 0
1637:Drivers/STM32G0xx_HAL_Driver/Src/stm32g0xx_hal_pcd.c ****   PCD_EPTypeDef *ep;
 2080              		.loc 1 1637 1 is_stmt 0 view .LVU612
 2081 0000 F8B5     		push	{r3, r4, r5, r6, r7, lr}
 2082              	.LCFI10:
 2083              		.cfi_def_cfa_offset 24
 2084              		.cfi_offset 3, -24
 2085              		.cfi_offset 4, -20
 2086              		.cfi_offset 5, -16
 2087              		.cfi_offset 6, -12
 2088              		.cfi_offset 7, -8
 2089              		.cfi_offset 14, -4
 2090 0002 DE46     		mov	lr, fp
 2091 0004 5746     		mov	r7, r10
 2092 0006 4E46     		mov	r6, r9
 2093 0008 4546     		mov	r5, r8
 2094 000a E0B5     		push	{r5, r6, r7, lr}
 2095              	.LCFI11:
 2096              		.cfi_def_cfa_offset 40
 2097              		.cfi_offset 8, -40
 2098              		.cfi_offset 9, -36
 2099              		.cfi_offset 10, -32
 2100              		.cfi_offset 11, -28
 2101 000c 0500     		movs	r5, r0
1638:Drivers/STM32G0xx_HAL_Driver/Src/stm32g0xx_hal_pcd.c ****   uint16_t count;
 2102              		.loc 1 1638 3 is_stmt 1 view .LVU613
1639:Drivers/STM32G0xx_HAL_Driver/Src/stm32g0xx_hal_pcd.c ****   uint16_t wIstr;
 2103              		.loc 1 1639 3 view .LVU614
1640:Drivers/STM32G0xx_HAL_Driver/Src/stm32g0xx_hal_pcd.c ****   uint16_t wEPVal;
 2104              		.loc 1 1640 3 view .LVU615
1641:Drivers/STM32G0xx_HAL_Driver/Src/stm32g0xx_hal_pcd.c ****   uint16_t TxPctSize;
ARM GAS  C:\Users\Domagoj\AppData\Local\Temp\cc6jMbW9.s 			page 95


 2105              		.loc 1 1641 3 view .LVU616
1642:Drivers/STM32G0xx_HAL_Driver/Src/stm32g0xx_hal_pcd.c ****   uint8_t epindex;
 2106              		.loc 1 1642 3 view .LVU617
1643:Drivers/STM32G0xx_HAL_Driver/Src/stm32g0xx_hal_pcd.c **** 
 2107              		.loc 1 1643 3 view .LVU618
1650:Drivers/STM32G0xx_HAL_Driver/Src/stm32g0xx_hal_pcd.c ****   {
 2108              		.loc 1 1650 3 view .LVU619
1650:Drivers/STM32G0xx_HAL_Driver/Src/stm32g0xx_hal_pcd.c ****   {
 2109              		.loc 1 1650 9 is_stmt 0 view .LVU620
 2110 000e 47E0     		b	.L125
 2111              	.LVL162:
 2112              	.L156:
1673:Drivers/STM32G0xx_HAL_Driver/Src/stm32g0xx_hal_pcd.c ****         ep = &hpcd->IN_ep[0];
 2113              		.loc 1 1673 9 is_stmt 1 view .LVU621
 2114              	.LBB21:
1673:Drivers/STM32G0xx_HAL_Driver/Src/stm32g0xx_hal_pcd.c ****         ep = &hpcd->IN_ep[0];
 2115              		.loc 1 1673 9 view .LVU622
1673:Drivers/STM32G0xx_HAL_Driver/Src/stm32g0xx_hal_pcd.c ****         ep = &hpcd->IN_ep[0];
 2116              		.loc 1 1673 9 view .LVU623
 2117 0010 0268     		ldr	r2, [r0]
 2118 0012 DA4B     		ldr	r3, .L163
 2119 0014 1A40     		ands	r2, r3
 2120              	.LVL163:
1673:Drivers/STM32G0xx_HAL_Driver/Src/stm32g0xx_hal_pcd.c ****         ep = &hpcd->IN_ep[0];
 2121              		.loc 1 1673 9 view .LVU624
 2122 0016 8023     		movs	r3, #128
 2123 0018 1B02     		lsls	r3, r3, #8
 2124 001a 1343     		orrs	r3, r2
 2125 001c 0360     		str	r3, [r0]
 2126              	.LBE21:
1673:Drivers/STM32G0xx_HAL_Driver/Src/stm32g0xx_hal_pcd.c ****         ep = &hpcd->IN_ep[0];
 2127              		.loc 1 1673 9 view .LVU625
1674:Drivers/STM32G0xx_HAL_Driver/Src/stm32g0xx_hal_pcd.c **** 
 2128              		.loc 1 1674 9 view .LVU626
 2129              	.LVL164:
1676:Drivers/STM32G0xx_HAL_Driver/Src/stm32g0xx_hal_pcd.c ****         ep->xfer_buff += ep->xfer_count;
 2130              		.loc 1 1676 9 view .LVU627
1676:Drivers/STM32G0xx_HAL_Driver/Src/stm32g0xx_hal_pcd.c ****         ep->xfer_buff += ep->xfer_count;
 2131              		.loc 1 1676 26 is_stmt 0 view .LVU628
 2132 001e 2B7D     		ldrb	r3, [r5, #20]
 2133 0020 DB00     		lsls	r3, r3, #3
 2134 0022 D74A     		ldr	r2, .L163+4
 2135              	.LVL165:
1676:Drivers/STM32G0xx_HAL_Driver/Src/stm32g0xx_hal_pcd.c ****         ep->xfer_buff += ep->xfer_count;
 2136              		.loc 1 1676 26 view .LVU629
 2137 0024 9446     		mov	ip, r2
 2138 0026 6344     		add	r3, r3, ip
 2139 0028 1B68     		ldr	r3, [r3]
 2140 002a 1B0C     		lsrs	r3, r3, #16
 2141 002c 9B05     		lsls	r3, r3, #22
 2142 002e 9B0D     		lsrs	r3, r3, #22
1676:Drivers/STM32G0xx_HAL_Driver/Src/stm32g0xx_hal_pcd.c ****         ep->xfer_buff += ep->xfer_count;
 2143              		.loc 1 1676 24 view .LVU630
 2144 0030 2B63     		str	r3, [r5, #48]
1677:Drivers/STM32G0xx_HAL_Driver/Src/stm32g0xx_hal_pcd.c **** 
 2145              		.loc 1 1677 9 is_stmt 1 view .LVU631
1677:Drivers/STM32G0xx_HAL_Driver/Src/stm32g0xx_hal_pcd.c **** 
ARM GAS  C:\Users\Domagoj\AppData\Local\Temp\cc6jMbW9.s 			page 96


 2146              		.loc 1 1677 11 is_stmt 0 view .LVU632
 2147 0032 AA6A     		ldr	r2, [r5, #40]
1677:Drivers/STM32G0xx_HAL_Driver/Src/stm32g0xx_hal_pcd.c **** 
 2148              		.loc 1 1677 23 view .LVU633
 2149 0034 D318     		adds	r3, r2, r3
 2150 0036 AB62     		str	r3, [r5, #40]
1683:Drivers/STM32G0xx_HAL_Driver/Src/stm32g0xx_hal_pcd.c **** #endif /* USE_HAL_PCD_REGISTER_CALLBACKS */
 2151              		.loc 1 1683 9 is_stmt 1 view .LVU634
 2152 0038 0021     		movs	r1, #0
 2153 003a 2800     		movs	r0, r5
 2154 003c FFF7FEFF 		bl	HAL_PCD_DataInStageCallback
 2155              	.LVL166:
1686:Drivers/STM32G0xx_HAL_Driver/Src/stm32g0xx_hal_pcd.c ****         {
 2156              		.loc 1 1686 9 view .LVU635
1686:Drivers/STM32G0xx_HAL_Driver/Src/stm32g0xx_hal_pcd.c ****         {
 2157              		.loc 1 1686 18 is_stmt 0 view .LVU636
 2158 0040 6B7C     		ldrb	r3, [r5, #17]
1686:Drivers/STM32G0xx_HAL_Driver/Src/stm32g0xx_hal_pcd.c ****         {
 2159              		.loc 1 1686 12 view .LVU637
 2160 0042 002B     		cmp	r3, #0
 2161 0044 2CD0     		beq	.L125
1686:Drivers/STM32G0xx_HAL_Driver/Src/stm32g0xx_hal_pcd.c ****         {
 2162              		.loc 1 1686 44 discriminator 1 view .LVU638
 2163 0046 EB6A     		ldr	r3, [r5, #44]
1686:Drivers/STM32G0xx_HAL_Driver/Src/stm32g0xx_hal_pcd.c ****         {
 2164              		.loc 1 1686 38 discriminator 1 view .LVU639
 2165 0048 002B     		cmp	r3, #0
 2166 004a 29D1     		bne	.L125
1688:Drivers/STM32G0xx_HAL_Driver/Src/stm32g0xx_hal_pcd.c ****           hpcd->USB_Address = 0U;
 2167              		.loc 1 1688 11 is_stmt 1 view .LVU640
1688:Drivers/STM32G0xx_HAL_Driver/Src/stm32g0xx_hal_pcd.c ****           hpcd->USB_Address = 0U;
 2168              		.loc 1 1688 50 is_stmt 0 view .LVU641
 2169 004c 6B7C     		ldrb	r3, [r5, #17]
1688:Drivers/STM32G0xx_HAL_Driver/Src/stm32g0xx_hal_pcd.c ****           hpcd->USB_Address = 0U;
 2170              		.loc 1 1688 15 view .LVU642
 2171 004e 2A68     		ldr	r2, [r5]
1688:Drivers/STM32G0xx_HAL_Driver/Src/stm32g0xx_hal_pcd.c ****           hpcd->USB_Address = 0U;
 2172              		.loc 1 1688 64 view .LVU643
 2173 0050 8021     		movs	r1, #128
 2174 0052 4942     		rsbs	r1, r1, #0
 2175 0054 0B43     		orrs	r3, r1
 2176 0056 DBB2     		uxtb	r3, r3
1688:Drivers/STM32G0xx_HAL_Driver/Src/stm32g0xx_hal_pcd.c ****           hpcd->USB_Address = 0U;
 2177              		.loc 1 1688 33 view .LVU644
 2178 0058 D364     		str	r3, [r2, #76]
1689:Drivers/STM32G0xx_HAL_Driver/Src/stm32g0xx_hal_pcd.c ****         }
 2179              		.loc 1 1689 11 is_stmt 1 view .LVU645
1689:Drivers/STM32G0xx_HAL_Driver/Src/stm32g0xx_hal_pcd.c ****         }
 2180              		.loc 1 1689 29 is_stmt 0 view .LVU646
 2181 005a 0023     		movs	r3, #0
 2182 005c 6B74     		strb	r3, [r5, #17]
 2183 005e 1FE0     		b	.L125
 2184              	.LVL167:
 2185              	.L157:
1704:Drivers/STM32G0xx_HAL_Driver/Src/stm32g0xx_hal_pcd.c **** 
 2186              		.loc 1 1704 11 is_stmt 1 view .LVU647
1704:Drivers/STM32G0xx_HAL_Driver/Src/stm32g0xx_hal_pcd.c **** 
ARM GAS  C:\Users\Domagoj\AppData\Local\Temp\cc6jMbW9.s 			page 97


 2187              		.loc 1 1704 64 is_stmt 0 view .LVU648
 2188 0060 AA23     		movs	r3, #170
 2189              	.LVL168:
1704:Drivers/STM32G0xx_HAL_Driver/Src/stm32g0xx_hal_pcd.c **** 
 2190              		.loc 1 1704 64 view .LVU649
 2191 0062 5B00     		lsls	r3, r3, #1
 2192 0064 E95C     		ldrb	r1, [r5, r3]
1704:Drivers/STM32G0xx_HAL_Driver/Src/stm32g0xx_hal_pcd.c **** 
 2193              		.loc 1 1704 28 view .LVU650
 2194 0066 FFF7FEFF 		bl	PCD_GET_EP_RX_CNT
 2195              	.LVL169:
 2196 006a 0300     		movs	r3, r0
1704:Drivers/STM32G0xx_HAL_Driver/Src/stm32g0xx_hal_pcd.c **** 
 2197              		.loc 1 1704 26 discriminator 1 view .LVU651
 2198 006c 2A00     		movs	r2, r5
 2199 006e 5532     		adds	r2, r2, #85
 2200 0070 FF32     		adds	r2, r2, #255
 2201 0072 D061     		str	r0, [r2, #28]
1706:Drivers/STM32G0xx_HAL_Driver/Src/stm32g0xx_hal_pcd.c ****           {
 2202              		.loc 1 1706 11 is_stmt 1 view .LVU652
1706:Drivers/STM32G0xx_HAL_Driver/Src/stm32g0xx_hal_pcd.c ****           {
 2203              		.loc 1 1706 14 is_stmt 0 view .LVU653
 2204 0074 0828     		cmp	r0, #8
 2205 0076 45D1     		bne	.L154
1718:Drivers/STM32G0xx_HAL_Driver/Src/stm32g0xx_hal_pcd.c ****                       ep->pmaadress, (uint16_t)ep->xfer_count);
 2206              		.loc 1 1718 11 is_stmt 1 view .LVU654
1718:Drivers/STM32G0xx_HAL_Driver/Src/stm32g0xx_hal_pcd.c ****                       ep->pmaadress, (uint16_t)ep->xfer_count);
 2207              		.loc 1 1718 27 is_stmt 0 view .LVU655
 2208 0078 2868     		ldr	r0, [r5]
1718:Drivers/STM32G0xx_HAL_Driver/Src/stm32g0xx_hal_pcd.c ****                       ep->pmaadress, (uint16_t)ep->xfer_count);
 2209              		.loc 1 1718 50 view .LVU656
 2210 007a A722     		movs	r2, #167
 2211 007c 9200     		lsls	r2, r2, #2
 2212 007e A918     		adds	r1, r5, r2
1718:Drivers/STM32G0xx_HAL_Driver/Src/stm32g0xx_hal_pcd.c ****                       ep->pmaadress, (uint16_t)ep->xfer_count);
 2213              		.loc 1 1718 11 view .LVU657
 2214 0080 2A00     		movs	r2, r5
 2215 0082 5532     		adds	r2, r2, #85
 2216 0084 FF32     		adds	r2, r2, #255
 2217 0086 D288     		ldrh	r2, [r2, #6]
 2218 0088 FFF7FEFF 		bl	USB_ReadPMA
 2219              	.LVL170:
1722:Drivers/STM32G0xx_HAL_Driver/Src/stm32g0xx_hal_pcd.c **** 
 2220              		.loc 1 1722 11 is_stmt 1 view .LVU658
 2221              	.LBB22:
1722:Drivers/STM32G0xx_HAL_Driver/Src/stm32g0xx_hal_pcd.c **** 
 2222              		.loc 1 1722 11 view .LVU659
1722:Drivers/STM32G0xx_HAL_Driver/Src/stm32g0xx_hal_pcd.c **** 
 2223              		.loc 1 1722 11 view .LVU660
 2224 008c 2A68     		ldr	r2, [r5]
 2225 008e 1368     		ldr	r3, [r2]
 2226 0090 BC49     		ldr	r1, .L163+8
 2227 0092 0B40     		ands	r3, r1
 2228              	.LVL171:
1722:Drivers/STM32G0xx_HAL_Driver/Src/stm32g0xx_hal_pcd.c **** 
 2229              		.loc 1 1722 11 view .LVU661
 2230 0094 8021     		movs	r1, #128
ARM GAS  C:\Users\Domagoj\AppData\Local\Temp\cc6jMbW9.s 			page 98


 2231 0096 0B43     		orrs	r3, r1
 2232              	.LVL172:
1722:Drivers/STM32G0xx_HAL_Driver/Src/stm32g0xx_hal_pcd.c **** 
 2233              		.loc 1 1722 11 is_stmt 0 view .LVU662
 2234 0098 1360     		str	r3, [r2]
 2235              	.LBE22:
1722:Drivers/STM32G0xx_HAL_Driver/Src/stm32g0xx_hal_pcd.c **** 
 2236              		.loc 1 1722 11 is_stmt 1 view .LVU663
1728:Drivers/STM32G0xx_HAL_Driver/Src/stm32g0xx_hal_pcd.c **** #endif /* USE_HAL_PCD_REGISTER_CALLBACKS */
 2237              		.loc 1 1728 11 view .LVU664
 2238 009a 2800     		movs	r0, r5
 2239 009c FFF7FEFF 		bl	HAL_PCD_SetupStageCallback
 2240              	.LVL173:
 2241              	.L125:
1650:Drivers/STM32G0xx_HAL_Driver/Src/stm32g0xx_hal_pcd.c ****   {
 2242              		.loc 1 1650 48 view .LVU665
1650:Drivers/STM32G0xx_HAL_Driver/Src/stm32g0xx_hal_pcd.c ****   {
 2243              		.loc 1 1650 15 is_stmt 0 view .LVU666
 2244 00a0 2868     		ldr	r0, [r5]
1650:Drivers/STM32G0xx_HAL_Driver/Src/stm32g0xx_hal_pcd.c ****   {
 2245              		.loc 1 1650 25 view .LVU667
 2246 00a2 436C     		ldr	r3, [r0, #68]
1650:Drivers/STM32G0xx_HAL_Driver/Src/stm32g0xx_hal_pcd.c ****   {
 2247              		.loc 1 1650 48 view .LVU668
 2248 00a4 1B04     		lsls	r3, r3, #16
 2249 00a6 00D4     		bmi	.LCB2109
 2250 00a8 1AE2     		b	.L155	@long jump
 2251              	.LCB2109:
1652:Drivers/STM32G0xx_HAL_Driver/Src/stm32g0xx_hal_pcd.c **** 
 2252              		.loc 1 1652 5 is_stmt 1 view .LVU669
1652:Drivers/STM32G0xx_HAL_Driver/Src/stm32g0xx_hal_pcd.c **** 
 2253              		.loc 1 1652 37 is_stmt 0 view .LVU670
 2254 00aa 436C     		ldr	r3, [r0, #68]
 2255              	.LVL174:
1655:Drivers/STM32G0xx_HAL_Driver/Src/stm32g0xx_hal_pcd.c **** 
 2256              		.loc 1 1655 5 is_stmt 1 view .LVU671
1655:Drivers/STM32G0xx_HAL_Driver/Src/stm32g0xx_hal_pcd.c **** 
 2257              		.loc 1 1655 13 is_stmt 0 view .LVU672
 2258 00ac 0F24     		movs	r4, #15
 2259 00ae 1C40     		ands	r4, r3
 2260              	.LVL175:
1657:Drivers/STM32G0xx_HAL_Driver/Src/stm32g0xx_hal_pcd.c ****     {
 2261              		.loc 1 1657 5 is_stmt 1 view .LVU673
1657:Drivers/STM32G0xx_HAL_Driver/Src/stm32g0xx_hal_pcd.c ****     {
 2262              		.loc 1 1657 8 is_stmt 0 view .LVU674
 2263 00b0 1A07     		lsls	r2, r3, #28
 2264 00b2 00D5     		bpl	.LCB2124
 2265 00b4 1CE2     		b	.L150	@long jump
 2266              	.LCB2124:
1662:Drivers/STM32G0xx_HAL_Driver/Src/stm32g0xx_hal_pcd.c ****     {
 2267              		.loc 1 1662 5 is_stmt 1 view .LVU675
1662:Drivers/STM32G0xx_HAL_Driver/Src/stm32g0xx_hal_pcd.c ****     {
 2268              		.loc 1 1662 8 is_stmt 0 view .LVU676
 2269 00b6 002C     		cmp	r4, #0
 2270 00b8 52D1     		bne	.L127
1667:Drivers/STM32G0xx_HAL_Driver/Src/stm32g0xx_hal_pcd.c ****       {
 2271              		.loc 1 1667 7 is_stmt 1 view .LVU677
ARM GAS  C:\Users\Domagoj\AppData\Local\Temp\cc6jMbW9.s 			page 99


1667:Drivers/STM32G0xx_HAL_Driver/Src/stm32g0xx_hal_pcd.c ****       {
 2272              		.loc 1 1667 10 is_stmt 0 view .LVU678
 2273 00ba DB06     		lsls	r3, r3, #27
 2274 00bc A8D5     		bpl	.L156
 2275              	.LVL176:
1698:Drivers/STM32G0xx_HAL_Driver/Src/stm32g0xx_hal_pcd.c ****         wEPVal = (uint16_t)PCD_GET_ENDPOINT(hpcd->Instance, PCD_ENDP0);
 2276              		.loc 1 1698 9 is_stmt 1 view .LVU679
1699:Drivers/STM32G0xx_HAL_Driver/Src/stm32g0xx_hal_pcd.c **** 
 2277              		.loc 1 1699 9 view .LVU680
1699:Drivers/STM32G0xx_HAL_Driver/Src/stm32g0xx_hal_pcd.c **** 
 2278              		.loc 1 1699 28 is_stmt 0 view .LVU681
 2279 00be 0368     		ldr	r3, [r0]
 2280              	.LVL177:
1701:Drivers/STM32G0xx_HAL_Driver/Src/stm32g0xx_hal_pcd.c ****         {
 2281              		.loc 1 1701 9 is_stmt 1 view .LVU682
1701:Drivers/STM32G0xx_HAL_Driver/Src/stm32g0xx_hal_pcd.c ****         {
 2282              		.loc 1 1701 12 is_stmt 0 view .LVU683
 2283 00c0 1A05     		lsls	r2, r3, #20
 2284 00c2 CDD4     		bmi	.L157
1731:Drivers/STM32G0xx_HAL_Driver/Src/stm32g0xx_hal_pcd.c ****         {
 2285              		.loc 1 1731 14 is_stmt 1 view .LVU684
1731:Drivers/STM32G0xx_HAL_Driver/Src/stm32g0xx_hal_pcd.c ****         {
 2286              		.loc 1 1731 17 is_stmt 0 view .LVU685
 2287 00c4 1B04     		lsls	r3, r3, #16
 2288 00c6 EBD5     		bpl	.L125
 2289              	.LVL178:
1733:Drivers/STM32G0xx_HAL_Driver/Src/stm32g0xx_hal_pcd.c **** 
 2290              		.loc 1 1733 11 is_stmt 1 view .LVU686
 2291              	.LBB23:
1733:Drivers/STM32G0xx_HAL_Driver/Src/stm32g0xx_hal_pcd.c **** 
 2292              		.loc 1 1733 11 view .LVU687
1733:Drivers/STM32G0xx_HAL_Driver/Src/stm32g0xx_hal_pcd.c **** 
 2293              		.loc 1 1733 11 view .LVU688
 2294 00c8 0368     		ldr	r3, [r0]
 2295 00ca AE4A     		ldr	r2, .L163+8
 2296 00cc 1340     		ands	r3, r2
 2297              	.LVL179:
1733:Drivers/STM32G0xx_HAL_Driver/Src/stm32g0xx_hal_pcd.c **** 
 2298              		.loc 1 1733 11 view .LVU689
 2299 00ce 8022     		movs	r2, #128
 2300 00d0 1343     		orrs	r3, r2
 2301              	.LVL180:
1733:Drivers/STM32G0xx_HAL_Driver/Src/stm32g0xx_hal_pcd.c **** 
 2302              		.loc 1 1733 11 is_stmt 0 view .LVU690
 2303 00d2 0360     		str	r3, [r0]
 2304              	.LBE23:
1733:Drivers/STM32G0xx_HAL_Driver/Src/stm32g0xx_hal_pcd.c **** 
 2305              		.loc 1 1733 11 is_stmt 1 view .LVU691
1736:Drivers/STM32G0xx_HAL_Driver/Src/stm32g0xx_hal_pcd.c **** 
 2306              		.loc 1 1736 11 view .LVU692
1736:Drivers/STM32G0xx_HAL_Driver/Src/stm32g0xx_hal_pcd.c **** 
 2307              		.loc 1 1736 50 is_stmt 0 view .LVU693
 2308 00d4 2868     		ldr	r0, [r5]
1736:Drivers/STM32G0xx_HAL_Driver/Src/stm32g0xx_hal_pcd.c **** 
 2309              		.loc 1 1736 64 view .LVU694
 2310 00d6 AA23     		movs	r3, #170
 2311 00d8 5B00     		lsls	r3, r3, #1
ARM GAS  C:\Users\Domagoj\AppData\Local\Temp\cc6jMbW9.s 			page 100


 2312 00da E95C     		ldrb	r1, [r5, r3]
1736:Drivers/STM32G0xx_HAL_Driver/Src/stm32g0xx_hal_pcd.c **** 
 2313              		.loc 1 1736 28 view .LVU695
 2314 00dc FFF7FEFF 		bl	PCD_GET_EP_RX_CNT
 2315              	.LVL181:
 2316 00e0 0300     		movs	r3, r0
1736:Drivers/STM32G0xx_HAL_Driver/Src/stm32g0xx_hal_pcd.c **** 
 2317              		.loc 1 1736 26 discriminator 1 view .LVU696
 2318 00e2 2A00     		movs	r2, r5
 2319 00e4 5532     		adds	r2, r2, #85
 2320 00e6 FF32     		adds	r2, r2, #255
 2321 00e8 D061     		str	r0, [r2, #28]
1738:Drivers/STM32G0xx_HAL_Driver/Src/stm32g0xx_hal_pcd.c ****           {
 2322              		.loc 1 1738 11 is_stmt 1 view .LVU697
1738:Drivers/STM32G0xx_HAL_Driver/Src/stm32g0xx_hal_pcd.c ****           {
 2323              		.loc 1 1738 14 is_stmt 0 view .LVU698
 2324 00ea 0028     		cmp	r0, #0
 2325 00ec 24D1     		bne	.L132
1741:Drivers/STM32G0xx_HAL_Driver/Src/stm32g0xx_hal_pcd.c ****           }
 2326              		.loc 1 1741 13 is_stmt 1 view .LVU699
 2327              	.LBB24:
1741:Drivers/STM32G0xx_HAL_Driver/Src/stm32g0xx_hal_pcd.c ****           }
 2328              		.loc 1 1741 13 view .LVU700
1741:Drivers/STM32G0xx_HAL_Driver/Src/stm32g0xx_hal_pcd.c ****           }
 2329              		.loc 1 1741 13 view .LVU701
 2330 00ee 2968     		ldr	r1, [r5]
 2331 00f0 0B68     		ldr	r3, [r1]
 2332 00f2 A54A     		ldr	r2, .L163+12
 2333 00f4 1340     		ands	r3, r2
 2334              	.LVL182:
1741:Drivers/STM32G0xx_HAL_Driver/Src/stm32g0xx_hal_pcd.c ****           }
 2335              		.loc 1 1741 13 view .LVU702
1741:Drivers/STM32G0xx_HAL_Driver/Src/stm32g0xx_hal_pcd.c ****           }
 2336              		.loc 1 1741 13 discriminator 1 view .LVU703
1741:Drivers/STM32G0xx_HAL_Driver/Src/stm32g0xx_hal_pcd.c ****           }
 2337              		.loc 1 1741 13 discriminator 3 view .LVU704
1741:Drivers/STM32G0xx_HAL_Driver/Src/stm32g0xx_hal_pcd.c ****           }
 2338              		.loc 1 1741 13 discriminator 4 view .LVU705
 2339 00f6 C022     		movs	r2, #192
 2340 00f8 9201     		lsls	r2, r2, #6
 2341 00fa 5A40     		eors	r2, r3
 2342              	.LVL183:
1741:Drivers/STM32G0xx_HAL_Driver/Src/stm32g0xx_hal_pcd.c ****           }
 2343              		.loc 1 1741 13 discriminator 6 view .LVU706
 2344 00fc A34B     		ldr	r3, .L163+16
 2345 00fe 1343     		orrs	r3, r2
 2346 0100 0B60     		str	r3, [r1]
 2347              	.LBE24:
1741:Drivers/STM32G0xx_HAL_Driver/Src/stm32g0xx_hal_pcd.c ****           }
 2348              		.loc 1 1741 13 view .LVU707
 2349 0102 CDE7     		b	.L125
 2350              	.LVL184:
 2351              	.L154:
1709:Drivers/STM32G0xx_HAL_Driver/Src/stm32g0xx_hal_pcd.c ****             PCD_SET_EP_TX_STATUS(hpcd->Instance, PCD_ENDP0, USB_EP_TX_STALL);
 2352              		.loc 1 1709 13 view .LVU708
 2353              	.LBB25:
1709:Drivers/STM32G0xx_HAL_Driver/Src/stm32g0xx_hal_pcd.c ****             PCD_SET_EP_TX_STATUS(hpcd->Instance, PCD_ENDP0, USB_EP_TX_STALL);
ARM GAS  C:\Users\Domagoj\AppData\Local\Temp\cc6jMbW9.s 			page 101


 2354              		.loc 1 1709 13 view .LVU709
1709:Drivers/STM32G0xx_HAL_Driver/Src/stm32g0xx_hal_pcd.c ****             PCD_SET_EP_TX_STATUS(hpcd->Instance, PCD_ENDP0, USB_EP_TX_STALL);
 2355              		.loc 1 1709 13 view .LVU710
 2356 0104 2968     		ldr	r1, [r5]
 2357 0106 0A68     		ldr	r2, [r1]
 2358 0108 9F4B     		ldr	r3, .L163+12
 2359 010a 1A40     		ands	r2, r3
 2360              	.LVL185:
1709:Drivers/STM32G0xx_HAL_Driver/Src/stm32g0xx_hal_pcd.c ****             PCD_SET_EP_TX_STATUS(hpcd->Instance, PCD_ENDP0, USB_EP_TX_STALL);
 2361              		.loc 1 1709 13 view .LVU711
1709:Drivers/STM32G0xx_HAL_Driver/Src/stm32g0xx_hal_pcd.c ****             PCD_SET_EP_TX_STATUS(hpcd->Instance, PCD_ENDP0, USB_EP_TX_STALL);
 2362              		.loc 1 1709 13 discriminator 1 view .LVU712
 2363 010c 8023     		movs	r3, #128
 2364 010e 5B01     		lsls	r3, r3, #5
 2365 0110 5340     		eors	r3, r2
 2366              	.LVL186:
1709:Drivers/STM32G0xx_HAL_Driver/Src/stm32g0xx_hal_pcd.c ****             PCD_SET_EP_TX_STATUS(hpcd->Instance, PCD_ENDP0, USB_EP_TX_STALL);
 2367              		.loc 1 1709 13 discriminator 3 view .LVU713
1709:Drivers/STM32G0xx_HAL_Driver/Src/stm32g0xx_hal_pcd.c ****             PCD_SET_EP_TX_STATUS(hpcd->Instance, PCD_ENDP0, USB_EP_TX_STALL);
 2368              		.loc 1 1709 13 discriminator 6 view .LVU714
 2369 0112 9E4A     		ldr	r2, .L163+16
 2370 0114 1343     		orrs	r3, r2
 2371              	.LVL187:
1709:Drivers/STM32G0xx_HAL_Driver/Src/stm32g0xx_hal_pcd.c ****             PCD_SET_EP_TX_STATUS(hpcd->Instance, PCD_ENDP0, USB_EP_TX_STALL);
 2372              		.loc 1 1709 13 is_stmt 0 discriminator 6 view .LVU715
 2373 0116 0B60     		str	r3, [r1]
 2374              	.LBE25:
1709:Drivers/STM32G0xx_HAL_Driver/Src/stm32g0xx_hal_pcd.c ****             PCD_SET_EP_TX_STATUS(hpcd->Instance, PCD_ENDP0, USB_EP_TX_STALL);
 2375              		.loc 1 1709 13 is_stmt 1 view .LVU716
1710:Drivers/STM32G0xx_HAL_Driver/Src/stm32g0xx_hal_pcd.c **** 
 2376              		.loc 1 1710 13 view .LVU717
 2377              	.LBB26:
1710:Drivers/STM32G0xx_HAL_Driver/Src/stm32g0xx_hal_pcd.c **** 
 2378              		.loc 1 1710 13 view .LVU718
1710:Drivers/STM32G0xx_HAL_Driver/Src/stm32g0xx_hal_pcd.c **** 
 2379              		.loc 1 1710 13 view .LVU719
 2380 0118 2968     		ldr	r1, [r5]
 2381 011a 0B68     		ldr	r3, [r1]
 2382 011c 9C48     		ldr	r0, .L163+20
 2383 011e 0340     		ands	r3, r0
 2384              	.LVL188:
1710:Drivers/STM32G0xx_HAL_Driver/Src/stm32g0xx_hal_pcd.c **** 
 2385              		.loc 1 1710 13 view .LVU720
1710:Drivers/STM32G0xx_HAL_Driver/Src/stm32g0xx_hal_pcd.c **** 
 2386              		.loc 1 1710 13 discriminator 1 view .LVU721
 2387 0120 1020     		movs	r0, #16
 2388 0122 4340     		eors	r3, r0
 2389              	.LVL189:
1710:Drivers/STM32G0xx_HAL_Driver/Src/stm32g0xx_hal_pcd.c **** 
 2390              		.loc 1 1710 13 discriminator 3 view .LVU722
1710:Drivers/STM32G0xx_HAL_Driver/Src/stm32g0xx_hal_pcd.c **** 
 2391              		.loc 1 1710 13 discriminator 6 view .LVU723
 2392 0124 1A43     		orrs	r2, r3
 2393 0126 0A60     		str	r2, [r1]
 2394              	.LBE26:
1710:Drivers/STM32G0xx_HAL_Driver/Src/stm32g0xx_hal_pcd.c **** 
 2395              		.loc 1 1710 13 view .LVU724
ARM GAS  C:\Users\Domagoj\AppData\Local\Temp\cc6jMbW9.s 			page 102


1713:Drivers/STM32G0xx_HAL_Driver/Src/stm32g0xx_hal_pcd.c **** 
 2396              		.loc 1 1713 13 view .LVU725
 2397              	.LBB27:
1713:Drivers/STM32G0xx_HAL_Driver/Src/stm32g0xx_hal_pcd.c **** 
 2398              		.loc 1 1713 13 view .LVU726
1713:Drivers/STM32G0xx_HAL_Driver/Src/stm32g0xx_hal_pcd.c **** 
 2399              		.loc 1 1713 13 view .LVU727
 2400 0128 2A68     		ldr	r2, [r5]
 2401 012a 1368     		ldr	r3, [r2]
 2402              	.LVL190:
1713:Drivers/STM32G0xx_HAL_Driver/Src/stm32g0xx_hal_pcd.c **** 
 2403              		.loc 1 1713 13 is_stmt 0 view .LVU728
 2404 012c 9549     		ldr	r1, .L163+8
 2405 012e 0B40     		ands	r3, r1
 2406              	.LVL191:
1713:Drivers/STM32G0xx_HAL_Driver/Src/stm32g0xx_hal_pcd.c **** 
 2407              		.loc 1 1713 13 is_stmt 1 view .LVU729
 2408 0130 8021     		movs	r1, #128
1713:Drivers/STM32G0xx_HAL_Driver/Src/stm32g0xx_hal_pcd.c **** 
 2409              		.loc 1 1713 13 is_stmt 0 view .LVU730
 2410 0132 0B43     		orrs	r3, r1
 2411              	.LVL192:
1713:Drivers/STM32G0xx_HAL_Driver/Src/stm32g0xx_hal_pcd.c **** 
 2412              		.loc 1 1713 13 view .LVU731
 2413 0134 1360     		str	r3, [r2]
 2414              	.LBE27:
1713:Drivers/STM32G0xx_HAL_Driver/Src/stm32g0xx_hal_pcd.c **** 
 2415              		.loc 1 1713 13 is_stmt 1 view .LVU732
1715:Drivers/STM32G0xx_HAL_Driver/Src/stm32g0xx_hal_pcd.c ****           }
 2416              		.loc 1 1715 13 view .LVU733
1715:Drivers/STM32G0xx_HAL_Driver/Src/stm32g0xx_hal_pcd.c ****           }
 2417              		.loc 1 1715 20 is_stmt 0 view .LVU734
 2418 0136 D4E1     		b	.L126
 2419              	.LVL193:
 2420              	.L132:
1745:Drivers/STM32G0xx_HAL_Driver/Src/stm32g0xx_hal_pcd.c ****             {
 2421              		.loc 1 1745 13 is_stmt 1 view .LVU735
1745:Drivers/STM32G0xx_HAL_Driver/Src/stm32g0xx_hal_pcd.c ****             {
 2422              		.loc 1 1745 19 is_stmt 0 view .LVU736
 2423 0138 2A00     		movs	r2, r5
 2424 013a 5532     		adds	r2, r2, #85
 2425 013c FF32     		adds	r2, r2, #255
 2426 013e 5169     		ldr	r1, [r2, #20]
1745:Drivers/STM32G0xx_HAL_Driver/Src/stm32g0xx_hal_pcd.c ****             {
 2427              		.loc 1 1745 16 view .LVU737
 2428 0140 0029     		cmp	r1, #0
 2429 0142 ADD0     		beq	.L125
1747:Drivers/STM32G0xx_HAL_Driver/Src/stm32g0xx_hal_pcd.c ****                           ep->pmaadress, (uint16_t)ep->xfer_count);  /* max 64bytes */
 2430              		.loc 1 1747 15 is_stmt 1 view .LVU738
1747:Drivers/STM32G0xx_HAL_Driver/Src/stm32g0xx_hal_pcd.c ****                           ep->pmaadress, (uint16_t)ep->xfer_count);  /* max 64bytes */
 2431              		.loc 1 1747 31 is_stmt 0 view .LVU739
 2432 0144 2868     		ldr	r0, [r5]
1747:Drivers/STM32G0xx_HAL_Driver/Src/stm32g0xx_hal_pcd.c ****                           ep->pmaadress, (uint16_t)ep->xfer_count);  /* max 64bytes */
 2433              		.loc 1 1747 15 view .LVU740
 2434 0146 1400     		movs	r4, r2
 2435              	.LVL194:
1747:Drivers/STM32G0xx_HAL_Driver/Src/stm32g0xx_hal_pcd.c ****                           ep->pmaadress, (uint16_t)ep->xfer_count);  /* max 64bytes */
ARM GAS  C:\Users\Domagoj\AppData\Local\Temp\cc6jMbW9.s 			page 103


 2436              		.loc 1 1747 15 view .LVU741
 2437 0148 D288     		ldrh	r2, [r2, #6]
 2438 014a FFF7FEFF 		bl	USB_ReadPMA
 2439              	.LVL195:
1750:Drivers/STM32G0xx_HAL_Driver/Src/stm32g0xx_hal_pcd.c **** 
 2440              		.loc 1 1750 15 is_stmt 1 view .LVU742
1750:Drivers/STM32G0xx_HAL_Driver/Src/stm32g0xx_hal_pcd.c **** 
 2441              		.loc 1 1750 17 is_stmt 0 view .LVU743
 2442 014e 6369     		ldr	r3, [r4, #20]
1750:Drivers/STM32G0xx_HAL_Driver/Src/stm32g0xx_hal_pcd.c **** 
 2443              		.loc 1 1750 34 view .LVU744
 2444 0150 E269     		ldr	r2, [r4, #28]
1750:Drivers/STM32G0xx_HAL_Driver/Src/stm32g0xx_hal_pcd.c **** 
 2445              		.loc 1 1750 29 view .LVU745
 2446 0152 9B18     		adds	r3, r3, r2
 2447 0154 6361     		str	r3, [r4, #20]
1756:Drivers/STM32G0xx_HAL_Driver/Src/stm32g0xx_hal_pcd.c **** #endif /* USE_HAL_PCD_REGISTER_CALLBACKS */
 2448              		.loc 1 1756 15 is_stmt 1 view .LVU746
 2449 0156 0021     		movs	r1, #0
 2450 0158 2800     		movs	r0, r5
 2451 015a FFF7FEFF 		bl	HAL_PCD_DataOutStageCallback
 2452              	.LVL196:
 2453 015e 9FE7     		b	.L125
 2454              	.LVL197:
 2455              	.L127:
1767:Drivers/STM32G0xx_HAL_Driver/Src/stm32g0xx_hal_pcd.c **** 
 2456              		.loc 1 1767 7 view .LVU747
1767:Drivers/STM32G0xx_HAL_Driver/Src/stm32g0xx_hal_pcd.c **** 
 2457              		.loc 1 1767 26 is_stmt 0 view .LVU748
 2458 0160 A300     		lsls	r3, r4, #2
 2459              	.LVL198:
1767:Drivers/STM32G0xx_HAL_Driver/Src/stm32g0xx_hal_pcd.c **** 
 2460              		.loc 1 1767 26 view .LVU749
 2461 0162 9946     		mov	r9, r3
 2462 0164 4844     		add	r0, r0, r9
 2463 0166 0668     		ldr	r6, [r0]
1767:Drivers/STM32G0xx_HAL_Driver/Src/stm32g0xx_hal_pcd.c **** 
 2464              		.loc 1 1767 14 view .LVU750
 2465 0168 B3B2     		uxth	r3, r6
 2466 016a 9B46     		mov	fp, r3
 2467              	.LVL199:
1769:Drivers/STM32G0xx_HAL_Driver/Src/stm32g0xx_hal_pcd.c ****       {
 2468              		.loc 1 1769 7 is_stmt 1 view .LVU751
1769:Drivers/STM32G0xx_HAL_Driver/Src/stm32g0xx_hal_pcd.c ****       {
 2469              		.loc 1 1769 10 is_stmt 0 view .LVU752
 2470 016c 3304     		lsls	r3, r6, #16
 2471 016e 47D4     		bmi	.L158
 2472              	.L133:
1841:Drivers/STM32G0xx_HAL_Driver/Src/stm32g0xx_hal_pcd.c ****       {
 2473              		.loc 1 1841 7 is_stmt 1 view .LVU753
1841:Drivers/STM32G0xx_HAL_Driver/Src/stm32g0xx_hal_pcd.c ****       {
 2474              		.loc 1 1841 10 is_stmt 0 view .LVU754
 2475 0170 3306     		lsls	r3, r6, #24
 2476 0172 95D5     		bpl	.L125
1843:Drivers/STM32G0xx_HAL_Driver/Src/stm32g0xx_hal_pcd.c **** 
 2477              		.loc 1 1843 9 is_stmt 1 view .LVU755
1843:Drivers/STM32G0xx_HAL_Driver/Src/stm32g0xx_hal_pcd.c **** 
ARM GAS  C:\Users\Domagoj\AppData\Local\Temp\cc6jMbW9.s 			page 104


 2478              		.loc 1 1843 26 is_stmt 0 view .LVU756
 2479 0174 2200     		movs	r2, r4
1843:Drivers/STM32G0xx_HAL_Driver/Src/stm32g0xx_hal_pcd.c **** 
 2480              		.loc 1 1843 12 view .LVU757
 2481 0176 A300     		lsls	r3, r4, #2
 2482 0178 1919     		adds	r1, r3, r4
 2483 017a C900     		lsls	r1, r1, #3
 2484 017c 1031     		adds	r1, r1, #16
 2485 017e 6918     		adds	r1, r5, r1
 2486 0180 0431     		adds	r1, r1, #4
 2487 0182 8846     		mov	r8, r1
 2488              	.LVL200:
1846:Drivers/STM32G0xx_HAL_Driver/Src/stm32g0xx_hal_pcd.c **** 
 2489              		.loc 1 1846 9 is_stmt 1 view .LVU758
 2490              	.LBB28:
1846:Drivers/STM32G0xx_HAL_Driver/Src/stm32g0xx_hal_pcd.c **** 
 2491              		.loc 1 1846 9 view .LVU759
1846:Drivers/STM32G0xx_HAL_Driver/Src/stm32g0xx_hal_pcd.c **** 
 2492              		.loc 1 1846 9 view .LVU760
 2493 0184 2868     		ldr	r0, [r5]
 2494 0186 4844     		add	r0, r0, r9
 2495 0188 0768     		ldr	r7, [r0]
 2496 018a 7C49     		ldr	r1, .L163
 2497              	.LVL201:
1846:Drivers/STM32G0xx_HAL_Driver/Src/stm32g0xx_hal_pcd.c **** 
 2498              		.loc 1 1846 9 is_stmt 0 view .LVU761
 2499 018c 3940     		ands	r1, r7
1846:Drivers/STM32G0xx_HAL_Driver/Src/stm32g0xx_hal_pcd.c **** 
 2500              		.loc 1 1846 9 is_stmt 1 view .LVU762
 2501 018e 8027     		movs	r7, #128
 2502 0190 3F02     		lsls	r7, r7, #8
 2503 0192 0F43     		orrs	r7, r1
 2504 0194 0760     		str	r7, [r0]
 2505              	.LBE28:
1846:Drivers/STM32G0xx_HAL_Driver/Src/stm32g0xx_hal_pcd.c **** 
 2506              		.loc 1 1846 9 view .LVU763
1848:Drivers/STM32G0xx_HAL_Driver/Src/stm32g0xx_hal_pcd.c ****         {
 2507              		.loc 1 1848 9 view .LVU764
1848:Drivers/STM32G0xx_HAL_Driver/Src/stm32g0xx_hal_pcd.c ****         {
 2508              		.loc 1 1848 15 is_stmt 0 view .LVU765
 2509 0196 1B19     		adds	r3, r3, r4
 2510 0198 DB00     		lsls	r3, r3, #3
 2511 019a EB18     		adds	r3, r5, r3
 2512 019c DB7D     		ldrb	r3, [r3, #23]
1848:Drivers/STM32G0xx_HAL_Driver/Src/stm32g0xx_hal_pcd.c ****         {
 2513              		.loc 1 1848 12 view .LVU766
 2514 019e 012B     		cmp	r3, #1
 2515 01a0 00D1     		bne	.LCB2368
 2516 01a2 FBE0     		b	.L159	@long jump
 2517              	.LCB2368:
1876:Drivers/STM32G0xx_HAL_Driver/Src/stm32g0xx_hal_pcd.c ****           {
 2518              		.loc 1 1876 11 is_stmt 1 view .LVU767
1876:Drivers/STM32G0xx_HAL_Driver/Src/stm32g0xx_hal_pcd.c ****           {
 2519              		.loc 1 1876 14 is_stmt 0 view .LVU768
 2520 01a4 F605     		lsls	r6, r6, #23
 2521 01a6 00D5     		bpl	.LCB2373
 2522 01a8 94E1     		b	.L145	@long jump
ARM GAS  C:\Users\Domagoj\AppData\Local\Temp\cc6jMbW9.s 			page 105


 2523              	.LCB2373:
1879:Drivers/STM32G0xx_HAL_Driver/Src/stm32g0xx_hal_pcd.c **** 
 2524              		.loc 1 1879 13 is_stmt 1 view .LVU769
1879:Drivers/STM32G0xx_HAL_Driver/Src/stm32g0xx_hal_pcd.c **** 
 2525              		.loc 1 1879 35 is_stmt 0 view .LVU770
 2526 01aa A300     		lsls	r3, r4, #2
 2527 01ac 1B19     		adds	r3, r3, r4
 2528 01ae DB00     		lsls	r3, r3, #3
 2529 01b0 EB18     		adds	r3, r5, r3
 2530 01b2 1E7D     		ldrb	r6, [r3, #20]
 2531 01b4 F300     		lsls	r3, r6, #3
 2532 01b6 7249     		ldr	r1, .L163+4
 2533 01b8 8C46     		mov	ip, r1
 2534 01ba 6344     		add	r3, r3, ip
 2535 01bc 1B68     		ldr	r3, [r3]
1879:Drivers/STM32G0xx_HAL_Driver/Src/stm32g0xx_hal_pcd.c **** 
 2536              		.loc 1 1879 25 view .LVU771
 2537 01be 1B0C     		lsrs	r3, r3, #16
1879:Drivers/STM32G0xx_HAL_Driver/Src/stm32g0xx_hal_pcd.c **** 
 2538              		.loc 1 1879 23 view .LVU772
 2539 01c0 9B05     		lsls	r3, r3, #22
 2540 01c2 9B0D     		lsrs	r3, r3, #22
 2541              	.LVL202:
1881:Drivers/STM32G0xx_HAL_Driver/Src/stm32g0xx_hal_pcd.c ****             {
 2542              		.loc 1 1881 13 is_stmt 1 view .LVU773
1881:Drivers/STM32G0xx_HAL_Driver/Src/stm32g0xx_hal_pcd.c ****             {
 2543              		.loc 1 1881 19 is_stmt 0 view .LVU774
 2544 01c4 671C     		adds	r7, r4, #1
 2545 01c6 B800     		lsls	r0, r7, #2
 2546 01c8 C019     		adds	r0, r0, r7
 2547 01ca C000     		lsls	r0, r0, #3
 2548 01cc 2818     		adds	r0, r5, r0
 2549 01ce 4768     		ldr	r7, [r0, #4]
1881:Drivers/STM32G0xx_HAL_Driver/Src/stm32g0xx_hal_pcd.c ****             {
 2550              		.loc 1 1881 16 view .LVU775
 2551 01d0 9F42     		cmp	r7, r3
 2552 01d2 00D8     		bhi	.LCB2398
 2553 01d4 5FE1     		b	.L146	@long jump
 2554              	.LCB2398:
1883:Drivers/STM32G0xx_HAL_Driver/Src/stm32g0xx_hal_pcd.c ****             }
 2555              		.loc 1 1883 15 is_stmt 1 view .LVU776
1883:Drivers/STM32G0xx_HAL_Driver/Src/stm32g0xx_hal_pcd.c ****             }
 2556              		.loc 1 1883 28 is_stmt 0 view .LVU777
 2557 01d6 0134     		adds	r4, r4, #1
 2558              	.LVL203:
1883:Drivers/STM32G0xx_HAL_Driver/Src/stm32g0xx_hal_pcd.c ****             }
 2559              		.loc 1 1883 28 view .LVU778
 2560 01d8 A000     		lsls	r0, r4, #2
 2561 01da 0019     		adds	r0, r0, r4
 2562 01dc C000     		lsls	r0, r0, #3
 2563 01de 2818     		adds	r0, r5, r0
 2564 01e0 FF1A     		subs	r7, r7, r3
 2565 01e2 4760     		str	r7, [r0, #4]
 2566              	.L147:
1891:Drivers/STM32G0xx_HAL_Driver/Src/stm32g0xx_hal_pcd.c ****             {
 2567              		.loc 1 1891 13 is_stmt 1 view .LVU779
1891:Drivers/STM32G0xx_HAL_Driver/Src/stm32g0xx_hal_pcd.c ****             {
ARM GAS  C:\Users\Domagoj\AppData\Local\Temp\cc6jMbW9.s 			page 106


 2568              		.loc 1 1891 19 is_stmt 0 view .LVU780
 2569 01e4 541C     		adds	r4, r2, #1
 2570 01e6 A000     		lsls	r0, r4, #2
 2571 01e8 0019     		adds	r0, r0, r4
 2572 01ea C000     		lsls	r0, r0, #3
 2573 01ec 2818     		adds	r0, r5, r0
 2574 01ee 4068     		ldr	r0, [r0, #4]
1891:Drivers/STM32G0xx_HAL_Driver/Src/stm32g0xx_hal_pcd.c ****             {
 2575              		.loc 1 1891 16 view .LVU781
 2576 01f0 0028     		cmp	r0, #0
 2577 01f2 00D0     		beq	.LCB2418
 2578 01f4 57E1     		b	.L148	@long jump
 2579              	.LCB2418:
1897:Drivers/STM32G0xx_HAL_Driver/Src/stm32g0xx_hal_pcd.c **** #endif /* USE_HAL_PCD_REGISTER_CALLBACKS */
 2580              		.loc 1 1897 15 is_stmt 1 view .LVU782
 2581 01f6 3100     		movs	r1, r6
 2582 01f8 2800     		movs	r0, r5
 2583 01fa FFF7FEFF 		bl	HAL_PCD_DataInStageCallback
 2584              	.LVL204:
1897:Drivers/STM32G0xx_HAL_Driver/Src/stm32g0xx_hal_pcd.c **** #endif /* USE_HAL_PCD_REGISTER_CALLBACKS */
 2585              		.loc 1 1897 15 is_stmt 0 view .LVU783
 2586 01fe 4FE7     		b	.L125
 2587              	.LVL205:
 2588              	.L158:
1772:Drivers/STM32G0xx_HAL_Driver/Src/stm32g0xx_hal_pcd.c ****         ep = &hpcd->OUT_ep[epindex];
 2589              		.loc 1 1772 9 is_stmt 1 view .LVU784
 2590              	.LBB29:
1772:Drivers/STM32G0xx_HAL_Driver/Src/stm32g0xx_hal_pcd.c ****         ep = &hpcd->OUT_ep[epindex];
 2591              		.loc 1 1772 9 view .LVU785
1772:Drivers/STM32G0xx_HAL_Driver/Src/stm32g0xx_hal_pcd.c ****         ep = &hpcd->OUT_ep[epindex];
 2592              		.loc 1 1772 9 view .LVU786
 2593 0200 0368     		ldr	r3, [r0]
 2594 0202 604A     		ldr	r2, .L163+8
 2595 0204 1340     		ands	r3, r2
 2596              	.LVL206:
1772:Drivers/STM32G0xx_HAL_Driver/Src/stm32g0xx_hal_pcd.c ****         ep = &hpcd->OUT_ep[epindex];
 2597              		.loc 1 1772 9 view .LVU787
 2598 0206 8022     		movs	r2, #128
 2599 0208 1343     		orrs	r3, r2
 2600              	.LVL207:
1772:Drivers/STM32G0xx_HAL_Driver/Src/stm32g0xx_hal_pcd.c ****         ep = &hpcd->OUT_ep[epindex];
 2601              		.loc 1 1772 9 is_stmt 0 view .LVU788
 2602 020a 0360     		str	r3, [r0]
 2603              	.LBE29:
1772:Drivers/STM32G0xx_HAL_Driver/Src/stm32g0xx_hal_pcd.c ****         ep = &hpcd->OUT_ep[epindex];
 2604              		.loc 1 1772 9 is_stmt 1 view .LVU789
1773:Drivers/STM32G0xx_HAL_Driver/Src/stm32g0xx_hal_pcd.c **** 
 2605              		.loc 1 1773 9 view .LVU790
1773:Drivers/STM32G0xx_HAL_Driver/Src/stm32g0xx_hal_pcd.c **** 
 2606              		.loc 1 1773 27 is_stmt 0 view .LVU791
 2607 020c A046     		mov	r8, r4
1773:Drivers/STM32G0xx_HAL_Driver/Src/stm32g0xx_hal_pcd.c **** 
 2608              		.loc 1 1773 12 view .LVU792
 2609 020e 4B46     		mov	r3, r9
 2610 0210 1F19     		adds	r7, r3, r4
 2611 0212 FF00     		lsls	r7, r7, #3
 2612 0214 5137     		adds	r7, r7, #81
ARM GAS  C:\Users\Domagoj\AppData\Local\Temp\cc6jMbW9.s 			page 107


 2613 0216 FF37     		adds	r7, r7, #255
 2614 0218 EF19     		adds	r7, r5, r7
 2615 021a 3A1D     		adds	r2, r7, #4
 2616 021c 9246     		mov	r10, r2
 2617              	.LVL208:
1776:Drivers/STM32G0xx_HAL_Driver/Src/stm32g0xx_hal_pcd.c ****         {
 2618              		.loc 1 1776 9 is_stmt 1 view .LVU793
1776:Drivers/STM32G0xx_HAL_Driver/Src/stm32g0xx_hal_pcd.c ****         {
 2619              		.loc 1 1776 15 is_stmt 0 view .LVU794
 2620 021e 1B19     		adds	r3, r3, r4
 2621 0220 DB00     		lsls	r3, r3, #3
 2622 0222 EB18     		adds	r3, r5, r3
 2623 0224 6133     		adds	r3, r3, #97
 2624 0226 FF33     		adds	r3, r3, #255
 2625 0228 1B78     		ldrb	r3, [r3]
1776:Drivers/STM32G0xx_HAL_Driver/Src/stm32g0xx_hal_pcd.c ****         {
 2626              		.loc 1 1776 12 view .LVU795
 2627 022a 002B     		cmp	r3, #0
 2628 022c 33D0     		beq	.L160
1789:Drivers/STM32G0xx_HAL_Driver/Src/stm32g0xx_hal_pcd.c ****           {
 2629              		.loc 1 1789 11 is_stmt 1 view .LVU796
1789:Drivers/STM32G0xx_HAL_Driver/Src/stm32g0xx_hal_pcd.c ****           {
 2630              		.loc 1 1789 17 is_stmt 0 view .LVU797
 2631 022e A300     		lsls	r3, r4, #2
 2632 0230 1B19     		adds	r3, r3, r4
 2633 0232 DB00     		lsls	r3, r3, #3
 2634 0234 EB18     		adds	r3, r5, r3
 2635 0236 5833     		adds	r3, r3, #88
 2636 0238 FF33     		adds	r3, r3, #255
 2637 023a 1B78     		ldrb	r3, [r3]
1789:Drivers/STM32G0xx_HAL_Driver/Src/stm32g0xx_hal_pcd.c ****           {
 2638              		.loc 1 1789 14 view .LVU798
 2639 023c 022B     		cmp	r3, #2
 2640 023e 6CD0     		beq	.L161
1796:Drivers/STM32G0xx_HAL_Driver/Src/stm32g0xx_hal_pcd.c **** 
 2641              		.loc 1 1796 13 is_stmt 1 view .LVU799
1796:Drivers/STM32G0xx_HAL_Driver/Src/stm32g0xx_hal_pcd.c **** 
 2642              		.loc 1 1796 13 view .LVU800
1796:Drivers/STM32G0xx_HAL_Driver/Src/stm32g0xx_hal_pcd.c **** 
 2643              		.loc 1 1796 13 discriminator 1 view .LVU801
 2644              	.LBB30:
1796:Drivers/STM32G0xx_HAL_Driver/Src/stm32g0xx_hal_pcd.c **** 
 2645              		.loc 1 1796 13 discriminator 1 view .LVU802
1796:Drivers/STM32G0xx_HAL_Driver/Src/stm32g0xx_hal_pcd.c **** 
 2646              		.loc 1 1796 13 discriminator 1 view .LVU803
 2647 0240 2968     		ldr	r1, [r5]
 2648 0242 A300     		lsls	r3, r4, #2
 2649 0244 1B19     		adds	r3, r3, r4
 2650 0246 DB00     		lsls	r3, r3, #3
 2651 0248 EB18     		adds	r3, r5, r3
 2652 024a 5533     		adds	r3, r3, #85
 2653 024c FF33     		adds	r3, r3, #255
 2654 024e 1A78     		ldrb	r2, [r3]
 2655              	.LVL209:
1796:Drivers/STM32G0xx_HAL_Driver/Src/stm32g0xx_hal_pcd.c **** 
 2656              		.loc 1 1796 13 is_stmt 0 discriminator 1 view .LVU804
 2657 0250 9200     		lsls	r2, r2, #2
ARM GAS  C:\Users\Domagoj\AppData\Local\Temp\cc6jMbW9.s 			page 108


 2658 0252 8A18     		adds	r2, r1, r2
 2659 0254 1068     		ldr	r0, [r2]
 2660 0256 4F49     		ldr	r1, .L163+24
 2661 0258 0840     		ands	r0, r1
 2662              	.LVL210:
1796:Drivers/STM32G0xx_HAL_Driver/Src/stm32g0xx_hal_pcd.c **** 
 2663              		.loc 1 1796 13 is_stmt 1 view .LVU805
1796:Drivers/STM32G0xx_HAL_Driver/Src/stm32g0xx_hal_pcd.c **** 
 2664              		.loc 1 1796 13 is_stmt 0 discriminator 1 view .LVU806
 2665 025a 4F49     		ldr	r1, .L163+28
 2666 025c 0143     		orrs	r1, r0
 2667 025e 1160     		str	r1, [r2]
 2668              	.LBE30:
1796:Drivers/STM32G0xx_HAL_Driver/Src/stm32g0xx_hal_pcd.c **** 
 2669              		.loc 1 1796 13 is_stmt 1 view .LVU807
1796:Drivers/STM32G0xx_HAL_Driver/Src/stm32g0xx_hal_pcd.c **** 
 2670              		.loc 1 1796 13 view .LVU808
1796:Drivers/STM32G0xx_HAL_Driver/Src/stm32g0xx_hal_pcd.c **** 
 2671              		.loc 1 1796 13 view .LVU809
1798:Drivers/STM32G0xx_HAL_Driver/Src/stm32g0xx_hal_pcd.c ****             {
 2672              		.loc 1 1798 13 view .LVU810
1798:Drivers/STM32G0xx_HAL_Driver/Src/stm32g0xx_hal_pcd.c ****             {
 2673              		.loc 1 1798 18 is_stmt 0 view .LVU811
 2674 0260 2868     		ldr	r0, [r5]
 2675              	.LVL211:
1798:Drivers/STM32G0xx_HAL_Driver/Src/stm32g0xx_hal_pcd.c ****             {
 2676              		.loc 1 1798 18 view .LVU812
 2677 0262 1978     		ldrb	r1, [r3]
 2678 0264 8B00     		lsls	r3, r1, #2
 2679 0266 C318     		adds	r3, r0, r3
 2680 0268 1B68     		ldr	r3, [r3]
1798:Drivers/STM32G0xx_HAL_Driver/Src/stm32g0xx_hal_pcd.c ****             {
 2681              		.loc 1 1798 16 view .LVU813
 2682 026a 5B04     		lsls	r3, r3, #17
 2683 026c 5CD5     		bpl	.L137
1801:Drivers/STM32G0xx_HAL_Driver/Src/stm32g0xx_hal_pcd.c **** 
 2684              		.loc 1 1801 15 is_stmt 1 view .LVU814
1801:Drivers/STM32G0xx_HAL_Driver/Src/stm32g0xx_hal_pcd.c **** 
 2685              		.loc 1 1801 33 is_stmt 0 view .LVU815
 2686 026e FFF7FEFF 		bl	PCD_GET_EP_DBUF0_CNT
 2687              	.LVL212:
 2688 0272 0300     		movs	r3, r0
 2689 0274 071E     		subs	r7, r0, #0
 2690              	.LVL213:
1803:Drivers/STM32G0xx_HAL_Driver/Src/stm32g0xx_hal_pcd.c ****               {
 2691              		.loc 1 1803 15 is_stmt 1 view .LVU816
1803:Drivers/STM32G0xx_HAL_Driver/Src/stm32g0xx_hal_pcd.c ****               {
 2692              		.loc 1 1803 18 is_stmt 0 view .LVU817
 2693 0276 1BD0     		beq	.L135
1805:Drivers/STM32G0xx_HAL_Driver/Src/stm32g0xx_hal_pcd.c ****               }
 2694              		.loc 1 1805 17 is_stmt 1 view .LVU818
1805:Drivers/STM32G0xx_HAL_Driver/Src/stm32g0xx_hal_pcd.c ****               }
 2695              		.loc 1 1805 33 is_stmt 0 view .LVU819
 2696 0278 2868     		ldr	r0, [r5]
 2697              	.LVL214:
1805:Drivers/STM32G0xx_HAL_Driver/Src/stm32g0xx_hal_pcd.c ****               }
 2698              		.loc 1 1805 17 view .LVU820
ARM GAS  C:\Users\Domagoj\AppData\Local\Temp\cc6jMbW9.s 			page 109


 2699 027a A100     		lsls	r1, r4, #2
 2700 027c 0919     		adds	r1, r1, r4
 2701 027e C900     		lsls	r1, r1, #3
 2702 0280 6918     		adds	r1, r5, r1
 2703 0282 0A00     		movs	r2, r1
 2704 0284 5D32     		adds	r2, r2, #93
 2705 0286 FF32     		adds	r2, r2, #255
 2706 0288 1288     		ldrh	r2, [r2]
 2707 028a 6931     		adds	r1, r1, #105
 2708 028c FF31     		adds	r1, r1, #255
 2709 028e 0968     		ldr	r1, [r1]
 2710 0290 FFF7FEFF 		bl	USB_ReadPMA
 2711              	.LVL215:
 2712 0294 0CE0     		b	.L135
 2713              	.LVL216:
 2714              	.L160:
1778:Drivers/STM32G0xx_HAL_Driver/Src/stm32g0xx_hal_pcd.c **** 
 2715              		.loc 1 1778 11 is_stmt 1 view .LVU821
1778:Drivers/STM32G0xx_HAL_Driver/Src/stm32g0xx_hal_pcd.c **** 
 2716              		.loc 1 1778 51 is_stmt 0 view .LVU822
 2717 0296 2868     		ldr	r0, [r5]
1778:Drivers/STM32G0xx_HAL_Driver/Src/stm32g0xx_hal_pcd.c **** 
 2718              		.loc 1 1778 65 view .LVU823
 2719 0298 4B46     		mov	r3, r9
 2720 029a 1B19     		adds	r3, r3, r4
 2721 029c DB00     		lsls	r3, r3, #3
 2722 029e EB18     		adds	r3, r5, r3
 2723 02a0 5533     		adds	r3, r3, #85
 2724 02a2 FF33     		adds	r3, r3, #255
 2725 02a4 1978     		ldrb	r1, [r3]
1778:Drivers/STM32G0xx_HAL_Driver/Src/stm32g0xx_hal_pcd.c **** 
 2726              		.loc 1 1778 29 view .LVU824
 2727 02a6 FFF7FEFF 		bl	PCD_GET_EP_RX_CNT
 2728              	.LVL217:
1778:Drivers/STM32G0xx_HAL_Driver/Src/stm32g0xx_hal_pcd.c **** 
 2729              		.loc 1 1778 29 view .LVU825
 2730 02aa 0300     		movs	r3, r0
 2731 02ac 071E     		subs	r7, r0, #0
 2732              	.LVL218:
1780:Drivers/STM32G0xx_HAL_Driver/Src/stm32g0xx_hal_pcd.c ****           {
 2733              		.loc 1 1780 11 is_stmt 1 view .LVU826
1780:Drivers/STM32G0xx_HAL_Driver/Src/stm32g0xx_hal_pcd.c ****           {
 2734              		.loc 1 1780 14 is_stmt 0 view .LVU827
 2735 02ae 25D1     		bne	.L162
 2736              	.LVL219:
 2737              	.L135:
1823:Drivers/STM32G0xx_HAL_Driver/Src/stm32g0xx_hal_pcd.c **** 
 2738              		.loc 1 1823 9 is_stmt 1 view .LVU828
1823:Drivers/STM32G0xx_HAL_Driver/Src/stm32g0xx_hal_pcd.c **** 
 2739              		.loc 1 1823 11 is_stmt 0 view .LVU829
 2740 02b0 4346     		mov	r3, r8
 2741 02b2 9B00     		lsls	r3, r3, #2
 2742 02b4 4344     		add	r3, r3, r8
 2743 02b6 DB00     		lsls	r3, r3, #3
 2744 02b8 EB18     		adds	r3, r5, r3
 2745 02ba 1800     		movs	r0, r3
 2746 02bc 7130     		adds	r0, r0, #113
ARM GAS  C:\Users\Domagoj\AppData\Local\Temp\cc6jMbW9.s 			page 110


 2747 02be FF30     		adds	r0, r0, #255
 2748 02c0 0168     		ldr	r1, [r0]
1823:Drivers/STM32G0xx_HAL_Driver/Src/stm32g0xx_hal_pcd.c **** 
 2749              		.loc 1 1823 24 view .LVU830
 2750 02c2 C919     		adds	r1, r1, r7
 2751 02c4 0160     		str	r1, [r0]
1825:Drivers/STM32G0xx_HAL_Driver/Src/stm32g0xx_hal_pcd.c ****         {
 2752              		.loc 1 1825 9 is_stmt 1 view .LVU831
1825:Drivers/STM32G0xx_HAL_Driver/Src/stm32g0xx_hal_pcd.c ****         {
 2753              		.loc 1 1825 16 is_stmt 0 view .LVU832
 2754 02c6 6D33     		adds	r3, r3, #109
 2755 02c8 FF33     		adds	r3, r3, #255
 2756 02ca 1B68     		ldr	r3, [r3]
1825:Drivers/STM32G0xx_HAL_Driver/Src/stm32g0xx_hal_pcd.c ****         {
 2757              		.loc 1 1825 12 view .LVU833
 2758 02cc 002B     		cmp	r3, #0
 2759 02ce 09D0     		beq	.L138
1825:Drivers/STM32G0xx_HAL_Driver/Src/stm32g0xx_hal_pcd.c ****         {
 2760              		.loc 1 1825 48 discriminator 1 view .LVU834
 2761 02d0 4346     		mov	r3, r8
 2762 02d2 9B00     		lsls	r3, r3, #2
 2763 02d4 4344     		add	r3, r3, r8
 2764 02d6 DB00     		lsls	r3, r3, #3
 2765 02d8 EB18     		adds	r3, r5, r3
 2766 02da 6533     		adds	r3, r3, #101
 2767 02dc FF33     		adds	r3, r3, #255
 2768 02de 1B68     		ldr	r3, [r3]
1825:Drivers/STM32G0xx_HAL_Driver/Src/stm32g0xx_hal_pcd.c ****         {
 2769              		.loc 1 1825 34 discriminator 1 view .LVU835
 2770 02e0 9F42     		cmp	r7, r3
 2771 02e2 35D2     		bcs	.L139
 2772              	.L138:
1831:Drivers/STM32G0xx_HAL_Driver/Src/stm32g0xx_hal_pcd.c **** #endif /* USE_HAL_PCD_REGISTER_CALLBACKS */
 2773              		.loc 1 1831 11 is_stmt 1 view .LVU836
 2774 02e4 4346     		mov	r3, r8
 2775 02e6 9B00     		lsls	r3, r3, #2
 2776 02e8 4344     		add	r3, r3, r8
 2777 02ea DB00     		lsls	r3, r3, #3
 2778 02ec EB18     		adds	r3, r5, r3
 2779 02ee 5533     		adds	r3, r3, #85
 2780 02f0 FF33     		adds	r3, r3, #255
 2781 02f2 1978     		ldrb	r1, [r3]
 2782 02f4 2800     		movs	r0, r5
 2783 02f6 FFF7FEFF 		bl	HAL_PCD_DataOutStageCallback
 2784              	.LVL220:
 2785 02fa 39E7     		b	.L133
 2786              	.LVL221:
 2787              	.L162:
1782:Drivers/STM32G0xx_HAL_Driver/Src/stm32g0xx_hal_pcd.c ****           }
 2788              		.loc 1 1782 13 view .LVU837
1782:Drivers/STM32G0xx_HAL_Driver/Src/stm32g0xx_hal_pcd.c ****           }
 2789              		.loc 1 1782 29 is_stmt 0 view .LVU838
 2790 02fc 2868     		ldr	r0, [r5]
 2791              	.LVL222:
1782:Drivers/STM32G0xx_HAL_Driver/Src/stm32g0xx_hal_pcd.c ****           }
 2792              		.loc 1 1782 13 view .LVU839
 2793 02fe 4946     		mov	r1, r9
ARM GAS  C:\Users\Domagoj\AppData\Local\Temp\cc6jMbW9.s 			page 111


 2794 0300 4144     		add	r1, r1, r8
 2795 0302 C900     		lsls	r1, r1, #3
 2796 0304 6918     		adds	r1, r5, r1
 2797 0306 0A00     		movs	r2, r1
 2798 0308 5B32     		adds	r2, r2, #91
 2799 030a FF32     		adds	r2, r2, #255
 2800 030c 1288     		ldrh	r2, [r2]
 2801 030e 6931     		adds	r1, r1, #105
 2802 0310 FF31     		adds	r1, r1, #255
 2803 0312 0968     		ldr	r1, [r1]
 2804 0314 FFF7FEFF 		bl	USB_ReadPMA
 2805              	.LVL223:
 2806 0318 CAE7     		b	.L135
 2807              	.LVL224:
 2808              	.L161:
1791:Drivers/STM32G0xx_HAL_Driver/Src/stm32g0xx_hal_pcd.c ****           }
 2809              		.loc 1 1791 13 is_stmt 1 view .LVU840
1791:Drivers/STM32G0xx_HAL_Driver/Src/stm32g0xx_hal_pcd.c ****           }
 2810              		.loc 1 1791 21 is_stmt 0 view .LVU841
 2811 031a 5A46     		mov	r2, fp
 2812              	.LVL225:
1791:Drivers/STM32G0xx_HAL_Driver/Src/stm32g0xx_hal_pcd.c ****           }
 2813              		.loc 1 1791 21 view .LVU842
 2814 031c 5146     		mov	r1, r10
 2815 031e 2800     		movs	r0, r5
 2816 0320 FFF7FEFF 		bl	HAL_PCD_EP_DB_Receive
 2817              	.LVL226:
 2818 0324 0700     		movs	r7, r0
 2819              	.LVL227:
1791:Drivers/STM32G0xx_HAL_Driver/Src/stm32g0xx_hal_pcd.c ****           }
 2820              		.loc 1 1791 21 view .LVU843
 2821 0326 C3E7     		b	.L135
 2822              	.LVL228:
 2823              	.L137:
1811:Drivers/STM32G0xx_HAL_Driver/Src/stm32g0xx_hal_pcd.c **** 
 2824              		.loc 1 1811 15 is_stmt 1 view .LVU844
1811:Drivers/STM32G0xx_HAL_Driver/Src/stm32g0xx_hal_pcd.c **** 
 2825              		.loc 1 1811 33 is_stmt 0 view .LVU845
 2826 0328 FFF7FEFF 		bl	PCD_GET_EP_DBUF1_CNT
 2827              	.LVL229:
 2828 032c 0300     		movs	r3, r0
 2829 032e 071E     		subs	r7, r0, #0
 2830              	.LVL230:
1813:Drivers/STM32G0xx_HAL_Driver/Src/stm32g0xx_hal_pcd.c ****               {
 2831              		.loc 1 1813 15 is_stmt 1 view .LVU846
1813:Drivers/STM32G0xx_HAL_Driver/Src/stm32g0xx_hal_pcd.c ****               {
 2832              		.loc 1 1813 18 is_stmt 0 view .LVU847
 2833 0330 BED0     		beq	.L135
1815:Drivers/STM32G0xx_HAL_Driver/Src/stm32g0xx_hal_pcd.c ****               }
 2834              		.loc 1 1815 17 is_stmt 1 view .LVU848
1815:Drivers/STM32G0xx_HAL_Driver/Src/stm32g0xx_hal_pcd.c ****               }
 2835              		.loc 1 1815 33 is_stmt 0 view .LVU849
 2836 0332 2868     		ldr	r0, [r5]
 2837              	.LVL231:
1815:Drivers/STM32G0xx_HAL_Driver/Src/stm32g0xx_hal_pcd.c ****               }
 2838              		.loc 1 1815 17 view .LVU850
 2839 0334 A100     		lsls	r1, r4, #2
ARM GAS  C:\Users\Domagoj\AppData\Local\Temp\cc6jMbW9.s 			page 112


 2840 0336 4144     		add	r1, r1, r8
 2841 0338 C900     		lsls	r1, r1, #3
 2842 033a 6918     		adds	r1, r5, r1
 2843 033c 0A00     		movs	r2, r1
 2844 033e 5F32     		adds	r2, r2, #95
 2845 0340 FF32     		adds	r2, r2, #255
 2846 0342 1288     		ldrh	r2, [r2]
 2847 0344 6931     		adds	r1, r1, #105
 2848 0346 FF31     		adds	r1, r1, #255
 2849 0348 0968     		ldr	r1, [r1]
 2850 034a FFF7FEFF 		bl	USB_ReadPMA
 2851              	.LVL232:
 2852 034e AFE7     		b	.L135
 2853              	.LVL233:
 2854              	.L139:
1836:Drivers/STM32G0xx_HAL_Driver/Src/stm32g0xx_hal_pcd.c ****           (void)USB_EPStartXfer(hpcd->Instance, ep);
 2855              		.loc 1 1836 11 is_stmt 1 view .LVU851
1836:Drivers/STM32G0xx_HAL_Driver/Src/stm32g0xx_hal_pcd.c ****           (void)USB_EPStartXfer(hpcd->Instance, ep);
 2856              		.loc 1 1836 13 is_stmt 0 view .LVU852
 2857 0350 4346     		mov	r3, r8
 2858 0352 9B00     		lsls	r3, r3, #2
 2859 0354 4246     		mov	r2, r8
 2860 0356 9A18     		adds	r2, r3, r2
 2861 0358 D200     		lsls	r2, r2, #3
 2862 035a AA18     		adds	r2, r5, r2
 2863 035c 6932     		adds	r2, r2, #105
 2864 035e FF32     		adds	r2, r2, #255
 2865 0360 1268     		ldr	r2, [r2]
1836:Drivers/STM32G0xx_HAL_Driver/Src/stm32g0xx_hal_pcd.c ****           (void)USB_EPStartXfer(hpcd->Instance, ep);
 2866              		.loc 1 1836 25 view .LVU853
 2867 0362 4344     		add	r3, r3, r8
 2868 0364 DB00     		lsls	r3, r3, #3
 2869 0366 EB18     		adds	r3, r5, r3
 2870 0368 6933     		adds	r3, r3, #105
 2871 036a FF33     		adds	r3, r3, #255
 2872 036c D219     		adds	r2, r2, r7
 2873 036e 1A60     		str	r2, [r3]
1837:Drivers/STM32G0xx_HAL_Driver/Src/stm32g0xx_hal_pcd.c ****         }
 2874              		.loc 1 1837 11 is_stmt 1 view .LVU854
1837:Drivers/STM32G0xx_HAL_Driver/Src/stm32g0xx_hal_pcd.c ****         }
 2875              		.loc 1 1837 37 is_stmt 0 view .LVU855
 2876 0370 2868     		ldr	r0, [r5]
1837:Drivers/STM32G0xx_HAL_Driver/Src/stm32g0xx_hal_pcd.c ****         }
 2877              		.loc 1 1837 17 view .LVU856
 2878 0372 5146     		mov	r1, r10
 2879 0374 FFF7FEFF 		bl	USB_EPStartXfer
 2880              	.LVL234:
 2881 0378 FAE6     		b	.L133
 2882              	.L164:
 2883 037a C046     		.align	2
 2884              	.L163:
 2885 037c 0F8FFF07 		.word	134188815
 2886 0380 00980040 		.word	1073780736
 2887 0384 8F0FFF07 		.word	134156175
 2888 0388 8FBFFF07 		.word	134201231
 2889 038c 80800000 		.word	32896
 2890 0390 BF8FFF07 		.word	134188991
ARM GAS  C:\Users\Domagoj\AppData\Local\Temp\cc6jMbW9.s 			page 113


 2891 0394 8F8FFF07 		.word	134188943
 2892 0398 C0800000 		.word	32960
 2893              	.LVL235:
 2894              	.L159:
1850:Drivers/STM32G0xx_HAL_Driver/Src/stm32g0xx_hal_pcd.c **** 
 2895              		.loc 1 1850 11 is_stmt 1 view .LVU857
1850:Drivers/STM32G0xx_HAL_Driver/Src/stm32g0xx_hal_pcd.c **** 
 2896              		.loc 1 1850 24 is_stmt 0 view .LVU858
 2897 039c 611C     		adds	r1, r4, #1
 2898 039e 8B00     		lsls	r3, r1, #2
 2899 03a0 5B18     		adds	r3, r3, r1
 2900 03a2 DB00     		lsls	r3, r3, #3
 2901 03a4 EB18     		adds	r3, r5, r3
 2902 03a6 0021     		movs	r1, #0
 2903 03a8 5960     		str	r1, [r3, #4]
1853:Drivers/STM32G0xx_HAL_Driver/Src/stm32g0xx_hal_pcd.c ****           {
 2904              		.loc 1 1853 11 is_stmt 1 view .LVU859
1853:Drivers/STM32G0xx_HAL_Driver/Src/stm32g0xx_hal_pcd.c ****           {
 2905              		.loc 1 1853 17 is_stmt 0 view .LVU860
 2906 03aa A300     		lsls	r3, r4, #2
 2907 03ac 1B19     		adds	r3, r3, r4
 2908 03ae DB00     		lsls	r3, r3, #3
 2909 03b0 EB18     		adds	r3, r5, r3
 2910 03b2 2033     		adds	r3, r3, #32
 2911 03b4 1B78     		ldrb	r3, [r3]
1853:Drivers/STM32G0xx_HAL_Driver/Src/stm32g0xx_hal_pcd.c ****           {
 2912              		.loc 1 1853 14 view .LVU861
 2913 03b6 002B     		cmp	r3, #0
 2914 03b8 1DD0     		beq	.L141
1855:Drivers/STM32G0xx_HAL_Driver/Src/stm32g0xx_hal_pcd.c ****             {
 2915              		.loc 1 1855 13 is_stmt 1 view .LVU862
1855:Drivers/STM32G0xx_HAL_Driver/Src/stm32g0xx_hal_pcd.c ****             {
 2916              		.loc 1 1855 16 is_stmt 0 view .LVU863
 2917 03ba 7606     		lsls	r6, r6, #25
 2918 03bc 39D5     		bpl	.L142
1857:Drivers/STM32G0xx_HAL_Driver/Src/stm32g0xx_hal_pcd.c ****             }
 2919              		.loc 1 1857 15 is_stmt 1 view .LVU864
1857:Drivers/STM32G0xx_HAL_Driver/Src/stm32g0xx_hal_pcd.c ****             }
 2920              		.loc 1 1857 15 view .LVU865
 2921 03be A300     		lsls	r3, r4, #2
 2922 03c0 1B19     		adds	r3, r3, r4
 2923 03c2 DB00     		lsls	r3, r3, #3
 2924 03c4 EB18     		adds	r3, r5, r3
 2925 03c6 5B7D     		ldrb	r3, [r3, #21]
 2926 03c8 002B     		cmp	r3, #0
 2927 03ca 1DD1     		bne	.L143
1857:Drivers/STM32G0xx_HAL_Driver/Src/stm32g0xx_hal_pcd.c ****             }
 2928              		.loc 1 1857 15 discriminator 1 view .LVU866
 2929              	.LBB31:
1857:Drivers/STM32G0xx_HAL_Driver/Src/stm32g0xx_hal_pcd.c ****             }
 2930              		.loc 1 1857 15 discriminator 1 view .LVU867
1857:Drivers/STM32G0xx_HAL_Driver/Src/stm32g0xx_hal_pcd.c ****             }
 2931              		.loc 1 1857 15 discriminator 1 view .LVU868
 2932 03cc A300     		lsls	r3, r4, #2
 2933 03ce 1B19     		adds	r3, r3, r4
 2934 03d0 DB00     		lsls	r3, r3, #3
 2935 03d2 EB18     		adds	r3, r5, r3
ARM GAS  C:\Users\Domagoj\AppData\Local\Temp\cc6jMbW9.s 			page 114


 2936 03d4 197D     		ldrb	r1, [r3, #20]
 2937 03d6 C900     		lsls	r1, r1, #3
 2938 03d8 4648     		ldr	r0, .L165
 2939 03da 8446     		mov	ip, r0
 2940 03dc 6144     		add	r1, r1, ip
 2941 03de 0868     		ldr	r0, [r1]
 2942 03e0 8001     		lsls	r0, r0, #6
 2943 03e2 8009     		lsrs	r0, r0, #6
 2944 03e4 0860     		str	r0, [r1]
1857:Drivers/STM32G0xx_HAL_Driver/Src/stm32g0xx_hal_pcd.c ****             }
 2945              		.loc 1 1857 15 view .LVU869
1857:Drivers/STM32G0xx_HAL_Driver/Src/stm32g0xx_hal_pcd.c ****             }
 2946              		.loc 1 1857 15 discriminator 3 view .LVU870
 2947 03e6 1B7D     		ldrb	r3, [r3, #20]
 2948 03e8 DB00     		lsls	r3, r3, #3
 2949 03ea 6344     		add	r3, r3, ip
 2950 03ec 1868     		ldr	r0, [r3]
 2951 03ee 8021     		movs	r1, #128
 2952 03f0 0906     		lsls	r1, r1, #24
 2953 03f2 0143     		orrs	r1, r0
 2954 03f4 1960     		str	r1, [r3]
1857:Drivers/STM32G0xx_HAL_Driver/Src/stm32g0xx_hal_pcd.c ****             }
 2955              		.loc 1 1857 15 view .LVU871
 2956              	.LBE31:
1857:Drivers/STM32G0xx_HAL_Driver/Src/stm32g0xx_hal_pcd.c ****             }
 2957              		.loc 1 1857 15 view .LVU872
 2958              	.L141:
1861:Drivers/STM32G0xx_HAL_Driver/Src/stm32g0xx_hal_pcd.c ****             }
 2959              		.loc 1 1861 15 view .LVU873
1870:Drivers/STM32G0xx_HAL_Driver/Src/stm32g0xx_hal_pcd.c **** #endif /* USE_HAL_PCD_REGISTER_CALLBACKS */
 2960              		.loc 1 1870 11 view .LVU874
 2961 03f6 9300     		lsls	r3, r2, #2
 2962 03f8 9B18     		adds	r3, r3, r2
 2963 03fa DB00     		lsls	r3, r3, #3
 2964 03fc EB18     		adds	r3, r5, r3
 2965 03fe 197D     		ldrb	r1, [r3, #20]
 2966 0400 2800     		movs	r0, r5
 2967 0402 FFF7FEFF 		bl	HAL_PCD_DataInStageCallback
 2968              	.LVL236:
 2969 0406 4BE6     		b	.L125
 2970              	.L143:
1857:Drivers/STM32G0xx_HAL_Driver/Src/stm32g0xx_hal_pcd.c ****             }
 2971              		.loc 1 1857 15 discriminator 2 view .LVU875
 2972 0408 012B     		cmp	r3, #1
 2973 040a F4D1     		bne	.L141
1857:Drivers/STM32G0xx_HAL_Driver/Src/stm32g0xx_hal_pcd.c ****             }
 2974              		.loc 1 1857 15 discriminator 13 view .LVU876
1857:Drivers/STM32G0xx_HAL_Driver/Src/stm32g0xx_hal_pcd.c ****             }
 2975              		.loc 1 1857 15 discriminator 13 view .LVU877
 2976 040c A300     		lsls	r3, r4, #2
 2977 040e 1B19     		adds	r3, r3, r4
 2978 0410 DB00     		lsls	r3, r3, #3
 2979 0412 EB18     		adds	r3, r5, r3
 2980 0414 197D     		ldrb	r1, [r3, #20]
 2981 0416 C900     		lsls	r1, r1, #3
 2982 0418 3648     		ldr	r0, .L165
 2983 041a 8446     		mov	ip, r0
ARM GAS  C:\Users\Domagoj\AppData\Local\Temp\cc6jMbW9.s 			page 115


 2984 041c 6144     		add	r1, r1, ip
 2985 041e 0868     		ldr	r0, [r1]
 2986 0420 0004     		lsls	r0, r0, #16
 2987 0422 000C     		lsrs	r0, r0, #16
 2988 0424 0860     		str	r0, [r1]
1857:Drivers/STM32G0xx_HAL_Driver/Src/stm32g0xx_hal_pcd.c ****             }
 2989              		.loc 1 1857 15 view .LVU878
1857:Drivers/STM32G0xx_HAL_Driver/Src/stm32g0xx_hal_pcd.c ****             }
 2990              		.loc 1 1857 15 is_stmt 0 discriminator 13 view .LVU879
 2991 0426 1B7D     		ldrb	r3, [r3, #20]
 2992 0428 DB00     		lsls	r3, r3, #3
 2993 042a 6344     		add	r3, r3, ip
 2994 042c 1968     		ldr	r1, [r3]
 2995 042e 1960     		str	r1, [r3]
 2996 0430 E1E7     		b	.L141
 2997              	.L142:
1861:Drivers/STM32G0xx_HAL_Driver/Src/stm32g0xx_hal_pcd.c ****             }
 2998              		.loc 1 1861 15 is_stmt 1 view .LVU880
1861:Drivers/STM32G0xx_HAL_Driver/Src/stm32g0xx_hal_pcd.c ****             }
 2999              		.loc 1 1861 15 view .LVU881
 3000 0432 A300     		lsls	r3, r4, #2
 3001 0434 1B19     		adds	r3, r3, r4
 3002 0436 DB00     		lsls	r3, r3, #3
 3003 0438 EB18     		adds	r3, r5, r3
 3004 043a 5B7D     		ldrb	r3, [r3, #21]
 3005 043c 002B     		cmp	r3, #0
 3006 043e 15D1     		bne	.L144
1861:Drivers/STM32G0xx_HAL_Driver/Src/stm32g0xx_hal_pcd.c ****             }
 3007              		.loc 1 1861 15 discriminator 1 view .LVU882
 3008              	.LBB32:
1861:Drivers/STM32G0xx_HAL_Driver/Src/stm32g0xx_hal_pcd.c ****             }
 3009              		.loc 1 1861 15 discriminator 1 view .LVU883
1861:Drivers/STM32G0xx_HAL_Driver/Src/stm32g0xx_hal_pcd.c ****             }
 3010              		.loc 1 1861 15 discriminator 1 view .LVU884
 3011 0440 A300     		lsls	r3, r4, #2
 3012 0442 1B19     		adds	r3, r3, r4
 3013 0444 DB00     		lsls	r3, r3, #3
 3014 0446 EB18     		adds	r3, r5, r3
 3015 0448 197D     		ldrb	r1, [r3, #20]
 3016 044a C900     		lsls	r1, r1, #3
 3017 044c 2948     		ldr	r0, .L165
 3018 044e 8446     		mov	ip, r0
 3019 0450 6144     		add	r1, r1, ip
 3020 0452 4868     		ldr	r0, [r1, #4]
 3021 0454 8001     		lsls	r0, r0, #6
 3022 0456 8009     		lsrs	r0, r0, #6
 3023 0458 4860     		str	r0, [r1, #4]
1861:Drivers/STM32G0xx_HAL_Driver/Src/stm32g0xx_hal_pcd.c ****             }
 3024              		.loc 1 1861 15 view .LVU885
1861:Drivers/STM32G0xx_HAL_Driver/Src/stm32g0xx_hal_pcd.c ****             }
 3025              		.loc 1 1861 15 discriminator 3 view .LVU886
 3026 045a 1B7D     		ldrb	r3, [r3, #20]
 3027 045c DB00     		lsls	r3, r3, #3
 3028 045e 6344     		add	r3, r3, ip
 3029 0460 5868     		ldr	r0, [r3, #4]
 3030 0462 8021     		movs	r1, #128
 3031 0464 0906     		lsls	r1, r1, #24
ARM GAS  C:\Users\Domagoj\AppData\Local\Temp\cc6jMbW9.s 			page 116


 3032 0466 0143     		orrs	r1, r0
 3033 0468 5960     		str	r1, [r3, #4]
1861:Drivers/STM32G0xx_HAL_Driver/Src/stm32g0xx_hal_pcd.c ****             }
 3034              		.loc 1 1861 15 view .LVU887
 3035              	.LBE32:
1861:Drivers/STM32G0xx_HAL_Driver/Src/stm32g0xx_hal_pcd.c ****             }
 3036              		.loc 1 1861 15 view .LVU888
 3037              	.LBB33:
 3038 046a C4E7     		b	.L141
 3039              	.L144:
 3040              	.LBE33:
1861:Drivers/STM32G0xx_HAL_Driver/Src/stm32g0xx_hal_pcd.c ****             }
 3041              		.loc 1 1861 15 discriminator 2 view .LVU889
 3042 046c 012B     		cmp	r3, #1
 3043 046e C2D1     		bne	.L141
1861:Drivers/STM32G0xx_HAL_Driver/Src/stm32g0xx_hal_pcd.c ****             }
 3044              		.loc 1 1861 15 discriminator 13 view .LVU890
 3045 0470 A300     		lsls	r3, r4, #2
 3046 0472 1B19     		adds	r3, r3, r4
 3047 0474 DB00     		lsls	r3, r3, #3
 3048 0476 EB18     		adds	r3, r5, r3
 3049 0478 197D     		ldrb	r1, [r3, #20]
 3050 047a C900     		lsls	r1, r1, #3
 3051 047c 1D48     		ldr	r0, .L165
 3052 047e 8446     		mov	ip, r0
 3053 0480 6144     		add	r1, r1, ip
 3054 0482 4868     		ldr	r0, [r1, #4]
 3055 0484 0004     		lsls	r0, r0, #16
 3056 0486 000C     		lsrs	r0, r0, #16
 3057 0488 4860     		str	r0, [r1, #4]
1861:Drivers/STM32G0xx_HAL_Driver/Src/stm32g0xx_hal_pcd.c ****             }
 3058              		.loc 1 1861 15 view .LVU891
1861:Drivers/STM32G0xx_HAL_Driver/Src/stm32g0xx_hal_pcd.c ****             }
 3059              		.loc 1 1861 15 is_stmt 0 discriminator 13 view .LVU892
 3060 048a 1B7D     		ldrb	r3, [r3, #20]
 3061 048c DB00     		lsls	r3, r3, #3
 3062 048e 6344     		add	r3, r3, ip
 3063 0490 5968     		ldr	r1, [r3, #4]
 3064 0492 5960     		str	r1, [r3, #4]
 3065 0494 AFE7     		b	.L141
 3066              	.LVL237:
 3067              	.L146:
1887:Drivers/STM32G0xx_HAL_Driver/Src/stm32g0xx_hal_pcd.c ****             }
 3068              		.loc 1 1887 15 is_stmt 1 view .LVU893
1887:Drivers/STM32G0xx_HAL_Driver/Src/stm32g0xx_hal_pcd.c ****             }
 3069              		.loc 1 1887 28 is_stmt 0 view .LVU894
 3070 0496 0134     		adds	r4, r4, #1
 3071              	.LVL238:
1887:Drivers/STM32G0xx_HAL_Driver/Src/stm32g0xx_hal_pcd.c ****             }
 3072              		.loc 1 1887 28 view .LVU895
 3073 0498 A000     		lsls	r0, r4, #2
 3074 049a 0019     		adds	r0, r0, r4
 3075 049c C000     		lsls	r0, r0, #3
 3076 049e 2818     		adds	r0, r5, r0
 3077 04a0 0024     		movs	r4, #0
 3078 04a2 4460     		str	r4, [r0, #4]
 3079 04a4 9EE6     		b	.L147
ARM GAS  C:\Users\Domagoj\AppData\Local\Temp\cc6jMbW9.s 			page 117


 3080              	.L148:
1903:Drivers/STM32G0xx_HAL_Driver/Src/stm32g0xx_hal_pcd.c ****               ep->xfer_count += TxPctSize;
 3081              		.loc 1 1903 15 is_stmt 1 view .LVU896
1903:Drivers/STM32G0xx_HAL_Driver/Src/stm32g0xx_hal_pcd.c ****               ep->xfer_count += TxPctSize;
 3082              		.loc 1 1903 17 is_stmt 0 view .LVU897
 3083 04a6 9000     		lsls	r0, r2, #2
 3084 04a8 8018     		adds	r0, r0, r2
 3085 04aa C000     		lsls	r0, r0, #3
 3086 04ac 2818     		adds	r0, r5, r0
 3087 04ae 846A     		ldr	r4, [r0, #40]
1903:Drivers/STM32G0xx_HAL_Driver/Src/stm32g0xx_hal_pcd.c ****               ep->xfer_count += TxPctSize;
 3088              		.loc 1 1903 29 view .LVU898
 3089 04b0 E418     		adds	r4, r4, r3
 3090 04b2 8462     		str	r4, [r0, #40]
1904:Drivers/STM32G0xx_HAL_Driver/Src/stm32g0xx_hal_pcd.c ****               (void)USB_EPStartXfer(hpcd->Instance, ep);
 3091              		.loc 1 1904 15 is_stmt 1 view .LVU899
1904:Drivers/STM32G0xx_HAL_Driver/Src/stm32g0xx_hal_pcd.c ****               (void)USB_EPStartXfer(hpcd->Instance, ep);
 3092              		.loc 1 1904 17 is_stmt 0 view .LVU900
 3093 04b4 0132     		adds	r2, r2, #1
 3094              	.LVL239:
1904:Drivers/STM32G0xx_HAL_Driver/Src/stm32g0xx_hal_pcd.c ****               (void)USB_EPStartXfer(hpcd->Instance, ep);
 3095              		.loc 1 1904 17 view .LVU901
 3096 04b6 9000     		lsls	r0, r2, #2
 3097 04b8 8418     		adds	r4, r0, r2
 3098 04ba E400     		lsls	r4, r4, #3
 3099 04bc 2C19     		adds	r4, r5, r4
 3100 04be A468     		ldr	r4, [r4, #8]
1904:Drivers/STM32G0xx_HAL_Driver/Src/stm32g0xx_hal_pcd.c ****               (void)USB_EPStartXfer(hpcd->Instance, ep);
 3101              		.loc 1 1904 30 view .LVU902
 3102 04c0 8018     		adds	r0, r0, r2
 3103 04c2 C000     		lsls	r0, r0, #3
 3104 04c4 2818     		adds	r0, r5, r0
 3105 04c6 1B19     		adds	r3, r3, r4
 3106              	.LVL240:
1904:Drivers/STM32G0xx_HAL_Driver/Src/stm32g0xx_hal_pcd.c ****               (void)USB_EPStartXfer(hpcd->Instance, ep);
 3107              		.loc 1 1904 30 view .LVU903
 3108 04c8 8360     		str	r3, [r0, #8]
1905:Drivers/STM32G0xx_HAL_Driver/Src/stm32g0xx_hal_pcd.c ****             }
 3109              		.loc 1 1905 15 is_stmt 1 view .LVU904
1905:Drivers/STM32G0xx_HAL_Driver/Src/stm32g0xx_hal_pcd.c ****             }
 3110              		.loc 1 1905 41 is_stmt 0 view .LVU905
 3111 04ca 2868     		ldr	r0, [r5]
1905:Drivers/STM32G0xx_HAL_Driver/Src/stm32g0xx_hal_pcd.c ****             }
 3112              		.loc 1 1905 21 view .LVU906
 3113 04cc 4146     		mov	r1, r8
 3114 04ce FFF7FEFF 		bl	USB_EPStartXfer
 3115              	.LVL241:
1905:Drivers/STM32G0xx_HAL_Driver/Src/stm32g0xx_hal_pcd.c ****             }
 3116              		.loc 1 1905 21 view .LVU907
 3117 04d2 E5E5     		b	.L125
 3118              	.LVL242:
 3119              	.L145:
1912:Drivers/STM32G0xx_HAL_Driver/Src/stm32g0xx_hal_pcd.c ****           }
 3120              		.loc 1 1912 13 is_stmt 1 view .LVU908
1912:Drivers/STM32G0xx_HAL_Driver/Src/stm32g0xx_hal_pcd.c ****           }
 3121              		.loc 1 1912 19 is_stmt 0 view .LVU909
 3122 04d4 5A46     		mov	r2, fp
ARM GAS  C:\Users\Domagoj\AppData\Local\Temp\cc6jMbW9.s 			page 118


 3123 04d6 4146     		mov	r1, r8
 3124 04d8 2800     		movs	r0, r5
 3125 04da FFF7FEFF 		bl	HAL_PCD_EP_DB_Transmit
 3126              	.LVL243:
 3127 04de DFE5     		b	.L125
 3128              	.LVL244:
 3129              	.L155:
1920:Drivers/STM32G0xx_HAL_Driver/Src/stm32g0xx_hal_pcd.c **** }
 3130              		.loc 1 1920 10 view .LVU910
 3131 04e0 0024     		movs	r4, #0
 3132              	.L126:
1921:Drivers/STM32G0xx_HAL_Driver/Src/stm32g0xx_hal_pcd.c **** 
 3133              		.loc 1 1921 1 view .LVU911
 3134 04e2 2000     		movs	r0, r4
 3135              		@ sp needed
 3136              	.LVL245:
1921:Drivers/STM32G0xx_HAL_Driver/Src/stm32g0xx_hal_pcd.c **** 
 3137              		.loc 1 1921 1 view .LVU912
 3138 04e4 F0BC     		pop	{r4, r5, r6, r7}
 3139 04e6 BB46     		mov	fp, r7
 3140 04e8 B246     		mov	r10, r6
 3141 04ea A946     		mov	r9, r5
 3142 04ec A046     		mov	r8, r4
 3143 04ee F8BD     		pop	{r3, r4, r5, r6, r7, pc}
 3144              	.LVL246:
 3145              	.L150:
1659:Drivers/STM32G0xx_HAL_Driver/Src/stm32g0xx_hal_pcd.c ****     }
 3146              		.loc 1 1659 14 view .LVU913
 3147 04f0 0124     		movs	r4, #1
 3148              	.LVL247:
1659:Drivers/STM32G0xx_HAL_Driver/Src/stm32g0xx_hal_pcd.c ****     }
 3149              		.loc 1 1659 14 view .LVU914
 3150 04f2 F6E7     		b	.L126
 3151              	.L166:
 3152              		.align	2
 3153              	.L165:
 3154 04f4 00980040 		.word	1073780736
 3155              		.cfi_endproc
 3156              	.LFE399:
 3158              		.section	.text.HAL_PCD_SOFCallback,"ax",%progbits
 3159              		.align	1
 3160              		.weak	HAL_PCD_SOFCallback
 3161              		.syntax unified
 3162              		.code	16
 3163              		.thumb_func
 3165              	HAL_PCD_SOFCallback:
 3166              	.LVL248:
 3167              	.LFB376:
1129:Drivers/STM32G0xx_HAL_Driver/Src/stm32g0xx_hal_pcd.c ****   /* Prevent unused argument(s) compilation warning */
 3168              		.loc 1 1129 1 is_stmt 1 view -0
 3169              		.cfi_startproc
 3170              		@ args = 0, pretend = 0, frame = 0
 3171              		@ frame_needed = 0, uses_anonymous_args = 0
 3172              		@ link register save eliminated.
1131:Drivers/STM32G0xx_HAL_Driver/Src/stm32g0xx_hal_pcd.c **** 
 3173              		.loc 1 1131 3 view .LVU916
1136:Drivers/STM32G0xx_HAL_Driver/Src/stm32g0xx_hal_pcd.c **** 
ARM GAS  C:\Users\Domagoj\AppData\Local\Temp\cc6jMbW9.s 			page 119


 3174              		.loc 1 1136 1 is_stmt 0 view .LVU917
 3175              		@ sp needed
 3176 0000 7047     		bx	lr
 3177              		.cfi_endproc
 3178              	.LFE376:
 3180              		.section	.text.HAL_PCD_ResetCallback,"ax",%progbits
 3181              		.align	1
 3182              		.weak	HAL_PCD_ResetCallback
 3183              		.syntax unified
 3184              		.code	16
 3185              		.thumb_func
 3187              	HAL_PCD_ResetCallback:
 3188              	.LVL249:
 3189              	.LFB377:
1144:Drivers/STM32G0xx_HAL_Driver/Src/stm32g0xx_hal_pcd.c ****   /* Prevent unused argument(s) compilation warning */
 3190              		.loc 1 1144 1 is_stmt 1 view -0
 3191              		.cfi_startproc
 3192              		@ args = 0, pretend = 0, frame = 0
 3193              		@ frame_needed = 0, uses_anonymous_args = 0
 3194              		@ link register save eliminated.
1146:Drivers/STM32G0xx_HAL_Driver/Src/stm32g0xx_hal_pcd.c **** 
 3195              		.loc 1 1146 3 view .LVU919
1151:Drivers/STM32G0xx_HAL_Driver/Src/stm32g0xx_hal_pcd.c **** 
 3196              		.loc 1 1151 1 is_stmt 0 view .LVU920
 3197              		@ sp needed
 3198 0000 7047     		bx	lr
 3199              		.cfi_endproc
 3200              	.LFE377:
 3202              		.section	.text.HAL_PCD_SuspendCallback,"ax",%progbits
 3203              		.align	1
 3204              		.weak	HAL_PCD_SuspendCallback
 3205              		.syntax unified
 3206              		.code	16
 3207              		.thumb_func
 3209              	HAL_PCD_SuspendCallback:
 3210              	.LVL250:
 3211              	.LFB378:
1159:Drivers/STM32G0xx_HAL_Driver/Src/stm32g0xx_hal_pcd.c ****   /* Prevent unused argument(s) compilation warning */
 3212              		.loc 1 1159 1 is_stmt 1 view -0
 3213              		.cfi_startproc
 3214              		@ args = 0, pretend = 0, frame = 0
 3215              		@ frame_needed = 0, uses_anonymous_args = 0
 3216              		@ link register save eliminated.
1161:Drivers/STM32G0xx_HAL_Driver/Src/stm32g0xx_hal_pcd.c **** 
 3217              		.loc 1 1161 3 view .LVU922
1166:Drivers/STM32G0xx_HAL_Driver/Src/stm32g0xx_hal_pcd.c **** 
 3218              		.loc 1 1166 1 is_stmt 0 view .LVU923
 3219              		@ sp needed
 3220 0000 7047     		bx	lr
 3221              		.cfi_endproc
 3222              	.LFE378:
 3224              		.section	.text.HAL_PCD_ResumeCallback,"ax",%progbits
 3225              		.align	1
 3226              		.weak	HAL_PCD_ResumeCallback
 3227              		.syntax unified
 3228              		.code	16
 3229              		.thumb_func
ARM GAS  C:\Users\Domagoj\AppData\Local\Temp\cc6jMbW9.s 			page 120


 3231              	HAL_PCD_ResumeCallback:
 3232              	.LVL251:
 3233              	.LFB379:
1174:Drivers/STM32G0xx_HAL_Driver/Src/stm32g0xx_hal_pcd.c ****   /* Prevent unused argument(s) compilation warning */
 3234              		.loc 1 1174 1 is_stmt 1 view -0
 3235              		.cfi_startproc
 3236              		@ args = 0, pretend = 0, frame = 0
 3237              		@ frame_needed = 0, uses_anonymous_args = 0
 3238              		@ link register save eliminated.
1176:Drivers/STM32G0xx_HAL_Driver/Src/stm32g0xx_hal_pcd.c **** 
 3239              		.loc 1 1176 3 view .LVU925
1181:Drivers/STM32G0xx_HAL_Driver/Src/stm32g0xx_hal_pcd.c **** 
 3240              		.loc 1 1181 1 is_stmt 0 view .LVU926
 3241              		@ sp needed
 3242 0000 7047     		bx	lr
 3243              		.cfi_endproc
 3244              	.LFE379:
 3246              		.section	.text.HAL_PCD_ISOOUTIncompleteCallback,"ax",%progbits
 3247              		.align	1
 3248              		.weak	HAL_PCD_ISOOUTIncompleteCallback
 3249              		.syntax unified
 3250              		.code	16
 3251              		.thumb_func
 3253              	HAL_PCD_ISOOUTIncompleteCallback:
 3254              	.LVL252:
 3255              	.LFB380:
1190:Drivers/STM32G0xx_HAL_Driver/Src/stm32g0xx_hal_pcd.c ****   /* Prevent unused argument(s) compilation warning */
 3256              		.loc 1 1190 1 is_stmt 1 view -0
 3257              		.cfi_startproc
 3258              		@ args = 0, pretend = 0, frame = 0
 3259              		@ frame_needed = 0, uses_anonymous_args = 0
 3260              		@ link register save eliminated.
1192:Drivers/STM32G0xx_HAL_Driver/Src/stm32g0xx_hal_pcd.c ****   UNUSED(epnum);
 3261              		.loc 1 1192 3 view .LVU928
1193:Drivers/STM32G0xx_HAL_Driver/Src/stm32g0xx_hal_pcd.c **** 
 3262              		.loc 1 1193 3 view .LVU929
1198:Drivers/STM32G0xx_HAL_Driver/Src/stm32g0xx_hal_pcd.c **** 
 3263              		.loc 1 1198 1 is_stmt 0 view .LVU930
 3264              		@ sp needed
 3265 0000 7047     		bx	lr
 3266              		.cfi_endproc
 3267              	.LFE380:
 3269              		.section	.text.HAL_PCD_ISOINIncompleteCallback,"ax",%progbits
 3270              		.align	1
 3271              		.weak	HAL_PCD_ISOINIncompleteCallback
 3272              		.syntax unified
 3273              		.code	16
 3274              		.thumb_func
 3276              	HAL_PCD_ISOINIncompleteCallback:
 3277              	.LVL253:
 3278              	.LFB381:
1207:Drivers/STM32G0xx_HAL_Driver/Src/stm32g0xx_hal_pcd.c ****   /* Prevent unused argument(s) compilation warning */
 3279              		.loc 1 1207 1 is_stmt 1 view -0
 3280              		.cfi_startproc
 3281              		@ args = 0, pretend = 0, frame = 0
 3282              		@ frame_needed = 0, uses_anonymous_args = 0
 3283              		@ link register save eliminated.
ARM GAS  C:\Users\Domagoj\AppData\Local\Temp\cc6jMbW9.s 			page 121


1209:Drivers/STM32G0xx_HAL_Driver/Src/stm32g0xx_hal_pcd.c ****   UNUSED(epnum);
 3284              		.loc 1 1209 3 view .LVU932
1210:Drivers/STM32G0xx_HAL_Driver/Src/stm32g0xx_hal_pcd.c **** 
 3285              		.loc 1 1210 3 view .LVU933
1215:Drivers/STM32G0xx_HAL_Driver/Src/stm32g0xx_hal_pcd.c **** 
 3286              		.loc 1 1215 1 is_stmt 0 view .LVU934
 3287              		@ sp needed
 3288 0000 7047     		bx	lr
 3289              		.cfi_endproc
 3290              	.LFE381:
 3292              		.section	.text.HAL_PCD_ConnectCallback,"ax",%progbits
 3293              		.align	1
 3294              		.weak	HAL_PCD_ConnectCallback
 3295              		.syntax unified
 3296              		.code	16
 3297              		.thumb_func
 3299              	HAL_PCD_ConnectCallback:
 3300              	.LVL254:
 3301              	.LFB382:
1223:Drivers/STM32G0xx_HAL_Driver/Src/stm32g0xx_hal_pcd.c ****   /* Prevent unused argument(s) compilation warning */
 3302              		.loc 1 1223 1 is_stmt 1 view -0
 3303              		.cfi_startproc
 3304              		@ args = 0, pretend = 0, frame = 0
 3305              		@ frame_needed = 0, uses_anonymous_args = 0
 3306              		@ link register save eliminated.
1225:Drivers/STM32G0xx_HAL_Driver/Src/stm32g0xx_hal_pcd.c **** 
 3307              		.loc 1 1225 3 view .LVU936
1230:Drivers/STM32G0xx_HAL_Driver/Src/stm32g0xx_hal_pcd.c **** 
 3308              		.loc 1 1230 1 is_stmt 0 view .LVU937
 3309              		@ sp needed
 3310 0000 7047     		bx	lr
 3311              		.cfi_endproc
 3312              	.LFE382:
 3314              		.section	.text.HAL_PCD_DisconnectCallback,"ax",%progbits
 3315              		.align	1
 3316              		.weak	HAL_PCD_DisconnectCallback
 3317              		.syntax unified
 3318              		.code	16
 3319              		.thumb_func
 3321              	HAL_PCD_DisconnectCallback:
 3322              	.LVL255:
 3323              	.LFB383:
1238:Drivers/STM32G0xx_HAL_Driver/Src/stm32g0xx_hal_pcd.c ****   /* Prevent unused argument(s) compilation warning */
 3324              		.loc 1 1238 1 is_stmt 1 view -0
 3325              		.cfi_startproc
 3326              		@ args = 0, pretend = 0, frame = 0
 3327              		@ frame_needed = 0, uses_anonymous_args = 0
 3328              		@ link register save eliminated.
1240:Drivers/STM32G0xx_HAL_Driver/Src/stm32g0xx_hal_pcd.c **** 
 3329              		.loc 1 1240 3 view .LVU939
1245:Drivers/STM32G0xx_HAL_Driver/Src/stm32g0xx_hal_pcd.c **** 
 3330              		.loc 1 1245 1 is_stmt 0 view .LVU940
 3331              		@ sp needed
 3332 0000 7047     		bx	lr
 3333              		.cfi_endproc
 3334              	.LFE383:
 3336              		.section	.text.HAL_PCD_DevConnect,"ax",%progbits
ARM GAS  C:\Users\Domagoj\AppData\Local\Temp\cc6jMbW9.s 			page 122


 3337              		.align	1
 3338              		.global	HAL_PCD_DevConnect
 3339              		.syntax unified
 3340              		.code	16
 3341              		.thumb_func
 3343              	HAL_PCD_DevConnect:
 3344              	.LVL256:
 3345              	.LFB384:
1272:Drivers/STM32G0xx_HAL_Driver/Src/stm32g0xx_hal_pcd.c ****   __HAL_LOCK(hpcd);
 3346              		.loc 1 1272 1 is_stmt 1 view -0
 3347              		.cfi_startproc
 3348              		@ args = 0, pretend = 0, frame = 0
 3349              		@ frame_needed = 0, uses_anonymous_args = 0
1272:Drivers/STM32G0xx_HAL_Driver/Src/stm32g0xx_hal_pcd.c ****   __HAL_LOCK(hpcd);
 3350              		.loc 1 1272 1 is_stmt 0 view .LVU942
 3351 0000 70B5     		push	{r4, r5, r6, lr}
 3352              	.LCFI12:
 3353              		.cfi_def_cfa_offset 16
 3354              		.cfi_offset 4, -16
 3355              		.cfi_offset 5, -12
 3356              		.cfi_offset 6, -8
 3357              		.cfi_offset 14, -4
 3358 0002 0400     		movs	r4, r0
1273:Drivers/STM32G0xx_HAL_Driver/Src/stm32g0xx_hal_pcd.c ****   (void)USB_DevConnect(hpcd->Instance);
 3359              		.loc 1 1273 3 is_stmt 1 view .LVU943
1273:Drivers/STM32G0xx_HAL_Driver/Src/stm32g0xx_hal_pcd.c ****   (void)USB_DevConnect(hpcd->Instance);
 3360              		.loc 1 1273 3 view .LVU944
 3361 0004 A523     		movs	r3, #165
 3362 0006 9B00     		lsls	r3, r3, #2
 3363 0008 C35C     		ldrb	r3, [r0, r3]
 3364 000a 012B     		cmp	r3, #1
 3365 000c 0AD0     		beq	.L177
1273:Drivers/STM32G0xx_HAL_Driver/Src/stm32g0xx_hal_pcd.c ****   (void)USB_DevConnect(hpcd->Instance);
 3366              		.loc 1 1273 3 discriminator 2 view .LVU945
 3367 000e A525     		movs	r5, #165
 3368 0010 AD00     		lsls	r5, r5, #2
 3369 0012 0123     		movs	r3, #1
 3370 0014 4355     		strb	r3, [r0, r5]
1273:Drivers/STM32G0xx_HAL_Driver/Src/stm32g0xx_hal_pcd.c ****   (void)USB_DevConnect(hpcd->Instance);
 3371              		.loc 1 1273 3 view .LVU946
1274:Drivers/STM32G0xx_HAL_Driver/Src/stm32g0xx_hal_pcd.c ****   __HAL_UNLOCK(hpcd);
 3372              		.loc 1 1274 3 view .LVU947
1274:Drivers/STM32G0xx_HAL_Driver/Src/stm32g0xx_hal_pcd.c ****   __HAL_UNLOCK(hpcd);
 3373              		.loc 1 1274 28 is_stmt 0 view .LVU948
 3374 0016 0068     		ldr	r0, [r0]
 3375              	.LVL257:
1274:Drivers/STM32G0xx_HAL_Driver/Src/stm32g0xx_hal_pcd.c ****   __HAL_UNLOCK(hpcd);
 3376              		.loc 1 1274 9 view .LVU949
 3377 0018 FFF7FEFF 		bl	USB_DevConnect
 3378              	.LVL258:
1275:Drivers/STM32G0xx_HAL_Driver/Src/stm32g0xx_hal_pcd.c **** 
 3379              		.loc 1 1275 3 is_stmt 1 view .LVU950
1275:Drivers/STM32G0xx_HAL_Driver/Src/stm32g0xx_hal_pcd.c **** 
 3380              		.loc 1 1275 3 view .LVU951
 3381 001c 0023     		movs	r3, #0
 3382 001e 6355     		strb	r3, [r4, r5]
1275:Drivers/STM32G0xx_HAL_Driver/Src/stm32g0xx_hal_pcd.c **** 
ARM GAS  C:\Users\Domagoj\AppData\Local\Temp\cc6jMbW9.s 			page 123


 3383              		.loc 1 1275 3 view .LVU952
1277:Drivers/STM32G0xx_HAL_Driver/Src/stm32g0xx_hal_pcd.c **** }
 3384              		.loc 1 1277 3 view .LVU953
1277:Drivers/STM32G0xx_HAL_Driver/Src/stm32g0xx_hal_pcd.c **** }
 3385              		.loc 1 1277 10 is_stmt 0 view .LVU954
 3386 0020 0020     		movs	r0, #0
 3387              	.L176:
1278:Drivers/STM32G0xx_HAL_Driver/Src/stm32g0xx_hal_pcd.c **** 
 3388              		.loc 1 1278 1 view .LVU955
 3389              		@ sp needed
 3390              	.LVL259:
1278:Drivers/STM32G0xx_HAL_Driver/Src/stm32g0xx_hal_pcd.c **** 
 3391              		.loc 1 1278 1 view .LVU956
 3392 0022 70BD     		pop	{r4, r5, r6, pc}
 3393              	.LVL260:
 3394              	.L177:
1273:Drivers/STM32G0xx_HAL_Driver/Src/stm32g0xx_hal_pcd.c ****   (void)USB_DevConnect(hpcd->Instance);
 3395              		.loc 1 1273 3 discriminator 1 view .LVU957
 3396 0024 0220     		movs	r0, #2
 3397              	.LVL261:
1273:Drivers/STM32G0xx_HAL_Driver/Src/stm32g0xx_hal_pcd.c ****   (void)USB_DevConnect(hpcd->Instance);
 3398              		.loc 1 1273 3 discriminator 1 view .LVU958
 3399 0026 FCE7     		b	.L176
 3400              		.cfi_endproc
 3401              	.LFE384:
 3403              		.section	.text.HAL_PCD_DevDisconnect,"ax",%progbits
 3404              		.align	1
 3405              		.global	HAL_PCD_DevDisconnect
 3406              		.syntax unified
 3407              		.code	16
 3408              		.thumb_func
 3410              	HAL_PCD_DevDisconnect:
 3411              	.LVL262:
 3412              	.LFB385:
1286:Drivers/STM32G0xx_HAL_Driver/Src/stm32g0xx_hal_pcd.c ****   __HAL_LOCK(hpcd);
 3413              		.loc 1 1286 1 is_stmt 1 view -0
 3414              		.cfi_startproc
 3415              		@ args = 0, pretend = 0, frame = 0
 3416              		@ frame_needed = 0, uses_anonymous_args = 0
1286:Drivers/STM32G0xx_HAL_Driver/Src/stm32g0xx_hal_pcd.c ****   __HAL_LOCK(hpcd);
 3417              		.loc 1 1286 1 is_stmt 0 view .LVU960
 3418 0000 70B5     		push	{r4, r5, r6, lr}
 3419              	.LCFI13:
 3420              		.cfi_def_cfa_offset 16
 3421              		.cfi_offset 4, -16
 3422              		.cfi_offset 5, -12
 3423              		.cfi_offset 6, -8
 3424              		.cfi_offset 14, -4
 3425 0002 0400     		movs	r4, r0
1287:Drivers/STM32G0xx_HAL_Driver/Src/stm32g0xx_hal_pcd.c ****   (void)USB_DevDisconnect(hpcd->Instance);
 3426              		.loc 1 1287 3 is_stmt 1 view .LVU961
1287:Drivers/STM32G0xx_HAL_Driver/Src/stm32g0xx_hal_pcd.c ****   (void)USB_DevDisconnect(hpcd->Instance);
 3427              		.loc 1 1287 3 view .LVU962
 3428 0004 A523     		movs	r3, #165
 3429 0006 9B00     		lsls	r3, r3, #2
 3430 0008 C35C     		ldrb	r3, [r0, r3]
 3431 000a 012B     		cmp	r3, #1
ARM GAS  C:\Users\Domagoj\AppData\Local\Temp\cc6jMbW9.s 			page 124


 3432 000c 0AD0     		beq	.L180
1287:Drivers/STM32G0xx_HAL_Driver/Src/stm32g0xx_hal_pcd.c ****   (void)USB_DevDisconnect(hpcd->Instance);
 3433              		.loc 1 1287 3 discriminator 2 view .LVU963
 3434 000e A525     		movs	r5, #165
 3435 0010 AD00     		lsls	r5, r5, #2
 3436 0012 0123     		movs	r3, #1
 3437 0014 4355     		strb	r3, [r0, r5]
1287:Drivers/STM32G0xx_HAL_Driver/Src/stm32g0xx_hal_pcd.c ****   (void)USB_DevDisconnect(hpcd->Instance);
 3438              		.loc 1 1287 3 view .LVU964
1288:Drivers/STM32G0xx_HAL_Driver/Src/stm32g0xx_hal_pcd.c ****   __HAL_UNLOCK(hpcd);
 3439              		.loc 1 1288 3 view .LVU965
1288:Drivers/STM32G0xx_HAL_Driver/Src/stm32g0xx_hal_pcd.c ****   __HAL_UNLOCK(hpcd);
 3440              		.loc 1 1288 31 is_stmt 0 view .LVU966
 3441 0016 0068     		ldr	r0, [r0]
 3442              	.LVL263:
1288:Drivers/STM32G0xx_HAL_Driver/Src/stm32g0xx_hal_pcd.c ****   __HAL_UNLOCK(hpcd);
 3443              		.loc 1 1288 9 view .LVU967
 3444 0018 FFF7FEFF 		bl	USB_DevDisconnect
 3445              	.LVL264:
1289:Drivers/STM32G0xx_HAL_Driver/Src/stm32g0xx_hal_pcd.c **** 
 3446              		.loc 1 1289 3 is_stmt 1 view .LVU968
1289:Drivers/STM32G0xx_HAL_Driver/Src/stm32g0xx_hal_pcd.c **** 
 3447              		.loc 1 1289 3 view .LVU969
 3448 001c 0023     		movs	r3, #0
 3449 001e 6355     		strb	r3, [r4, r5]
1289:Drivers/STM32G0xx_HAL_Driver/Src/stm32g0xx_hal_pcd.c **** 
 3450              		.loc 1 1289 3 view .LVU970
1291:Drivers/STM32G0xx_HAL_Driver/Src/stm32g0xx_hal_pcd.c **** }
 3451              		.loc 1 1291 3 view .LVU971
1291:Drivers/STM32G0xx_HAL_Driver/Src/stm32g0xx_hal_pcd.c **** }
 3452              		.loc 1 1291 10 is_stmt 0 view .LVU972
 3453 0020 0020     		movs	r0, #0
 3454              	.L179:
1292:Drivers/STM32G0xx_HAL_Driver/Src/stm32g0xx_hal_pcd.c **** 
 3455              		.loc 1 1292 1 view .LVU973
 3456              		@ sp needed
 3457              	.LVL265:
1292:Drivers/STM32G0xx_HAL_Driver/Src/stm32g0xx_hal_pcd.c **** 
 3458              		.loc 1 1292 1 view .LVU974
 3459 0022 70BD     		pop	{r4, r5, r6, pc}
 3460              	.LVL266:
 3461              	.L180:
1287:Drivers/STM32G0xx_HAL_Driver/Src/stm32g0xx_hal_pcd.c ****   (void)USB_DevDisconnect(hpcd->Instance);
 3462              		.loc 1 1287 3 discriminator 1 view .LVU975
 3463 0024 0220     		movs	r0, #2
 3464              	.LVL267:
1287:Drivers/STM32G0xx_HAL_Driver/Src/stm32g0xx_hal_pcd.c ****   (void)USB_DevDisconnect(hpcd->Instance);
 3465              		.loc 1 1287 3 discriminator 1 view .LVU976
 3466 0026 FCE7     		b	.L179
 3467              		.cfi_endproc
 3468              	.LFE385:
 3470              		.section	.text.HAL_PCD_SetAddress,"ax",%progbits
 3471              		.align	1
 3472              		.global	HAL_PCD_SetAddress
 3473              		.syntax unified
 3474              		.code	16
 3475              		.thumb_func
ARM GAS  C:\Users\Domagoj\AppData\Local\Temp\cc6jMbW9.s 			page 125


 3477              	HAL_PCD_SetAddress:
 3478              	.LVL268:
 3479              	.LFB386:
1301:Drivers/STM32G0xx_HAL_Driver/Src/stm32g0xx_hal_pcd.c ****   __HAL_LOCK(hpcd);
 3480              		.loc 1 1301 1 is_stmt 1 view -0
 3481              		.cfi_startproc
 3482              		@ args = 0, pretend = 0, frame = 0
 3483              		@ frame_needed = 0, uses_anonymous_args = 0
1301:Drivers/STM32G0xx_HAL_Driver/Src/stm32g0xx_hal_pcd.c ****   __HAL_LOCK(hpcd);
 3484              		.loc 1 1301 1 is_stmt 0 view .LVU978
 3485 0000 70B5     		push	{r4, r5, r6, lr}
 3486              	.LCFI14:
 3487              		.cfi_def_cfa_offset 16
 3488              		.cfi_offset 4, -16
 3489              		.cfi_offset 5, -12
 3490              		.cfi_offset 6, -8
 3491              		.cfi_offset 14, -4
 3492 0002 0400     		movs	r4, r0
1302:Drivers/STM32G0xx_HAL_Driver/Src/stm32g0xx_hal_pcd.c ****   hpcd->USB_Address = address;
 3493              		.loc 1 1302 3 is_stmt 1 view .LVU979
1302:Drivers/STM32G0xx_HAL_Driver/Src/stm32g0xx_hal_pcd.c ****   hpcd->USB_Address = address;
 3494              		.loc 1 1302 3 view .LVU980
 3495 0004 A523     		movs	r3, #165
 3496 0006 9B00     		lsls	r3, r3, #2
 3497 0008 C35C     		ldrb	r3, [r0, r3]
 3498 000a 012B     		cmp	r3, #1
 3499 000c 0BD0     		beq	.L183
1302:Drivers/STM32G0xx_HAL_Driver/Src/stm32g0xx_hal_pcd.c ****   hpcd->USB_Address = address;
 3500              		.loc 1 1302 3 discriminator 2 view .LVU981
 3501 000e A525     		movs	r5, #165
 3502 0010 AD00     		lsls	r5, r5, #2
 3503 0012 0123     		movs	r3, #1
 3504 0014 4355     		strb	r3, [r0, r5]
1302:Drivers/STM32G0xx_HAL_Driver/Src/stm32g0xx_hal_pcd.c ****   hpcd->USB_Address = address;
 3505              		.loc 1 1302 3 view .LVU982
1303:Drivers/STM32G0xx_HAL_Driver/Src/stm32g0xx_hal_pcd.c ****   (void)USB_SetDevAddress(hpcd->Instance, address);
 3506              		.loc 1 1303 3 view .LVU983
1303:Drivers/STM32G0xx_HAL_Driver/Src/stm32g0xx_hal_pcd.c ****   (void)USB_SetDevAddress(hpcd->Instance, address);
 3507              		.loc 1 1303 21 is_stmt 0 view .LVU984
 3508 0016 4174     		strb	r1, [r0, #17]
1304:Drivers/STM32G0xx_HAL_Driver/Src/stm32g0xx_hal_pcd.c ****   __HAL_UNLOCK(hpcd);
 3509              		.loc 1 1304 3 is_stmt 1 view .LVU985
1304:Drivers/STM32G0xx_HAL_Driver/Src/stm32g0xx_hal_pcd.c ****   __HAL_UNLOCK(hpcd);
 3510              		.loc 1 1304 31 is_stmt 0 view .LVU986
 3511 0018 0068     		ldr	r0, [r0]
 3512              	.LVL269:
1304:Drivers/STM32G0xx_HAL_Driver/Src/stm32g0xx_hal_pcd.c ****   __HAL_UNLOCK(hpcd);
 3513              		.loc 1 1304 9 view .LVU987
 3514 001a FFF7FEFF 		bl	USB_SetDevAddress
 3515              	.LVL270:
1305:Drivers/STM32G0xx_HAL_Driver/Src/stm32g0xx_hal_pcd.c **** 
 3516              		.loc 1 1305 3 is_stmt 1 view .LVU988
1305:Drivers/STM32G0xx_HAL_Driver/Src/stm32g0xx_hal_pcd.c **** 
 3517              		.loc 1 1305 3 view .LVU989
 3518 001e 0023     		movs	r3, #0
 3519 0020 6355     		strb	r3, [r4, r5]
1305:Drivers/STM32G0xx_HAL_Driver/Src/stm32g0xx_hal_pcd.c **** 
ARM GAS  C:\Users\Domagoj\AppData\Local\Temp\cc6jMbW9.s 			page 126


 3520              		.loc 1 1305 3 view .LVU990
1307:Drivers/STM32G0xx_HAL_Driver/Src/stm32g0xx_hal_pcd.c **** }
 3521              		.loc 1 1307 3 view .LVU991
1307:Drivers/STM32G0xx_HAL_Driver/Src/stm32g0xx_hal_pcd.c **** }
 3522              		.loc 1 1307 10 is_stmt 0 view .LVU992
 3523 0022 0020     		movs	r0, #0
 3524              	.L182:
1308:Drivers/STM32G0xx_HAL_Driver/Src/stm32g0xx_hal_pcd.c **** /**
 3525              		.loc 1 1308 1 view .LVU993
 3526              		@ sp needed
 3527              	.LVL271:
1308:Drivers/STM32G0xx_HAL_Driver/Src/stm32g0xx_hal_pcd.c **** /**
 3528              		.loc 1 1308 1 view .LVU994
 3529 0024 70BD     		pop	{r4, r5, r6, pc}
 3530              	.LVL272:
 3531              	.L183:
1302:Drivers/STM32G0xx_HAL_Driver/Src/stm32g0xx_hal_pcd.c ****   hpcd->USB_Address = address;
 3532              		.loc 1 1302 3 discriminator 1 view .LVU995
 3533 0026 0220     		movs	r0, #2
 3534              	.LVL273:
1302:Drivers/STM32G0xx_HAL_Driver/Src/stm32g0xx_hal_pcd.c ****   hpcd->USB_Address = address;
 3535              		.loc 1 1302 3 discriminator 1 view .LVU996
 3536 0028 FCE7     		b	.L182
 3537              		.cfi_endproc
 3538              	.LFE386:
 3540              		.section	.text.HAL_PCD_IRQHandler,"ax",%progbits
 3541              		.align	1
 3542              		.global	HAL_PCD_IRQHandler
 3543              		.syntax unified
 3544              		.code	16
 3545              		.thumb_func
 3547              	HAL_PCD_IRQHandler:
 3548              	.LVL274:
 3549              	.LFB372:
 930:Drivers/STM32G0xx_HAL_Driver/Src/stm32g0xx_hal_pcd.c ****   uint32_t wIstr = USB_ReadInterrupts(hpcd->Instance);
 3550              		.loc 1 930 1 is_stmt 1 view -0
 3551              		.cfi_startproc
 3552              		@ args = 0, pretend = 0, frame = 0
 3553              		@ frame_needed = 0, uses_anonymous_args = 0
 930:Drivers/STM32G0xx_HAL_Driver/Src/stm32g0xx_hal_pcd.c ****   uint32_t wIstr = USB_ReadInterrupts(hpcd->Instance);
 3554              		.loc 1 930 1 is_stmt 0 view .LVU998
 3555 0000 10B5     		push	{r4, lr}
 3556              	.LCFI15:
 3557              		.cfi_def_cfa_offset 8
 3558              		.cfi_offset 4, -8
 3559              		.cfi_offset 14, -4
 3560 0002 0400     		movs	r4, r0
 931:Drivers/STM32G0xx_HAL_Driver/Src/stm32g0xx_hal_pcd.c **** 
 3561              		.loc 1 931 3 is_stmt 1 view .LVU999
 931:Drivers/STM32G0xx_HAL_Driver/Src/stm32g0xx_hal_pcd.c **** 
 3562              		.loc 1 931 43 is_stmt 0 view .LVU1000
 3563 0004 0068     		ldr	r0, [r0]
 3564              	.LVL275:
 931:Drivers/STM32G0xx_HAL_Driver/Src/stm32g0xx_hal_pcd.c **** 
 3565              		.loc 1 931 20 view .LVU1001
 3566 0006 FFF7FEFF 		bl	USB_ReadInterrupts
 3567              	.LVL276:
ARM GAS  C:\Users\Domagoj\AppData\Local\Temp\cc6jMbW9.s 			page 127


 934:Drivers/STM32G0xx_HAL_Driver/Src/stm32g0xx_hal_pcd.c ****   {
 3568              		.loc 1 934 3 is_stmt 1 view .LVU1002
 934:Drivers/STM32G0xx_HAL_Driver/Src/stm32g0xx_hal_pcd.c ****   {
 3569              		.loc 1 934 26 is_stmt 0 view .LVU1003
 3570 000a 5049     		ldr	r1, .L208
 3571 000c A022     		movs	r2, #160
 3572 000e 8A58     		ldr	r2, [r1, r2]
 934:Drivers/STM32G0xx_HAL_Driver/Src/stm32g0xx_hal_pcd.c ****   {
 3573              		.loc 1 934 6 view .LVU1004
 3574 0010 5207     		lsls	r2, r2, #29
 3575 0012 2ED5     		bpl	.L184
 939:Drivers/STM32G0xx_HAL_Driver/Src/stm32g0xx_hal_pcd.c ****   {
 3576              		.loc 1 939 3 is_stmt 1 view .LVU1005
 939:Drivers/STM32G0xx_HAL_Driver/Src/stm32g0xx_hal_pcd.c ****   {
 3577              		.loc 1 939 6 is_stmt 0 view .LVU1006
 3578 0014 0204     		lsls	r2, r0, #16
 3579 0016 16D4     		bmi	.L199
 948:Drivers/STM32G0xx_HAL_Driver/Src/stm32g0xx_hal_pcd.c ****   {
 3580              		.loc 1 948 3 is_stmt 1 view .LVU1007
 948:Drivers/STM32G0xx_HAL_Driver/Src/stm32g0xx_hal_pcd.c ****   {
 3581              		.loc 1 948 6 is_stmt 0 view .LVU1008
 3582 0018 4205     		lsls	r2, r0, #21
 3583 001a 18D4     		bmi	.L200
 963:Drivers/STM32G0xx_HAL_Driver/Src/stm32g0xx_hal_pcd.c ****   {
 3584              		.loc 1 963 3 is_stmt 1 view .LVU1009
 963:Drivers/STM32G0xx_HAL_Driver/Src/stm32g0xx_hal_pcd.c ****   {
 3585              		.loc 1 963 6 is_stmt 0 view .LVU1010
 3586 001c 4204     		lsls	r2, r0, #17
 3587 001e 23D4     		bmi	.L201
 970:Drivers/STM32G0xx_HAL_Driver/Src/stm32g0xx_hal_pcd.c ****   {
 3588              		.loc 1 970 3 is_stmt 1 view .LVU1011
 970:Drivers/STM32G0xx_HAL_Driver/Src/stm32g0xx_hal_pcd.c ****   {
 3589              		.loc 1 970 6 is_stmt 0 view .LVU1012
 3590 0020 8204     		lsls	r2, r0, #18
 3591 0022 27D4     		bmi	.L202
 977:Drivers/STM32G0xx_HAL_Driver/Src/stm32g0xx_hal_pcd.c ****   {
 3592              		.loc 1 977 3 is_stmt 1 view .LVU1013
 977:Drivers/STM32G0xx_HAL_Driver/Src/stm32g0xx_hal_pcd.c ****   {
 3593              		.loc 1 977 6 is_stmt 0 view .LVU1014
 3594 0024 C204     		lsls	r2, r0, #19
 3595 0026 2BD4     		bmi	.L203
1003:Drivers/STM32G0xx_HAL_Driver/Src/stm32g0xx_hal_pcd.c ****   {
 3596              		.loc 1 1003 3 is_stmt 1 view .LVU1015
1003:Drivers/STM32G0xx_HAL_Driver/Src/stm32g0xx_hal_pcd.c ****   {
 3597              		.loc 1 1003 6 is_stmt 0 view .LVU1016
 3598 0028 0205     		lsls	r2, r0, #20
 3599 002a 4AD4     		bmi	.L204
1023:Drivers/STM32G0xx_HAL_Driver/Src/stm32g0xx_hal_pcd.c ****   {
 3600              		.loc 1 1023 3 is_stmt 1 view .LVU1017
1023:Drivers/STM32G0xx_HAL_Driver/Src/stm32g0xx_hal_pcd.c ****   {
 3601              		.loc 1 1023 6 is_stmt 0 view .LVU1018
 3602 002c 0206     		lsls	r2, r0, #24
 3603 002e 5BD4     		bmi	.L205
1052:Drivers/STM32G0xx_HAL_Driver/Src/stm32g0xx_hal_pcd.c ****   {
 3604              		.loc 1 1052 3 is_stmt 1 view .LVU1019
1052:Drivers/STM32G0xx_HAL_Driver/Src/stm32g0xx_hal_pcd.c ****   {
 3605              		.loc 1 1052 6 is_stmt 0 view .LVU1020
ARM GAS  C:\Users\Domagoj\AppData\Local\Temp\cc6jMbW9.s 			page 128


 3606 0030 8205     		lsls	r2, r0, #22
 3607 0032 00D5     		bpl	.LCB3337
 3608 0034 81E0     		b	.L206	@long jump
 3609              	.LCB3337:
1065:Drivers/STM32G0xx_HAL_Driver/Src/stm32g0xx_hal_pcd.c ****   {
 3610              		.loc 1 1065 3 is_stmt 1 view .LVU1021
1065:Drivers/STM32G0xx_HAL_Driver/Src/stm32g0xx_hal_pcd.c ****   {
 3611              		.loc 1 1065 6 is_stmt 0 view .LVU1022
 3612 0036 C005     		lsls	r0, r0, #23
 3613 0038 1BD5     		bpl	.L184
 3614              	.LVL277:
1068:Drivers/STM32G0xx_HAL_Driver/Src/stm32g0xx_hal_pcd.c **** 
 3615              		.loc 1 1068 5 is_stmt 1 view .LVU1023
 3616 003a 2268     		ldr	r2, [r4]
 3617 003c 536C     		ldr	r3, [r2, #68]
 3618 003e 4449     		ldr	r1, .L208+4
 3619 0040 0B40     		ands	r3, r1
 3620 0042 5364     		str	r3, [r2, #68]
1070:Drivers/STM32G0xx_HAL_Driver/Src/stm32g0xx_hal_pcd.c ****   }
 3621              		.loc 1 1070 5 view .LVU1024
 3622 0044 15E0     		b	.L184
 3623              	.LVL278:
 3624              	.L199:
 943:Drivers/STM32G0xx_HAL_Driver/Src/stm32g0xx_hal_pcd.c **** 
 3625              		.loc 1 943 5 view .LVU1025
 943:Drivers/STM32G0xx_HAL_Driver/Src/stm32g0xx_hal_pcd.c **** 
 3626              		.loc 1 943 11 is_stmt 0 view .LVU1026
 3627 0046 2000     		movs	r0, r4
 3628              	.LVL279:
 943:Drivers/STM32G0xx_HAL_Driver/Src/stm32g0xx_hal_pcd.c **** 
 3629              		.loc 1 943 11 view .LVU1027
 3630 0048 FFF7FEFF 		bl	PCD_EP_ISR_Handler
 3631              	.LVL280:
 945:Drivers/STM32G0xx_HAL_Driver/Src/stm32g0xx_hal_pcd.c ****   }
 3632              		.loc 1 945 5 is_stmt 1 view .LVU1028
 3633 004c 11E0     		b	.L184
 3634              	.LVL281:
 3635              	.L200:
 950:Drivers/STM32G0xx_HAL_Driver/Src/stm32g0xx_hal_pcd.c **** 
 3636              		.loc 1 950 5 view .LVU1029
 3637 004e 2268     		ldr	r2, [r4]
 3638 0050 536C     		ldr	r3, [r2, #68]
 3639 0052 4049     		ldr	r1, .L208+8
 3640 0054 0B40     		ands	r3, r1
 3641 0056 5364     		str	r3, [r2, #68]
 955:Drivers/STM32G0xx_HAL_Driver/Src/stm32g0xx_hal_pcd.c **** #endif /* USE_HAL_PCD_REGISTER_CALLBACKS */
 3642              		.loc 1 955 5 view .LVU1030
 3643 0058 2000     		movs	r0, r4
 3644              	.LVL282:
 955:Drivers/STM32G0xx_HAL_Driver/Src/stm32g0xx_hal_pcd.c **** #endif /* USE_HAL_PCD_REGISTER_CALLBACKS */
 3645              		.loc 1 955 5 is_stmt 0 view .LVU1031
 3646 005a FFF7FEFF 		bl	HAL_PCD_ResetCallback
 3647              	.LVL283:
 958:Drivers/STM32G0xx_HAL_Driver/Src/stm32g0xx_hal_pcd.c **** 
 3648              		.loc 1 958 5 is_stmt 1 view .LVU1032
 958:Drivers/STM32G0xx_HAL_Driver/Src/stm32g0xx_hal_pcd.c **** 
 3649              		.loc 1 958 11 is_stmt 0 view .LVU1033
ARM GAS  C:\Users\Domagoj\AppData\Local\Temp\cc6jMbW9.s 			page 129


 3650 005e 0021     		movs	r1, #0
 3651 0060 2000     		movs	r0, r4
 3652 0062 FFF7FEFF 		bl	HAL_PCD_SetAddress
 3653              	.LVL284:
 960:Drivers/STM32G0xx_HAL_Driver/Src/stm32g0xx_hal_pcd.c ****   }
 3654              		.loc 1 960 5 is_stmt 1 view .LVU1034
 3655 0066 04E0     		b	.L184
 3656              	.LVL285:
 3657              	.L201:
 965:Drivers/STM32G0xx_HAL_Driver/Src/stm32g0xx_hal_pcd.c **** 
 3658              		.loc 1 965 5 view .LVU1035
 3659 0068 2268     		ldr	r2, [r4]
 3660 006a 536C     		ldr	r3, [r2, #68]
 3661 006c 3A49     		ldr	r1, .L208+12
 3662 006e 0B40     		ands	r3, r1
 3663 0070 5364     		str	r3, [r2, #68]
 967:Drivers/STM32G0xx_HAL_Driver/Src/stm32g0xx_hal_pcd.c ****   }
 3664              		.loc 1 967 5 view .LVU1036
 3665              	.LVL286:
 3666              	.L184:
1072:Drivers/STM32G0xx_HAL_Driver/Src/stm32g0xx_hal_pcd.c **** 
 3667              		.loc 1 1072 1 is_stmt 0 view .LVU1037
 3668              		@ sp needed
 3669              	.LVL287:
1072:Drivers/STM32G0xx_HAL_Driver/Src/stm32g0xx_hal_pcd.c **** 
 3670              		.loc 1 1072 1 view .LVU1038
 3671 0072 10BD     		pop	{r4, pc}
 3672              	.LVL288:
 3673              	.L202:
 972:Drivers/STM32G0xx_HAL_Driver/Src/stm32g0xx_hal_pcd.c **** 
 3674              		.loc 1 972 5 is_stmt 1 view .LVU1039
 3675 0074 2268     		ldr	r2, [r4]
 3676 0076 536C     		ldr	r3, [r2, #68]
 3677 0078 3849     		ldr	r1, .L208+16
 3678 007a 0B40     		ands	r3, r1
 3679 007c 5364     		str	r3, [r2, #68]
 974:Drivers/STM32G0xx_HAL_Driver/Src/stm32g0xx_hal_pcd.c ****   }
 3680              		.loc 1 974 5 view .LVU1040
 3681 007e F8E7     		b	.L184
 3682              	.L203:
 979:Drivers/STM32G0xx_HAL_Driver/Src/stm32g0xx_hal_pcd.c ****     hpcd->Instance->CNTR &= ~(USB_CNTR_SUSPEN);
 3683              		.loc 1 979 5 view .LVU1041
 979:Drivers/STM32G0xx_HAL_Driver/Src/stm32g0xx_hal_pcd.c ****     hpcd->Instance->CNTR &= ~(USB_CNTR_SUSPEN);
 3684              		.loc 1 979 9 is_stmt 0 view .LVU1042
 3685 0080 2268     		ldr	r2, [r4]
 979:Drivers/STM32G0xx_HAL_Driver/Src/stm32g0xx_hal_pcd.c ****     hpcd->Instance->CNTR &= ~(USB_CNTR_SUSPEN);
 3686              		.loc 1 979 19 view .LVU1043
 3687 0082 136C     		ldr	r3, [r2, #64]
 979:Drivers/STM32G0xx_HAL_Driver/Src/stm32g0xx_hal_pcd.c ****     hpcd->Instance->CNTR &= ~(USB_CNTR_SUSPEN);
 3688              		.loc 1 979 26 view .LVU1044
 3689 0084 0421     		movs	r1, #4
 3690 0086 8B43     		bics	r3, r1
 3691 0088 1364     		str	r3, [r2, #64]
 980:Drivers/STM32G0xx_HAL_Driver/Src/stm32g0xx_hal_pcd.c **** 
 3692              		.loc 1 980 5 is_stmt 1 view .LVU1045
 980:Drivers/STM32G0xx_HAL_Driver/Src/stm32g0xx_hal_pcd.c **** 
 3693              		.loc 1 980 9 is_stmt 0 view .LVU1046
ARM GAS  C:\Users\Domagoj\AppData\Local\Temp\cc6jMbW9.s 			page 130


 3694 008a 2268     		ldr	r2, [r4]
 980:Drivers/STM32G0xx_HAL_Driver/Src/stm32g0xx_hal_pcd.c **** 
 3695              		.loc 1 980 19 view .LVU1047
 3696 008c 136C     		ldr	r3, [r2, #64]
 980:Drivers/STM32G0xx_HAL_Driver/Src/stm32g0xx_hal_pcd.c **** 
 3697              		.loc 1 980 26 view .LVU1048
 3698 008e 0431     		adds	r1, r1, #4
 3699 0090 8B43     		bics	r3, r1
 3700 0092 1364     		str	r3, [r2, #64]
 982:Drivers/STM32G0xx_HAL_Driver/Src/stm32g0xx_hal_pcd.c ****     {
 3701              		.loc 1 982 5 is_stmt 1 view .LVU1049
 982:Drivers/STM32G0xx_HAL_Driver/Src/stm32g0xx_hal_pcd.c ****     {
 3702              		.loc 1 982 13 is_stmt 0 view .LVU1050
 3703 0094 B323     		movs	r3, #179
 3704 0096 9B00     		lsls	r3, r3, #2
 3705 0098 E35C     		ldrb	r3, [r4, r3]
 982:Drivers/STM32G0xx_HAL_Driver/Src/stm32g0xx_hal_pcd.c ****     {
 3706              		.loc 1 982 8 view .LVU1051
 3707 009a 012B     		cmp	r3, #1
 3708 009c 08D0     		beq	.L207
 3709              	.LVL289:
 3710              	.L191:
 995:Drivers/STM32G0xx_HAL_Driver/Src/stm32g0xx_hal_pcd.c **** #endif /* USE_HAL_PCD_REGISTER_CALLBACKS */
 3711              		.loc 1 995 5 is_stmt 1 view .LVU1052
 3712 009e 2000     		movs	r0, r4
 3713 00a0 FFF7FEFF 		bl	HAL_PCD_ResumeCallback
 3714              	.LVL290:
 998:Drivers/STM32G0xx_HAL_Driver/Src/stm32g0xx_hal_pcd.c **** 
 3715              		.loc 1 998 5 view .LVU1053
 3716 00a4 2268     		ldr	r2, [r4]
 3717 00a6 536C     		ldr	r3, [r2, #68]
 3718 00a8 2D49     		ldr	r1, .L208+20
 3719 00aa 0B40     		ands	r3, r1
 3720 00ac 5364     		str	r3, [r2, #68]
1000:Drivers/STM32G0xx_HAL_Driver/Src/stm32g0xx_hal_pcd.c ****   }
 3721              		.loc 1 1000 5 view .LVU1054
 3722 00ae E0E7     		b	.L184
 3723              	.LVL291:
 3724              	.L207:
 984:Drivers/STM32G0xx_HAL_Driver/Src/stm32g0xx_hal_pcd.c **** #if (USE_HAL_PCD_REGISTER_CALLBACKS == 1U)
 3725              		.loc 1 984 7 view .LVU1055
 984:Drivers/STM32G0xx_HAL_Driver/Src/stm32g0xx_hal_pcd.c **** #if (USE_HAL_PCD_REGISTER_CALLBACKS == 1U)
 3726              		.loc 1 984 23 is_stmt 0 view .LVU1056
 3727 00b0 B323     		movs	r3, #179
 3728 00b2 9B00     		lsls	r3, r3, #2
 3729 00b4 0022     		movs	r2, #0
 3730 00b6 E254     		strb	r2, [r4, r3]
 988:Drivers/STM32G0xx_HAL_Driver/Src/stm32g0xx_hal_pcd.c **** #endif /* USE_HAL_PCD_REGISTER_CALLBACKS */
 3731              		.loc 1 988 7 is_stmt 1 view .LVU1057
 3732 00b8 0021     		movs	r1, #0
 3733 00ba 2000     		movs	r0, r4
 3734              	.LVL292:
 988:Drivers/STM32G0xx_HAL_Driver/Src/stm32g0xx_hal_pcd.c **** #endif /* USE_HAL_PCD_REGISTER_CALLBACKS */
 3735              		.loc 1 988 7 is_stmt 0 view .LVU1058
 3736 00bc FFF7FEFF 		bl	HAL_PCDEx_LPM_Callback
 3737              	.LVL293:
 3738 00c0 EDE7     		b	.L191
ARM GAS  C:\Users\Domagoj\AppData\Local\Temp\cc6jMbW9.s 			page 131


 3739              	.LVL294:
 3740              	.L204:
1006:Drivers/STM32G0xx_HAL_Driver/Src/stm32g0xx_hal_pcd.c **** 
 3741              		.loc 1 1006 5 is_stmt 1 view .LVU1059
1006:Drivers/STM32G0xx_HAL_Driver/Src/stm32g0xx_hal_pcd.c **** 
 3742              		.loc 1 1006 9 is_stmt 0 view .LVU1060
 3743 00c2 2268     		ldr	r2, [r4]
1006:Drivers/STM32G0xx_HAL_Driver/Src/stm32g0xx_hal_pcd.c **** 
 3744              		.loc 1 1006 19 view .LVU1061
 3745 00c4 136C     		ldr	r3, [r2, #64]
1006:Drivers/STM32G0xx_HAL_Driver/Src/stm32g0xx_hal_pcd.c **** 
 3746              		.loc 1 1006 26 view .LVU1062
 3747 00c6 0821     		movs	r1, #8
 3748 00c8 0B43     		orrs	r3, r1
 3749 00ca 1364     		str	r3, [r2, #64]
1009:Drivers/STM32G0xx_HAL_Driver/Src/stm32g0xx_hal_pcd.c **** 
 3750              		.loc 1 1009 5 is_stmt 1 view .LVU1063
 3751 00cc 2268     		ldr	r2, [r4]
 3752 00ce 536C     		ldr	r3, [r2, #68]
 3753 00d0 2449     		ldr	r1, .L208+24
 3754 00d2 0B40     		ands	r3, r1
 3755 00d4 5364     		str	r3, [r2, #68]
1011:Drivers/STM32G0xx_HAL_Driver/Src/stm32g0xx_hal_pcd.c **** 
 3756              		.loc 1 1011 5 view .LVU1064
1011:Drivers/STM32G0xx_HAL_Driver/Src/stm32g0xx_hal_pcd.c **** 
 3757              		.loc 1 1011 9 is_stmt 0 view .LVU1065
 3758 00d6 2268     		ldr	r2, [r4]
1011:Drivers/STM32G0xx_HAL_Driver/Src/stm32g0xx_hal_pcd.c **** 
 3759              		.loc 1 1011 19 view .LVU1066
 3760 00d8 136C     		ldr	r3, [r2, #64]
1011:Drivers/STM32G0xx_HAL_Driver/Src/stm32g0xx_hal_pcd.c **** 
 3761              		.loc 1 1011 26 view .LVU1067
 3762 00da 0421     		movs	r1, #4
 3763 00dc 0B43     		orrs	r3, r1
 3764 00de 1364     		str	r3, [r2, #64]
1016:Drivers/STM32G0xx_HAL_Driver/Src/stm32g0xx_hal_pcd.c **** #endif /* USE_HAL_PCD_REGISTER_CALLBACKS */
 3765              		.loc 1 1016 5 is_stmt 1 view .LVU1068
 3766 00e0 2000     		movs	r0, r4
 3767              	.LVL295:
1016:Drivers/STM32G0xx_HAL_Driver/Src/stm32g0xx_hal_pcd.c **** #endif /* USE_HAL_PCD_REGISTER_CALLBACKS */
 3768              		.loc 1 1016 5 is_stmt 0 view .LVU1069
 3769 00e2 FFF7FEFF 		bl	HAL_PCD_SuspendCallback
 3770              	.LVL296:
1019:Drivers/STM32G0xx_HAL_Driver/Src/stm32g0xx_hal_pcd.c ****   }
 3771              		.loc 1 1019 5 is_stmt 1 view .LVU1070
 3772 00e6 C4E7     		b	.L184
 3773              	.LVL297:
 3774              	.L205:
1025:Drivers/STM32G0xx_HAL_Driver/Src/stm32g0xx_hal_pcd.c ****     if (hpcd->LPM_State == LPM_L0)
 3775              		.loc 1 1025 5 view .LVU1071
 3776 00e8 2268     		ldr	r2, [r4]
 3777 00ea 536C     		ldr	r3, [r2, #68]
 3778 00ec 1E49     		ldr	r1, .L208+28
 3779 00ee 0B40     		ands	r3, r1
 3780 00f0 5364     		str	r3, [r2, #68]
1026:Drivers/STM32G0xx_HAL_Driver/Src/stm32g0xx_hal_pcd.c ****     {
 3781              		.loc 1 1026 5 view .LVU1072
ARM GAS  C:\Users\Domagoj\AppData\Local\Temp\cc6jMbW9.s 			page 132


1026:Drivers/STM32G0xx_HAL_Driver/Src/stm32g0xx_hal_pcd.c ****     {
 3782              		.loc 1 1026 13 is_stmt 0 view .LVU1073
 3783 00f2 B323     		movs	r3, #179
 3784 00f4 9B00     		lsls	r3, r3, #2
 3785 00f6 E35C     		ldrb	r3, [r4, r3]
1026:Drivers/STM32G0xx_HAL_Driver/Src/stm32g0xx_hal_pcd.c ****     {
 3786              		.loc 1 1026 8 view .LVU1074
 3787 00f8 002B     		cmp	r3, #0
 3788 00fa 1AD1     		bne	.L194
1029:Drivers/STM32G0xx_HAL_Driver/Src/stm32g0xx_hal_pcd.c ****       hpcd->Instance->CNTR |= USB_CNTR_SUSPEN;
 3789              		.loc 1 1029 7 is_stmt 1 view .LVU1075
1029:Drivers/STM32G0xx_HAL_Driver/Src/stm32g0xx_hal_pcd.c ****       hpcd->Instance->CNTR |= USB_CNTR_SUSPEN;
 3790              		.loc 1 1029 11 is_stmt 0 view .LVU1076
 3791 00fc 2268     		ldr	r2, [r4]
1029:Drivers/STM32G0xx_HAL_Driver/Src/stm32g0xx_hal_pcd.c ****       hpcd->Instance->CNTR |= USB_CNTR_SUSPEN;
 3792              		.loc 1 1029 21 view .LVU1077
 3793 00fe 136C     		ldr	r3, [r2, #64]
1029:Drivers/STM32G0xx_HAL_Driver/Src/stm32g0xx_hal_pcd.c ****       hpcd->Instance->CNTR |= USB_CNTR_SUSPEN;
 3794              		.loc 1 1029 28 view .LVU1078
 3795 0100 0421     		movs	r1, #4
 3796 0102 0B43     		orrs	r3, r1
 3797 0104 1364     		str	r3, [r2, #64]
1030:Drivers/STM32G0xx_HAL_Driver/Src/stm32g0xx_hal_pcd.c **** 
 3798              		.loc 1 1030 7 is_stmt 1 view .LVU1079
1030:Drivers/STM32G0xx_HAL_Driver/Src/stm32g0xx_hal_pcd.c **** 
 3799              		.loc 1 1030 11 is_stmt 0 view .LVU1080
 3800 0106 2268     		ldr	r2, [r4]
1030:Drivers/STM32G0xx_HAL_Driver/Src/stm32g0xx_hal_pcd.c **** 
 3801              		.loc 1 1030 21 view .LVU1081
 3802 0108 136C     		ldr	r3, [r2, #64]
1030:Drivers/STM32G0xx_HAL_Driver/Src/stm32g0xx_hal_pcd.c **** 
 3803              		.loc 1 1030 28 view .LVU1082
 3804 010a 0431     		adds	r1, r1, #4
 3805 010c 0B43     		orrs	r3, r1
 3806 010e 1364     		str	r3, [r2, #64]
1032:Drivers/STM32G0xx_HAL_Driver/Src/stm32g0xx_hal_pcd.c ****       hpcd->BESL = ((uint32_t)hpcd->Instance->LPMCSR & USB_LPMCSR_BESL) >> 2;
 3807              		.loc 1 1032 7 is_stmt 1 view .LVU1083
1032:Drivers/STM32G0xx_HAL_Driver/Src/stm32g0xx_hal_pcd.c ****       hpcd->BESL = ((uint32_t)hpcd->Instance->LPMCSR & USB_LPMCSR_BESL) >> 2;
 3808              		.loc 1 1032 23 is_stmt 0 view .LVU1084
 3809 0110 B323     		movs	r3, #179
 3810 0112 9B00     		lsls	r3, r3, #2
 3811 0114 0122     		movs	r2, #1
 3812 0116 E254     		strb	r2, [r4, r3]
1033:Drivers/STM32G0xx_HAL_Driver/Src/stm32g0xx_hal_pcd.c **** #if (USE_HAL_PCD_REGISTER_CALLBACKS == 1U)
 3813              		.loc 1 1033 7 is_stmt 1 view .LVU1085
1033:Drivers/STM32G0xx_HAL_Driver/Src/stm32g0xx_hal_pcd.c **** #if (USE_HAL_PCD_REGISTER_CALLBACKS == 1U)
 3814              		.loc 1 1033 35 is_stmt 0 view .LVU1086
 3815 0118 2368     		ldr	r3, [r4]
1033:Drivers/STM32G0xx_HAL_Driver/Src/stm32g0xx_hal_pcd.c **** #if (USE_HAL_PCD_REGISTER_CALLBACKS == 1U)
 3816              		.loc 1 1033 45 view .LVU1087
 3817 011a 5A6D     		ldr	r2, [r3, #84]
1033:Drivers/STM32G0xx_HAL_Driver/Src/stm32g0xx_hal_pcd.c **** #if (USE_HAL_PCD_REGISTER_CALLBACKS == 1U)
 3818              		.loc 1 1033 73 view .LVU1088
 3819 011c 9208     		lsrs	r2, r2, #2
 3820 011e 3C23     		movs	r3, #60
 3821 0120 1340     		ands	r3, r2
1033:Drivers/STM32G0xx_HAL_Driver/Src/stm32g0xx_hal_pcd.c **** #if (USE_HAL_PCD_REGISTER_CALLBACKS == 1U)
ARM GAS  C:\Users\Domagoj\AppData\Local\Temp\cc6jMbW9.s 			page 133


 3822              		.loc 1 1033 18 view .LVU1089
 3823 0122 B422     		movs	r2, #180
 3824 0124 9200     		lsls	r2, r2, #2
 3825 0126 A350     		str	r3, [r4, r2]
1037:Drivers/STM32G0xx_HAL_Driver/Src/stm32g0xx_hal_pcd.c **** #endif /* USE_HAL_PCD_REGISTER_CALLBACKS */
 3826              		.loc 1 1037 7 is_stmt 1 view .LVU1090
 3827 0128 0739     		subs	r1, r1, #7
 3828 012a 2000     		movs	r0, r4
 3829              	.LVL298:
1037:Drivers/STM32G0xx_HAL_Driver/Src/stm32g0xx_hal_pcd.c **** #endif /* USE_HAL_PCD_REGISTER_CALLBACKS */
 3830              		.loc 1 1037 7 is_stmt 0 view .LVU1091
 3831 012c FFF7FEFF 		bl	HAL_PCDEx_LPM_Callback
 3832              	.LVL299:
 3833 0130 9FE7     		b	.L184
 3834              	.LVL300:
 3835              	.L194:
1045:Drivers/STM32G0xx_HAL_Driver/Src/stm32g0xx_hal_pcd.c **** #endif /* USE_HAL_PCD_REGISTER_CALLBACKS */
 3836              		.loc 1 1045 7 is_stmt 1 view .LVU1092
 3837 0132 2000     		movs	r0, r4
 3838              	.LVL301:
1045:Drivers/STM32G0xx_HAL_Driver/Src/stm32g0xx_hal_pcd.c **** #endif /* USE_HAL_PCD_REGISTER_CALLBACKS */
 3839              		.loc 1 1045 7 is_stmt 0 view .LVU1093
 3840 0134 FFF7FEFF 		bl	HAL_PCD_SuspendCallback
 3841              	.LVL302:
1049:Drivers/STM32G0xx_HAL_Driver/Src/stm32g0xx_hal_pcd.c ****   }
 3842              		.loc 1 1049 5 is_stmt 1 view .LVU1094
 3843 0138 9BE7     		b	.L184
 3844              	.LVL303:
 3845              	.L206:
1054:Drivers/STM32G0xx_HAL_Driver/Src/stm32g0xx_hal_pcd.c **** 
 3846              		.loc 1 1054 5 view .LVU1095
 3847 013a 2268     		ldr	r2, [r4]
 3848 013c 536C     		ldr	r3, [r2, #68]
 3849 013e 0B49     		ldr	r1, .L208+32
 3850 0140 0B40     		ands	r3, r1
 3851 0142 5364     		str	r3, [r2, #68]
1059:Drivers/STM32G0xx_HAL_Driver/Src/stm32g0xx_hal_pcd.c **** #endif /* USE_HAL_PCD_REGISTER_CALLBACKS */
 3852              		.loc 1 1059 5 view .LVU1096
 3853 0144 2000     		movs	r0, r4
 3854              	.LVL304:
1059:Drivers/STM32G0xx_HAL_Driver/Src/stm32g0xx_hal_pcd.c **** #endif /* USE_HAL_PCD_REGISTER_CALLBACKS */
 3855              		.loc 1 1059 5 is_stmt 0 view .LVU1097
 3856 0146 FFF7FEFF 		bl	HAL_PCD_SOFCallback
 3857              	.LVL305:
1062:Drivers/STM32G0xx_HAL_Driver/Src/stm32g0xx_hal_pcd.c ****   }
 3858              		.loc 1 1062 5 is_stmt 1 view .LVU1098
 3859 014a 92E7     		b	.L184
 3860              	.L209:
 3861              		.align	2
 3862              	.L208:
 3863 014c 00000140 		.word	1073807360
 3864 0150 FFFE0000 		.word	65279
 3865 0154 FFFB0000 		.word	64511
 3866 0158 FFBF0000 		.word	49151
 3867 015c FFDF0000 		.word	57343
 3868 0160 FFEF0000 		.word	61439
 3869 0164 FFF70000 		.word	63487
ARM GAS  C:\Users\Domagoj\AppData\Local\Temp\cc6jMbW9.s 			page 134


 3870 0168 7FFF0000 		.word	65407
 3871 016c FFFD0000 		.word	65023
 3872              		.cfi_endproc
 3873              	.LFE372:
 3875              		.section	.text.HAL_PCD_EP_Open,"ax",%progbits
 3876              		.align	1
 3877              		.global	HAL_PCD_EP_Open
 3878              		.syntax unified
 3879              		.code	16
 3880              		.thumb_func
 3882              	HAL_PCD_EP_Open:
 3883              	.LVL306:
 3884              	.LFB387:
1319:Drivers/STM32G0xx_HAL_Driver/Src/stm32g0xx_hal_pcd.c ****   HAL_StatusTypeDef ret = HAL_OK;
 3885              		.loc 1 1319 1 view -0
 3886              		.cfi_startproc
 3887              		@ args = 0, pretend = 0, frame = 0
 3888              		@ frame_needed = 0, uses_anonymous_args = 0
1319:Drivers/STM32G0xx_HAL_Driver/Src/stm32g0xx_hal_pcd.c ****   HAL_StatusTypeDef ret = HAL_OK;
 3889              		.loc 1 1319 1 is_stmt 0 view .LVU1100
 3890 0000 F8B5     		push	{r3, r4, r5, r6, r7, lr}
 3891              	.LCFI16:
 3892              		.cfi_def_cfa_offset 24
 3893              		.cfi_offset 3, -24
 3894              		.cfi_offset 4, -20
 3895              		.cfi_offset 5, -16
 3896              		.cfi_offset 6, -12
 3897              		.cfi_offset 7, -8
 3898              		.cfi_offset 14, -4
 3899 0002 0400     		movs	r4, r0
 3900 0004 0E00     		movs	r6, r1
1320:Drivers/STM32G0xx_HAL_Driver/Src/stm32g0xx_hal_pcd.c ****   PCD_EPTypeDef *ep;
 3901              		.loc 1 1320 3 is_stmt 1 view .LVU1101
 3902              	.LVL307:
1321:Drivers/STM32G0xx_HAL_Driver/Src/stm32g0xx_hal_pcd.c **** 
 3903              		.loc 1 1321 3 view .LVU1102
1323:Drivers/STM32G0xx_HAL_Driver/Src/stm32g0xx_hal_pcd.c ****   {
 3904              		.loc 1 1323 3 view .LVU1103
1323:Drivers/STM32G0xx_HAL_Driver/Src/stm32g0xx_hal_pcd.c ****   {
 3905              		.loc 1 1323 25 is_stmt 0 view .LVU1104
 3906 0006 49B2     		sxtb	r1, r1
1323:Drivers/STM32G0xx_HAL_Driver/Src/stm32g0xx_hal_pcd.c ****   {
 3907              		.loc 1 1323 6 view .LVU1105
 3908 0008 0029     		cmp	r1, #0
 3909 000a 28DB     		blt	.L216
1330:Drivers/STM32G0xx_HAL_Driver/Src/stm32g0xx_hal_pcd.c ****     ep->is_in = 0U;
 3910              		.loc 1 1330 5 is_stmt 1 view .LVU1106
1330:Drivers/STM32G0xx_HAL_Driver/Src/stm32g0xx_hal_pcd.c ****     ep->is_in = 0U;
 3911              		.loc 1 1330 32 is_stmt 0 view .LVU1107
 3912 000c 0727     		movs	r7, #7
 3913 000e 3740     		ands	r7, r6
1330:Drivers/STM32G0xx_HAL_Driver/Src/stm32g0xx_hal_pcd.c ****     ep->is_in = 0U;
 3914              		.loc 1 1330 8 view .LVU1108
 3915 0010 B800     		lsls	r0, r7, #2
 3916              	.LVL308:
1330:Drivers/STM32G0xx_HAL_Driver/Src/stm32g0xx_hal_pcd.c ****     ep->is_in = 0U;
 3917              		.loc 1 1330 8 view .LVU1109
ARM GAS  C:\Users\Domagoj\AppData\Local\Temp\cc6jMbW9.s 			page 135


 3918 0012 C119     		adds	r1, r0, r7
 3919              	.LVL309:
1330:Drivers/STM32G0xx_HAL_Driver/Src/stm32g0xx_hal_pcd.c ****     ep->is_in = 0U;
 3920              		.loc 1 1330 8 view .LVU1110
 3921 0014 C900     		lsls	r1, r1, #3
 3922 0016 5131     		adds	r1, r1, #81
 3923 0018 FF31     		adds	r1, r1, #255
 3924 001a 6118     		adds	r1, r4, r1
 3925 001c 0431     		adds	r1, r1, #4
 3926              	.LVL310:
1331:Drivers/STM32G0xx_HAL_Driver/Src/stm32g0xx_hal_pcd.c ****   }
 3927              		.loc 1 1331 5 is_stmt 1 view .LVU1111
1331:Drivers/STM32G0xx_HAL_Driver/Src/stm32g0xx_hal_pcd.c ****   }
 3928              		.loc 1 1331 15 is_stmt 0 view .LVU1112
 3929 001e C019     		adds	r0, r0, r7
 3930 0020 C000     		lsls	r0, r0, #3
 3931 0022 2018     		adds	r0, r4, r0
 3932 0024 5630     		adds	r0, r0, #86
 3933 0026 FF30     		adds	r0, r0, #255
 3934 0028 0025     		movs	r5, #0
 3935 002a 0570     		strb	r5, [r0]
 3936              	.L212:
1334:Drivers/STM32G0xx_HAL_Driver/Src/stm32g0xx_hal_pcd.c ****   ep->maxpacket = (uint32_t)ep_mps & 0x7FFU;
 3937              		.loc 1 1334 3 is_stmt 1 view .LVU1113
1334:Drivers/STM32G0xx_HAL_Driver/Src/stm32g0xx_hal_pcd.c ****   ep->maxpacket = (uint32_t)ep_mps & 0x7FFU;
 3938              		.loc 1 1334 21 is_stmt 0 view .LVU1114
 3939 002c 0720     		movs	r0, #7
 3940 002e 3040     		ands	r0, r6
1334:Drivers/STM32G0xx_HAL_Driver/Src/stm32g0xx_hal_pcd.c ****   ep->maxpacket = (uint32_t)ep_mps & 0x7FFU;
 3941              		.loc 1 1334 11 view .LVU1115
 3942 0030 0870     		strb	r0, [r1]
1335:Drivers/STM32G0xx_HAL_Driver/Src/stm32g0xx_hal_pcd.c ****   ep->type = ep_type;
 3943              		.loc 1 1335 3 is_stmt 1 view .LVU1116
1335:Drivers/STM32G0xx_HAL_Driver/Src/stm32g0xx_hal_pcd.c ****   ep->type = ep_type;
 3944              		.loc 1 1335 36 is_stmt 0 view .LVU1117
 3945 0032 5205     		lsls	r2, r2, #21
 3946              	.LVL311:
1335:Drivers/STM32G0xx_HAL_Driver/Src/stm32g0xx_hal_pcd.c ****   ep->type = ep_type;
 3947              		.loc 1 1335 36 view .LVU1118
 3948 0034 520D     		lsrs	r2, r2, #21
1335:Drivers/STM32G0xx_HAL_Driver/Src/stm32g0xx_hal_pcd.c ****   ep->type = ep_type;
 3949              		.loc 1 1335 17 view .LVU1119
 3950 0036 0A61     		str	r2, [r1, #16]
1336:Drivers/STM32G0xx_HAL_Driver/Src/stm32g0xx_hal_pcd.c **** 
 3951              		.loc 1 1336 3 is_stmt 1 view .LVU1120
1336:Drivers/STM32G0xx_HAL_Driver/Src/stm32g0xx_hal_pcd.c **** 
 3952              		.loc 1 1336 12 is_stmt 0 view .LVU1121
 3953 0038 CB70     		strb	r3, [r1, #3]
1339:Drivers/STM32G0xx_HAL_Driver/Src/stm32g0xx_hal_pcd.c ****   {
 3954              		.loc 1 1339 3 is_stmt 1 view .LVU1122
1339:Drivers/STM32G0xx_HAL_Driver/Src/stm32g0xx_hal_pcd.c ****   {
 3955              		.loc 1 1339 6 is_stmt 0 view .LVU1123
 3956 003a 022B     		cmp	r3, #2
 3957 003c 1DD0     		beq	.L217
 3958              	.LVL312:
 3959              	.L213:
1344:Drivers/STM32G0xx_HAL_Driver/Src/stm32g0xx_hal_pcd.c ****   (void)USB_ActivateEndpoint(hpcd->Instance, ep);
ARM GAS  C:\Users\Domagoj\AppData\Local\Temp\cc6jMbW9.s 			page 136


 3960              		.loc 1 1344 3 is_stmt 1 view .LVU1124
1344:Drivers/STM32G0xx_HAL_Driver/Src/stm32g0xx_hal_pcd.c ****   (void)USB_ActivateEndpoint(hpcd->Instance, ep);
 3961              		.loc 1 1344 3 view .LVU1125
 3962 003e A523     		movs	r3, #165
 3963 0040 9B00     		lsls	r3, r3, #2
 3964 0042 E35C     		ldrb	r3, [r4, r3]
 3965 0044 012B     		cmp	r3, #1
 3966 0046 1BD0     		beq	.L215
1344:Drivers/STM32G0xx_HAL_Driver/Src/stm32g0xx_hal_pcd.c ****   (void)USB_ActivateEndpoint(hpcd->Instance, ep);
 3967              		.loc 1 1344 3 discriminator 2 view .LVU1126
 3968 0048 A525     		movs	r5, #165
 3969 004a AD00     		lsls	r5, r5, #2
 3970 004c 0123     		movs	r3, #1
 3971 004e 6355     		strb	r3, [r4, r5]
 3972              	.LVL313:
1344:Drivers/STM32G0xx_HAL_Driver/Src/stm32g0xx_hal_pcd.c ****   (void)USB_ActivateEndpoint(hpcd->Instance, ep);
 3973              		.loc 1 1344 3 view .LVU1127
1345:Drivers/STM32G0xx_HAL_Driver/Src/stm32g0xx_hal_pcd.c ****   __HAL_UNLOCK(hpcd);
 3974              		.loc 1 1345 3 view .LVU1128
1345:Drivers/STM32G0xx_HAL_Driver/Src/stm32g0xx_hal_pcd.c ****   __HAL_UNLOCK(hpcd);
 3975              		.loc 1 1345 34 is_stmt 0 view .LVU1129
 3976 0050 2068     		ldr	r0, [r4]
1345:Drivers/STM32G0xx_HAL_Driver/Src/stm32g0xx_hal_pcd.c ****   __HAL_UNLOCK(hpcd);
 3977              		.loc 1 1345 9 view .LVU1130
 3978 0052 FFF7FEFF 		bl	USB_ActivateEndpoint
 3979              	.LVL314:
1346:Drivers/STM32G0xx_HAL_Driver/Src/stm32g0xx_hal_pcd.c **** 
 3980              		.loc 1 1346 3 is_stmt 1 view .LVU1131
1346:Drivers/STM32G0xx_HAL_Driver/Src/stm32g0xx_hal_pcd.c **** 
 3981              		.loc 1 1346 3 view .LVU1132
 3982 0056 0023     		movs	r3, #0
 3983 0058 6355     		strb	r3, [r4, r5]
1346:Drivers/STM32G0xx_HAL_Driver/Src/stm32g0xx_hal_pcd.c **** 
 3984              		.loc 1 1346 3 view .LVU1133
1348:Drivers/STM32G0xx_HAL_Driver/Src/stm32g0xx_hal_pcd.c **** }
 3985              		.loc 1 1348 3 view .LVU1134
1348:Drivers/STM32G0xx_HAL_Driver/Src/stm32g0xx_hal_pcd.c **** }
 3986              		.loc 1 1348 10 is_stmt 0 view .LVU1135
 3987 005a 0020     		movs	r0, #0
 3988              	.L214:
1349:Drivers/STM32G0xx_HAL_Driver/Src/stm32g0xx_hal_pcd.c **** 
 3989              		.loc 1 1349 1 view .LVU1136
 3990              		@ sp needed
 3991              	.LVL315:
 3992              	.LVL316:
1349:Drivers/STM32G0xx_HAL_Driver/Src/stm32g0xx_hal_pcd.c **** 
 3993              		.loc 1 1349 1 view .LVU1137
 3994 005c F8BD     		pop	{r3, r4, r5, r6, r7, pc}
 3995              	.LVL317:
 3996              	.L216:
1325:Drivers/STM32G0xx_HAL_Driver/Src/stm32g0xx_hal_pcd.c ****     ep->is_in = 1U;
 3997              		.loc 1 1325 5 is_stmt 1 view .LVU1138
1325:Drivers/STM32G0xx_HAL_Driver/Src/stm32g0xx_hal_pcd.c ****     ep->is_in = 1U;
 3998              		.loc 1 1325 31 is_stmt 0 view .LVU1139
 3999 005e 0725     		movs	r5, #7
 4000 0060 3540     		ands	r5, r6
1325:Drivers/STM32G0xx_HAL_Driver/Src/stm32g0xx_hal_pcd.c ****     ep->is_in = 1U;
ARM GAS  C:\Users\Domagoj\AppData\Local\Temp\cc6jMbW9.s 			page 137


 4001              		.loc 1 1325 8 view .LVU1140
 4002 0062 A800     		lsls	r0, r5, #2
 4003              	.LVL318:
1325:Drivers/STM32G0xx_HAL_Driver/Src/stm32g0xx_hal_pcd.c ****     ep->is_in = 1U;
 4004              		.loc 1 1325 8 view .LVU1141
 4005 0064 4119     		adds	r1, r0, r5
 4006 0066 C900     		lsls	r1, r1, #3
 4007 0068 1031     		adds	r1, r1, #16
 4008 006a 6118     		adds	r1, r4, r1
 4009 006c 0431     		adds	r1, r1, #4
 4010              	.LVL319:
1326:Drivers/STM32G0xx_HAL_Driver/Src/stm32g0xx_hal_pcd.c ****   }
 4011              		.loc 1 1326 5 is_stmt 1 view .LVU1142
1326:Drivers/STM32G0xx_HAL_Driver/Src/stm32g0xx_hal_pcd.c ****   }
 4012              		.loc 1 1326 15 is_stmt 0 view .LVU1143
 4013 006e 4019     		adds	r0, r0, r5
 4014 0070 C000     		lsls	r0, r0, #3
 4015 0072 2018     		adds	r0, r4, r0
 4016 0074 0125     		movs	r5, #1
 4017 0076 4575     		strb	r5, [r0, #21]
 4018 0078 D8E7     		b	.L212
 4019              	.LVL320:
 4020              	.L217:
1341:Drivers/STM32G0xx_HAL_Driver/Src/stm32g0xx_hal_pcd.c ****   }
 4021              		.loc 1 1341 5 is_stmt 1 view .LVU1144
1341:Drivers/STM32G0xx_HAL_Driver/Src/stm32g0xx_hal_pcd.c ****   }
 4022              		.loc 1 1341 24 is_stmt 0 view .LVU1145
 4023 007a 0023     		movs	r3, #0
 4024              	.LVL321:
1341:Drivers/STM32G0xx_HAL_Driver/Src/stm32g0xx_hal_pcd.c ****   }
 4025              		.loc 1 1341 24 view .LVU1146
 4026 007c 0B71     		strb	r3, [r1, #4]
 4027 007e DEE7     		b	.L213
 4028              	.L215:
1344:Drivers/STM32G0xx_HAL_Driver/Src/stm32g0xx_hal_pcd.c ****   (void)USB_ActivateEndpoint(hpcd->Instance, ep);
 4029              		.loc 1 1344 3 discriminator 1 view .LVU1147
 4030 0080 0220     		movs	r0, #2
 4031 0082 EBE7     		b	.L214
 4032              		.cfi_endproc
 4033              	.LFE387:
 4035              		.section	.text.HAL_PCD_EP_Close,"ax",%progbits
 4036              		.align	1
 4037              		.global	HAL_PCD_EP_Close
 4038              		.syntax unified
 4039              		.code	16
 4040              		.thumb_func
 4042              	HAL_PCD_EP_Close:
 4043              	.LVL322:
 4044              	.LFB388:
1358:Drivers/STM32G0xx_HAL_Driver/Src/stm32g0xx_hal_pcd.c ****   PCD_EPTypeDef *ep;
 4045              		.loc 1 1358 1 is_stmt 1 view -0
 4046              		.cfi_startproc
 4047              		@ args = 0, pretend = 0, frame = 0
 4048              		@ frame_needed = 0, uses_anonymous_args = 0
1358:Drivers/STM32G0xx_HAL_Driver/Src/stm32g0xx_hal_pcd.c ****   PCD_EPTypeDef *ep;
 4049              		.loc 1 1358 1 is_stmt 0 view .LVU1149
 4050 0000 70B5     		push	{r4, r5, r6, lr}
ARM GAS  C:\Users\Domagoj\AppData\Local\Temp\cc6jMbW9.s 			page 138


 4051              	.LCFI17:
 4052              		.cfi_def_cfa_offset 16
 4053              		.cfi_offset 4, -16
 4054              		.cfi_offset 5, -12
 4055              		.cfi_offset 6, -8
 4056              		.cfi_offset 14, -4
 4057 0002 0400     		movs	r4, r0
 4058 0004 0800     		movs	r0, r1
 4059              	.LVL323:
1359:Drivers/STM32G0xx_HAL_Driver/Src/stm32g0xx_hal_pcd.c **** 
 4060              		.loc 1 1359 3 is_stmt 1 view .LVU1150
1361:Drivers/STM32G0xx_HAL_Driver/Src/stm32g0xx_hal_pcd.c ****   {
 4061              		.loc 1 1361 3 view .LVU1151
1361:Drivers/STM32G0xx_HAL_Driver/Src/stm32g0xx_hal_pcd.c ****   {
 4062              		.loc 1 1361 25 is_stmt 0 view .LVU1152
 4063 0006 4BB2     		sxtb	r3, r1
1361:Drivers/STM32G0xx_HAL_Driver/Src/stm32g0xx_hal_pcd.c ****   {
 4064              		.loc 1 1361 6 view .LVU1153
 4065 0008 002B     		cmp	r3, #0
 4066 000a 22DB     		blt	.L223
1368:Drivers/STM32G0xx_HAL_Driver/Src/stm32g0xx_hal_pcd.c ****     ep->is_in = 0U;
 4067              		.loc 1 1368 5 is_stmt 1 view .LVU1154
1368:Drivers/STM32G0xx_HAL_Driver/Src/stm32g0xx_hal_pcd.c ****     ep->is_in = 0U;
 4068              		.loc 1 1368 32 is_stmt 0 view .LVU1155
 4069 000c 0725     		movs	r5, #7
 4070 000e 0D40     		ands	r5, r1
1368:Drivers/STM32G0xx_HAL_Driver/Src/stm32g0xx_hal_pcd.c ****     ep->is_in = 0U;
 4071              		.loc 1 1368 8 view .LVU1156
 4072 0010 AB00     		lsls	r3, r5, #2
 4073 0012 5919     		adds	r1, r3, r5
 4074              	.LVL324:
1368:Drivers/STM32G0xx_HAL_Driver/Src/stm32g0xx_hal_pcd.c ****     ep->is_in = 0U;
 4075              		.loc 1 1368 8 view .LVU1157
 4076 0014 C900     		lsls	r1, r1, #3
 4077 0016 5131     		adds	r1, r1, #81
 4078 0018 FF31     		adds	r1, r1, #255
 4079 001a 6118     		adds	r1, r4, r1
 4080 001c 0431     		adds	r1, r1, #4
 4081              	.LVL325:
1369:Drivers/STM32G0xx_HAL_Driver/Src/stm32g0xx_hal_pcd.c ****   }
 4082              		.loc 1 1369 5 is_stmt 1 view .LVU1158
1369:Drivers/STM32G0xx_HAL_Driver/Src/stm32g0xx_hal_pcd.c ****   }
 4083              		.loc 1 1369 15 is_stmt 0 view .LVU1159
 4084 001e 5B19     		adds	r3, r3, r5
 4085 0020 DB00     		lsls	r3, r3, #3
 4086 0022 E318     		adds	r3, r4, r3
 4087 0024 5633     		adds	r3, r3, #86
 4088 0026 FF33     		adds	r3, r3, #255
 4089 0028 0022     		movs	r2, #0
 4090 002a 1A70     		strb	r2, [r3]
 4091              	.L220:
1371:Drivers/STM32G0xx_HAL_Driver/Src/stm32g0xx_hal_pcd.c **** 
 4092              		.loc 1 1371 3 is_stmt 1 view .LVU1160
1371:Drivers/STM32G0xx_HAL_Driver/Src/stm32g0xx_hal_pcd.c **** 
 4093              		.loc 1 1371 21 is_stmt 0 view .LVU1161
 4094 002c 0723     		movs	r3, #7
 4095 002e 0340     		ands	r3, r0
ARM GAS  C:\Users\Domagoj\AppData\Local\Temp\cc6jMbW9.s 			page 139


1371:Drivers/STM32G0xx_HAL_Driver/Src/stm32g0xx_hal_pcd.c **** 
 4096              		.loc 1 1371 11 view .LVU1162
 4097 0030 0B70     		strb	r3, [r1]
1373:Drivers/STM32G0xx_HAL_Driver/Src/stm32g0xx_hal_pcd.c ****   (void)USB_DeactivateEndpoint(hpcd->Instance, ep);
 4098              		.loc 1 1373 3 is_stmt 1 view .LVU1163
1373:Drivers/STM32G0xx_HAL_Driver/Src/stm32g0xx_hal_pcd.c ****   (void)USB_DeactivateEndpoint(hpcd->Instance, ep);
 4099              		.loc 1 1373 3 view .LVU1164
 4100 0032 A523     		movs	r3, #165
 4101 0034 9B00     		lsls	r3, r3, #2
 4102 0036 E35C     		ldrb	r3, [r4, r3]
 4103 0038 012B     		cmp	r3, #1
 4104 003a 18D0     		beq	.L222
1373:Drivers/STM32G0xx_HAL_Driver/Src/stm32g0xx_hal_pcd.c ****   (void)USB_DeactivateEndpoint(hpcd->Instance, ep);
 4105              		.loc 1 1373 3 discriminator 2 view .LVU1165
 4106 003c A525     		movs	r5, #165
 4107 003e AD00     		lsls	r5, r5, #2
 4108 0040 0123     		movs	r3, #1
 4109 0042 6355     		strb	r3, [r4, r5]
1373:Drivers/STM32G0xx_HAL_Driver/Src/stm32g0xx_hal_pcd.c ****   (void)USB_DeactivateEndpoint(hpcd->Instance, ep);
 4110              		.loc 1 1373 3 view .LVU1166
1374:Drivers/STM32G0xx_HAL_Driver/Src/stm32g0xx_hal_pcd.c ****   __HAL_UNLOCK(hpcd);
 4111              		.loc 1 1374 3 view .LVU1167
1374:Drivers/STM32G0xx_HAL_Driver/Src/stm32g0xx_hal_pcd.c ****   __HAL_UNLOCK(hpcd);
 4112              		.loc 1 1374 36 is_stmt 0 view .LVU1168
 4113 0044 2068     		ldr	r0, [r4]
 4114              	.LVL326:
1374:Drivers/STM32G0xx_HAL_Driver/Src/stm32g0xx_hal_pcd.c ****   __HAL_UNLOCK(hpcd);
 4115              		.loc 1 1374 9 view .LVU1169
 4116 0046 FFF7FEFF 		bl	USB_DeactivateEndpoint
 4117              	.LVL327:
1375:Drivers/STM32G0xx_HAL_Driver/Src/stm32g0xx_hal_pcd.c ****   return HAL_OK;
 4118              		.loc 1 1375 3 is_stmt 1 view .LVU1170
1375:Drivers/STM32G0xx_HAL_Driver/Src/stm32g0xx_hal_pcd.c ****   return HAL_OK;
 4119              		.loc 1 1375 3 view .LVU1171
 4120 004a 0023     		movs	r3, #0
 4121 004c 6355     		strb	r3, [r4, r5]
1375:Drivers/STM32G0xx_HAL_Driver/Src/stm32g0xx_hal_pcd.c ****   return HAL_OK;
 4122              		.loc 1 1375 3 view .LVU1172
1376:Drivers/STM32G0xx_HAL_Driver/Src/stm32g0xx_hal_pcd.c **** }
 4123              		.loc 1 1376 3 view .LVU1173
1376:Drivers/STM32G0xx_HAL_Driver/Src/stm32g0xx_hal_pcd.c **** }
 4124              		.loc 1 1376 10 is_stmt 0 view .LVU1174
 4125 004e 0020     		movs	r0, #0
 4126              	.L221:
1377:Drivers/STM32G0xx_HAL_Driver/Src/stm32g0xx_hal_pcd.c **** 
 4127              		.loc 1 1377 1 view .LVU1175
 4128              		@ sp needed
 4129              	.LVL328:
1377:Drivers/STM32G0xx_HAL_Driver/Src/stm32g0xx_hal_pcd.c **** 
 4130              		.loc 1 1377 1 view .LVU1176
 4131 0050 70BD     		pop	{r4, r5, r6, pc}
 4132              	.LVL329:
 4133              	.L223:
1363:Drivers/STM32G0xx_HAL_Driver/Src/stm32g0xx_hal_pcd.c ****     ep->is_in = 1U;
 4134              		.loc 1 1363 5 is_stmt 1 view .LVU1177
1363:Drivers/STM32G0xx_HAL_Driver/Src/stm32g0xx_hal_pcd.c ****     ep->is_in = 1U;
 4135              		.loc 1 1363 31 is_stmt 0 view .LVU1178
ARM GAS  C:\Users\Domagoj\AppData\Local\Temp\cc6jMbW9.s 			page 140


 4136 0052 0722     		movs	r2, #7
 4137 0054 0A40     		ands	r2, r1
1363:Drivers/STM32G0xx_HAL_Driver/Src/stm32g0xx_hal_pcd.c ****     ep->is_in = 1U;
 4138              		.loc 1 1363 8 view .LVU1179
 4139 0056 9300     		lsls	r3, r2, #2
 4140 0058 9918     		adds	r1, r3, r2
 4141              	.LVL330:
1363:Drivers/STM32G0xx_HAL_Driver/Src/stm32g0xx_hal_pcd.c ****     ep->is_in = 1U;
 4142              		.loc 1 1363 8 view .LVU1180
 4143 005a C900     		lsls	r1, r1, #3
 4144 005c 1031     		adds	r1, r1, #16
 4145 005e 6118     		adds	r1, r4, r1
 4146 0060 0431     		adds	r1, r1, #4
 4147              	.LVL331:
1364:Drivers/STM32G0xx_HAL_Driver/Src/stm32g0xx_hal_pcd.c ****   }
 4148              		.loc 1 1364 5 is_stmt 1 view .LVU1181
1364:Drivers/STM32G0xx_HAL_Driver/Src/stm32g0xx_hal_pcd.c ****   }
 4149              		.loc 1 1364 15 is_stmt 0 view .LVU1182
 4150 0062 9B18     		adds	r3, r3, r2
 4151 0064 DB00     		lsls	r3, r3, #3
 4152 0066 E318     		adds	r3, r4, r3
 4153 0068 0122     		movs	r2, #1
 4154 006a 5A75     		strb	r2, [r3, #21]
 4155 006c DEE7     		b	.L220
 4156              	.L222:
1373:Drivers/STM32G0xx_HAL_Driver/Src/stm32g0xx_hal_pcd.c ****   (void)USB_DeactivateEndpoint(hpcd->Instance, ep);
 4157              		.loc 1 1373 3 discriminator 1 view .LVU1183
 4158 006e 0220     		movs	r0, #2
 4159              	.LVL332:
1373:Drivers/STM32G0xx_HAL_Driver/Src/stm32g0xx_hal_pcd.c ****   (void)USB_DeactivateEndpoint(hpcd->Instance, ep);
 4160              		.loc 1 1373 3 discriminator 1 view .LVU1184
 4161 0070 EEE7     		b	.L221
 4162              		.cfi_endproc
 4163              	.LFE388:
 4165              		.section	.text.HAL_PCD_EP_Receive,"ax",%progbits
 4166              		.align	1
 4167              		.global	HAL_PCD_EP_Receive
 4168              		.syntax unified
 4169              		.code	16
 4170              		.thumb_func
 4172              	HAL_PCD_EP_Receive:
 4173              	.LVL333:
 4174              	.LFB389:
1389:Drivers/STM32G0xx_HAL_Driver/Src/stm32g0xx_hal_pcd.c ****   PCD_EPTypeDef *ep;
 4175              		.loc 1 1389 1 is_stmt 1 view -0
 4176              		.cfi_startproc
 4177              		@ args = 0, pretend = 0, frame = 0
 4178              		@ frame_needed = 0, uses_anonymous_args = 0
1389:Drivers/STM32G0xx_HAL_Driver/Src/stm32g0xx_hal_pcd.c ****   PCD_EPTypeDef *ep;
 4179              		.loc 1 1389 1 is_stmt 0 view .LVU1186
 4180 0000 F8B5     		push	{r3, r4, r5, r6, r7, lr}
 4181              	.LCFI18:
 4182              		.cfi_def_cfa_offset 24
 4183              		.cfi_offset 3, -24
 4184              		.cfi_offset 4, -20
 4185              		.cfi_offset 5, -16
 4186              		.cfi_offset 6, -12
ARM GAS  C:\Users\Domagoj\AppData\Local\Temp\cc6jMbW9.s 			page 141


 4187              		.cfi_offset 7, -8
 4188              		.cfi_offset 14, -4
1390:Drivers/STM32G0xx_HAL_Driver/Src/stm32g0xx_hal_pcd.c **** 
 4189              		.loc 1 1390 3 is_stmt 1 view .LVU1187
1392:Drivers/STM32G0xx_HAL_Driver/Src/stm32g0xx_hal_pcd.c **** 
 4190              		.loc 1 1392 3 view .LVU1188
 4191 0002 0726     		movs	r6, #7
 4192 0004 0E40     		ands	r6, r1
1392:Drivers/STM32G0xx_HAL_Driver/Src/stm32g0xx_hal_pcd.c **** 
 4193              		.loc 1 1392 6 is_stmt 0 view .LVU1189
 4194 0006 B400     		lsls	r4, r6, #2
 4195 0008 A119     		adds	r1, r4, r6
 4196              	.LVL334:
1392:Drivers/STM32G0xx_HAL_Driver/Src/stm32g0xx_hal_pcd.c **** 
 4197              		.loc 1 1392 6 view .LVU1190
 4198 000a C900     		lsls	r1, r1, #3
 4199 000c 5131     		adds	r1, r1, #81
 4200 000e FF31     		adds	r1, r1, #255
 4201 0010 4118     		adds	r1, r0, r1
 4202 0012 0431     		adds	r1, r1, #4
 4203              	.LVL335:
1395:Drivers/STM32G0xx_HAL_Driver/Src/stm32g0xx_hal_pcd.c ****   ep->xfer_len = len;
 4204              		.loc 1 1395 3 is_stmt 1 view .LVU1191
1395:Drivers/STM32G0xx_HAL_Driver/Src/stm32g0xx_hal_pcd.c ****   ep->xfer_len = len;
 4205              		.loc 1 1395 17 is_stmt 0 view .LVU1192
 4206 0014 A519     		adds	r5, r4, r6
 4207 0016 ED00     		lsls	r5, r5, #3
 4208 0018 4519     		adds	r5, r0, r5
 4209 001a 2F00     		movs	r7, r5
 4210 001c 6937     		adds	r7, r7, #105
 4211 001e FF37     		adds	r7, r7, #255
 4212 0020 3A60     		str	r2, [r7]
1396:Drivers/STM32G0xx_HAL_Driver/Src/stm32g0xx_hal_pcd.c ****   ep->xfer_count = 0U;
 4213              		.loc 1 1396 3 is_stmt 1 view .LVU1193
1396:Drivers/STM32G0xx_HAL_Driver/Src/stm32g0xx_hal_pcd.c ****   ep->xfer_count = 0U;
 4214              		.loc 1 1396 16 is_stmt 0 view .LVU1194
 4215 0022 2A00     		movs	r2, r5
 4216              	.LVL336:
1396:Drivers/STM32G0xx_HAL_Driver/Src/stm32g0xx_hal_pcd.c ****   ep->xfer_count = 0U;
 4217              		.loc 1 1396 16 view .LVU1195
 4218 0024 6D32     		adds	r2, r2, #109
 4219 0026 FF32     		adds	r2, r2, #255
 4220 0028 1360     		str	r3, [r2]
1397:Drivers/STM32G0xx_HAL_Driver/Src/stm32g0xx_hal_pcd.c ****   ep->is_in = 0U;
 4221              		.loc 1 1397 3 is_stmt 1 view .LVU1196
1397:Drivers/STM32G0xx_HAL_Driver/Src/stm32g0xx_hal_pcd.c ****   ep->is_in = 0U;
 4222              		.loc 1 1397 18 is_stmt 0 view .LVU1197
 4223 002a 0432     		adds	r2, r2, #4
 4224 002c 0023     		movs	r3, #0
 4225              	.LVL337:
1397:Drivers/STM32G0xx_HAL_Driver/Src/stm32g0xx_hal_pcd.c ****   ep->is_in = 0U;
 4226              		.loc 1 1397 18 view .LVU1198
 4227 002e 1360     		str	r3, [r2]
1398:Drivers/STM32G0xx_HAL_Driver/Src/stm32g0xx_hal_pcd.c ****   ep->num = ep_addr & EP_ADDR_MSK;
 4228              		.loc 1 1398 3 is_stmt 1 view .LVU1199
1398:Drivers/STM32G0xx_HAL_Driver/Src/stm32g0xx_hal_pcd.c ****   ep->num = ep_addr & EP_ADDR_MSK;
 4229              		.loc 1 1398 13 is_stmt 0 view .LVU1200
ARM GAS  C:\Users\Domagoj\AppData\Local\Temp\cc6jMbW9.s 			page 142


 4230 0030 5635     		adds	r5, r5, #86
 4231 0032 FF35     		adds	r5, r5, #255
 4232 0034 2B70     		strb	r3, [r5]
1399:Drivers/STM32G0xx_HAL_Driver/Src/stm32g0xx_hal_pcd.c **** 
 4233              		.loc 1 1399 3 is_stmt 1 view .LVU1201
1399:Drivers/STM32G0xx_HAL_Driver/Src/stm32g0xx_hal_pcd.c **** 
 4234              		.loc 1 1399 11 is_stmt 0 view .LVU1202
 4235 0036 A419     		adds	r4, r4, r6
 4236 0038 E400     		lsls	r4, r4, #3
 4237 003a 0419     		adds	r4, r0, r4
 4238 003c 5534     		adds	r4, r4, #85
 4239 003e FF34     		adds	r4, r4, #255
 4240 0040 2670     		strb	r6, [r4]
1401:Drivers/STM32G0xx_HAL_Driver/Src/stm32g0xx_hal_pcd.c **** 
 4241              		.loc 1 1401 3 is_stmt 1 view .LVU1203
1401:Drivers/STM32G0xx_HAL_Driver/Src/stm32g0xx_hal_pcd.c **** 
 4242              		.loc 1 1401 29 is_stmt 0 view .LVU1204
 4243 0042 0068     		ldr	r0, [r0]
 4244              	.LVL338:
1401:Drivers/STM32G0xx_HAL_Driver/Src/stm32g0xx_hal_pcd.c **** 
 4245              		.loc 1 1401 9 view .LVU1205
 4246 0044 FFF7FEFF 		bl	USB_EPStartXfer
 4247              	.LVL339:
1403:Drivers/STM32G0xx_HAL_Driver/Src/stm32g0xx_hal_pcd.c **** }
 4248              		.loc 1 1403 3 is_stmt 1 view .LVU1206
1404:Drivers/STM32G0xx_HAL_Driver/Src/stm32g0xx_hal_pcd.c **** 
 4249              		.loc 1 1404 1 is_stmt 0 view .LVU1207
 4250 0048 0020     		movs	r0, #0
 4251              		@ sp needed
 4252              	.LVL340:
1404:Drivers/STM32G0xx_HAL_Driver/Src/stm32g0xx_hal_pcd.c **** 
 4253              		.loc 1 1404 1 view .LVU1208
 4254 004a F8BD     		pop	{r3, r4, r5, r6, r7, pc}
 4255              		.cfi_endproc
 4256              	.LFE389:
 4258              		.section	.text.HAL_PCD_EP_GetRxCount,"ax",%progbits
 4259              		.align	1
 4260              		.global	HAL_PCD_EP_GetRxCount
 4261              		.syntax unified
 4262              		.code	16
 4263              		.thumb_func
 4265              	HAL_PCD_EP_GetRxCount:
 4266              	.LVL341:
 4267              	.LFB390:
1413:Drivers/STM32G0xx_HAL_Driver/Src/stm32g0xx_hal_pcd.c ****   return hpcd->OUT_ep[ep_addr & EP_ADDR_MSK].xfer_count;
 4268              		.loc 1 1413 1 is_stmt 1 view -0
 4269              		.cfi_startproc
 4270              		@ args = 0, pretend = 0, frame = 0
 4271              		@ frame_needed = 0, uses_anonymous_args = 0
 4272              		@ link register save eliminated.
1414:Drivers/STM32G0xx_HAL_Driver/Src/stm32g0xx_hal_pcd.c **** }
 4273              		.loc 1 1414 3 view .LVU1210
1414:Drivers/STM32G0xx_HAL_Driver/Src/stm32g0xx_hal_pcd.c **** }
 4274              		.loc 1 1414 31 is_stmt 0 view .LVU1211
 4275 0000 0723     		movs	r3, #7
 4276 0002 0B40     		ands	r3, r1
1414:Drivers/STM32G0xx_HAL_Driver/Src/stm32g0xx_hal_pcd.c **** }
ARM GAS  C:\Users\Domagoj\AppData\Local\Temp\cc6jMbW9.s 			page 143


 4277              		.loc 1 1414 45 view .LVU1212
 4278 0004 9900     		lsls	r1, r3, #2
 4279              	.LVL342:
1414:Drivers/STM32G0xx_HAL_Driver/Src/stm32g0xx_hal_pcd.c **** }
 4280              		.loc 1 1414 45 view .LVU1213
 4281 0006 C918     		adds	r1, r1, r3
 4282 0008 C900     		lsls	r1, r1, #3
 4283 000a 4018     		adds	r0, r0, r1
 4284              	.LVL343:
1414:Drivers/STM32G0xx_HAL_Driver/Src/stm32g0xx_hal_pcd.c **** }
 4285              		.loc 1 1414 45 view .LVU1214
 4286 000c 7130     		adds	r0, r0, #113
 4287 000e FF30     		adds	r0, r0, #255
1414:Drivers/STM32G0xx_HAL_Driver/Src/stm32g0xx_hal_pcd.c **** }
 4288              		.loc 1 1414 45 discriminator 1 view .LVU1215
 4289 0010 0068     		ldr	r0, [r0]
1415:Drivers/STM32G0xx_HAL_Driver/Src/stm32g0xx_hal_pcd.c **** /**
 4290              		.loc 1 1415 1 view .LVU1216
 4291              		@ sp needed
 4292 0012 7047     		bx	lr
 4293              		.cfi_endproc
 4294              	.LFE390:
 4296              		.section	.text.HAL_PCD_EP_Transmit,"ax",%progbits
 4297              		.align	1
 4298              		.global	HAL_PCD_EP_Transmit
 4299              		.syntax unified
 4300              		.code	16
 4301              		.thumb_func
 4303              	HAL_PCD_EP_Transmit:
 4304              	.LVL344:
 4305              	.LFB391:
1425:Drivers/STM32G0xx_HAL_Driver/Src/stm32g0xx_hal_pcd.c ****   PCD_EPTypeDef *ep;
 4306              		.loc 1 1425 1 is_stmt 1 view -0
 4307              		.cfi_startproc
 4308              		@ args = 0, pretend = 0, frame = 0
 4309              		@ frame_needed = 0, uses_anonymous_args = 0
1425:Drivers/STM32G0xx_HAL_Driver/Src/stm32g0xx_hal_pcd.c ****   PCD_EPTypeDef *ep;
 4310              		.loc 1 1425 1 is_stmt 0 view .LVU1218
 4311 0000 F8B5     		push	{r3, r4, r5, r6, r7, lr}
 4312              	.LCFI19:
 4313              		.cfi_def_cfa_offset 24
 4314              		.cfi_offset 3, -24
 4315              		.cfi_offset 4, -20
 4316              		.cfi_offset 5, -16
 4317              		.cfi_offset 6, -12
 4318              		.cfi_offset 7, -8
 4319              		.cfi_offset 14, -4
 4320 0002 CE46     		mov	lr, r9
 4321 0004 4746     		mov	r7, r8
 4322 0006 80B5     		push	{r7, lr}
 4323              	.LCFI20:
 4324              		.cfi_def_cfa_offset 32
 4325              		.cfi_offset 8, -32
 4326              		.cfi_offset 9, -28
 4327 0008 1F00     		movs	r7, r3
1426:Drivers/STM32G0xx_HAL_Driver/Src/stm32g0xx_hal_pcd.c **** 
 4328              		.loc 1 1426 3 is_stmt 1 view .LVU1219
ARM GAS  C:\Users\Domagoj\AppData\Local\Temp\cc6jMbW9.s 			page 144


1428:Drivers/STM32G0xx_HAL_Driver/Src/stm32g0xx_hal_pcd.c **** 
 4329              		.loc 1 1428 3 view .LVU1220
 4330 000a 0725     		movs	r5, #7
 4331 000c 0D40     		ands	r5, r1
1428:Drivers/STM32G0xx_HAL_Driver/Src/stm32g0xx_hal_pcd.c **** 
 4332              		.loc 1 1428 6 is_stmt 0 view .LVU1221
 4333 000e AB00     		lsls	r3, r5, #2
 4334              	.LVL345:
1428:Drivers/STM32G0xx_HAL_Driver/Src/stm32g0xx_hal_pcd.c **** 
 4335              		.loc 1 1428 6 view .LVU1222
 4336 0010 5919     		adds	r1, r3, r5
 4337              	.LVL346:
1428:Drivers/STM32G0xx_HAL_Driver/Src/stm32g0xx_hal_pcd.c **** 
 4338              		.loc 1 1428 6 view .LVU1223
 4339 0012 C900     		lsls	r1, r1, #3
 4340 0014 1031     		adds	r1, r1, #16
 4341 0016 4118     		adds	r1, r0, r1
 4342 0018 0431     		adds	r1, r1, #4
 4343 001a 8946     		mov	r9, r1
 4344              	.LVL347:
1431:Drivers/STM32G0xx_HAL_Driver/Src/stm32g0xx_hal_pcd.c ****   ep->xfer_len = len;
 4345              		.loc 1 1431 3 is_stmt 1 view .LVU1224
1431:Drivers/STM32G0xx_HAL_Driver/Src/stm32g0xx_hal_pcd.c ****   ep->xfer_len = len;
 4346              		.loc 1 1431 17 is_stmt 0 view .LVU1225
 4347 001c 5C19     		adds	r4, r3, r5
 4348 001e E400     		lsls	r4, r4, #3
 4349 0020 0419     		adds	r4, r0, r4
 4350 0022 A262     		str	r2, [r4, #40]
1432:Drivers/STM32G0xx_HAL_Driver/Src/stm32g0xx_hal_pcd.c ****   ep->xfer_fill_db = 1U;
 4351              		.loc 1 1432 3 is_stmt 1 view .LVU1226
1432:Drivers/STM32G0xx_HAL_Driver/Src/stm32g0xx_hal_pcd.c ****   ep->xfer_fill_db = 1U;
 4352              		.loc 1 1432 16 is_stmt 0 view .LVU1227
 4353 0024 6A1C     		adds	r2, r5, #1
 4354              	.LVL348:
1432:Drivers/STM32G0xx_HAL_Driver/Src/stm32g0xx_hal_pcd.c ****   ep->xfer_fill_db = 1U;
 4355              		.loc 1 1432 16 view .LVU1228
 4356 0026 9446     		mov	ip, r2
 4357 0028 9200     		lsls	r2, r2, #2
 4358 002a 6646     		mov	r6, ip
 4359 002c 9619     		adds	r6, r2, r6
 4360 002e F600     		lsls	r6, r6, #3
 4361 0030 8619     		adds	r6, r0, r6
 4362 0032 7760     		str	r7, [r6, #4]
 4363              	.LVL349:
1433:Drivers/STM32G0xx_HAL_Driver/Src/stm32g0xx_hal_pcd.c ****   ep->xfer_len_db = len;
 4364              		.loc 1 1433 3 is_stmt 1 view .LVU1229
1433:Drivers/STM32G0xx_HAL_Driver/Src/stm32g0xx_hal_pcd.c ****   ep->xfer_len_db = len;
 4365              		.loc 1 1433 20 is_stmt 0 view .LVU1230
 4366 0034 3826     		movs	r6, #56
 4367 0036 B046     		mov	r8, r6
 4368 0038 A044     		add	r8, r8, r4
 4369 003a 373E     		subs	r6, r6, #55
 4370 003c 4146     		mov	r1, r8
 4371              	.LVL350:
1433:Drivers/STM32G0xx_HAL_Driver/Src/stm32g0xx_hal_pcd.c ****   ep->xfer_len_db = len;
 4372              		.loc 1 1433 20 view .LVU1231
 4373 003e 0E70     		strb	r6, [r1]
ARM GAS  C:\Users\Domagoj\AppData\Local\Temp\cc6jMbW9.s 			page 145


1434:Drivers/STM32G0xx_HAL_Driver/Src/stm32g0xx_hal_pcd.c ****   ep->xfer_count = 0U;
 4374              		.loc 1 1434 3 is_stmt 1 view .LVU1232
1434:Drivers/STM32G0xx_HAL_Driver/Src/stm32g0xx_hal_pcd.c ****   ep->xfer_count = 0U;
 4375              		.loc 1 1434 19 is_stmt 0 view .LVU1233
 4376 0040 6763     		str	r7, [r4, #52]
1435:Drivers/STM32G0xx_HAL_Driver/Src/stm32g0xx_hal_pcd.c ****   ep->is_in = 1U;
 4377              		.loc 1 1435 3 is_stmt 1 view .LVU1234
1435:Drivers/STM32G0xx_HAL_Driver/Src/stm32g0xx_hal_pcd.c ****   ep->is_in = 1U;
 4378              		.loc 1 1435 18 is_stmt 0 view .LVU1235
 4379 0042 6244     		add	r2, r2, ip
 4380 0044 D200     		lsls	r2, r2, #3
 4381 0046 8218     		adds	r2, r0, r2
 4382 0048 0027     		movs	r7, #0
 4383              	.LVL351:
1435:Drivers/STM32G0xx_HAL_Driver/Src/stm32g0xx_hal_pcd.c ****   ep->is_in = 1U;
 4384              		.loc 1 1435 18 view .LVU1236
 4385 004a 9760     		str	r7, [r2, #8]
 4386              	.LVL352:
1436:Drivers/STM32G0xx_HAL_Driver/Src/stm32g0xx_hal_pcd.c ****   ep->num = ep_addr & EP_ADDR_MSK;
 4387              		.loc 1 1436 3 is_stmt 1 view .LVU1237
1436:Drivers/STM32G0xx_HAL_Driver/Src/stm32g0xx_hal_pcd.c ****   ep->num = ep_addr & EP_ADDR_MSK;
 4388              		.loc 1 1436 13 is_stmt 0 view .LVU1238
 4389 004c 6675     		strb	r6, [r4, #21]
1437:Drivers/STM32G0xx_HAL_Driver/Src/stm32g0xx_hal_pcd.c **** 
 4390              		.loc 1 1437 3 is_stmt 1 view .LVU1239
1437:Drivers/STM32G0xx_HAL_Driver/Src/stm32g0xx_hal_pcd.c **** 
 4391              		.loc 1 1437 11 is_stmt 0 view .LVU1240
 4392 004e 2575     		strb	r5, [r4, #20]
1439:Drivers/STM32G0xx_HAL_Driver/Src/stm32g0xx_hal_pcd.c **** 
 4393              		.loc 1 1439 3 is_stmt 1 view .LVU1241
1439:Drivers/STM32G0xx_HAL_Driver/Src/stm32g0xx_hal_pcd.c **** 
 4394              		.loc 1 1439 29 is_stmt 0 view .LVU1242
 4395 0050 0068     		ldr	r0, [r0]
 4396              	.LVL353:
1439:Drivers/STM32G0xx_HAL_Driver/Src/stm32g0xx_hal_pcd.c **** 
 4397              		.loc 1 1439 9 view .LVU1243
 4398 0052 4946     		mov	r1, r9
 4399 0054 FFF7FEFF 		bl	USB_EPStartXfer
 4400              	.LVL354:
1441:Drivers/STM32G0xx_HAL_Driver/Src/stm32g0xx_hal_pcd.c **** }
 4401              		.loc 1 1441 3 is_stmt 1 view .LVU1244
1442:Drivers/STM32G0xx_HAL_Driver/Src/stm32g0xx_hal_pcd.c **** 
 4402              		.loc 1 1442 1 is_stmt 0 view .LVU1245
 4403 0058 0020     		movs	r0, #0
 4404              		@ sp needed
 4405              	.LVL355:
1442:Drivers/STM32G0xx_HAL_Driver/Src/stm32g0xx_hal_pcd.c **** 
 4406              		.loc 1 1442 1 view .LVU1246
 4407 005a C0BC     		pop	{r6, r7}
 4408 005c B946     		mov	r9, r7
 4409 005e B046     		mov	r8, r6
 4410 0060 F8BD     		pop	{r3, r4, r5, r6, r7, pc}
 4411              		.cfi_endproc
 4412              	.LFE391:
 4414              		.section	.text.HAL_PCD_EP_SetStall,"ax",%progbits
 4415              		.align	1
 4416              		.global	HAL_PCD_EP_SetStall
ARM GAS  C:\Users\Domagoj\AppData\Local\Temp\cc6jMbW9.s 			page 146


 4417              		.syntax unified
 4418              		.code	16
 4419              		.thumb_func
 4421              	HAL_PCD_EP_SetStall:
 4422              	.LVL356:
 4423              	.LFB392:
1451:Drivers/STM32G0xx_HAL_Driver/Src/stm32g0xx_hal_pcd.c ****   PCD_EPTypeDef *ep;
 4424              		.loc 1 1451 1 is_stmt 1 view -0
 4425              		.cfi_startproc
 4426              		@ args = 0, pretend = 0, frame = 0
 4427              		@ frame_needed = 0, uses_anonymous_args = 0
1451:Drivers/STM32G0xx_HAL_Driver/Src/stm32g0xx_hal_pcd.c ****   PCD_EPTypeDef *ep;
 4428              		.loc 1 1451 1 is_stmt 0 view .LVU1248
 4429 0000 70B5     		push	{r4, r5, r6, lr}
 4430              	.LCFI21:
 4431              		.cfi_def_cfa_offset 16
 4432              		.cfi_offset 4, -16
 4433              		.cfi_offset 5, -12
 4434              		.cfi_offset 6, -8
 4435              		.cfi_offset 14, -4
 4436 0002 0400     		movs	r4, r0
 4437 0004 0B00     		movs	r3, r1
1452:Drivers/STM32G0xx_HAL_Driver/Src/stm32g0xx_hal_pcd.c **** 
 4438              		.loc 1 1452 3 is_stmt 1 view .LVU1249
1454:Drivers/STM32G0xx_HAL_Driver/Src/stm32g0xx_hal_pcd.c ****   {
 4439              		.loc 1 1454 3 view .LVU1250
 4440 0006 0720     		movs	r0, #7
 4441              	.LVL357:
1454:Drivers/STM32G0xx_HAL_Driver/Src/stm32g0xx_hal_pcd.c ****   {
 4442              		.loc 1 1454 3 is_stmt 0 view .LVU1251
 4443 0008 0840     		ands	r0, r1
1454:Drivers/STM32G0xx_HAL_Driver/Src/stm32g0xx_hal_pcd.c ****   {
 4444              		.loc 1 1454 53 view .LVU1252
 4445 000a 2279     		ldrb	r2, [r4, #4]
1454:Drivers/STM32G0xx_HAL_Driver/Src/stm32g0xx_hal_pcd.c ****   {
 4446              		.loc 1 1454 6 view .LVU1253
 4447 000c 8242     		cmp	r2, r0
 4448 000e 2FD3     		bcc	.L231
1459:Drivers/STM32G0xx_HAL_Driver/Src/stm32g0xx_hal_pcd.c ****   {
 4449              		.loc 1 1459 3 is_stmt 1 view .LVU1254
1459:Drivers/STM32G0xx_HAL_Driver/Src/stm32g0xx_hal_pcd.c ****   {
 4450              		.loc 1 1459 25 is_stmt 0 view .LVU1255
 4451 0010 4AB2     		sxtb	r2, r1
1459:Drivers/STM32G0xx_HAL_Driver/Src/stm32g0xx_hal_pcd.c ****   {
 4452              		.loc 1 1459 6 view .LVU1256
 4453 0012 002A     		cmp	r2, #0
 4454 0014 20DB     		blt	.L233
1466:Drivers/STM32G0xx_HAL_Driver/Src/stm32g0xx_hal_pcd.c ****     ep->is_in = 0U;
 4455              		.loc 1 1466 5 is_stmt 1 view .LVU1257
1466:Drivers/STM32G0xx_HAL_Driver/Src/stm32g0xx_hal_pcd.c ****     ep->is_in = 0U;
 4456              		.loc 1 1466 8 is_stmt 0 view .LVU1258
 4457 0016 8A00     		lsls	r2, r1, #2
 4458 0018 5118     		adds	r1, r2, r1
 4459              	.LVL358:
1466:Drivers/STM32G0xx_HAL_Driver/Src/stm32g0xx_hal_pcd.c ****     ep->is_in = 0U;
 4460              		.loc 1 1466 8 view .LVU1259
 4461 001a C900     		lsls	r1, r1, #3
ARM GAS  C:\Users\Domagoj\AppData\Local\Temp\cc6jMbW9.s 			page 147


 4462 001c 5131     		adds	r1, r1, #81
 4463 001e FF31     		adds	r1, r1, #255
 4464 0020 6118     		adds	r1, r4, r1
 4465 0022 0431     		adds	r1, r1, #4
 4466              	.LVL359:
1467:Drivers/STM32G0xx_HAL_Driver/Src/stm32g0xx_hal_pcd.c ****   }
 4467              		.loc 1 1467 5 is_stmt 1 view .LVU1260
1467:Drivers/STM32G0xx_HAL_Driver/Src/stm32g0xx_hal_pcd.c ****   }
 4468              		.loc 1 1467 15 is_stmt 0 view .LVU1261
 4469 0024 D218     		adds	r2, r2, r3
 4470 0026 D200     		lsls	r2, r2, #3
 4471 0028 A218     		adds	r2, r4, r2
 4472 002a 5632     		adds	r2, r2, #86
 4473 002c FF32     		adds	r2, r2, #255
 4474 002e 0023     		movs	r3, #0
 4475              	.LVL360:
1467:Drivers/STM32G0xx_HAL_Driver/Src/stm32g0xx_hal_pcd.c ****   }
 4476              		.loc 1 1467 15 view .LVU1262
 4477 0030 1370     		strb	r3, [r2]
 4478              	.L230:
1470:Drivers/STM32G0xx_HAL_Driver/Src/stm32g0xx_hal_pcd.c ****   ep->num = ep_addr & EP_ADDR_MSK;
 4479              		.loc 1 1470 3 is_stmt 1 view .LVU1263
1470:Drivers/STM32G0xx_HAL_Driver/Src/stm32g0xx_hal_pcd.c ****   ep->num = ep_addr & EP_ADDR_MSK;
 4480              		.loc 1 1470 16 is_stmt 0 view .LVU1264
 4481 0032 0123     		movs	r3, #1
 4482 0034 8B70     		strb	r3, [r1, #2]
1471:Drivers/STM32G0xx_HAL_Driver/Src/stm32g0xx_hal_pcd.c **** 
 4483              		.loc 1 1471 3 is_stmt 1 view .LVU1265
1471:Drivers/STM32G0xx_HAL_Driver/Src/stm32g0xx_hal_pcd.c **** 
 4484              		.loc 1 1471 11 is_stmt 0 view .LVU1266
 4485 0036 0870     		strb	r0, [r1]
1473:Drivers/STM32G0xx_HAL_Driver/Src/stm32g0xx_hal_pcd.c **** 
 4486              		.loc 1 1473 3 is_stmt 1 view .LVU1267
1473:Drivers/STM32G0xx_HAL_Driver/Src/stm32g0xx_hal_pcd.c **** 
 4487              		.loc 1 1473 3 view .LVU1268
 4488 0038 A523     		movs	r3, #165
 4489 003a 9B00     		lsls	r3, r3, #2
 4490 003c E35C     		ldrb	r3, [r4, r3]
 4491 003e 012B     		cmp	r3, #1
 4492 0040 18D0     		beq	.L232
1473:Drivers/STM32G0xx_HAL_Driver/Src/stm32g0xx_hal_pcd.c **** 
 4493              		.loc 1 1473 3 discriminator 2 view .LVU1269
 4494 0042 A525     		movs	r5, #165
 4495 0044 AD00     		lsls	r5, r5, #2
 4496 0046 0123     		movs	r3, #1
 4497 0048 6355     		strb	r3, [r4, r5]
1473:Drivers/STM32G0xx_HAL_Driver/Src/stm32g0xx_hal_pcd.c **** 
 4498              		.loc 1 1473 3 view .LVU1270
1475:Drivers/STM32G0xx_HAL_Driver/Src/stm32g0xx_hal_pcd.c **** 
 4499              		.loc 1 1475 3 view .LVU1271
1475:Drivers/STM32G0xx_HAL_Driver/Src/stm32g0xx_hal_pcd.c **** 
 4500              		.loc 1 1475 28 is_stmt 0 view .LVU1272
 4501 004a 2068     		ldr	r0, [r4]
1475:Drivers/STM32G0xx_HAL_Driver/Src/stm32g0xx_hal_pcd.c **** 
 4502              		.loc 1 1475 9 view .LVU1273
 4503 004c FFF7FEFF 		bl	USB_EPSetStall
 4504              	.LVL361:
ARM GAS  C:\Users\Domagoj\AppData\Local\Temp\cc6jMbW9.s 			page 148


1477:Drivers/STM32G0xx_HAL_Driver/Src/stm32g0xx_hal_pcd.c **** 
 4505              		.loc 1 1477 3 is_stmt 1 view .LVU1274
1477:Drivers/STM32G0xx_HAL_Driver/Src/stm32g0xx_hal_pcd.c **** 
 4506              		.loc 1 1477 3 view .LVU1275
 4507 0050 0023     		movs	r3, #0
 4508 0052 6355     		strb	r3, [r4, r5]
1477:Drivers/STM32G0xx_HAL_Driver/Src/stm32g0xx_hal_pcd.c **** 
 4509              		.loc 1 1477 3 view .LVU1276
1479:Drivers/STM32G0xx_HAL_Driver/Src/stm32g0xx_hal_pcd.c **** }
 4510              		.loc 1 1479 3 view .LVU1277
1479:Drivers/STM32G0xx_HAL_Driver/Src/stm32g0xx_hal_pcd.c **** }
 4511              		.loc 1 1479 10 is_stmt 0 view .LVU1278
 4512 0054 0020     		movs	r0, #0
 4513              	.LVL362:
 4514              	.L228:
1480:Drivers/STM32G0xx_HAL_Driver/Src/stm32g0xx_hal_pcd.c **** 
 4515              		.loc 1 1480 1 view .LVU1279
 4516              		@ sp needed
 4517              	.LVL363:
1480:Drivers/STM32G0xx_HAL_Driver/Src/stm32g0xx_hal_pcd.c **** 
 4518              		.loc 1 1480 1 view .LVU1280
 4519 0056 70BD     		pop	{r4, r5, r6, pc}
 4520              	.LVL364:
 4521              	.L233:
1461:Drivers/STM32G0xx_HAL_Driver/Src/stm32g0xx_hal_pcd.c ****     ep->is_in = 1U;
 4522              		.loc 1 1461 5 is_stmt 1 view .LVU1281
1461:Drivers/STM32G0xx_HAL_Driver/Src/stm32g0xx_hal_pcd.c ****     ep->is_in = 1U;
 4523              		.loc 1 1461 8 is_stmt 0 view .LVU1282
 4524 0058 8300     		lsls	r3, r0, #2
 4525 005a 1918     		adds	r1, r3, r0
 4526              	.LVL365:
1461:Drivers/STM32G0xx_HAL_Driver/Src/stm32g0xx_hal_pcd.c ****     ep->is_in = 1U;
 4527              		.loc 1 1461 8 view .LVU1283
 4528 005c C900     		lsls	r1, r1, #3
 4529 005e 1031     		adds	r1, r1, #16
 4530 0060 6118     		adds	r1, r4, r1
 4531 0062 0431     		adds	r1, r1, #4
 4532              	.LVL366:
1462:Drivers/STM32G0xx_HAL_Driver/Src/stm32g0xx_hal_pcd.c ****   }
 4533              		.loc 1 1462 5 is_stmt 1 view .LVU1284
1462:Drivers/STM32G0xx_HAL_Driver/Src/stm32g0xx_hal_pcd.c ****   }
 4534              		.loc 1 1462 15 is_stmt 0 view .LVU1285
 4535 0064 1B18     		adds	r3, r3, r0
 4536 0066 DB00     		lsls	r3, r3, #3
 4537 0068 E318     		adds	r3, r4, r3
 4538 006a 0122     		movs	r2, #1
 4539              	.LVL367:
1462:Drivers/STM32G0xx_HAL_Driver/Src/stm32g0xx_hal_pcd.c ****   }
 4540              		.loc 1 1462 15 view .LVU1286
 4541 006c 5A75     		strb	r2, [r3, #21]
 4542 006e E0E7     		b	.L230
 4543              	.LVL368:
 4544              	.L231:
1456:Drivers/STM32G0xx_HAL_Driver/Src/stm32g0xx_hal_pcd.c ****   }
 4545              		.loc 1 1456 12 view .LVU1287
 4546 0070 0120     		movs	r0, #1
 4547 0072 F0E7     		b	.L228
ARM GAS  C:\Users\Domagoj\AppData\Local\Temp\cc6jMbW9.s 			page 149


 4548              	.LVL369:
 4549              	.L232:
1473:Drivers/STM32G0xx_HAL_Driver/Src/stm32g0xx_hal_pcd.c **** 
 4550              		.loc 1 1473 3 discriminator 1 view .LVU1288
 4551 0074 0220     		movs	r0, #2
 4552 0076 EEE7     		b	.L228
 4553              		.cfi_endproc
 4554              	.LFE392:
 4556              		.section	.text.HAL_PCD_EP_ClrStall,"ax",%progbits
 4557              		.align	1
 4558              		.global	HAL_PCD_EP_ClrStall
 4559              		.syntax unified
 4560              		.code	16
 4561              		.thumb_func
 4563              	HAL_PCD_EP_ClrStall:
 4564              	.LVL370:
 4565              	.LFB393:
1489:Drivers/STM32G0xx_HAL_Driver/Src/stm32g0xx_hal_pcd.c ****   PCD_EPTypeDef *ep;
 4566              		.loc 1 1489 1 is_stmt 1 view -0
 4567              		.cfi_startproc
 4568              		@ args = 0, pretend = 0, frame = 0
 4569              		@ frame_needed = 0, uses_anonymous_args = 0
1489:Drivers/STM32G0xx_HAL_Driver/Src/stm32g0xx_hal_pcd.c ****   PCD_EPTypeDef *ep;
 4570              		.loc 1 1489 1 is_stmt 0 view .LVU1290
 4571 0000 70B5     		push	{r4, r5, r6, lr}
 4572              	.LCFI22:
 4573              		.cfi_def_cfa_offset 16
 4574              		.cfi_offset 4, -16
 4575              		.cfi_offset 5, -12
 4576              		.cfi_offset 6, -8
 4577              		.cfi_offset 14, -4
 4578 0002 0400     		movs	r4, r0
 4579 0004 0800     		movs	r0, r1
 4580              	.LVL371:
1490:Drivers/STM32G0xx_HAL_Driver/Src/stm32g0xx_hal_pcd.c **** 
 4581              		.loc 1 1490 3 is_stmt 1 view .LVU1291
1492:Drivers/STM32G0xx_HAL_Driver/Src/stm32g0xx_hal_pcd.c ****   {
 4582              		.loc 1 1492 3 view .LVU1292
1492:Drivers/STM32G0xx_HAL_Driver/Src/stm32g0xx_hal_pcd.c ****   {
 4583              		.loc 1 1492 47 is_stmt 0 view .LVU1293
 4584 0006 2279     		ldrb	r2, [r4, #4]
1492:Drivers/STM32G0xx_HAL_Driver/Src/stm32g0xx_hal_pcd.c ****   {
 4585              		.loc 1 1492 6 view .LVU1294
 4586 0008 0F23     		movs	r3, #15
 4587 000a 0B40     		ands	r3, r1
 4588 000c 9A42     		cmp	r2, r3
 4589 000e 35D3     		bcc	.L238
1497:Drivers/STM32G0xx_HAL_Driver/Src/stm32g0xx_hal_pcd.c ****   {
 4590              		.loc 1 1497 3 is_stmt 1 view .LVU1295
1497:Drivers/STM32G0xx_HAL_Driver/Src/stm32g0xx_hal_pcd.c ****   {
 4591              		.loc 1 1497 25 is_stmt 0 view .LVU1296
 4592 0010 4BB2     		sxtb	r3, r1
1497:Drivers/STM32G0xx_HAL_Driver/Src/stm32g0xx_hal_pcd.c ****   {
 4593              		.loc 1 1497 6 view .LVU1297
 4594 0012 002B     		cmp	r3, #0
 4595 0014 24DB     		blt	.L240
1504:Drivers/STM32G0xx_HAL_Driver/Src/stm32g0xx_hal_pcd.c ****     ep->is_in = 0U;
ARM GAS  C:\Users\Domagoj\AppData\Local\Temp\cc6jMbW9.s 			page 150


 4596              		.loc 1 1504 5 is_stmt 1 view .LVU1298
1504:Drivers/STM32G0xx_HAL_Driver/Src/stm32g0xx_hal_pcd.c ****     ep->is_in = 0U;
 4597              		.loc 1 1504 32 is_stmt 0 view .LVU1299
 4598 0016 0725     		movs	r5, #7
 4599 0018 0D40     		ands	r5, r1
1504:Drivers/STM32G0xx_HAL_Driver/Src/stm32g0xx_hal_pcd.c ****     ep->is_in = 0U;
 4600              		.loc 1 1504 8 view .LVU1300
 4601 001a AB00     		lsls	r3, r5, #2
 4602 001c 5919     		adds	r1, r3, r5
 4603              	.LVL372:
1504:Drivers/STM32G0xx_HAL_Driver/Src/stm32g0xx_hal_pcd.c ****     ep->is_in = 0U;
 4604              		.loc 1 1504 8 view .LVU1301
 4605 001e C900     		lsls	r1, r1, #3
 4606 0020 5131     		adds	r1, r1, #81
 4607 0022 FF31     		adds	r1, r1, #255
 4608 0024 6118     		adds	r1, r4, r1
 4609 0026 0431     		adds	r1, r1, #4
 4610              	.LVL373:
1505:Drivers/STM32G0xx_HAL_Driver/Src/stm32g0xx_hal_pcd.c ****   }
 4611              		.loc 1 1505 5 is_stmt 1 view .LVU1302
1505:Drivers/STM32G0xx_HAL_Driver/Src/stm32g0xx_hal_pcd.c ****   }
 4612              		.loc 1 1505 15 is_stmt 0 view .LVU1303
 4613 0028 5B19     		adds	r3, r3, r5
 4614 002a DB00     		lsls	r3, r3, #3
 4615 002c E318     		adds	r3, r4, r3
 4616 002e 5633     		adds	r3, r3, #86
 4617 0030 FF33     		adds	r3, r3, #255
 4618 0032 0022     		movs	r2, #0
 4619 0034 1A70     		strb	r2, [r3]
 4620              	.L237:
1508:Drivers/STM32G0xx_HAL_Driver/Src/stm32g0xx_hal_pcd.c ****   ep->num = ep_addr & EP_ADDR_MSK;
 4621              		.loc 1 1508 3 is_stmt 1 view .LVU1304
1508:Drivers/STM32G0xx_HAL_Driver/Src/stm32g0xx_hal_pcd.c ****   ep->num = ep_addr & EP_ADDR_MSK;
 4622              		.loc 1 1508 16 is_stmt 0 view .LVU1305
 4623 0036 0023     		movs	r3, #0
 4624 0038 8B70     		strb	r3, [r1, #2]
1509:Drivers/STM32G0xx_HAL_Driver/Src/stm32g0xx_hal_pcd.c **** 
 4625              		.loc 1 1509 3 is_stmt 1 view .LVU1306
1509:Drivers/STM32G0xx_HAL_Driver/Src/stm32g0xx_hal_pcd.c **** 
 4626              		.loc 1 1509 21 is_stmt 0 view .LVU1307
 4627 003a 0733     		adds	r3, r3, #7
 4628 003c 0340     		ands	r3, r0
1509:Drivers/STM32G0xx_HAL_Driver/Src/stm32g0xx_hal_pcd.c **** 
 4629              		.loc 1 1509 11 view .LVU1308
 4630 003e 0B70     		strb	r3, [r1]
1511:Drivers/STM32G0xx_HAL_Driver/Src/stm32g0xx_hal_pcd.c ****   (void)USB_EPClearStall(hpcd->Instance, ep);
 4631              		.loc 1 1511 3 is_stmt 1 view .LVU1309
1511:Drivers/STM32G0xx_HAL_Driver/Src/stm32g0xx_hal_pcd.c ****   (void)USB_EPClearStall(hpcd->Instance, ep);
 4632              		.loc 1 1511 3 view .LVU1310
 4633 0040 A523     		movs	r3, #165
 4634 0042 9B00     		lsls	r3, r3, #2
 4635 0044 E35C     		ldrb	r3, [r4, r3]
 4636 0046 012B     		cmp	r3, #1
 4637 0048 1AD0     		beq	.L239
1511:Drivers/STM32G0xx_HAL_Driver/Src/stm32g0xx_hal_pcd.c ****   (void)USB_EPClearStall(hpcd->Instance, ep);
 4638              		.loc 1 1511 3 discriminator 2 view .LVU1311
 4639 004a A525     		movs	r5, #165
ARM GAS  C:\Users\Domagoj\AppData\Local\Temp\cc6jMbW9.s 			page 151


 4640 004c AD00     		lsls	r5, r5, #2
 4641 004e 0123     		movs	r3, #1
 4642 0050 6355     		strb	r3, [r4, r5]
1511:Drivers/STM32G0xx_HAL_Driver/Src/stm32g0xx_hal_pcd.c ****   (void)USB_EPClearStall(hpcd->Instance, ep);
 4643              		.loc 1 1511 3 view .LVU1312
1512:Drivers/STM32G0xx_HAL_Driver/Src/stm32g0xx_hal_pcd.c ****   __HAL_UNLOCK(hpcd);
 4644              		.loc 1 1512 3 view .LVU1313
1512:Drivers/STM32G0xx_HAL_Driver/Src/stm32g0xx_hal_pcd.c ****   __HAL_UNLOCK(hpcd);
 4645              		.loc 1 1512 30 is_stmt 0 view .LVU1314
 4646 0052 2068     		ldr	r0, [r4]
 4647              	.LVL374:
1512:Drivers/STM32G0xx_HAL_Driver/Src/stm32g0xx_hal_pcd.c ****   __HAL_UNLOCK(hpcd);
 4648              		.loc 1 1512 9 view .LVU1315
 4649 0054 FFF7FEFF 		bl	USB_EPClearStall
 4650              	.LVL375:
1513:Drivers/STM32G0xx_HAL_Driver/Src/stm32g0xx_hal_pcd.c **** 
 4651              		.loc 1 1513 3 is_stmt 1 view .LVU1316
1513:Drivers/STM32G0xx_HAL_Driver/Src/stm32g0xx_hal_pcd.c **** 
 4652              		.loc 1 1513 3 view .LVU1317
 4653 0058 0023     		movs	r3, #0
 4654 005a 6355     		strb	r3, [r4, r5]
1513:Drivers/STM32G0xx_HAL_Driver/Src/stm32g0xx_hal_pcd.c **** 
 4655              		.loc 1 1513 3 view .LVU1318
1515:Drivers/STM32G0xx_HAL_Driver/Src/stm32g0xx_hal_pcd.c **** }
 4656              		.loc 1 1515 3 view .LVU1319
1515:Drivers/STM32G0xx_HAL_Driver/Src/stm32g0xx_hal_pcd.c **** }
 4657              		.loc 1 1515 10 is_stmt 0 view .LVU1320
 4658 005c 0020     		movs	r0, #0
 4659              	.LVL376:
 4660              	.L235:
1516:Drivers/STM32G0xx_HAL_Driver/Src/stm32g0xx_hal_pcd.c **** 
 4661              		.loc 1 1516 1 view .LVU1321
 4662              		@ sp needed
 4663              	.LVL377:
1516:Drivers/STM32G0xx_HAL_Driver/Src/stm32g0xx_hal_pcd.c **** 
 4664              		.loc 1 1516 1 view .LVU1322
 4665 005e 70BD     		pop	{r4, r5, r6, pc}
 4666              	.LVL378:
 4667              	.L240:
1499:Drivers/STM32G0xx_HAL_Driver/Src/stm32g0xx_hal_pcd.c ****     ep->is_in = 1U;
 4668              		.loc 1 1499 5 is_stmt 1 view .LVU1323
1499:Drivers/STM32G0xx_HAL_Driver/Src/stm32g0xx_hal_pcd.c ****     ep->is_in = 1U;
 4669              		.loc 1 1499 31 is_stmt 0 view .LVU1324
 4670 0060 0722     		movs	r2, #7
 4671 0062 0A40     		ands	r2, r1
1499:Drivers/STM32G0xx_HAL_Driver/Src/stm32g0xx_hal_pcd.c ****     ep->is_in = 1U;
 4672              		.loc 1 1499 8 view .LVU1325
 4673 0064 9300     		lsls	r3, r2, #2
 4674 0066 9918     		adds	r1, r3, r2
 4675              	.LVL379:
1499:Drivers/STM32G0xx_HAL_Driver/Src/stm32g0xx_hal_pcd.c ****     ep->is_in = 1U;
 4676              		.loc 1 1499 8 view .LVU1326
 4677 0068 C900     		lsls	r1, r1, #3
 4678 006a 1031     		adds	r1, r1, #16
 4679 006c 6118     		adds	r1, r4, r1
 4680 006e 0431     		adds	r1, r1, #4
 4681              	.LVL380:
ARM GAS  C:\Users\Domagoj\AppData\Local\Temp\cc6jMbW9.s 			page 152


1500:Drivers/STM32G0xx_HAL_Driver/Src/stm32g0xx_hal_pcd.c ****   }
 4682              		.loc 1 1500 5 is_stmt 1 view .LVU1327
1500:Drivers/STM32G0xx_HAL_Driver/Src/stm32g0xx_hal_pcd.c ****   }
 4683              		.loc 1 1500 15 is_stmt 0 view .LVU1328
 4684 0070 9B18     		adds	r3, r3, r2
 4685 0072 DB00     		lsls	r3, r3, #3
 4686 0074 E318     		adds	r3, r4, r3
 4687 0076 0122     		movs	r2, #1
 4688 0078 5A75     		strb	r2, [r3, #21]
 4689 007a DCE7     		b	.L237
 4690              	.LVL381:
 4691              	.L238:
1494:Drivers/STM32G0xx_HAL_Driver/Src/stm32g0xx_hal_pcd.c ****   }
 4692              		.loc 1 1494 12 view .LVU1329
 4693 007c 0120     		movs	r0, #1
 4694 007e EEE7     		b	.L235
 4695              	.LVL382:
 4696              	.L239:
1511:Drivers/STM32G0xx_HAL_Driver/Src/stm32g0xx_hal_pcd.c ****   (void)USB_EPClearStall(hpcd->Instance, ep);
 4697              		.loc 1 1511 3 discriminator 1 view .LVU1330
 4698 0080 0220     		movs	r0, #2
 4699              	.LVL383:
1511:Drivers/STM32G0xx_HAL_Driver/Src/stm32g0xx_hal_pcd.c ****   (void)USB_EPClearStall(hpcd->Instance, ep);
 4700              		.loc 1 1511 3 discriminator 1 view .LVU1331
 4701 0082 ECE7     		b	.L235
 4702              		.cfi_endproc
 4703              	.LFE393:
 4705              		.section	.text.HAL_PCD_EP_Abort,"ax",%progbits
 4706              		.align	1
 4707              		.global	HAL_PCD_EP_Abort
 4708              		.syntax unified
 4709              		.code	16
 4710              		.thumb_func
 4712              	HAL_PCD_EP_Abort:
 4713              	.LVL384:
 4714              	.LFB394:
1525:Drivers/STM32G0xx_HAL_Driver/Src/stm32g0xx_hal_pcd.c ****   HAL_StatusTypeDef ret;
 4715              		.loc 1 1525 1 is_stmt 1 view -0
 4716              		.cfi_startproc
 4717              		@ args = 0, pretend = 0, frame = 0
 4718              		@ frame_needed = 0, uses_anonymous_args = 0
1525:Drivers/STM32G0xx_HAL_Driver/Src/stm32g0xx_hal_pcd.c ****   HAL_StatusTypeDef ret;
 4719              		.loc 1 1525 1 is_stmt 0 view .LVU1333
 4720 0000 10B5     		push	{r4, lr}
 4721              	.LCFI23:
 4722              		.cfi_def_cfa_offset 8
 4723              		.cfi_offset 4, -8
 4724              		.cfi_offset 14, -4
1526:Drivers/STM32G0xx_HAL_Driver/Src/stm32g0xx_hal_pcd.c ****   PCD_EPTypeDef *ep;
 4725              		.loc 1 1526 3 is_stmt 1 view .LVU1334
1527:Drivers/STM32G0xx_HAL_Driver/Src/stm32g0xx_hal_pcd.c **** 
 4726              		.loc 1 1527 3 view .LVU1335
1529:Drivers/STM32G0xx_HAL_Driver/Src/stm32g0xx_hal_pcd.c ****   {
 4727              		.loc 1 1529 3 view .LVU1336
1529:Drivers/STM32G0xx_HAL_Driver/Src/stm32g0xx_hal_pcd.c ****   {
 4728              		.loc 1 1529 25 is_stmt 0 view .LVU1337
 4729 0002 4BB2     		sxtb	r3, r1
ARM GAS  C:\Users\Domagoj\AppData\Local\Temp\cc6jMbW9.s 			page 153


1529:Drivers/STM32G0xx_HAL_Driver/Src/stm32g0xx_hal_pcd.c ****   {
 4730              		.loc 1 1529 6 view .LVU1338
 4731 0004 002B     		cmp	r3, #0
 4732 0006 0CDB     		blt	.L244
1535:Drivers/STM32G0xx_HAL_Driver/Src/stm32g0xx_hal_pcd.c ****   }
 4733              		.loc 1 1535 5 is_stmt 1 view .LVU1339
1535:Drivers/STM32G0xx_HAL_Driver/Src/stm32g0xx_hal_pcd.c ****   }
 4734              		.loc 1 1535 32 is_stmt 0 view .LVU1340
 4735 0008 0723     		movs	r3, #7
 4736 000a 0B40     		ands	r3, r1
1535:Drivers/STM32G0xx_HAL_Driver/Src/stm32g0xx_hal_pcd.c ****   }
 4737              		.loc 1 1535 8 view .LVU1341
 4738 000c 9900     		lsls	r1, r3, #2
 4739              	.LVL385:
1535:Drivers/STM32G0xx_HAL_Driver/Src/stm32g0xx_hal_pcd.c ****   }
 4740              		.loc 1 1535 8 view .LVU1342
 4741 000e C918     		adds	r1, r1, r3
 4742 0010 C900     		lsls	r1, r1, #3
 4743 0012 5131     		adds	r1, r1, #81
 4744 0014 FF31     		adds	r1, r1, #255
 4745 0016 4118     		adds	r1, r0, r1
 4746 0018 0431     		adds	r1, r1, #4
 4747              	.L243:
 4748              	.LVL386:
1539:Drivers/STM32G0xx_HAL_Driver/Src/stm32g0xx_hal_pcd.c **** 
 4749              		.loc 1 1539 3 is_stmt 1 view .LVU1343
1539:Drivers/STM32G0xx_HAL_Driver/Src/stm32g0xx_hal_pcd.c **** 
 4750              		.loc 1 1539 28 is_stmt 0 view .LVU1344
 4751 001a 0068     		ldr	r0, [r0]
 4752              	.LVL387:
1539:Drivers/STM32G0xx_HAL_Driver/Src/stm32g0xx_hal_pcd.c **** 
 4753              		.loc 1 1539 9 view .LVU1345
 4754 001c FFF7FEFF 		bl	USB_EPStopXfer
 4755              	.LVL388:
1541:Drivers/STM32G0xx_HAL_Driver/Src/stm32g0xx_hal_pcd.c **** }
 4756              		.loc 1 1541 3 is_stmt 1 view .LVU1346
1542:Drivers/STM32G0xx_HAL_Driver/Src/stm32g0xx_hal_pcd.c **** 
 4757              		.loc 1 1542 1 is_stmt 0 view .LVU1347
 4758              		@ sp needed
 4759 0020 10BD     		pop	{r4, pc}
 4760              	.LVL389:
 4761              	.L244:
1531:Drivers/STM32G0xx_HAL_Driver/Src/stm32g0xx_hal_pcd.c ****   }
 4762              		.loc 1 1531 5 is_stmt 1 view .LVU1348
1531:Drivers/STM32G0xx_HAL_Driver/Src/stm32g0xx_hal_pcd.c ****   }
 4763              		.loc 1 1531 31 is_stmt 0 view .LVU1349
 4764 0022 0723     		movs	r3, #7
 4765 0024 0B40     		ands	r3, r1
1531:Drivers/STM32G0xx_HAL_Driver/Src/stm32g0xx_hal_pcd.c ****   }
 4766              		.loc 1 1531 8 view .LVU1350
 4767 0026 9900     		lsls	r1, r3, #2
 4768              	.LVL390:
1531:Drivers/STM32G0xx_HAL_Driver/Src/stm32g0xx_hal_pcd.c ****   }
 4769              		.loc 1 1531 8 view .LVU1351
 4770 0028 C918     		adds	r1, r1, r3
 4771 002a C900     		lsls	r1, r1, #3
 4772 002c 1031     		adds	r1, r1, #16
ARM GAS  C:\Users\Domagoj\AppData\Local\Temp\cc6jMbW9.s 			page 154


 4773 002e 4118     		adds	r1, r0, r1
 4774 0030 0431     		adds	r1, r1, #4
 4775              	.LVL391:
1531:Drivers/STM32G0xx_HAL_Driver/Src/stm32g0xx_hal_pcd.c ****   }
 4776              		.loc 1 1531 8 view .LVU1352
 4777 0032 F2E7     		b	.L243
 4778              		.cfi_endproc
 4779              	.LFE394:
 4781              		.section	.text.HAL_PCD_EP_Flush,"ax",%progbits
 4782              		.align	1
 4783              		.global	HAL_PCD_EP_Flush
 4784              		.syntax unified
 4785              		.code	16
 4786              		.thumb_func
 4788              	HAL_PCD_EP_Flush:
 4789              	.LVL392:
 4790              	.LFB395:
1551:Drivers/STM32G0xx_HAL_Driver/Src/stm32g0xx_hal_pcd.c ****   __HAL_LOCK(hpcd);
 4791              		.loc 1 1551 1 is_stmt 1 view -0
 4792              		.cfi_startproc
 4793              		@ args = 0, pretend = 0, frame = 0
 4794              		@ frame_needed = 0, uses_anonymous_args = 0
1551:Drivers/STM32G0xx_HAL_Driver/Src/stm32g0xx_hal_pcd.c ****   __HAL_LOCK(hpcd);
 4795              		.loc 1 1551 1 is_stmt 0 view .LVU1354
 4796 0000 10B5     		push	{r4, lr}
 4797              	.LCFI24:
 4798              		.cfi_def_cfa_offset 8
 4799              		.cfi_offset 4, -8
 4800              		.cfi_offset 14, -4
 4801 0002 0400     		movs	r4, r0
1552:Drivers/STM32G0xx_HAL_Driver/Src/stm32g0xx_hal_pcd.c **** 
 4802              		.loc 1 1552 3 is_stmt 1 view .LVU1355
1552:Drivers/STM32G0xx_HAL_Driver/Src/stm32g0xx_hal_pcd.c **** 
 4803              		.loc 1 1552 3 view .LVU1356
 4804 0004 A523     		movs	r3, #165
 4805 0006 9B00     		lsls	r3, r3, #2
 4806 0008 C35C     		ldrb	r3, [r0, r3]
 4807 000a 012B     		cmp	r3, #1
 4808 000c 15D0     		beq	.L249
1552:Drivers/STM32G0xx_HAL_Driver/Src/stm32g0xx_hal_pcd.c **** 
 4809              		.loc 1 1552 3 discriminator 2 view .LVU1357
 4810 000e A523     		movs	r3, #165
 4811 0010 9B00     		lsls	r3, r3, #2
 4812 0012 0122     		movs	r2, #1
 4813 0014 C254     		strb	r2, [r0, r3]
1552:Drivers/STM32G0xx_HAL_Driver/Src/stm32g0xx_hal_pcd.c **** 
 4814              		.loc 1 1552 3 view .LVU1358
1554:Drivers/STM32G0xx_HAL_Driver/Src/stm32g0xx_hal_pcd.c ****   {
 4815              		.loc 1 1554 3 view .LVU1359
1554:Drivers/STM32G0xx_HAL_Driver/Src/stm32g0xx_hal_pcd.c ****   {
 4816              		.loc 1 1554 25 is_stmt 0 view .LVU1360
 4817 0016 4BB2     		sxtb	r3, r1
1554:Drivers/STM32G0xx_HAL_Driver/Src/stm32g0xx_hal_pcd.c ****   {
 4818              		.loc 1 1554 6 view .LVU1361
 4819 0018 002B     		cmp	r3, #0
 4820 001a 08DB     		blt	.L250
1560:Drivers/STM32G0xx_HAL_Driver/Src/stm32g0xx_hal_pcd.c ****   }
ARM GAS  C:\Users\Domagoj\AppData\Local\Temp\cc6jMbW9.s 			page 155


 4821              		.loc 1 1560 5 is_stmt 1 view .LVU1362
1560:Drivers/STM32G0xx_HAL_Driver/Src/stm32g0xx_hal_pcd.c ****   }
 4822              		.loc 1 1560 31 is_stmt 0 view .LVU1363
 4823 001c 0068     		ldr	r0, [r0]
 4824              	.LVL393:
1560:Drivers/STM32G0xx_HAL_Driver/Src/stm32g0xx_hal_pcd.c ****   }
 4825              		.loc 1 1560 11 view .LVU1364
 4826 001e FFF7FEFF 		bl	USB_FlushRxFifo
 4827              	.LVL394:
 4828              	.L248:
1563:Drivers/STM32G0xx_HAL_Driver/Src/stm32g0xx_hal_pcd.c **** 
 4829              		.loc 1 1563 3 is_stmt 1 view .LVU1365
1563:Drivers/STM32G0xx_HAL_Driver/Src/stm32g0xx_hal_pcd.c **** 
 4830              		.loc 1 1563 3 view .LVU1366
 4831 0022 A523     		movs	r3, #165
 4832 0024 9B00     		lsls	r3, r3, #2
 4833 0026 0022     		movs	r2, #0
 4834 0028 E254     		strb	r2, [r4, r3]
1563:Drivers/STM32G0xx_HAL_Driver/Src/stm32g0xx_hal_pcd.c **** 
 4835              		.loc 1 1563 3 view .LVU1367
1565:Drivers/STM32G0xx_HAL_Driver/Src/stm32g0xx_hal_pcd.c **** }
 4836              		.loc 1 1565 3 view .LVU1368
1565:Drivers/STM32G0xx_HAL_Driver/Src/stm32g0xx_hal_pcd.c **** }
 4837              		.loc 1 1565 10 is_stmt 0 view .LVU1369
 4838 002a 0020     		movs	r0, #0
 4839              	.L246:
1566:Drivers/STM32G0xx_HAL_Driver/Src/stm32g0xx_hal_pcd.c **** 
 4840              		.loc 1 1566 1 view .LVU1370
 4841              		@ sp needed
 4842              	.LVL395:
1566:Drivers/STM32G0xx_HAL_Driver/Src/stm32g0xx_hal_pcd.c **** 
 4843              		.loc 1 1566 1 view .LVU1371
 4844 002c 10BD     		pop	{r4, pc}
 4845              	.LVL396:
 4846              	.L250:
1556:Drivers/STM32G0xx_HAL_Driver/Src/stm32g0xx_hal_pcd.c ****   }
 4847              		.loc 1 1556 5 is_stmt 1 view .LVU1372
1556:Drivers/STM32G0xx_HAL_Driver/Src/stm32g0xx_hal_pcd.c ****   }
 4848              		.loc 1 1556 31 is_stmt 0 view .LVU1373
 4849 002e 0068     		ldr	r0, [r0]
 4850              	.LVL397:
1556:Drivers/STM32G0xx_HAL_Driver/Src/stm32g0xx_hal_pcd.c ****   }
 4851              		.loc 1 1556 11 view .LVU1374
 4852 0030 0723     		movs	r3, #7
 4853 0032 1940     		ands	r1, r3
 4854              	.LVL398:
1556:Drivers/STM32G0xx_HAL_Driver/Src/stm32g0xx_hal_pcd.c ****   }
 4855              		.loc 1 1556 11 view .LVU1375
 4856 0034 FFF7FEFF 		bl	USB_FlushTxFifo
 4857              	.LVL399:
 4858 0038 F3E7     		b	.L248
 4859              	.LVL400:
 4860              	.L249:
1552:Drivers/STM32G0xx_HAL_Driver/Src/stm32g0xx_hal_pcd.c **** 
 4861              		.loc 1 1552 3 discriminator 1 view .LVU1376
 4862 003a 0220     		movs	r0, #2
 4863              	.LVL401:
ARM GAS  C:\Users\Domagoj\AppData\Local\Temp\cc6jMbW9.s 			page 156


1552:Drivers/STM32G0xx_HAL_Driver/Src/stm32g0xx_hal_pcd.c **** 
 4864              		.loc 1 1552 3 discriminator 1 view .LVU1377
 4865 003c F6E7     		b	.L246
 4866              		.cfi_endproc
 4867              	.LFE395:
 4869              		.section	.text.HAL_PCD_ActivateRemoteWakeup,"ax",%progbits
 4870              		.align	1
 4871              		.global	HAL_PCD_ActivateRemoteWakeup
 4872              		.syntax unified
 4873              		.code	16
 4874              		.thumb_func
 4876              	HAL_PCD_ActivateRemoteWakeup:
 4877              	.LVL402:
 4878              	.LFB396:
1574:Drivers/STM32G0xx_HAL_Driver/Src/stm32g0xx_hal_pcd.c ****   return (USB_ActivateRemoteWakeup(hpcd->Instance));
 4879              		.loc 1 1574 1 is_stmt 1 view -0
 4880              		.cfi_startproc
 4881              		@ args = 0, pretend = 0, frame = 0
 4882              		@ frame_needed = 0, uses_anonymous_args = 0
1574:Drivers/STM32G0xx_HAL_Driver/Src/stm32g0xx_hal_pcd.c ****   return (USB_ActivateRemoteWakeup(hpcd->Instance));
 4883              		.loc 1 1574 1 is_stmt 0 view .LVU1379
 4884 0000 10B5     		push	{r4, lr}
 4885              	.LCFI25:
 4886              		.cfi_def_cfa_offset 8
 4887              		.cfi_offset 4, -8
 4888              		.cfi_offset 14, -4
1575:Drivers/STM32G0xx_HAL_Driver/Src/stm32g0xx_hal_pcd.c **** }
 4889              		.loc 1 1575 3 is_stmt 1 view .LVU1380
1575:Drivers/STM32G0xx_HAL_Driver/Src/stm32g0xx_hal_pcd.c **** }
 4890              		.loc 1 1575 40 is_stmt 0 view .LVU1381
 4891 0002 0068     		ldr	r0, [r0]
 4892              	.LVL403:
1575:Drivers/STM32G0xx_HAL_Driver/Src/stm32g0xx_hal_pcd.c **** }
 4893              		.loc 1 1575 11 view .LVU1382
 4894 0004 FFF7FEFF 		bl	USB_ActivateRemoteWakeup
 4895              	.LVL404:
1576:Drivers/STM32G0xx_HAL_Driver/Src/stm32g0xx_hal_pcd.c **** 
 4896              		.loc 1 1576 1 view .LVU1383
 4897              		@ sp needed
 4898 0008 10BD     		pop	{r4, pc}
 4899              		.cfi_endproc
 4900              	.LFE396:
 4902              		.section	.text.HAL_PCD_DeActivateRemoteWakeup,"ax",%progbits
 4903              		.align	1
 4904              		.global	HAL_PCD_DeActivateRemoteWakeup
 4905              		.syntax unified
 4906              		.code	16
 4907              		.thumb_func
 4909              	HAL_PCD_DeActivateRemoteWakeup:
 4910              	.LVL405:
 4911              	.LFB397:
1584:Drivers/STM32G0xx_HAL_Driver/Src/stm32g0xx_hal_pcd.c ****   return (USB_DeActivateRemoteWakeup(hpcd->Instance));
 4912              		.loc 1 1584 1 is_stmt 1 view -0
 4913              		.cfi_startproc
 4914              		@ args = 0, pretend = 0, frame = 0
 4915              		@ frame_needed = 0, uses_anonymous_args = 0
1584:Drivers/STM32G0xx_HAL_Driver/Src/stm32g0xx_hal_pcd.c ****   return (USB_DeActivateRemoteWakeup(hpcd->Instance));
ARM GAS  C:\Users\Domagoj\AppData\Local\Temp\cc6jMbW9.s 			page 157


 4916              		.loc 1 1584 1 is_stmt 0 view .LVU1385
 4917 0000 10B5     		push	{r4, lr}
 4918              	.LCFI26:
 4919              		.cfi_def_cfa_offset 8
 4920              		.cfi_offset 4, -8
 4921              		.cfi_offset 14, -4
1585:Drivers/STM32G0xx_HAL_Driver/Src/stm32g0xx_hal_pcd.c **** }
 4922              		.loc 1 1585 3 is_stmt 1 view .LVU1386
1585:Drivers/STM32G0xx_HAL_Driver/Src/stm32g0xx_hal_pcd.c **** }
 4923              		.loc 1 1585 42 is_stmt 0 view .LVU1387
 4924 0002 0068     		ldr	r0, [r0]
 4925              	.LVL406:
1585:Drivers/STM32G0xx_HAL_Driver/Src/stm32g0xx_hal_pcd.c **** }
 4926              		.loc 1 1585 11 view .LVU1388
 4927 0004 FFF7FEFF 		bl	USB_DeActivateRemoteWakeup
 4928              	.LVL407:
1586:Drivers/STM32G0xx_HAL_Driver/Src/stm32g0xx_hal_pcd.c **** 
 4929              		.loc 1 1586 1 view .LVU1389
 4930              		@ sp needed
 4931 0008 10BD     		pop	{r4, pc}
 4932              		.cfi_endproc
 4933              	.LFE397:
 4935              		.section	.text.HAL_PCD_GetState,"ax",%progbits
 4936              		.align	1
 4937              		.global	HAL_PCD_GetState
 4938              		.syntax unified
 4939              		.code	16
 4940              		.thumb_func
 4942              	HAL_PCD_GetState:
 4943              	.LVL408:
 4944              	.LFB398:
1613:Drivers/STM32G0xx_HAL_Driver/Src/stm32g0xx_hal_pcd.c ****   return hpcd->State;
 4945              		.loc 1 1613 1 is_stmt 1 view -0
 4946              		.cfi_startproc
 4947              		@ args = 0, pretend = 0, frame = 0
 4948              		@ frame_needed = 0, uses_anonymous_args = 0
 4949              		@ link register save eliminated.
1614:Drivers/STM32G0xx_HAL_Driver/Src/stm32g0xx_hal_pcd.c **** }
 4950              		.loc 1 1614 3 view .LVU1391
1614:Drivers/STM32G0xx_HAL_Driver/Src/stm32g0xx_hal_pcd.c **** }
 4951              		.loc 1 1614 14 is_stmt 0 view .LVU1392
 4952 0000 014B     		ldr	r3, .L254
 4953 0002 C05C     		ldrb	r0, [r0, r3]
 4954              	.LVL409:
1614:Drivers/STM32G0xx_HAL_Driver/Src/stm32g0xx_hal_pcd.c **** }
 4955              		.loc 1 1614 14 view .LVU1393
 4956 0004 C0B2     		uxtb	r0, r0
1615:Drivers/STM32G0xx_HAL_Driver/Src/stm32g0xx_hal_pcd.c **** 
 4957              		.loc 1 1615 1 view .LVU1394
 4958              		@ sp needed
 4959 0006 7047     		bx	lr
 4960              	.L255:
 4961              		.align	2
 4962              	.L254:
 4963 0008 95020000 		.word	661
 4964              		.cfi_endproc
 4965              	.LFE398:
ARM GAS  C:\Users\Domagoj\AppData\Local\Temp\cc6jMbW9.s 			page 158


 4967              		.text
 4968              	.Letext0:
 4969              		.file 3 "C:\\ST\\STM32CubeIDE_2.2.0\\STM32CubeIDE\\plugins\\com.st.stm32cube.ide.mcu.externaltools
 4970              		.file 4 "C:\\ST\\STM32CubeIDE_2.2.0\\STM32CubeIDE\\plugins\\com.st.stm32cube.ide.mcu.externaltools
 4971              		.file 5 "Drivers/CMSIS/Device/ST/STM32G0xx/Include/stm32g0b1xx.h"
 4972              		.file 6 "Drivers/STM32G0xx_HAL_Driver/Inc/stm32g0xx_hal_def.h"
 4973              		.file 7 "Drivers/STM32G0xx_HAL_Driver/Inc/stm32g0xx_ll_usb.h"
 4974              		.file 8 "Drivers/STM32G0xx_HAL_Driver/Inc/stm32g0xx_hal_pcd_ex.h"
 4975              		.file 9 "Drivers/STM32G0xx_HAL_Driver/Inc/stm32g0xx_ll_dma.h"
ARM GAS  C:\Users\Domagoj\AppData\Local\Temp\cc6jMbW9.s 			page 159


DEFINED SYMBOLS
                            *ABS*:00000000 stm32g0xx_hal_pcd.c
C:\Users\Domagoj\AppData\Local\Temp\cc6jMbW9.s:19     .text.PCD_GET_EP_RX_CNT:00000000 $t
C:\Users\Domagoj\AppData\Local\Temp\cc6jMbW9.s:24     .text.PCD_GET_EP_RX_CNT:00000000 PCD_GET_EP_RX_CNT
C:\Users\Domagoj\AppData\Local\Temp\cc6jMbW9.s:77     .text.PCD_GET_EP_RX_CNT:00000028 $d
C:\Users\Domagoj\AppData\Local\Temp\cc6jMbW9.s:82     .text.PCD_GET_EP_DBUF0_CNT:00000000 $t
C:\Users\Domagoj\AppData\Local\Temp\cc6jMbW9.s:87     .text.PCD_GET_EP_DBUF0_CNT:00000000 PCD_GET_EP_DBUF0_CNT
C:\Users\Domagoj\AppData\Local\Temp\cc6jMbW9.s:139    .text.PCD_GET_EP_DBUF0_CNT:00000028 $d
C:\Users\Domagoj\AppData\Local\Temp\cc6jMbW9.s:144    .text.PCD_GET_EP_DBUF1_CNT:00000000 $t
C:\Users\Domagoj\AppData\Local\Temp\cc6jMbW9.s:149    .text.PCD_GET_EP_DBUF1_CNT:00000000 PCD_GET_EP_DBUF1_CNT
C:\Users\Domagoj\AppData\Local\Temp\cc6jMbW9.s:201    .text.PCD_GET_EP_DBUF1_CNT:00000028 $d
C:\Users\Domagoj\AppData\Local\Temp\cc6jMbW9.s:206    .text.HAL_PCD_EP_DB_Receive:00000000 $t
C:\Users\Domagoj\AppData\Local\Temp\cc6jMbW9.s:211    .text.HAL_PCD_EP_DB_Receive:00000000 HAL_PCD_EP_DB_Receive
C:\Users\Domagoj\AppData\Local\Temp\cc6jMbW9.s:476    .text.HAL_PCD_EP_DB_Receive:000000d8 $d
C:\Users\Domagoj\AppData\Local\Temp\cc6jMbW9.s:484    .text.HAL_PCD_MspInit:00000000 $t
C:\Users\Domagoj\AppData\Local\Temp\cc6jMbW9.s:490    .text.HAL_PCD_MspInit:00000000 HAL_PCD_MspInit
C:\Users\Domagoj\AppData\Local\Temp\cc6jMbW9.s:506    .text.HAL_PCD_Init:00000000 $t
C:\Users\Domagoj\AppData\Local\Temp\cc6jMbW9.s:512    .text.HAL_PCD_Init:00000000 HAL_PCD_Init
C:\Users\Domagoj\AppData\Local\Temp\cc6jMbW9.s:728    .text.HAL_PCD_Init:000000cc $d
C:\Users\Domagoj\AppData\Local\Temp\cc6jMbW9.s:733    .text.HAL_PCD_MspDeInit:00000000 $t
C:\Users\Domagoj\AppData\Local\Temp\cc6jMbW9.s:739    .text.HAL_PCD_MspDeInit:00000000 HAL_PCD_MspDeInit
C:\Users\Domagoj\AppData\Local\Temp\cc6jMbW9.s:755    .text.HAL_PCD_DeInit:00000000 $t
C:\Users\Domagoj\AppData\Local\Temp\cc6jMbW9.s:761    .text.HAL_PCD_DeInit:00000000 HAL_PCD_DeInit
C:\Users\Domagoj\AppData\Local\Temp\cc6jMbW9.s:826    .text.HAL_PCD_DeInit:00000030 $d
C:\Users\Domagoj\AppData\Local\Temp\cc6jMbW9.s:831    .text.HAL_PCD_Start:00000000 $t
C:\Users\Domagoj\AppData\Local\Temp\cc6jMbW9.s:837    .text.HAL_PCD_Start:00000000 HAL_PCD_Start
C:\Users\Domagoj\AppData\Local\Temp\cc6jMbW9.s:903    .text.HAL_PCD_Stop:00000000 $t
C:\Users\Domagoj\AppData\Local\Temp\cc6jMbW9.s:909    .text.HAL_PCD_Stop:00000000 HAL_PCD_Stop
C:\Users\Domagoj\AppData\Local\Temp\cc6jMbW9.s:975    .text.HAL_PCD_DataOutStageCallback:00000000 $t
C:\Users\Domagoj\AppData\Local\Temp\cc6jMbW9.s:981    .text.HAL_PCD_DataOutStageCallback:00000000 HAL_PCD_DataOutStageCallback
C:\Users\Domagoj\AppData\Local\Temp\cc6jMbW9.s:998    .text.HAL_PCD_DataInStageCallback:00000000 $t
C:\Users\Domagoj\AppData\Local\Temp\cc6jMbW9.s:1004   .text.HAL_PCD_DataInStageCallback:00000000 HAL_PCD_DataInStageCallback
C:\Users\Domagoj\AppData\Local\Temp\cc6jMbW9.s:1021   .text.HAL_PCD_EP_DB_Transmit:00000000 $t
C:\Users\Domagoj\AppData\Local\Temp\cc6jMbW9.s:1026   .text.HAL_PCD_EP_DB_Transmit:00000000 HAL_PCD_EP_DB_Transmit
C:\Users\Domagoj\AppData\Local\Temp\cc6jMbW9.s:1869   .text.HAL_PCD_EP_DB_Transmit:00000364 $d
C:\Users\Domagoj\AppData\Local\Temp\cc6jMbW9.s:1879   .text.HAL_PCD_EP_DB_Transmit:00000378 $t
C:\Users\Domagoj\AppData\Local\Temp\cc6jMbW9.s:2039   .text.HAL_PCD_EP_DB_Transmit:00000420 $d
C:\Users\Domagoj\AppData\Local\Temp\cc6jMbW9.s:2046   .text.HAL_PCD_SetupStageCallback:00000000 $t
C:\Users\Domagoj\AppData\Local\Temp\cc6jMbW9.s:2052   .text.HAL_PCD_SetupStageCallback:00000000 HAL_PCD_SetupStageCallback
C:\Users\Domagoj\AppData\Local\Temp\cc6jMbW9.s:2068   .text.PCD_EP_ISR_Handler:00000000 $t
C:\Users\Domagoj\AppData\Local\Temp\cc6jMbW9.s:2073   .text.PCD_EP_ISR_Handler:00000000 PCD_EP_ISR_Handler
C:\Users\Domagoj\AppData\Local\Temp\cc6jMbW9.s:2885   .text.PCD_EP_ISR_Handler:0000037c $d
C:\Users\Domagoj\AppData\Local\Temp\cc6jMbW9.s:2897   .text.PCD_EP_ISR_Handler:0000039c $t
C:\Users\Domagoj\AppData\Local\Temp\cc6jMbW9.s:3154   .text.PCD_EP_ISR_Handler:000004f4 $d
C:\Users\Domagoj\AppData\Local\Temp\cc6jMbW9.s:3159   .text.HAL_PCD_SOFCallback:00000000 $t
C:\Users\Domagoj\AppData\Local\Temp\cc6jMbW9.s:3165   .text.HAL_PCD_SOFCallback:00000000 HAL_PCD_SOFCallback
C:\Users\Domagoj\AppData\Local\Temp\cc6jMbW9.s:3181   .text.HAL_PCD_ResetCallback:00000000 $t
C:\Users\Domagoj\AppData\Local\Temp\cc6jMbW9.s:3187   .text.HAL_PCD_ResetCallback:00000000 HAL_PCD_ResetCallback
C:\Users\Domagoj\AppData\Local\Temp\cc6jMbW9.s:3203   .text.HAL_PCD_SuspendCallback:00000000 $t
C:\Users\Domagoj\AppData\Local\Temp\cc6jMbW9.s:3209   .text.HAL_PCD_SuspendCallback:00000000 HAL_PCD_SuspendCallback
C:\Users\Domagoj\AppData\Local\Temp\cc6jMbW9.s:3225   .text.HAL_PCD_ResumeCallback:00000000 $t
C:\Users\Domagoj\AppData\Local\Temp\cc6jMbW9.s:3231   .text.HAL_PCD_ResumeCallback:00000000 HAL_PCD_ResumeCallback
C:\Users\Domagoj\AppData\Local\Temp\cc6jMbW9.s:3247   .text.HAL_PCD_ISOOUTIncompleteCallback:00000000 $t
C:\Users\Domagoj\AppData\Local\Temp\cc6jMbW9.s:3253   .text.HAL_PCD_ISOOUTIncompleteCallback:00000000 HAL_PCD_ISOOUTIncompleteCallback
C:\Users\Domagoj\AppData\Local\Temp\cc6jMbW9.s:3270   .text.HAL_PCD_ISOINIncompleteCallback:00000000 $t
C:\Users\Domagoj\AppData\Local\Temp\cc6jMbW9.s:3276   .text.HAL_PCD_ISOINIncompleteCallback:00000000 HAL_PCD_ISOINIncompleteCallback
C:\Users\Domagoj\AppData\Local\Temp\cc6jMbW9.s:3293   .text.HAL_PCD_ConnectCallback:00000000 $t
ARM GAS  C:\Users\Domagoj\AppData\Local\Temp\cc6jMbW9.s 			page 160


C:\Users\Domagoj\AppData\Local\Temp\cc6jMbW9.s:3299   .text.HAL_PCD_ConnectCallback:00000000 HAL_PCD_ConnectCallback
C:\Users\Domagoj\AppData\Local\Temp\cc6jMbW9.s:3315   .text.HAL_PCD_DisconnectCallback:00000000 $t
C:\Users\Domagoj\AppData\Local\Temp\cc6jMbW9.s:3321   .text.HAL_PCD_DisconnectCallback:00000000 HAL_PCD_DisconnectCallback
C:\Users\Domagoj\AppData\Local\Temp\cc6jMbW9.s:3337   .text.HAL_PCD_DevConnect:00000000 $t
C:\Users\Domagoj\AppData\Local\Temp\cc6jMbW9.s:3343   .text.HAL_PCD_DevConnect:00000000 HAL_PCD_DevConnect
C:\Users\Domagoj\AppData\Local\Temp\cc6jMbW9.s:3404   .text.HAL_PCD_DevDisconnect:00000000 $t
C:\Users\Domagoj\AppData\Local\Temp\cc6jMbW9.s:3410   .text.HAL_PCD_DevDisconnect:00000000 HAL_PCD_DevDisconnect
C:\Users\Domagoj\AppData\Local\Temp\cc6jMbW9.s:3471   .text.HAL_PCD_SetAddress:00000000 $t
C:\Users\Domagoj\AppData\Local\Temp\cc6jMbW9.s:3477   .text.HAL_PCD_SetAddress:00000000 HAL_PCD_SetAddress
C:\Users\Domagoj\AppData\Local\Temp\cc6jMbW9.s:3541   .text.HAL_PCD_IRQHandler:00000000 $t
C:\Users\Domagoj\AppData\Local\Temp\cc6jMbW9.s:3547   .text.HAL_PCD_IRQHandler:00000000 HAL_PCD_IRQHandler
C:\Users\Domagoj\AppData\Local\Temp\cc6jMbW9.s:3863   .text.HAL_PCD_IRQHandler:0000014c $d
C:\Users\Domagoj\AppData\Local\Temp\cc6jMbW9.s:3876   .text.HAL_PCD_EP_Open:00000000 $t
C:\Users\Domagoj\AppData\Local\Temp\cc6jMbW9.s:3882   .text.HAL_PCD_EP_Open:00000000 HAL_PCD_EP_Open
C:\Users\Domagoj\AppData\Local\Temp\cc6jMbW9.s:4036   .text.HAL_PCD_EP_Close:00000000 $t
C:\Users\Domagoj\AppData\Local\Temp\cc6jMbW9.s:4042   .text.HAL_PCD_EP_Close:00000000 HAL_PCD_EP_Close
C:\Users\Domagoj\AppData\Local\Temp\cc6jMbW9.s:4166   .text.HAL_PCD_EP_Receive:00000000 $t
C:\Users\Domagoj\AppData\Local\Temp\cc6jMbW9.s:4172   .text.HAL_PCD_EP_Receive:00000000 HAL_PCD_EP_Receive
C:\Users\Domagoj\AppData\Local\Temp\cc6jMbW9.s:4259   .text.HAL_PCD_EP_GetRxCount:00000000 $t
C:\Users\Domagoj\AppData\Local\Temp\cc6jMbW9.s:4265   .text.HAL_PCD_EP_GetRxCount:00000000 HAL_PCD_EP_GetRxCount
C:\Users\Domagoj\AppData\Local\Temp\cc6jMbW9.s:4297   .text.HAL_PCD_EP_Transmit:00000000 $t
C:\Users\Domagoj\AppData\Local\Temp\cc6jMbW9.s:4303   .text.HAL_PCD_EP_Transmit:00000000 HAL_PCD_EP_Transmit
C:\Users\Domagoj\AppData\Local\Temp\cc6jMbW9.s:4415   .text.HAL_PCD_EP_SetStall:00000000 $t
C:\Users\Domagoj\AppData\Local\Temp\cc6jMbW9.s:4421   .text.HAL_PCD_EP_SetStall:00000000 HAL_PCD_EP_SetStall
C:\Users\Domagoj\AppData\Local\Temp\cc6jMbW9.s:4557   .text.HAL_PCD_EP_ClrStall:00000000 $t
C:\Users\Domagoj\AppData\Local\Temp\cc6jMbW9.s:4563   .text.HAL_PCD_EP_ClrStall:00000000 HAL_PCD_EP_ClrStall
C:\Users\Domagoj\AppData\Local\Temp\cc6jMbW9.s:4706   .text.HAL_PCD_EP_Abort:00000000 $t
C:\Users\Domagoj\AppData\Local\Temp\cc6jMbW9.s:4712   .text.HAL_PCD_EP_Abort:00000000 HAL_PCD_EP_Abort
C:\Users\Domagoj\AppData\Local\Temp\cc6jMbW9.s:4782   .text.HAL_PCD_EP_Flush:00000000 $t
C:\Users\Domagoj\AppData\Local\Temp\cc6jMbW9.s:4788   .text.HAL_PCD_EP_Flush:00000000 HAL_PCD_EP_Flush
C:\Users\Domagoj\AppData\Local\Temp\cc6jMbW9.s:4870   .text.HAL_PCD_ActivateRemoteWakeup:00000000 $t
C:\Users\Domagoj\AppData\Local\Temp\cc6jMbW9.s:4876   .text.HAL_PCD_ActivateRemoteWakeup:00000000 HAL_PCD_ActivateRemoteWakeup
C:\Users\Domagoj\AppData\Local\Temp\cc6jMbW9.s:4903   .text.HAL_PCD_DeActivateRemoteWakeup:00000000 $t
C:\Users\Domagoj\AppData\Local\Temp\cc6jMbW9.s:4909   .text.HAL_PCD_DeActivateRemoteWakeup:00000000 HAL_PCD_DeActivateRemoteWakeup
C:\Users\Domagoj\AppData\Local\Temp\cc6jMbW9.s:4936   .text.HAL_PCD_GetState:00000000 $t
C:\Users\Domagoj\AppData\Local\Temp\cc6jMbW9.s:4942   .text.HAL_PCD_GetState:00000000 HAL_PCD_GetState
C:\Users\Domagoj\AppData\Local\Temp\cc6jMbW9.s:4963   .text.HAL_PCD_GetState:00000008 $d

UNDEFINED SYMBOLS
USB_ReadPMA
USB_DisableGlobalInt
USB_DevInit
HAL_PCDEx_ActivateLPM
USB_StopDevice
USB_EnableGlobalInt
USB_DevConnect
USB_DevDisconnect
USB_WritePMA
USB_EPStartXfer
USB_SetDevAddress
USB_ReadInterrupts
HAL_PCDEx_LPM_Callback
USB_ActivateEndpoint
USB_DeactivateEndpoint
USB_EPSetStall
USB_EPClearStall
USB_EPStopXfer
ARM GAS  C:\Users\Domagoj\AppData\Local\Temp\cc6jMbW9.s 			page 161


USB_FlushRxFifo
USB_FlushTxFifo
USB_ActivateRemoteWakeup
USB_DeActivateRemoteWakeup
