ARM GAS  C:\Users\Domagoj\AppData\Local\Temp\ccdbAIX0.s 			page 1


   1              		.cpu cortex-m0plus
   2              		.arch armv6s-m
   3              		.fpu softvfp
   4              		.eabi_attribute 20, 1
   5              		.eabi_attribute 21, 1
   6              		.eabi_attribute 23, 3
   7              		.eabi_attribute 24, 1
   8              		.eabi_attribute 25, 1
   9              		.eabi_attribute 26, 1
  10              		.eabi_attribute 30, 1
  11              		.eabi_attribute 34, 0
  12              		.eabi_attribute 18, 4
  13              		.file	"stm32g0xx_ll_usb.c"
  14              		.text
  15              	.Ltext0:
  16              		.cfi_sections	.debug_frame
  17              		.file 1 "Drivers/STM32G0xx_HAL_Driver/Src/stm32g0xx_ll_usb.c"
  18              		.section	.text.USB_CoreReset,"ax",%progbits
  19              		.align	1
  20              		.syntax unified
  21              		.code	16
  22              		.thumb_func
  24              	USB_CoreReset:
  25              	.LVL0:
  26              	.LFB366:
   1:Drivers/STM32G0xx_HAL_Driver/Src/stm32g0xx_ll_usb.c **** /**
   2:Drivers/STM32G0xx_HAL_Driver/Src/stm32g0xx_ll_usb.c ****   ******************************************************************************
   3:Drivers/STM32G0xx_HAL_Driver/Src/stm32g0xx_ll_usb.c ****   * @file    stm32g0xx_ll_usb.c
   4:Drivers/STM32G0xx_HAL_Driver/Src/stm32g0xx_ll_usb.c ****   * @author  MCD Application Team
   5:Drivers/STM32G0xx_HAL_Driver/Src/stm32g0xx_ll_usb.c ****   * @brief   USB Low Layer HAL module driver.
   6:Drivers/STM32G0xx_HAL_Driver/Src/stm32g0xx_ll_usb.c ****   *
   7:Drivers/STM32G0xx_HAL_Driver/Src/stm32g0xx_ll_usb.c ****   *          This file provides firmware functions to manage the following
   8:Drivers/STM32G0xx_HAL_Driver/Src/stm32g0xx_ll_usb.c ****   *          functionalities of the USB Peripheral Controller:
   9:Drivers/STM32G0xx_HAL_Driver/Src/stm32g0xx_ll_usb.c ****   *           + Initialization/de-initialization functions
  10:Drivers/STM32G0xx_HAL_Driver/Src/stm32g0xx_ll_usb.c ****   *           + I/O operation functions
  11:Drivers/STM32G0xx_HAL_Driver/Src/stm32g0xx_ll_usb.c ****   *           + Peripheral Control functions
  12:Drivers/STM32G0xx_HAL_Driver/Src/stm32g0xx_ll_usb.c ****   *           + Peripheral State functions
  13:Drivers/STM32G0xx_HAL_Driver/Src/stm32g0xx_ll_usb.c ****   *
  14:Drivers/STM32G0xx_HAL_Driver/Src/stm32g0xx_ll_usb.c ****   ******************************************************************************
  15:Drivers/STM32G0xx_HAL_Driver/Src/stm32g0xx_ll_usb.c ****   * @attention
  16:Drivers/STM32G0xx_HAL_Driver/Src/stm32g0xx_ll_usb.c ****   *
  17:Drivers/STM32G0xx_HAL_Driver/Src/stm32g0xx_ll_usb.c ****   * Copyright (c) 2018 STMicroelectronics.
  18:Drivers/STM32G0xx_HAL_Driver/Src/stm32g0xx_ll_usb.c ****   * All rights reserved.
  19:Drivers/STM32G0xx_HAL_Driver/Src/stm32g0xx_ll_usb.c ****   *
  20:Drivers/STM32G0xx_HAL_Driver/Src/stm32g0xx_ll_usb.c ****   * This software is licensed under terms that can be found in the LICENSE file
  21:Drivers/STM32G0xx_HAL_Driver/Src/stm32g0xx_ll_usb.c ****   * in the root directory of this software component.
  22:Drivers/STM32G0xx_HAL_Driver/Src/stm32g0xx_ll_usb.c ****   * If no LICENSE file comes with this software, it is provided AS-IS.
  23:Drivers/STM32G0xx_HAL_Driver/Src/stm32g0xx_ll_usb.c ****   *
  24:Drivers/STM32G0xx_HAL_Driver/Src/stm32g0xx_ll_usb.c ****   ******************************************************************************
  25:Drivers/STM32G0xx_HAL_Driver/Src/stm32g0xx_ll_usb.c ****   @verbatim
  26:Drivers/STM32G0xx_HAL_Driver/Src/stm32g0xx_ll_usb.c ****   ==============================================================================
  27:Drivers/STM32G0xx_HAL_Driver/Src/stm32g0xx_ll_usb.c ****                     ##### How to use this driver #####
  28:Drivers/STM32G0xx_HAL_Driver/Src/stm32g0xx_ll_usb.c ****   ==============================================================================
  29:Drivers/STM32G0xx_HAL_Driver/Src/stm32g0xx_ll_usb.c ****     [..]
  30:Drivers/STM32G0xx_HAL_Driver/Src/stm32g0xx_ll_usb.c ****       (#) Fill parameters of Init structure in USB_CfgTypeDef structure.
  31:Drivers/STM32G0xx_HAL_Driver/Src/stm32g0xx_ll_usb.c **** 
  32:Drivers/STM32G0xx_HAL_Driver/Src/stm32g0xx_ll_usb.c ****       (#) Call USB_CoreInit() API to initialize the USB Core peripheral.
ARM GAS  C:\Users\Domagoj\AppData\Local\Temp\ccdbAIX0.s 			page 2


  33:Drivers/STM32G0xx_HAL_Driver/Src/stm32g0xx_ll_usb.c **** 
  34:Drivers/STM32G0xx_HAL_Driver/Src/stm32g0xx_ll_usb.c ****       (#) The upper HAL HCD/PCD driver will call the right routines for its internal processes.
  35:Drivers/STM32G0xx_HAL_Driver/Src/stm32g0xx_ll_usb.c **** 
  36:Drivers/STM32G0xx_HAL_Driver/Src/stm32g0xx_ll_usb.c ****       (#)NOTE: For applications not using double buffer mode, define the symbol
  37:Drivers/STM32G0xx_HAL_Driver/Src/stm32g0xx_ll_usb.c ****                 'USE_USB_DOUBLE_BUFFER' as 0 to reduce the driver's memory footprint.
  38:Drivers/STM32G0xx_HAL_Driver/Src/stm32g0xx_ll_usb.c **** 
  39:Drivers/STM32G0xx_HAL_Driver/Src/stm32g0xx_ll_usb.c ****   @endverbatim
  40:Drivers/STM32G0xx_HAL_Driver/Src/stm32g0xx_ll_usb.c **** 
  41:Drivers/STM32G0xx_HAL_Driver/Src/stm32g0xx_ll_usb.c ****   ******************************************************************************
  42:Drivers/STM32G0xx_HAL_Driver/Src/stm32g0xx_ll_usb.c ****   */
  43:Drivers/STM32G0xx_HAL_Driver/Src/stm32g0xx_ll_usb.c **** 
  44:Drivers/STM32G0xx_HAL_Driver/Src/stm32g0xx_ll_usb.c **** /* Includes ------------------------------------------------------------------*/
  45:Drivers/STM32G0xx_HAL_Driver/Src/stm32g0xx_ll_usb.c **** #include "stm32g0xx_hal.h"
  46:Drivers/STM32G0xx_HAL_Driver/Src/stm32g0xx_ll_usb.c **** 
  47:Drivers/STM32G0xx_HAL_Driver/Src/stm32g0xx_ll_usb.c **** /** @addtogroup STM32G0xx_LL_USB_DRIVER
  48:Drivers/STM32G0xx_HAL_Driver/Src/stm32g0xx_ll_usb.c ****   * @{
  49:Drivers/STM32G0xx_HAL_Driver/Src/stm32g0xx_ll_usb.c ****   */
  50:Drivers/STM32G0xx_HAL_Driver/Src/stm32g0xx_ll_usb.c **** 
  51:Drivers/STM32G0xx_HAL_Driver/Src/stm32g0xx_ll_usb.c **** #if defined (HAL_PCD_MODULE_ENABLED) || defined (HAL_HCD_MODULE_ENABLED)
  52:Drivers/STM32G0xx_HAL_Driver/Src/stm32g0xx_ll_usb.c **** #if defined (USB_DRD_FS)
  53:Drivers/STM32G0xx_HAL_Driver/Src/stm32g0xx_ll_usb.c **** /* Private typedef -----------------------------------------------------------*/
  54:Drivers/STM32G0xx_HAL_Driver/Src/stm32g0xx_ll_usb.c **** /* Private define ------------------------------------------------------------*/
  55:Drivers/STM32G0xx_HAL_Driver/Src/stm32g0xx_ll_usb.c **** /* Private macro -------------------------------------------------------------*/
  56:Drivers/STM32G0xx_HAL_Driver/Src/stm32g0xx_ll_usb.c **** /* Private variables ---------------------------------------------------------*/
  57:Drivers/STM32G0xx_HAL_Driver/Src/stm32g0xx_ll_usb.c **** /* Private function prototypes -----------------------------------------------*/
  58:Drivers/STM32G0xx_HAL_Driver/Src/stm32g0xx_ll_usb.c **** /* Private functions ---------------------------------------------------------*/
  59:Drivers/STM32G0xx_HAL_Driver/Src/stm32g0xx_ll_usb.c **** 
  60:Drivers/STM32G0xx_HAL_Driver/Src/stm32g0xx_ll_usb.c **** static HAL_StatusTypeDef USB_CoreReset(USB_DRD_TypeDef *USBx);
  61:Drivers/STM32G0xx_HAL_Driver/Src/stm32g0xx_ll_usb.c **** #if defined (HAL_HCD_MODULE_ENABLED)
  62:Drivers/STM32G0xx_HAL_Driver/Src/stm32g0xx_ll_usb.c **** #if (USE_USB_DOUBLE_BUFFER == 1U)
  63:Drivers/STM32G0xx_HAL_Driver/Src/stm32g0xx_ll_usb.c **** static HAL_StatusTypeDef USB_HC_BULK_DB_StartXfer(USB_DRD_TypeDef *USBx,
  64:Drivers/STM32G0xx_HAL_Driver/Src/stm32g0xx_ll_usb.c ****                                                   USB_DRD_HCTypeDef *hc,
  65:Drivers/STM32G0xx_HAL_Driver/Src/stm32g0xx_ll_usb.c ****                                                   uint32_t ch_reg,
  66:Drivers/STM32G0xx_HAL_Driver/Src/stm32g0xx_ll_usb.c ****                                                   uint32_t *len);
  67:Drivers/STM32G0xx_HAL_Driver/Src/stm32g0xx_ll_usb.c **** 
  68:Drivers/STM32G0xx_HAL_Driver/Src/stm32g0xx_ll_usb.c **** static HAL_StatusTypeDef USB_HC_ISO_DB_StartXfer(USB_DRD_TypeDef *USBx,
  69:Drivers/STM32G0xx_HAL_Driver/Src/stm32g0xx_ll_usb.c ****                                                  USB_DRD_HCTypeDef *hc,
  70:Drivers/STM32G0xx_HAL_Driver/Src/stm32g0xx_ll_usb.c ****                                                  uint32_t len);
  71:Drivers/STM32G0xx_HAL_Driver/Src/stm32g0xx_ll_usb.c **** #endif /* (USE_USB_DOUBLE_BUFFER == 1U) */
  72:Drivers/STM32G0xx_HAL_Driver/Src/stm32g0xx_ll_usb.c **** #endif /* defined (HAL_HCD_MODULE_ENABLED) */
  73:Drivers/STM32G0xx_HAL_Driver/Src/stm32g0xx_ll_usb.c **** 
  74:Drivers/STM32G0xx_HAL_Driver/Src/stm32g0xx_ll_usb.c **** /**
  75:Drivers/STM32G0xx_HAL_Driver/Src/stm32g0xx_ll_usb.c ****   * @brief  Reset the USB Core (needed after USB clock settings change)
  76:Drivers/STM32G0xx_HAL_Driver/Src/stm32g0xx_ll_usb.c ****   * @param  USBx Selected device
  77:Drivers/STM32G0xx_HAL_Driver/Src/stm32g0xx_ll_usb.c ****   * @retval HAL status
  78:Drivers/STM32G0xx_HAL_Driver/Src/stm32g0xx_ll_usb.c ****   */
  79:Drivers/STM32G0xx_HAL_Driver/Src/stm32g0xx_ll_usb.c **** static HAL_StatusTypeDef USB_CoreReset(USB_DRD_TypeDef *USBx)
  80:Drivers/STM32G0xx_HAL_Driver/Src/stm32g0xx_ll_usb.c **** {
  27              		.loc 1 80 1 view -0
  28              		.cfi_startproc
  29              		@ args = 0, pretend = 0, frame = 0
  30              		@ frame_needed = 0, uses_anonymous_args = 0
  31              		@ link register save eliminated.
  81:Drivers/STM32G0xx_HAL_Driver/Src/stm32g0xx_ll_usb.c ****   /* Disable Host Mode */
  82:Drivers/STM32G0xx_HAL_Driver/Src/stm32g0xx_ll_usb.c ****   USBx->CNTR &= ~USB_CNTR_HOST;
  32              		.loc 1 82 3 view .LVU1
  33              		.loc 1 82 7 is_stmt 0 view .LVU2
ARM GAS  C:\Users\Domagoj\AppData\Local\Temp\ccdbAIX0.s 			page 3


  34 0000 036C     		ldr	r3, [r0, #64]
  35              		.loc 1 82 14 view .LVU3
  36 0002 5B00     		lsls	r3, r3, #1
  37 0004 5B08     		lsrs	r3, r3, #1
  38 0006 0364     		str	r3, [r0, #64]
  83:Drivers/STM32G0xx_HAL_Driver/Src/stm32g0xx_ll_usb.c **** 
  84:Drivers/STM32G0xx_HAL_Driver/Src/stm32g0xx_ll_usb.c ****   /* Force Reset IP */
  85:Drivers/STM32G0xx_HAL_Driver/Src/stm32g0xx_ll_usb.c ****   USBx->CNTR |= USB_CNTR_USBRST;
  39              		.loc 1 85 3 is_stmt 1 view .LVU4
  40              		.loc 1 85 7 is_stmt 0 view .LVU5
  41 0008 036C     		ldr	r3, [r0, #64]
  42              		.loc 1 85 14 view .LVU6
  43 000a 0122     		movs	r2, #1
  44 000c 1343     		orrs	r3, r2
  45 000e 0364     		str	r3, [r0, #64]
  86:Drivers/STM32G0xx_HAL_Driver/Src/stm32g0xx_ll_usb.c **** 
  87:Drivers/STM32G0xx_HAL_Driver/Src/stm32g0xx_ll_usb.c ****   return HAL_OK;
  46              		.loc 1 87 3 is_stmt 1 view .LVU7
  88:Drivers/STM32G0xx_HAL_Driver/Src/stm32g0xx_ll_usb.c **** }
  47              		.loc 1 88 1 is_stmt 0 view .LVU8
  48 0010 0020     		movs	r0, #0
  49              	.LVL1:
  50              		.loc 1 88 1 view .LVU9
  51              		@ sp needed
  52 0012 7047     		bx	lr
  53              		.cfi_endproc
  54              	.LFE366:
  56              		.section	.text.USB_CoreInit,"ax",%progbits
  57              		.align	1
  58              		.global	USB_CoreInit
  59              		.syntax unified
  60              		.code	16
  61              		.thumb_func
  63              	USB_CoreInit:
  64              	.LVL2:
  65              	.LFB367:
  89:Drivers/STM32G0xx_HAL_Driver/Src/stm32g0xx_ll_usb.c **** 
  90:Drivers/STM32G0xx_HAL_Driver/Src/stm32g0xx_ll_usb.c **** /**
  91:Drivers/STM32G0xx_HAL_Driver/Src/stm32g0xx_ll_usb.c ****   * @brief  Initializes the USB Core
  92:Drivers/STM32G0xx_HAL_Driver/Src/stm32g0xx_ll_usb.c ****   * @param  USBx USB Instance
  93:Drivers/STM32G0xx_HAL_Driver/Src/stm32g0xx_ll_usb.c ****   * @param  cfg pointer to a USB_CfgTypeDef structure that contains
  94:Drivers/STM32G0xx_HAL_Driver/Src/stm32g0xx_ll_usb.c ****   *         the configuration information for the specified USBx peripheral.
  95:Drivers/STM32G0xx_HAL_Driver/Src/stm32g0xx_ll_usb.c ****   * @retval HAL status
  96:Drivers/STM32G0xx_HAL_Driver/Src/stm32g0xx_ll_usb.c ****   */
  97:Drivers/STM32G0xx_HAL_Driver/Src/stm32g0xx_ll_usb.c **** HAL_StatusTypeDef USB_CoreInit(USB_DRD_TypeDef *USBx, USB_DRD_CfgTypeDef cfg)
  98:Drivers/STM32G0xx_HAL_Driver/Src/stm32g0xx_ll_usb.c **** {
  66              		.loc 1 98 1 is_stmt 1 view -0
  67              		.cfi_startproc
  68              		@ args = 20, pretend = 16, frame = 0
  69              		@ frame_needed = 0, uses_anonymous_args = 0
  70              		.loc 1 98 1 is_stmt 0 view .LVU11
  71 0000 84B0     		sub	sp, sp, #16
  72              	.LCFI0:
  73              		.cfi_def_cfa_offset 16
  74 0002 10B5     		push	{r4, lr}
  75              	.LCFI1:
  76              		.cfi_def_cfa_offset 24
ARM GAS  C:\Users\Domagoj\AppData\Local\Temp\ccdbAIX0.s 			page 4


  77              		.cfi_offset 4, -24
  78              		.cfi_offset 14, -20
  79 0004 041E     		subs	r4, r0, #0
  80 0006 0391     		str	r1, [sp, #12]
  81 0008 0492     		str	r2, [sp, #16]
  82 000a 0593     		str	r3, [sp, #20]
  99:Drivers/STM32G0xx_HAL_Driver/Src/stm32g0xx_ll_usb.c ****   HAL_StatusTypeDef ret;
  83              		.loc 1 99 3 is_stmt 1 view .LVU12
 100:Drivers/STM32G0xx_HAL_Driver/Src/stm32g0xx_ll_usb.c ****   UNUSED(cfg);
  84              		.loc 1 100 3 view .LVU13
 101:Drivers/STM32G0xx_HAL_Driver/Src/stm32g0xx_ll_usb.c **** 
 102:Drivers/STM32G0xx_HAL_Driver/Src/stm32g0xx_ll_usb.c ****   if (USBx == NULL)
  85              		.loc 1 102 3 view .LVU14
  86              		.loc 1 102 6 is_stmt 0 view .LVU15
  87 000c 07D0     		beq	.L4
 103:Drivers/STM32G0xx_HAL_Driver/Src/stm32g0xx_ll_usb.c ****   {
 104:Drivers/STM32G0xx_HAL_Driver/Src/stm32g0xx_ll_usb.c ****     return HAL_ERROR;
 105:Drivers/STM32G0xx_HAL_Driver/Src/stm32g0xx_ll_usb.c ****   }
 106:Drivers/STM32G0xx_HAL_Driver/Src/stm32g0xx_ll_usb.c **** 
 107:Drivers/STM32G0xx_HAL_Driver/Src/stm32g0xx_ll_usb.c ****   /* Reset after a PHY select */
 108:Drivers/STM32G0xx_HAL_Driver/Src/stm32g0xx_ll_usb.c ****   ret = USB_CoreReset(USBx);
  88              		.loc 1 108 3 is_stmt 1 view .LVU16
  89              		.loc 1 108 9 is_stmt 0 view .LVU17
  90 000e FFF7FEFF 		bl	USB_CoreReset
  91              	.LVL3:
 109:Drivers/STM32G0xx_HAL_Driver/Src/stm32g0xx_ll_usb.c **** 
 110:Drivers/STM32G0xx_HAL_Driver/Src/stm32g0xx_ll_usb.c ****   /* Clear pending interrupts */
 111:Drivers/STM32G0xx_HAL_Driver/Src/stm32g0xx_ll_usb.c ****   USBx->ISTR = 0U;
  92              		.loc 1 111 3 is_stmt 1 view .LVU18
  93              		.loc 1 111 14 is_stmt 0 view .LVU19
  94 0012 0023     		movs	r3, #0
  95 0014 6364     		str	r3, [r4, #68]
 112:Drivers/STM32G0xx_HAL_Driver/Src/stm32g0xx_ll_usb.c **** 
 113:Drivers/STM32G0xx_HAL_Driver/Src/stm32g0xx_ll_usb.c ****   return ret;
  96              		.loc 1 113 3 is_stmt 1 view .LVU20
  97              	.LVL4:
  98              	.L3:
 114:Drivers/STM32G0xx_HAL_Driver/Src/stm32g0xx_ll_usb.c **** }
  99              		.loc 1 114 1 is_stmt 0 view .LVU21
 100              		@ sp needed
 101              	.LVL5:
 102              		.loc 1 114 1 view .LVU22
 103 0016 10BC     		pop	{r4}
 104 0018 08BC     		pop	{r3}
 105 001a 04B0     		add	sp, sp, #16
 106 001c 1847     		bx	r3
 107              	.LVL6:
 108              	.L4:
 104:Drivers/STM32G0xx_HAL_Driver/Src/stm32g0xx_ll_usb.c ****   }
 109              		.loc 1 104 12 view .LVU23
 110 001e 0120     		movs	r0, #1
 111              	.LVL7:
 104:Drivers/STM32G0xx_HAL_Driver/Src/stm32g0xx_ll_usb.c ****   }
 112              		.loc 1 104 12 view .LVU24
 113 0020 F9E7     		b	.L3
 114              		.cfi_endproc
 115              	.LFE367:
ARM GAS  C:\Users\Domagoj\AppData\Local\Temp\ccdbAIX0.s 			page 5


 117              		.section	.text.USB_EnableGlobalInt,"ax",%progbits
 118              		.align	1
 119              		.global	USB_EnableGlobalInt
 120              		.syntax unified
 121              		.code	16
 122              		.thumb_func
 124              	USB_EnableGlobalInt:
 125              	.LVL8:
 126              	.LFB368:
 115:Drivers/STM32G0xx_HAL_Driver/Src/stm32g0xx_ll_usb.c **** 
 116:Drivers/STM32G0xx_HAL_Driver/Src/stm32g0xx_ll_usb.c **** /**
 117:Drivers/STM32G0xx_HAL_Driver/Src/stm32g0xx_ll_usb.c ****   * @brief  USB_EnableGlobalInt
 118:Drivers/STM32G0xx_HAL_Driver/Src/stm32g0xx_ll_usb.c ****   *         Enables the controller's Global Int in the AHB Config reg
 119:Drivers/STM32G0xx_HAL_Driver/Src/stm32g0xx_ll_usb.c ****   * @param  USBx Selected device
 120:Drivers/STM32G0xx_HAL_Driver/Src/stm32g0xx_ll_usb.c ****   * @retval HAL status
 121:Drivers/STM32G0xx_HAL_Driver/Src/stm32g0xx_ll_usb.c ****   */
 122:Drivers/STM32G0xx_HAL_Driver/Src/stm32g0xx_ll_usb.c **** HAL_StatusTypeDef USB_EnableGlobalInt(USB_DRD_TypeDef *USBx)
 123:Drivers/STM32G0xx_HAL_Driver/Src/stm32g0xx_ll_usb.c **** {
 127              		.loc 1 123 1 is_stmt 1 view -0
 128              		.cfi_startproc
 129              		@ args = 0, pretend = 0, frame = 0
 130              		@ frame_needed = 0, uses_anonymous_args = 0
 131              		@ link register save eliminated.
 124:Drivers/STM32G0xx_HAL_Driver/Src/stm32g0xx_ll_usb.c ****   uint32_t winterruptmask;
 132              		.loc 1 124 3 view .LVU26
 125:Drivers/STM32G0xx_HAL_Driver/Src/stm32g0xx_ll_usb.c **** 
 126:Drivers/STM32G0xx_HAL_Driver/Src/stm32g0xx_ll_usb.c ****   /* Clear pending interrupts */
 127:Drivers/STM32G0xx_HAL_Driver/Src/stm32g0xx_ll_usb.c ****   USBx->ISTR = 0U;
 133              		.loc 1 127 3 view .LVU27
 134              		.loc 1 127 14 is_stmt 0 view .LVU28
 135 0000 0023     		movs	r3, #0
 136 0002 4364     		str	r3, [r0, #68]
 128:Drivers/STM32G0xx_HAL_Driver/Src/stm32g0xx_ll_usb.c **** 
 129:Drivers/STM32G0xx_HAL_Driver/Src/stm32g0xx_ll_usb.c ****   /* Set winterruptmask variable */
 130:Drivers/STM32G0xx_HAL_Driver/Src/stm32g0xx_ll_usb.c ****   winterruptmask = USB_CNTR_CTRM  | USB_CNTR_WKUPM |
 137              		.loc 1 130 3 is_stmt 1 view .LVU29
 138              	.LVL9:
 131:Drivers/STM32G0xx_HAL_Driver/Src/stm32g0xx_ll_usb.c ****                    USB_CNTR_SUSPM | USB_CNTR_ERRM |
 132:Drivers/STM32G0xx_HAL_Driver/Src/stm32g0xx_ll_usb.c ****                    USB_CNTR_SOFM | USB_CNTR_ESOFM |
 133:Drivers/STM32G0xx_HAL_Driver/Src/stm32g0xx_ll_usb.c ****                    USB_CNTR_RESETM | USB_CNTR_L1REQM;
 134:Drivers/STM32G0xx_HAL_Driver/Src/stm32g0xx_ll_usb.c **** 
 135:Drivers/STM32G0xx_HAL_Driver/Src/stm32g0xx_ll_usb.c ****   /* Set interrupt mask */
 136:Drivers/STM32G0xx_HAL_Driver/Src/stm32g0xx_ll_usb.c ****   USBx->CNTR = winterruptmask;
 139              		.loc 1 136 3 view .LVU30
 140              		.loc 1 136 14 is_stmt 0 view .LVU31
 141 0004 014B     		ldr	r3, .L6
 142 0006 0364     		str	r3, [r0, #64]
 137:Drivers/STM32G0xx_HAL_Driver/Src/stm32g0xx_ll_usb.c **** 
 138:Drivers/STM32G0xx_HAL_Driver/Src/stm32g0xx_ll_usb.c ****   return HAL_OK;
 143              		.loc 1 138 3 is_stmt 1 view .LVU32
 139:Drivers/STM32G0xx_HAL_Driver/Src/stm32g0xx_ll_usb.c **** }
 144              		.loc 1 139 1 is_stmt 0 view .LVU33
 145 0008 0020     		movs	r0, #0
 146              	.LVL10:
 147              		.loc 1 139 1 view .LVU34
 148              		@ sp needed
 149 000a 7047     		bx	lr
ARM GAS  C:\Users\Domagoj\AppData\Local\Temp\ccdbAIX0.s 			page 6


 150              	.L7:
 151              		.align	2
 152              	.L6:
 153 000c 80BF0000 		.word	49024
 154              		.cfi_endproc
 155              	.LFE368:
 157              		.section	.text.USB_DisableGlobalInt,"ax",%progbits
 158              		.align	1
 159              		.global	USB_DisableGlobalInt
 160              		.syntax unified
 161              		.code	16
 162              		.thumb_func
 164              	USB_DisableGlobalInt:
 165              	.LVL11:
 166              	.LFB369:
 140:Drivers/STM32G0xx_HAL_Driver/Src/stm32g0xx_ll_usb.c **** 
 141:Drivers/STM32G0xx_HAL_Driver/Src/stm32g0xx_ll_usb.c **** /**
 142:Drivers/STM32G0xx_HAL_Driver/Src/stm32g0xx_ll_usb.c ****   * @brief  USB_DisableGlobalInt
 143:Drivers/STM32G0xx_HAL_Driver/Src/stm32g0xx_ll_usb.c ****   *         Disable the controller's Global Int in the AHB Config reg
 144:Drivers/STM32G0xx_HAL_Driver/Src/stm32g0xx_ll_usb.c ****   * @param  USBx Selected device
 145:Drivers/STM32G0xx_HAL_Driver/Src/stm32g0xx_ll_usb.c ****   * @retval HAL status
 146:Drivers/STM32G0xx_HAL_Driver/Src/stm32g0xx_ll_usb.c ****   */
 147:Drivers/STM32G0xx_HAL_Driver/Src/stm32g0xx_ll_usb.c **** HAL_StatusTypeDef USB_DisableGlobalInt(USB_DRD_TypeDef *USBx)
 148:Drivers/STM32G0xx_HAL_Driver/Src/stm32g0xx_ll_usb.c **** {
 167              		.loc 1 148 1 is_stmt 1 view -0
 168              		.cfi_startproc
 169              		@ args = 0, pretend = 0, frame = 0
 170              		@ frame_needed = 0, uses_anonymous_args = 0
 171              		@ link register save eliminated.
 149:Drivers/STM32G0xx_HAL_Driver/Src/stm32g0xx_ll_usb.c ****   uint32_t winterruptmask;
 172              		.loc 1 149 3 view .LVU36
 150:Drivers/STM32G0xx_HAL_Driver/Src/stm32g0xx_ll_usb.c **** 
 151:Drivers/STM32G0xx_HAL_Driver/Src/stm32g0xx_ll_usb.c ****   /* Set winterruptmask variable */
 152:Drivers/STM32G0xx_HAL_Driver/Src/stm32g0xx_ll_usb.c ****   winterruptmask = USB_CNTR_CTRM  | USB_CNTR_WKUPM |
 173              		.loc 1 152 3 view .LVU37
 153:Drivers/STM32G0xx_HAL_Driver/Src/stm32g0xx_ll_usb.c ****                    USB_CNTR_SUSPM | USB_CNTR_ERRM |
 154:Drivers/STM32G0xx_HAL_Driver/Src/stm32g0xx_ll_usb.c ****                    USB_CNTR_SOFM | USB_CNTR_ESOFM |
 155:Drivers/STM32G0xx_HAL_Driver/Src/stm32g0xx_ll_usb.c ****                    USB_CNTR_RESETM | USB_CNTR_L1REQM;
 156:Drivers/STM32G0xx_HAL_Driver/Src/stm32g0xx_ll_usb.c **** 
 157:Drivers/STM32G0xx_HAL_Driver/Src/stm32g0xx_ll_usb.c ****   /* Clear interrupt mask */
 158:Drivers/STM32G0xx_HAL_Driver/Src/stm32g0xx_ll_usb.c ****   USBx->CNTR &= ~winterruptmask;
 174              		.loc 1 158 3 view .LVU38
 175              		.loc 1 158 7 is_stmt 0 view .LVU39
 176 0000 036C     		ldr	r3, [r0, #64]
 177              		.loc 1 158 14 view .LVU40
 178 0002 024A     		ldr	r2, .L9
 179 0004 1340     		ands	r3, r2
 180 0006 0364     		str	r3, [r0, #64]
 159:Drivers/STM32G0xx_HAL_Driver/Src/stm32g0xx_ll_usb.c **** 
 160:Drivers/STM32G0xx_HAL_Driver/Src/stm32g0xx_ll_usb.c ****   return HAL_OK;
 181              		.loc 1 160 3 is_stmt 1 view .LVU41
 161:Drivers/STM32G0xx_HAL_Driver/Src/stm32g0xx_ll_usb.c **** }
 182              		.loc 1 161 1 is_stmt 0 view .LVU42
 183 0008 0020     		movs	r0, #0
 184              	.LVL12:
 185              		.loc 1 161 1 view .LVU43
 186              		@ sp needed
ARM GAS  C:\Users\Domagoj\AppData\Local\Temp\ccdbAIX0.s 			page 7


 187 000a 7047     		bx	lr
 188              	.L10:
 189              		.align	2
 190              	.L9:
 191 000c 7F40FFFF 		.word	-49025
 192              		.cfi_endproc
 193              	.LFE369:
 195              		.section	.text.USB_SetCurrentMode,"ax",%progbits
 196              		.align	1
 197              		.global	USB_SetCurrentMode
 198              		.syntax unified
 199              		.code	16
 200              		.thumb_func
 202              	USB_SetCurrentMode:
 203              	.LVL13:
 204              	.LFB370:
 162:Drivers/STM32G0xx_HAL_Driver/Src/stm32g0xx_ll_usb.c **** 
 163:Drivers/STM32G0xx_HAL_Driver/Src/stm32g0xx_ll_usb.c **** /**
 164:Drivers/STM32G0xx_HAL_Driver/Src/stm32g0xx_ll_usb.c ****   * @brief  USB_SetCurrentMode Set functional mode
 165:Drivers/STM32G0xx_HAL_Driver/Src/stm32g0xx_ll_usb.c ****   * @param  USBx Selected device
 166:Drivers/STM32G0xx_HAL_Driver/Src/stm32g0xx_ll_usb.c ****   * @param  mode current core mode
 167:Drivers/STM32G0xx_HAL_Driver/Src/stm32g0xx_ll_usb.c ****   *          This parameter can be one of the these values:
 168:Drivers/STM32G0xx_HAL_Driver/Src/stm32g0xx_ll_usb.c ****   *            @arg USB_DEVICE_MODE Peripheral mode
 169:Drivers/STM32G0xx_HAL_Driver/Src/stm32g0xx_ll_usb.c ****   * @retval HAL status
 170:Drivers/STM32G0xx_HAL_Driver/Src/stm32g0xx_ll_usb.c ****   */
 171:Drivers/STM32G0xx_HAL_Driver/Src/stm32g0xx_ll_usb.c **** HAL_StatusTypeDef USB_SetCurrentMode(USB_DRD_TypeDef *USBx, USB_DRD_ModeTypeDef mode)
 172:Drivers/STM32G0xx_HAL_Driver/Src/stm32g0xx_ll_usb.c **** {
 205              		.loc 1 172 1 is_stmt 1 view -0
 206              		.cfi_startproc
 207              		@ args = 0, pretend = 0, frame = 0
 208              		@ frame_needed = 0, uses_anonymous_args = 0
 209              		@ link register save eliminated.
 173:Drivers/STM32G0xx_HAL_Driver/Src/stm32g0xx_ll_usb.c ****   if (mode == USB_DEVICE_MODE)
 210              		.loc 1 173 3 view .LVU45
 211              		.loc 1 173 6 is_stmt 0 view .LVU46
 212 0000 0029     		cmp	r1, #0
 213 0002 05D1     		bne	.L12
 174:Drivers/STM32G0xx_HAL_Driver/Src/stm32g0xx_ll_usb.c ****   {
 175:Drivers/STM32G0xx_HAL_Driver/Src/stm32g0xx_ll_usb.c ****     USBx->CNTR &= ~USB_CNTR_HOST;
 214              		.loc 1 175 5 is_stmt 1 view .LVU47
 215              		.loc 1 175 9 is_stmt 0 view .LVU48
 216 0004 036C     		ldr	r3, [r0, #64]
 217              		.loc 1 175 16 view .LVU49
 218 0006 5B00     		lsls	r3, r3, #1
 219 0008 5B08     		lsrs	r3, r3, #1
 220 000a 0364     		str	r3, [r0, #64]
 176:Drivers/STM32G0xx_HAL_Driver/Src/stm32g0xx_ll_usb.c ****   }
 177:Drivers/STM32G0xx_HAL_Driver/Src/stm32g0xx_ll_usb.c ****   else if (mode == USB_HOST_MODE)
 178:Drivers/STM32G0xx_HAL_Driver/Src/stm32g0xx_ll_usb.c ****   {
 179:Drivers/STM32G0xx_HAL_Driver/Src/stm32g0xx_ll_usb.c ****     USBx->CNTR |= USB_CNTR_HOST;
 180:Drivers/STM32G0xx_HAL_Driver/Src/stm32g0xx_ll_usb.c ****   }
 181:Drivers/STM32G0xx_HAL_Driver/Src/stm32g0xx_ll_usb.c ****   else
 182:Drivers/STM32G0xx_HAL_Driver/Src/stm32g0xx_ll_usb.c ****   {
 183:Drivers/STM32G0xx_HAL_Driver/Src/stm32g0xx_ll_usb.c ****     return HAL_ERROR;
 184:Drivers/STM32G0xx_HAL_Driver/Src/stm32g0xx_ll_usb.c ****   }
 185:Drivers/STM32G0xx_HAL_Driver/Src/stm32g0xx_ll_usb.c **** 
 186:Drivers/STM32G0xx_HAL_Driver/Src/stm32g0xx_ll_usb.c ****   return HAL_OK;
ARM GAS  C:\Users\Domagoj\AppData\Local\Temp\ccdbAIX0.s 			page 8


 221              		.loc 1 186 10 view .LVU50
 222 000c 0800     		movs	r0, r1
 223              	.LVL14:
 224              	.L13:
 187:Drivers/STM32G0xx_HAL_Driver/Src/stm32g0xx_ll_usb.c **** }
 225              		.loc 1 187 1 view .LVU51
 226              		@ sp needed
 227 000e 7047     		bx	lr
 228              	.LVL15:
 229              	.L12:
 177:Drivers/STM32G0xx_HAL_Driver/Src/stm32g0xx_ll_usb.c ****   {
 230              		.loc 1 177 8 is_stmt 1 view .LVU52
 177:Drivers/STM32G0xx_HAL_Driver/Src/stm32g0xx_ll_usb.c ****   {
 231              		.loc 1 177 11 is_stmt 0 view .LVU53
 232 0010 0129     		cmp	r1, #1
 233 0012 06D1     		bne	.L14
 179:Drivers/STM32G0xx_HAL_Driver/Src/stm32g0xx_ll_usb.c ****   }
 234              		.loc 1 179 5 is_stmt 1 view .LVU54
 179:Drivers/STM32G0xx_HAL_Driver/Src/stm32g0xx_ll_usb.c ****   }
 235              		.loc 1 179 9 is_stmt 0 view .LVU55
 236 0014 026C     		ldr	r2, [r0, #64]
 179:Drivers/STM32G0xx_HAL_Driver/Src/stm32g0xx_ll_usb.c ****   }
 237              		.loc 1 179 16 view .LVU56
 238 0016 8023     		movs	r3, #128
 239 0018 1B06     		lsls	r3, r3, #24
 240 001a 1343     		orrs	r3, r2
 241 001c 0364     		str	r3, [r0, #64]
 186:Drivers/STM32G0xx_HAL_Driver/Src/stm32g0xx_ll_usb.c **** }
 242              		.loc 1 186 10 view .LVU57
 243 001e 0020     		movs	r0, #0
 244              	.LVL16:
 186:Drivers/STM32G0xx_HAL_Driver/Src/stm32g0xx_ll_usb.c **** }
 245              		.loc 1 186 10 view .LVU58
 246 0020 F5E7     		b	.L13
 247              	.LVL17:
 248              	.L14:
 183:Drivers/STM32G0xx_HAL_Driver/Src/stm32g0xx_ll_usb.c ****   }
 249              		.loc 1 183 12 view .LVU59
 250 0022 0120     		movs	r0, #1
 251              	.LVL18:
 183:Drivers/STM32G0xx_HAL_Driver/Src/stm32g0xx_ll_usb.c ****   }
 252              		.loc 1 183 12 view .LVU60
 253 0024 F3E7     		b	.L13
 254              		.cfi_endproc
 255              	.LFE370:
 257              		.section	.text.USB_DevInit,"ax",%progbits
 258              		.align	1
 259              		.global	USB_DevInit
 260              		.syntax unified
 261              		.code	16
 262              		.thumb_func
 264              	USB_DevInit:
 265              	.LVL19:
 266              	.LFB371:
 188:Drivers/STM32G0xx_HAL_Driver/Src/stm32g0xx_ll_usb.c **** 
 189:Drivers/STM32G0xx_HAL_Driver/Src/stm32g0xx_ll_usb.c **** /**
 190:Drivers/STM32G0xx_HAL_Driver/Src/stm32g0xx_ll_usb.c ****   * @brief  USB_DevInit Initializes the USB controller registers
ARM GAS  C:\Users\Domagoj\AppData\Local\Temp\ccdbAIX0.s 			page 9


 191:Drivers/STM32G0xx_HAL_Driver/Src/stm32g0xx_ll_usb.c ****   *         for device mode
 192:Drivers/STM32G0xx_HAL_Driver/Src/stm32g0xx_ll_usb.c ****   * @param  USBx Selected device
 193:Drivers/STM32G0xx_HAL_Driver/Src/stm32g0xx_ll_usb.c ****   * @param  cfg  pointer to a USB_DRD_CfgTypeDef structure that contains
 194:Drivers/STM32G0xx_HAL_Driver/Src/stm32g0xx_ll_usb.c ****   *         the configuration information for the specified USBx peripheral.
 195:Drivers/STM32G0xx_HAL_Driver/Src/stm32g0xx_ll_usb.c ****   * @retval HAL status
 196:Drivers/STM32G0xx_HAL_Driver/Src/stm32g0xx_ll_usb.c ****   */
 197:Drivers/STM32G0xx_HAL_Driver/Src/stm32g0xx_ll_usb.c **** HAL_StatusTypeDef USB_DevInit(USB_DRD_TypeDef *USBx, USB_DRD_CfgTypeDef cfg)
 198:Drivers/STM32G0xx_HAL_Driver/Src/stm32g0xx_ll_usb.c **** {
 267              		.loc 1 198 1 is_stmt 1 view -0
 268              		.cfi_startproc
 269              		@ args = 20, pretend = 16, frame = 0
 270              		@ frame_needed = 0, uses_anonymous_args = 0
 271              		.loc 1 198 1 is_stmt 0 view .LVU62
 272 0000 84B0     		sub	sp, sp, #16
 273              	.LCFI2:
 274              		.cfi_def_cfa_offset 16
 275 0002 10B5     		push	{r4, lr}
 276              	.LCFI3:
 277              		.cfi_def_cfa_offset 24
 278              		.cfi_offset 4, -24
 279              		.cfi_offset 14, -20
 280 0004 0400     		movs	r4, r0
 281 0006 0391     		str	r1, [sp, #12]
 282 0008 0492     		str	r2, [sp, #16]
 283 000a 0593     		str	r3, [sp, #20]
 199:Drivers/STM32G0xx_HAL_Driver/Src/stm32g0xx_ll_usb.c ****   HAL_StatusTypeDef ret;
 284              		.loc 1 199 3 is_stmt 1 view .LVU63
 200:Drivers/STM32G0xx_HAL_Driver/Src/stm32g0xx_ll_usb.c **** 
 201:Drivers/STM32G0xx_HAL_Driver/Src/stm32g0xx_ll_usb.c ****   /* Prevent unused argument(s) compilation warning */
 202:Drivers/STM32G0xx_HAL_Driver/Src/stm32g0xx_ll_usb.c ****   UNUSED(cfg);
 285              		.loc 1 202 3 view .LVU64
 203:Drivers/STM32G0xx_HAL_Driver/Src/stm32g0xx_ll_usb.c **** 
 204:Drivers/STM32G0xx_HAL_Driver/Src/stm32g0xx_ll_usb.c ****   /* Force Reset */
 205:Drivers/STM32G0xx_HAL_Driver/Src/stm32g0xx_ll_usb.c ****   USBx->CNTR = USB_CNTR_USBRST;
 286              		.loc 1 205 3 view .LVU65
 287              		.loc 1 205 14 is_stmt 0 view .LVU66
 288 000c 0122     		movs	r2, #1
 289 000e 0264     		str	r2, [r0, #64]
 206:Drivers/STM32G0xx_HAL_Driver/Src/stm32g0xx_ll_usb.c **** 
 207:Drivers/STM32G0xx_HAL_Driver/Src/stm32g0xx_ll_usb.c ****   /* Release Reset */
 208:Drivers/STM32G0xx_HAL_Driver/Src/stm32g0xx_ll_usb.c ****   USBx->CNTR &= ~USB_CNTR_USBRST;
 290              		.loc 1 208 3 is_stmt 1 view .LVU67
 291              		.loc 1 208 7 is_stmt 0 view .LVU68
 292 0010 036C     		ldr	r3, [r0, #64]
 293              		.loc 1 208 14 view .LVU69
 294 0012 9343     		bics	r3, r2
 295 0014 0364     		str	r3, [r0, #64]
 209:Drivers/STM32G0xx_HAL_Driver/Src/stm32g0xx_ll_usb.c **** 
 210:Drivers/STM32G0xx_HAL_Driver/Src/stm32g0xx_ll_usb.c ****   /* Set the Device Mode */
 211:Drivers/STM32G0xx_HAL_Driver/Src/stm32g0xx_ll_usb.c ****   ret = USB_SetCurrentMode(USBx, USB_DEVICE_MODE);
 296              		.loc 1 211 3 is_stmt 1 view .LVU70
 297              		.loc 1 211 9 is_stmt 0 view .LVU71
 298 0016 0021     		movs	r1, #0
 299 0018 FFF7FEFF 		bl	USB_SetCurrentMode
 300              	.LVL20:
 212:Drivers/STM32G0xx_HAL_Driver/Src/stm32g0xx_ll_usb.c **** 
 213:Drivers/STM32G0xx_HAL_Driver/Src/stm32g0xx_ll_usb.c ****   /* Clear pending interrupts */
ARM GAS  C:\Users\Domagoj\AppData\Local\Temp\ccdbAIX0.s 			page 10


 214:Drivers/STM32G0xx_HAL_Driver/Src/stm32g0xx_ll_usb.c ****   USBx->ISTR = 0U;
 301              		.loc 1 214 3 is_stmt 1 view .LVU72
 302              		.loc 1 214 14 is_stmt 0 view .LVU73
 303 001c 0023     		movs	r3, #0
 304 001e 6364     		str	r3, [r4, #68]
 215:Drivers/STM32G0xx_HAL_Driver/Src/stm32g0xx_ll_usb.c **** 
 216:Drivers/STM32G0xx_HAL_Driver/Src/stm32g0xx_ll_usb.c ****   return ret;
 305              		.loc 1 216 3 is_stmt 1 view .LVU74
 217:Drivers/STM32G0xx_HAL_Driver/Src/stm32g0xx_ll_usb.c **** }
 306              		.loc 1 217 1 is_stmt 0 view .LVU75
 307              		@ sp needed
 308              	.LVL21:
 309              		.loc 1 217 1 view .LVU76
 310 0020 10BC     		pop	{r4}
 311 0022 08BC     		pop	{r3}
 312 0024 04B0     		add	sp, sp, #16
 313 0026 1847     		bx	r3
 314              		.cfi_endproc
 315              	.LFE371:
 317              		.section	.text.USB_FlushTxFifo,"ax",%progbits
 318              		.align	1
 319              		.global	USB_FlushTxFifo
 320              		.syntax unified
 321              		.code	16
 322              		.thumb_func
 324              	USB_FlushTxFifo:
 325              	.LVL22:
 326              	.LFB372:
 218:Drivers/STM32G0xx_HAL_Driver/Src/stm32g0xx_ll_usb.c **** 
 219:Drivers/STM32G0xx_HAL_Driver/Src/stm32g0xx_ll_usb.c **** /**
 220:Drivers/STM32G0xx_HAL_Driver/Src/stm32g0xx_ll_usb.c ****   * @brief  USB_FlushTxFifo : Flush a Tx FIFO
 221:Drivers/STM32G0xx_HAL_Driver/Src/stm32g0xx_ll_usb.c ****   * @param  USBx : Selected device
 222:Drivers/STM32G0xx_HAL_Driver/Src/stm32g0xx_ll_usb.c ****   * @param  num : FIFO number
 223:Drivers/STM32G0xx_HAL_Driver/Src/stm32g0xx_ll_usb.c ****   *         This parameter can be a value from 1 to 15
 224:Drivers/STM32G0xx_HAL_Driver/Src/stm32g0xx_ll_usb.c ****             15 means Flush all Tx FIFOs
 225:Drivers/STM32G0xx_HAL_Driver/Src/stm32g0xx_ll_usb.c ****   * @retval HAL status
 226:Drivers/STM32G0xx_HAL_Driver/Src/stm32g0xx_ll_usb.c ****   */
 227:Drivers/STM32G0xx_HAL_Driver/Src/stm32g0xx_ll_usb.c **** HAL_StatusTypeDef USB_FlushTxFifo(USB_DRD_TypeDef const *USBx, uint32_t num)
 228:Drivers/STM32G0xx_HAL_Driver/Src/stm32g0xx_ll_usb.c **** {
 327              		.loc 1 228 1 is_stmt 1 view -0
 328              		.cfi_startproc
 329              		@ args = 0, pretend = 0, frame = 0
 330              		@ frame_needed = 0, uses_anonymous_args = 0
 331              		@ link register save eliminated.
 229:Drivers/STM32G0xx_HAL_Driver/Src/stm32g0xx_ll_usb.c ****   /* Prevent unused argument(s) compilation warning */
 230:Drivers/STM32G0xx_HAL_Driver/Src/stm32g0xx_ll_usb.c ****   UNUSED(USBx);
 332              		.loc 1 230 3 view .LVU78
 231:Drivers/STM32G0xx_HAL_Driver/Src/stm32g0xx_ll_usb.c ****   UNUSED(num);
 333              		.loc 1 231 3 view .LVU79
 232:Drivers/STM32G0xx_HAL_Driver/Src/stm32g0xx_ll_usb.c **** 
 233:Drivers/STM32G0xx_HAL_Driver/Src/stm32g0xx_ll_usb.c ****   /* NOTE : - This function is not required by USB Device FS peripheral, it is used
 234:Drivers/STM32G0xx_HAL_Driver/Src/stm32g0xx_ll_usb.c ****               only by USB OTG FS peripheral.
 235:Drivers/STM32G0xx_HAL_Driver/Src/stm32g0xx_ll_usb.c ****             - This function is added to ensure compatibility across platforms.
 236:Drivers/STM32G0xx_HAL_Driver/Src/stm32g0xx_ll_usb.c ****    */
 237:Drivers/STM32G0xx_HAL_Driver/Src/stm32g0xx_ll_usb.c **** 
 238:Drivers/STM32G0xx_HAL_Driver/Src/stm32g0xx_ll_usb.c ****   return HAL_OK;
 334              		.loc 1 238 3 view .LVU80
ARM GAS  C:\Users\Domagoj\AppData\Local\Temp\ccdbAIX0.s 			page 11


 239:Drivers/STM32G0xx_HAL_Driver/Src/stm32g0xx_ll_usb.c **** }
 335              		.loc 1 239 1 is_stmt 0 view .LVU81
 336 0000 0020     		movs	r0, #0
 337              	.LVL23:
 338              		.loc 1 239 1 view .LVU82
 339              		@ sp needed
 340 0002 7047     		bx	lr
 341              		.cfi_endproc
 342              	.LFE372:
 344              		.section	.text.USB_FlushRxFifo,"ax",%progbits
 345              		.align	1
 346              		.global	USB_FlushRxFifo
 347              		.syntax unified
 348              		.code	16
 349              		.thumb_func
 351              	USB_FlushRxFifo:
 352              	.LVL24:
 353              	.LFB373:
 240:Drivers/STM32G0xx_HAL_Driver/Src/stm32g0xx_ll_usb.c **** 
 241:Drivers/STM32G0xx_HAL_Driver/Src/stm32g0xx_ll_usb.c **** /**
 242:Drivers/STM32G0xx_HAL_Driver/Src/stm32g0xx_ll_usb.c ****   * @brief  USB_FlushRxFifo : Flush Rx FIFO
 243:Drivers/STM32G0xx_HAL_Driver/Src/stm32g0xx_ll_usb.c ****   * @param  USBx : Selected device
 244:Drivers/STM32G0xx_HAL_Driver/Src/stm32g0xx_ll_usb.c ****   * @retval HAL status
 245:Drivers/STM32G0xx_HAL_Driver/Src/stm32g0xx_ll_usb.c ****   */
 246:Drivers/STM32G0xx_HAL_Driver/Src/stm32g0xx_ll_usb.c **** HAL_StatusTypeDef USB_FlushRxFifo(USB_DRD_TypeDef const *USBx)
 247:Drivers/STM32G0xx_HAL_Driver/Src/stm32g0xx_ll_usb.c **** {
 354              		.loc 1 247 1 is_stmt 1 view -0
 355              		.cfi_startproc
 356              		@ args = 0, pretend = 0, frame = 0
 357              		@ frame_needed = 0, uses_anonymous_args = 0
 358              		@ link register save eliminated.
 248:Drivers/STM32G0xx_HAL_Driver/Src/stm32g0xx_ll_usb.c ****   /* Prevent unused argument(s) compilation warning */
 249:Drivers/STM32G0xx_HAL_Driver/Src/stm32g0xx_ll_usb.c ****   UNUSED(USBx);
 359              		.loc 1 249 3 view .LVU84
 250:Drivers/STM32G0xx_HAL_Driver/Src/stm32g0xx_ll_usb.c **** 
 251:Drivers/STM32G0xx_HAL_Driver/Src/stm32g0xx_ll_usb.c ****   /* NOTE : - This function is not required by USB Device FS peripheral, it is used
 252:Drivers/STM32G0xx_HAL_Driver/Src/stm32g0xx_ll_usb.c ****               only by USB OTG FS peripheral.
 253:Drivers/STM32G0xx_HAL_Driver/Src/stm32g0xx_ll_usb.c ****             - This function is added to ensure compatibility across platforms.
 254:Drivers/STM32G0xx_HAL_Driver/Src/stm32g0xx_ll_usb.c ****    */
 255:Drivers/STM32G0xx_HAL_Driver/Src/stm32g0xx_ll_usb.c **** 
 256:Drivers/STM32G0xx_HAL_Driver/Src/stm32g0xx_ll_usb.c ****   return HAL_OK;
 360              		.loc 1 256 3 view .LVU85
 257:Drivers/STM32G0xx_HAL_Driver/Src/stm32g0xx_ll_usb.c **** }
 361              		.loc 1 257 1 is_stmt 0 view .LVU86
 362 0000 0020     		movs	r0, #0
 363              	.LVL25:
 364              		.loc 1 257 1 view .LVU87
 365              		@ sp needed
 366 0002 7047     		bx	lr
 367              		.cfi_endproc
 368              	.LFE373:
 370              		.section	.text.USB_ActivateEndpoint,"ax",%progbits
 371              		.align	1
 372              		.global	USB_ActivateEndpoint
 373              		.syntax unified
 374              		.code	16
 375              		.thumb_func
ARM GAS  C:\Users\Domagoj\AppData\Local\Temp\ccdbAIX0.s 			page 12


 377              	USB_ActivateEndpoint:
 378              	.LVL26:
 379              	.LFB374:
 258:Drivers/STM32G0xx_HAL_Driver/Src/stm32g0xx_ll_usb.c **** 
 259:Drivers/STM32G0xx_HAL_Driver/Src/stm32g0xx_ll_usb.c **** 
 260:Drivers/STM32G0xx_HAL_Driver/Src/stm32g0xx_ll_usb.c **** #if defined (HAL_PCD_MODULE_ENABLED)
 261:Drivers/STM32G0xx_HAL_Driver/Src/stm32g0xx_ll_usb.c **** /**
 262:Drivers/STM32G0xx_HAL_Driver/Src/stm32g0xx_ll_usb.c ****   * @brief  Activate and configure an endpoint
 263:Drivers/STM32G0xx_HAL_Driver/Src/stm32g0xx_ll_usb.c ****   * @param  USBx Selected device
 264:Drivers/STM32G0xx_HAL_Driver/Src/stm32g0xx_ll_usb.c ****   * @param  ep pointer to endpoint structure
 265:Drivers/STM32G0xx_HAL_Driver/Src/stm32g0xx_ll_usb.c ****   * @retval HAL status
 266:Drivers/STM32G0xx_HAL_Driver/Src/stm32g0xx_ll_usb.c ****   */
 267:Drivers/STM32G0xx_HAL_Driver/Src/stm32g0xx_ll_usb.c **** HAL_StatusTypeDef USB_ActivateEndpoint(USB_DRD_TypeDef *USBx, USB_DRD_EPTypeDef *ep)
 268:Drivers/STM32G0xx_HAL_Driver/Src/stm32g0xx_ll_usb.c **** {
 380              		.loc 1 268 1 is_stmt 1 view -0
 381              		.cfi_startproc
 382              		@ args = 0, pretend = 0, frame = 0
 383              		@ frame_needed = 0, uses_anonymous_args = 0
 384              		.loc 1 268 1 is_stmt 0 view .LVU89
 385 0000 F0B5     		push	{r4, r5, r6, r7, lr}
 386              	.LCFI4:
 387              		.cfi_def_cfa_offset 20
 388              		.cfi_offset 4, -20
 389              		.cfi_offset 5, -16
 390              		.cfi_offset 6, -12
 391              		.cfi_offset 7, -8
 392              		.cfi_offset 14, -4
 393 0002 0300     		movs	r3, r0
 269:Drivers/STM32G0xx_HAL_Driver/Src/stm32g0xx_ll_usb.c ****   HAL_StatusTypeDef ret = HAL_OK;
 394              		.loc 1 269 3 is_stmt 1 view .LVU90
 395              	.LVL27:
 270:Drivers/STM32G0xx_HAL_Driver/Src/stm32g0xx_ll_usb.c ****   uint32_t wEpRegVal;
 396              		.loc 1 270 3 view .LVU91
 271:Drivers/STM32G0xx_HAL_Driver/Src/stm32g0xx_ll_usb.c **** 
 272:Drivers/STM32G0xx_HAL_Driver/Src/stm32g0xx_ll_usb.c ****   wEpRegVal = PCD_GET_ENDPOINT(USBx, ep->num) & USB_EP_T_MASK;
 397              		.loc 1 272 3 view .LVU92
 398              		.loc 1 272 15 is_stmt 0 view .LVU93
 399 0004 0C78     		ldrb	r4, [r1]
 400 0006 A400     		lsls	r4, r4, #2
 401 0008 0419     		adds	r4, r0, r4
 402              		.loc 1 272 47 view .LVU94
 403 000a 2268     		ldr	r2, [r4]
 404              		.loc 1 272 13 view .LVU95
 405 000c CE48     		ldr	r0, .L75
 406              	.LVL28:
 407              		.loc 1 272 13 view .LVU96
 408 000e 0240     		ands	r2, r0
 409              	.LVL29:
 273:Drivers/STM32G0xx_HAL_Driver/Src/stm32g0xx_ll_usb.c **** 
 274:Drivers/STM32G0xx_HAL_Driver/Src/stm32g0xx_ll_usb.c ****   /* initialize Endpoint */
 275:Drivers/STM32G0xx_HAL_Driver/Src/stm32g0xx_ll_usb.c ****   switch (ep->type)
 410              		.loc 1 275 3 is_stmt 1 view .LVU97
 411              		.loc 1 275 13 is_stmt 0 view .LVU98
 412 0010 C878     		ldrb	r0, [r1, #3]
 413              		.loc 1 275 3 view .LVU99
 414 0012 0228     		cmp	r0, #2
 415 0014 56D0     		beq	.L57
ARM GAS  C:\Users\Domagoj\AppData\Local\Temp\ccdbAIX0.s 			page 13


 416 0016 0AD8     		bhi	.L20
 417 0018 0028     		cmp	r0, #0
 418 001a 11D0     		beq	.L21
 419 001c 0128     		cmp	r0, #1
 420 001e 04D1     		bne	.L70
 276:Drivers/STM32G0xx_HAL_Driver/Src/stm32g0xx_ll_usb.c ****   {
 277:Drivers/STM32G0xx_HAL_Driver/Src/stm32g0xx_ll_usb.c ****     case EP_TYPE_CTRL:
 278:Drivers/STM32G0xx_HAL_Driver/Src/stm32g0xx_ll_usb.c ****       wEpRegVal |= USB_EP_CONTROL;
 279:Drivers/STM32G0xx_HAL_Driver/Src/stm32g0xx_ll_usb.c ****       break;
 280:Drivers/STM32G0xx_HAL_Driver/Src/stm32g0xx_ll_usb.c **** 
 281:Drivers/STM32G0xx_HAL_Driver/Src/stm32g0xx_ll_usb.c ****     case EP_TYPE_BULK:
 282:Drivers/STM32G0xx_HAL_Driver/Src/stm32g0xx_ll_usb.c ****       wEpRegVal |= USB_EP_BULK;
 283:Drivers/STM32G0xx_HAL_Driver/Src/stm32g0xx_ll_usb.c ****       break;
 284:Drivers/STM32G0xx_HAL_Driver/Src/stm32g0xx_ll_usb.c **** 
 285:Drivers/STM32G0xx_HAL_Driver/Src/stm32g0xx_ll_usb.c ****     case EP_TYPE_INTR:
 286:Drivers/STM32G0xx_HAL_Driver/Src/stm32g0xx_ll_usb.c ****       wEpRegVal |= USB_EP_INTERRUPT;
 287:Drivers/STM32G0xx_HAL_Driver/Src/stm32g0xx_ll_usb.c ****       break;
 288:Drivers/STM32G0xx_HAL_Driver/Src/stm32g0xx_ll_usb.c **** 
 289:Drivers/STM32G0xx_HAL_Driver/Src/stm32g0xx_ll_usb.c ****     case EP_TYPE_ISOC:
 290:Drivers/STM32G0xx_HAL_Driver/Src/stm32g0xx_ll_usb.c ****       wEpRegVal |= USB_EP_ISOCHRONOUS;
 421              		.loc 1 290 7 is_stmt 1 view .LVU100
 422              		.loc 1 290 17 is_stmt 0 view .LVU101
 423 0020 8020     		movs	r0, #128
 424 0022 C000     		lsls	r0, r0, #3
 425 0024 0243     		orrs	r2, r0
 426              	.LVL30:
 291:Drivers/STM32G0xx_HAL_Driver/Src/stm32g0xx_ll_usb.c ****       break;
 427              		.loc 1 291 7 is_stmt 1 view .LVU102
 269:Drivers/STM32G0xx_HAL_Driver/Src/stm32g0xx_ll_usb.c ****   uint32_t wEpRegVal;
 428              		.loc 1 269 21 is_stmt 0 view .LVU103
 429 0026 0020     		movs	r0, #0
 430              		.loc 1 291 7 view .LVU104
 431 0028 0DE0     		b	.L19
 432              	.L70:
 292:Drivers/STM32G0xx_HAL_Driver/Src/stm32g0xx_ll_usb.c **** 
 293:Drivers/STM32G0xx_HAL_Driver/Src/stm32g0xx_ll_usb.c ****     default:
 294:Drivers/STM32G0xx_HAL_Driver/Src/stm32g0xx_ll_usb.c ****       ret = HAL_ERROR;
 433              		.loc 1 294 11 view .LVU105
 434 002a 0120     		movs	r0, #1
 435 002c 0BE0     		b	.L19
 436              	.L20:
 275:Drivers/STM32G0xx_HAL_Driver/Src/stm32g0xx_ll_usb.c ****   {
 437              		.loc 1 275 3 view .LVU106
 438 002e 0328     		cmp	r0, #3
 439 0030 04D1     		bne	.L71
 286:Drivers/STM32G0xx_HAL_Driver/Src/stm32g0xx_ll_usb.c ****       break;
 440              		.loc 1 286 7 is_stmt 1 view .LVU107
 286:Drivers/STM32G0xx_HAL_Driver/Src/stm32g0xx_ll_usb.c ****       break;
 441              		.loc 1 286 17 is_stmt 0 view .LVU108
 442 0032 C020     		movs	r0, #192
 443 0034 C000     		lsls	r0, r0, #3
 444 0036 0243     		orrs	r2, r0
 445              	.LVL31:
 287:Drivers/STM32G0xx_HAL_Driver/Src/stm32g0xx_ll_usb.c **** 
 446              		.loc 1 287 7 is_stmt 1 view .LVU109
 269:Drivers/STM32G0xx_HAL_Driver/Src/stm32g0xx_ll_usb.c ****   uint32_t wEpRegVal;
 447              		.loc 1 269 21 is_stmt 0 view .LVU110
ARM GAS  C:\Users\Domagoj\AppData\Local\Temp\ccdbAIX0.s 			page 14


 448 0038 0020     		movs	r0, #0
 287:Drivers/STM32G0xx_HAL_Driver/Src/stm32g0xx_ll_usb.c **** 
 449              		.loc 1 287 7 view .LVU111
 450 003a 04E0     		b	.L19
 451              	.L71:
 452              		.loc 1 294 11 view .LVU112
 453 003c 0120     		movs	r0, #1
 454 003e 02E0     		b	.L19
 455              	.L21:
 278:Drivers/STM32G0xx_HAL_Driver/Src/stm32g0xx_ll_usb.c ****       break;
 456              		.loc 1 278 7 is_stmt 1 view .LVU113
 278:Drivers/STM32G0xx_HAL_Driver/Src/stm32g0xx_ll_usb.c ****       break;
 457              		.loc 1 278 17 is_stmt 0 view .LVU114
 458 0040 8025     		movs	r5, #128
 459 0042 AD00     		lsls	r5, r5, #2
 460 0044 2A43     		orrs	r2, r5
 461              	.LVL32:
 279:Drivers/STM32G0xx_HAL_Driver/Src/stm32g0xx_ll_usb.c **** 
 462              		.loc 1 279 7 is_stmt 1 view .LVU115
 463              	.L19:
 295:Drivers/STM32G0xx_HAL_Driver/Src/stm32g0xx_ll_usb.c ****       break;
 296:Drivers/STM32G0xx_HAL_Driver/Src/stm32g0xx_ll_usb.c ****   }
 297:Drivers/STM32G0xx_HAL_Driver/Src/stm32g0xx_ll_usb.c **** 
 298:Drivers/STM32G0xx_HAL_Driver/Src/stm32g0xx_ll_usb.c ****   PCD_SET_ENDPOINT(USBx, ep->num, (wEpRegVal | USB_EP_VTRX | USB_EP_VTTX));
 464              		.loc 1 298 3 view .LVU116
 465 0046 C14D     		ldr	r5, .L75+4
 466 0048 2A43     		orrs	r2, r5
 467              	.LVL33:
 468              		.loc 1 298 3 is_stmt 0 view .LVU117
 469 004a 2260     		str	r2, [r4]
 299:Drivers/STM32G0xx_HAL_Driver/Src/stm32g0xx_ll_usb.c **** 
 300:Drivers/STM32G0xx_HAL_Driver/Src/stm32g0xx_ll_usb.c ****   PCD_SET_EP_ADDRESS(USBx, ep->num, ep->num);
 470              		.loc 1 300 3 is_stmt 1 view .LVU118
 471              	.LBB2:
 472              		.loc 1 300 3 view .LVU119
 473              		.loc 1 300 3 view .LVU120
 474 004c 0C78     		ldrb	r4, [r1]
 475 004e A200     		lsls	r2, r4, #2
 476 0050 9A18     		adds	r2, r3, r2
 477 0052 1668     		ldr	r6, [r2]
 478 0054 BE4F     		ldr	r7, .L75+8
 479 0056 3E40     		ands	r6, r7
 480 0058 3443     		orrs	r4, r6
 481              	.LVL34:
 482              		.loc 1 300 3 view .LVU121
 483 005a 2543     		orrs	r5, r4
 484 005c 1560     		str	r5, [r2]
 485              	.LBE2:
 486              		.loc 1 300 3 view .LVU122
 301:Drivers/STM32G0xx_HAL_Driver/Src/stm32g0xx_ll_usb.c **** 
 302:Drivers/STM32G0xx_HAL_Driver/Src/stm32g0xx_ll_usb.c ****   if (ep->doublebuffer == 0U)
 487              		.loc 1 302 3 view .LVU123
 488              		.loc 1 302 9 is_stmt 0 view .LVU124
 489 005e 0A7B     		ldrb	r2, [r1, #12]
 490              		.loc 1 302 6 view .LVU125
 491 0060 002A     		cmp	r2, #0
 492 0062 00D0     		beq	.LCB370
ARM GAS  C:\Users\Domagoj\AppData\Local\Temp\ccdbAIX0.s 			page 15


 493 0064 A6E0     		b	.L24	@long jump
 494              	.LCB370:
 303:Drivers/STM32G0xx_HAL_Driver/Src/stm32g0xx_ll_usb.c ****   {
 304:Drivers/STM32G0xx_HAL_Driver/Src/stm32g0xx_ll_usb.c ****     if (ep->is_in != 0U)
 495              		.loc 1 304 5 is_stmt 1 view .LVU126
 496              		.loc 1 304 11 is_stmt 0 view .LVU127
 497 0066 4A78     		ldrb	r2, [r1, #1]
 498              		.loc 1 304 8 view .LVU128
 499 0068 002A     		cmp	r2, #0
 500 006a 37D0     		beq	.L25
 305:Drivers/STM32G0xx_HAL_Driver/Src/stm32g0xx_ll_usb.c ****     {
 306:Drivers/STM32G0xx_HAL_Driver/Src/stm32g0xx_ll_usb.c ****       /*Set the endpoint Transmit buffer address */
 307:Drivers/STM32G0xx_HAL_Driver/Src/stm32g0xx_ll_usb.c ****       PCD_SET_EP_TX_ADDRESS(USBx, ep->num, ep->pmaadress);
 501              		.loc 1 307 7 is_stmt 1 view .LVU129
 502              		.loc 1 307 7 view .LVU130
 503 006c 0A78     		ldrb	r2, [r1]
 504 006e D200     		lsls	r2, r2, #3
 505 0070 B84C     		ldr	r4, .L75+12
 506              	.LVL35:
 507              		.loc 1 307 7 is_stmt 0 view .LVU131
 508 0072 A446     		mov	ip, r4
 509 0074 6244     		add	r2, r2, ip
 510 0076 1468     		ldr	r4, [r2]
 511 0078 240C     		lsrs	r4, r4, #16
 512 007a 2404     		lsls	r4, r4, #16
 513 007c 1460     		str	r4, [r2]
 514              		.loc 1 307 7 is_stmt 1 view .LVU132
 515 007e 0A78     		ldrb	r2, [r1]
 516 0080 D200     		lsls	r2, r2, #3
 517 0082 6244     		add	r2, r2, ip
 518 0084 1568     		ldr	r5, [r2]
 519 0086 CC88     		ldrh	r4, [r1, #6]
 520 0088 A408     		lsrs	r4, r4, #2
 521 008a A400     		lsls	r4, r4, #2
 522 008c 2C43     		orrs	r4, r5
 523 008e 1460     		str	r4, [r2]
 524              		.loc 1 307 7 view .LVU133
 308:Drivers/STM32G0xx_HAL_Driver/Src/stm32g0xx_ll_usb.c ****       PCD_CLEAR_TX_DTOG(USBx, ep->num);
 525              		.loc 1 308 7 view .LVU134
 526              	.LBB3:
 527              		.loc 1 308 7 view .LVU135
 528              		.loc 1 308 7 view .LVU136
 529 0090 0A78     		ldrb	r2, [r1]
 530 0092 9200     		lsls	r2, r2, #2
 531 0094 9A18     		adds	r2, r3, r2
 532 0096 1468     		ldr	r4, [r2]
 533              	.LVL36:
 534              		.loc 1 308 7 view .LVU137
 535 0098 6406     		lsls	r4, r4, #25
 536 009a 04D5     		bpl	.L26
 537              	.LVL37:
 538              		.loc 1 308 7 discriminator 1 view .LVU138
 539              	.LBB4:
 540              		.loc 1 308 7 discriminator 1 view .LVU139
 541              		.loc 1 308 7 discriminator 1 view .LVU140
 542 009c 1568     		ldr	r5, [r2]
 543 009e 3D40     		ands	r5, r7
ARM GAS  C:\Users\Domagoj\AppData\Local\Temp\ccdbAIX0.s 			page 16


 544              	.LVL38:
 545              		.loc 1 308 7 view .LVU141
 546              		.loc 1 308 7 is_stmt 0 discriminator 1 view .LVU142
 547 00a0 AD4C     		ldr	r4, .L75+16
 548 00a2 2C43     		orrs	r4, r5
 549 00a4 1460     		str	r4, [r2]
 550              	.LVL39:
 551              	.L26:
 552              		.loc 1 308 7 discriminator 1 view .LVU143
 553              	.LBE4:
 554              		.loc 1 308 7 is_stmt 1 view .LVU144
 555              	.LBE3:
 556              		.loc 1 308 7 view .LVU145
 309:Drivers/STM32G0xx_HAL_Driver/Src/stm32g0xx_ll_usb.c **** 
 310:Drivers/STM32G0xx_HAL_Driver/Src/stm32g0xx_ll_usb.c ****       if (ep->type != EP_TYPE_ISOC)
 557              		.loc 1 310 7 view .LVU146
 558              		.loc 1 310 13 is_stmt 0 view .LVU147
 559 00a6 CA78     		ldrb	r2, [r1, #3]
 560              		.loc 1 310 10 view .LVU148
 561 00a8 012A     		cmp	r2, #1
 562 00aa 0DD0     		beq	.L27
 311:Drivers/STM32G0xx_HAL_Driver/Src/stm32g0xx_ll_usb.c ****       {
 312:Drivers/STM32G0xx_HAL_Driver/Src/stm32g0xx_ll_usb.c ****         /* Configure NAK status for the Endpoint */
 313:Drivers/STM32G0xx_HAL_Driver/Src/stm32g0xx_ll_usb.c ****         PCD_SET_EP_TX_STATUS(USBx, ep->num, USB_EP_TX_NAK);
 563              		.loc 1 313 9 is_stmt 1 view .LVU149
 564              	.LBB5:
 565              		.loc 1 313 9 view .LVU150
 566              		.loc 1 313 9 view .LVU151
 567 00ac 0A78     		ldrb	r2, [r1]
 568 00ae 9200     		lsls	r2, r2, #2
 569 00b0 9B18     		adds	r3, r3, r2
 570              	.LVL40:
 571              		.loc 1 313 9 is_stmt 0 view .LVU152
 572 00b2 1A68     		ldr	r2, [r3]
 573 00b4 A949     		ldr	r1, .L75+20
 574              	.LVL41:
 575              		.loc 1 313 9 view .LVU153
 576 00b6 0A40     		ands	r2, r1
 577              	.LVL42:
 578              		.loc 1 313 9 is_stmt 1 view .LVU154
 579              		.loc 1 313 9 discriminator 3 view .LVU155
 580              		.loc 1 313 9 discriminator 4 view .LVU156
 581 00b8 2021     		movs	r1, #32
 582 00ba 4A40     		eors	r2, r1
 583              	.LVL43:
 584              		.loc 1 313 9 discriminator 6 view .LVU157
 585 00bc A349     		ldr	r1, .L75+4
 586 00be 0A43     		orrs	r2, r1
 587              	.LVL44:
 588              		.loc 1 313 9 is_stmt 0 discriminator 6 view .LVU158
 589 00c0 1A60     		str	r2, [r3]
 590              	.LBE5:
 591              		.loc 1 313 9 is_stmt 1 view .LVU159
 592 00c2 7CE1     		b	.L28
 593              	.LVL45:
 594              	.L57:
 275:Drivers/STM32G0xx_HAL_Driver/Src/stm32g0xx_ll_usb.c ****   {
ARM GAS  C:\Users\Domagoj\AppData\Local\Temp\ccdbAIX0.s 			page 17


 595              		.loc 1 275 3 is_stmt 0 view .LVU160
 596 00c4 0020     		movs	r0, #0
 597 00c6 BEE7     		b	.L19
 598              	.LVL46:
 599              	.L27:
 314:Drivers/STM32G0xx_HAL_Driver/Src/stm32g0xx_ll_usb.c ****       }
 315:Drivers/STM32G0xx_HAL_Driver/Src/stm32g0xx_ll_usb.c ****       else
 316:Drivers/STM32G0xx_HAL_Driver/Src/stm32g0xx_ll_usb.c ****       {
 317:Drivers/STM32G0xx_HAL_Driver/Src/stm32g0xx_ll_usb.c ****         /* Configure TX Endpoint to disabled state */
 318:Drivers/STM32G0xx_HAL_Driver/Src/stm32g0xx_ll_usb.c ****         PCD_SET_EP_TX_STATUS(USBx, ep->num, USB_EP_TX_DIS);
 600              		.loc 1 318 9 is_stmt 1 view .LVU161
 601              	.LBB6:
 602              		.loc 1 318 9 view .LVU162
 603              		.loc 1 318 9 view .LVU163
 604 00c8 0A78     		ldrb	r2, [r1]
 605 00ca 9200     		lsls	r2, r2, #2
 606 00cc 9B18     		adds	r3, r3, r2
 607              	.LVL47:
 608              		.loc 1 318 9 is_stmt 0 view .LVU164
 609 00ce 1968     		ldr	r1, [r3]
 610              	.LVL48:
 611              		.loc 1 318 9 view .LVU165
 612 00d0 A24A     		ldr	r2, .L75+20
 613 00d2 1140     		ands	r1, r2
 614              	.LVL49:
 615              		.loc 1 318 9 is_stmt 1 view .LVU166
 616              		.loc 1 318 9 discriminator 3 view .LVU167
 617              		.loc 1 318 9 discriminator 6 view .LVU168
 618 00d4 9D4A     		ldr	r2, .L75+4
 619 00d6 0A43     		orrs	r2, r1
 620 00d8 1A60     		str	r2, [r3]
 621 00da 70E1     		b	.L28
 622              	.LVL50:
 623              	.L25:
 624              		.loc 1 318 9 is_stmt 0 discriminator 6 view .LVU169
 625              	.LBE6:
 319:Drivers/STM32G0xx_HAL_Driver/Src/stm32g0xx_ll_usb.c ****       }
 320:Drivers/STM32G0xx_HAL_Driver/Src/stm32g0xx_ll_usb.c ****     }
 321:Drivers/STM32G0xx_HAL_Driver/Src/stm32g0xx_ll_usb.c ****     else
 322:Drivers/STM32G0xx_HAL_Driver/Src/stm32g0xx_ll_usb.c ****     {
 323:Drivers/STM32G0xx_HAL_Driver/Src/stm32g0xx_ll_usb.c ****       /* Set the endpoint Receive buffer address */
 324:Drivers/STM32G0xx_HAL_Driver/Src/stm32g0xx_ll_usb.c ****       PCD_SET_EP_RX_ADDRESS(USBx, ep->num, ep->pmaadress);
 626              		.loc 1 324 7 is_stmt 1 view .LVU170
 627              		.loc 1 324 7 view .LVU171
 628 00dc 0A78     		ldrb	r2, [r1]
 629 00de D200     		lsls	r2, r2, #3
 630 00e0 9C4C     		ldr	r4, .L75+12
 631              	.LVL51:
 632              		.loc 1 324 7 is_stmt 0 view .LVU172
 633 00e2 A446     		mov	ip, r4
 634 00e4 6244     		add	r2, r2, ip
 635 00e6 5468     		ldr	r4, [r2, #4]
 636 00e8 240C     		lsrs	r4, r4, #16
 637 00ea 2404     		lsls	r4, r4, #16
 638 00ec 5460     		str	r4, [r2, #4]
 639              		.loc 1 324 7 is_stmt 1 view .LVU173
 640 00ee 0A78     		ldrb	r2, [r1]
ARM GAS  C:\Users\Domagoj\AppData\Local\Temp\ccdbAIX0.s 			page 18


 641 00f0 D200     		lsls	r2, r2, #3
 642 00f2 6244     		add	r2, r2, ip
 643 00f4 5568     		ldr	r5, [r2, #4]
 644 00f6 CC88     		ldrh	r4, [r1, #6]
 645 00f8 A408     		lsrs	r4, r4, #2
 646 00fa A400     		lsls	r4, r4, #2
 647 00fc 2C43     		orrs	r4, r5
 648 00fe 5460     		str	r4, [r2, #4]
 649              		.loc 1 324 7 view .LVU174
 325:Drivers/STM32G0xx_HAL_Driver/Src/stm32g0xx_ll_usb.c **** 
 326:Drivers/STM32G0xx_HAL_Driver/Src/stm32g0xx_ll_usb.c ****       /* Set the endpoint Receive buffer counter */
 327:Drivers/STM32G0xx_HAL_Driver/Src/stm32g0xx_ll_usb.c ****       PCD_SET_EP_RX_CNT(USBx, ep->num, ep->maxpacket);
 650              		.loc 1 327 7 view .LVU175
 651              	.LBB7:
 652              		.loc 1 327 7 view .LVU176
 653              		.loc 1 327 7 view .LVU177
 654 0100 0A78     		ldrb	r2, [r1]
 655 0102 D200     		lsls	r2, r2, #3
 656 0104 6244     		add	r2, r2, ip
 657 0106 5468     		ldr	r4, [r2, #4]
 658 0108 A401     		lsls	r4, r4, #6
 659 010a A409     		lsrs	r4, r4, #6
 660 010c 5460     		str	r4, [r2, #4]
 661              		.loc 1 327 7 view .LVU178
 662 010e 0A69     		ldr	r2, [r1, #16]
 663 0110 002A     		cmp	r2, #0
 664 0112 22D1     		bne	.L29
 665              		.loc 1 327 7 discriminator 1 view .LVU179
 666 0114 0A78     		ldrb	r2, [r1]
 667 0116 D200     		lsls	r2, r2, #3
 668 0118 6244     		add	r2, r2, ip
 669 011a 5568     		ldr	r5, [r2, #4]
 670 011c 8024     		movs	r4, #128
 671 011e 2406     		lsls	r4, r4, #24
 672 0120 2C43     		orrs	r4, r5
 673 0122 5460     		str	r4, [r2, #4]
 674              	.L30:
 675              		.loc 1 327 7 view .LVU180
 676              	.LBE7:
 677              		.loc 1 327 7 view .LVU181
 328:Drivers/STM32G0xx_HAL_Driver/Src/stm32g0xx_ll_usb.c ****       PCD_CLEAR_RX_DTOG(USBx, ep->num);
 678              		.loc 1 328 7 view .LVU182
 679              	.LBB8:
 680              		.loc 1 328 7 view .LVU183
 681              		.loc 1 328 7 view .LVU184
 682 0124 0A78     		ldrb	r2, [r1]
 683 0126 9200     		lsls	r2, r2, #2
 684 0128 9A18     		adds	r2, r3, r2
 685 012a 1468     		ldr	r4, [r2]
 686              	.LVL52:
 687              		.loc 1 328 7 view .LVU185
 688 012c 6404     		lsls	r4, r4, #17
 689 012e 05D5     		bpl	.L34
 690              	.LVL53:
 691              		.loc 1 328 7 discriminator 1 view .LVU186
 692              	.LBB9:
 693              		.loc 1 328 7 discriminator 1 view .LVU187
ARM GAS  C:\Users\Domagoj\AppData\Local\Temp\ccdbAIX0.s 			page 19


 694              		.loc 1 328 7 discriminator 1 view .LVU188
 695 0130 1568     		ldr	r5, [r2]
 696 0132 874C     		ldr	r4, .L75+8
 697 0134 2540     		ands	r5, r4
 698              	.LVL54:
 699              		.loc 1 328 7 view .LVU189
 700              		.loc 1 328 7 is_stmt 0 discriminator 1 view .LVU190
 701 0136 8A4C     		ldr	r4, .L75+24
 702 0138 2C43     		orrs	r4, r5
 703 013a 1460     		str	r4, [r2]
 704              	.LVL55:
 705              	.L34:
 706              		.loc 1 328 7 discriminator 1 view .LVU191
 707              	.LBE9:
 708              		.loc 1 328 7 is_stmt 1 view .LVU192
 709              	.LBE8:
 710              		.loc 1 328 7 view .LVU193
 329:Drivers/STM32G0xx_HAL_Driver/Src/stm32g0xx_ll_usb.c **** 
 330:Drivers/STM32G0xx_HAL_Driver/Src/stm32g0xx_ll_usb.c ****       if (ep->num == 0U)
 711              		.loc 1 330 7 view .LVU194
 712              		.loc 1 330 13 is_stmt 0 view .LVU195
 713 013c 0A78     		ldrb	r2, [r1]
 714              		.loc 1 330 10 view .LVU196
 715 013e 002A     		cmp	r2, #0
 716 0140 2CD1     		bne	.L35
 331:Drivers/STM32G0xx_HAL_Driver/Src/stm32g0xx_ll_usb.c ****       {
 332:Drivers/STM32G0xx_HAL_Driver/Src/stm32g0xx_ll_usb.c ****         /* Configure VALID status for EP0 */
 333:Drivers/STM32G0xx_HAL_Driver/Src/stm32g0xx_ll_usb.c ****         PCD_SET_EP_RX_STATUS(USBx, ep->num, USB_EP_RX_VALID);
 717              		.loc 1 333 9 is_stmt 1 view .LVU197
 718              	.LBB10:
 719              		.loc 1 333 9 view .LVU198
 720              		.loc 1 333 9 view .LVU199
 721 0142 9200     		lsls	r2, r2, #2
 722 0144 9A18     		adds	r2, r3, r2
 723 0146 1368     		ldr	r3, [r2]
 724              	.LVL56:
 725              		.loc 1 333 9 is_stmt 0 view .LVU200
 726 0148 8649     		ldr	r1, .L75+28
 727              	.LVL57:
 728              		.loc 1 333 9 view .LVU201
 729 014a 0B40     		ands	r3, r1
 730              	.LVL58:
 731              		.loc 1 333 9 is_stmt 1 view .LVU202
 732              		.loc 1 333 9 discriminator 1 view .LVU203
 733              		.loc 1 333 9 discriminator 3 view .LVU204
 734              		.loc 1 333 9 discriminator 4 view .LVU205
 735 014c C021     		movs	r1, #192
 736 014e 8901     		lsls	r1, r1, #6
 737 0150 5940     		eors	r1, r3
 738              	.LVL59:
 739              		.loc 1 333 9 discriminator 6 view .LVU206
 740 0152 7E4B     		ldr	r3, .L75+4
 741 0154 0B43     		orrs	r3, r1
 742 0156 1360     		str	r3, [r2]
 743              	.LBE10:
 744              		.loc 1 333 9 view .LVU207
 745 0158 31E1     		b	.L28
ARM GAS  C:\Users\Domagoj\AppData\Local\Temp\ccdbAIX0.s 			page 20


 746              	.LVL60:
 747              	.L29:
 748              	.LBB11:
 327:Drivers/STM32G0xx_HAL_Driver/Src/stm32g0xx_ll_usb.c ****       PCD_CLEAR_RX_DTOG(USBx, ep->num);
 749              		.loc 1 327 7 discriminator 2 view .LVU208
 750 015a 3E2A     		cmp	r2, #62
 751 015c 0DD8     		bhi	.L31
 327:Drivers/STM32G0xx_HAL_Driver/Src/stm32g0xx_ll_usb.c ****       PCD_CLEAR_RX_DTOG(USBx, ep->num);
 752              		.loc 1 327 7 discriminator 3 view .LVU209
 327:Drivers/STM32G0xx_HAL_Driver/Src/stm32g0xx_ll_usb.c ****       PCD_CLEAR_RX_DTOG(USBx, ep->num);
 753              		.loc 1 327 7 discriminator 3 view .LVU210
 754 015e 5408     		lsrs	r4, r2, #1
 755              	.LVL61:
 327:Drivers/STM32G0xx_HAL_Driver/Src/stm32g0xx_ll_usb.c ****       PCD_CLEAR_RX_DTOG(USBx, ep->num);
 756              		.loc 1 327 7 view .LVU211
 327:Drivers/STM32G0xx_HAL_Driver/Src/stm32g0xx_ll_usb.c ****       PCD_CLEAR_RX_DTOG(USBx, ep->num);
 757              		.loc 1 327 7 is_stmt 0 discriminator 3 view .LVU212
 758 0160 D207     		lsls	r2, r2, #31
 759 0162 00D5     		bpl	.L32
 327:Drivers/STM32G0xx_HAL_Driver/Src/stm32g0xx_ll_usb.c ****       PCD_CLEAR_RX_DTOG(USBx, ep->num);
 760              		.loc 1 327 7 is_stmt 1 discriminator 5 view .LVU213
 761 0164 0134     		adds	r4, r4, #1
 762              	.LVL62:
 763              	.L32:
 327:Drivers/STM32G0xx_HAL_Driver/Src/stm32g0xx_ll_usb.c ****       PCD_CLEAR_RX_DTOG(USBx, ep->num);
 764              		.loc 1 327 7 discriminator 7 view .LVU214
 765 0166 0A78     		ldrb	r2, [r1]
 766 0168 D200     		lsls	r2, r2, #3
 767 016a 7A4D     		ldr	r5, .L75+12
 768 016c AC46     		mov	ip, r5
 769 016e 6244     		add	r2, r2, ip
 770 0170 5568     		ldr	r5, [r2, #4]
 771 0172 A406     		lsls	r4, r4, #26
 772              	.LVL63:
 327:Drivers/STM32G0xx_HAL_Driver/Src/stm32g0xx_ll_usb.c ****       PCD_CLEAR_RX_DTOG(USBx, ep->num);
 773              		.loc 1 327 7 is_stmt 0 discriminator 7 view .LVU215
 774 0174 2C43     		orrs	r4, r5
 775 0176 5460     		str	r4, [r2, #4]
 327:Drivers/STM32G0xx_HAL_Driver/Src/stm32g0xx_ll_usb.c ****       PCD_CLEAR_RX_DTOG(USBx, ep->num);
 776              		.loc 1 327 7 is_stmt 1 view .LVU216
 777 0178 D4E7     		b	.L30
 778              	.LVL64:
 779              	.L31:
 327:Drivers/STM32G0xx_HAL_Driver/Src/stm32g0xx_ll_usb.c ****       PCD_CLEAR_RX_DTOG(USBx, ep->num);
 780              		.loc 1 327 7 discriminator 4 view .LVU217
 327:Drivers/STM32G0xx_HAL_Driver/Src/stm32g0xx_ll_usb.c ****       PCD_CLEAR_RX_DTOG(USBx, ep->num);
 781              		.loc 1 327 7 discriminator 4 view .LVU218
 782 017a 5409     		lsrs	r4, r2, #5
 783              	.LVL65:
 327:Drivers/STM32G0xx_HAL_Driver/Src/stm32g0xx_ll_usb.c ****       PCD_CLEAR_RX_DTOG(USBx, ep->num);
 784              		.loc 1 327 7 view .LVU219
 327:Drivers/STM32G0xx_HAL_Driver/Src/stm32g0xx_ll_usb.c ****       PCD_CLEAR_RX_DTOG(USBx, ep->num);
 785              		.loc 1 327 7 is_stmt 0 discriminator 4 view .LVU220
 786 017c D206     		lsls	r2, r2, #27
 787 017e 00D1     		bne	.L33
 327:Drivers/STM32G0xx_HAL_Driver/Src/stm32g0xx_ll_usb.c ****       PCD_CLEAR_RX_DTOG(USBx, ep->num);
 788              		.loc 1 327 7 is_stmt 1 discriminator 8 view .LVU221
ARM GAS  C:\Users\Domagoj\AppData\Local\Temp\ccdbAIX0.s 			page 21


 789 0180 013C     		subs	r4, r4, #1
 790              	.LVL66:
 791              	.L33:
 327:Drivers/STM32G0xx_HAL_Driver/Src/stm32g0xx_ll_usb.c ****       PCD_CLEAR_RX_DTOG(USBx, ep->num);
 792              		.loc 1 327 7 discriminator 10 view .LVU222
 793 0182 0A78     		ldrb	r2, [r1]
 794 0184 D200     		lsls	r2, r2, #3
 795 0186 734D     		ldr	r5, .L75+12
 796 0188 AC46     		mov	ip, r5
 797 018a 6244     		add	r2, r2, ip
 798 018c 5568     		ldr	r5, [r2, #4]
 799 018e A406     		lsls	r4, r4, #26
 800              	.LVL67:
 327:Drivers/STM32G0xx_HAL_Driver/Src/stm32g0xx_ll_usb.c ****       PCD_CLEAR_RX_DTOG(USBx, ep->num);
 801              		.loc 1 327 7 is_stmt 0 discriminator 10 view .LVU223
 802 0190 2543     		orrs	r5, r4
 803 0192 8024     		movs	r4, #128
 804 0194 2406     		lsls	r4, r4, #24
 805 0196 2C43     		orrs	r4, r5
 806 0198 5460     		str	r4, [r2, #4]
 807 019a C3E7     		b	.L30
 808              	.LVL68:
 809              	.L35:
 327:Drivers/STM32G0xx_HAL_Driver/Src/stm32g0xx_ll_usb.c ****       PCD_CLEAR_RX_DTOG(USBx, ep->num);
 810              		.loc 1 327 7 discriminator 10 view .LVU224
 811              	.LBE11:
 334:Drivers/STM32G0xx_HAL_Driver/Src/stm32g0xx_ll_usb.c ****       }
 335:Drivers/STM32G0xx_HAL_Driver/Src/stm32g0xx_ll_usb.c ****       else
 336:Drivers/STM32G0xx_HAL_Driver/Src/stm32g0xx_ll_usb.c ****       {
 337:Drivers/STM32G0xx_HAL_Driver/Src/stm32g0xx_ll_usb.c ****         /* Configure NAK status for OUT Endpoint */
 338:Drivers/STM32G0xx_HAL_Driver/Src/stm32g0xx_ll_usb.c ****         PCD_SET_EP_RX_STATUS(USBx, ep->num, USB_EP_RX_NAK);
 812              		.loc 1 338 9 is_stmt 1 view .LVU225
 813              	.LBB12:
 814              		.loc 1 338 9 view .LVU226
 815              		.loc 1 338 9 view .LVU227
 816 019c 9200     		lsls	r2, r2, #2
 817 019e 9A18     		adds	r2, r3, r2
 818 01a0 1368     		ldr	r3, [r2]
 819              	.LVL69:
 820              		.loc 1 338 9 is_stmt 0 view .LVU228
 821 01a2 7049     		ldr	r1, .L75+28
 822              	.LVL70:
 823              		.loc 1 338 9 view .LVU229
 824 01a4 0B40     		ands	r3, r1
 825              	.LVL71:
 826              		.loc 1 338 9 is_stmt 1 view .LVU230
 827              		.loc 1 338 9 discriminator 3 view .LVU231
 828              		.loc 1 338 9 discriminator 4 view .LVU232
 829 01a6 8021     		movs	r1, #128
 830 01a8 8901     		lsls	r1, r1, #6
 831 01aa 5940     		eors	r1, r3
 832              	.LVL72:
 833              		.loc 1 338 9 discriminator 6 view .LVU233
 834 01ac 674B     		ldr	r3, .L75+4
 835 01ae 0B43     		orrs	r3, r1
 836 01b0 1360     		str	r3, [r2]
 837 01b2 04E1     		b	.L28
ARM GAS  C:\Users\Domagoj\AppData\Local\Temp\ccdbAIX0.s 			page 22


 838              	.LVL73:
 839              	.L24:
 840              		.loc 1 338 9 is_stmt 0 discriminator 6 view .LVU234
 841              	.LBE12:
 339:Drivers/STM32G0xx_HAL_Driver/Src/stm32g0xx_ll_usb.c ****       }
 340:Drivers/STM32G0xx_HAL_Driver/Src/stm32g0xx_ll_usb.c ****     }
 341:Drivers/STM32G0xx_HAL_Driver/Src/stm32g0xx_ll_usb.c ****   }
 342:Drivers/STM32G0xx_HAL_Driver/Src/stm32g0xx_ll_usb.c **** #if (USE_USB_DOUBLE_BUFFER == 1U)
 343:Drivers/STM32G0xx_HAL_Driver/Src/stm32g0xx_ll_usb.c ****   /* Double Buffer */
 344:Drivers/STM32G0xx_HAL_Driver/Src/stm32g0xx_ll_usb.c ****   else
 345:Drivers/STM32G0xx_HAL_Driver/Src/stm32g0xx_ll_usb.c ****   {
 346:Drivers/STM32G0xx_HAL_Driver/Src/stm32g0xx_ll_usb.c ****     if (ep->type == EP_TYPE_BULK)
 842              		.loc 1 346 5 is_stmt 1 view .LVU235
 843              		.loc 1 346 11 is_stmt 0 view .LVU236
 844 01b4 CA78     		ldrb	r2, [r1, #3]
 845              		.loc 1 346 8 view .LVU237
 846 01b6 022A     		cmp	r2, #2
 847 01b8 5ED0     		beq	.L72
 347:Drivers/STM32G0xx_HAL_Driver/Src/stm32g0xx_ll_usb.c ****     {
 348:Drivers/STM32G0xx_HAL_Driver/Src/stm32g0xx_ll_usb.c ****       /* Set bulk endpoint as double buffered */
 349:Drivers/STM32G0xx_HAL_Driver/Src/stm32g0xx_ll_usb.c ****       PCD_SET_BULK_EP_DBUF(USBx, ep->num);
 350:Drivers/STM32G0xx_HAL_Driver/Src/stm32g0xx_ll_usb.c ****     }
 351:Drivers/STM32G0xx_HAL_Driver/Src/stm32g0xx_ll_usb.c ****     else
 352:Drivers/STM32G0xx_HAL_Driver/Src/stm32g0xx_ll_usb.c ****     {
 353:Drivers/STM32G0xx_HAL_Driver/Src/stm32g0xx_ll_usb.c ****       /* Set the ISOC endpoint in double buffer mode */
 354:Drivers/STM32G0xx_HAL_Driver/Src/stm32g0xx_ll_usb.c ****       PCD_CLEAR_EP_KIND(USBx, ep->num);
 848              		.loc 1 354 7 is_stmt 1 view .LVU238
 849              	.LBB13:
 850              		.loc 1 354 7 view .LVU239
 851              		.loc 1 354 7 view .LVU240
 852 01ba 0A78     		ldrb	r2, [r1]
 853 01bc 9200     		lsls	r2, r2, #2
 854 01be 9A18     		adds	r2, r3, r2
 855 01c0 1568     		ldr	r5, [r2]
 856 01c2 694C     		ldr	r4, .L75+32
 857              	.LVL74:
 858              		.loc 1 354 7 is_stmt 0 view .LVU241
 859 01c4 2540     		ands	r5, r4
 860              	.LVL75:
 861              		.loc 1 354 7 is_stmt 1 view .LVU242
 862 01c6 614C     		ldr	r4, .L75+4
 863 01c8 2C43     		orrs	r4, r5
 864 01ca 1460     		str	r4, [r2]
 865              	.LVL76:
 866              	.L37:
 867              		.loc 1 354 7 is_stmt 0 view .LVU243
 868              	.LBE13:
 869              		.loc 1 354 7 is_stmt 1 view .LVU244
 355:Drivers/STM32G0xx_HAL_Driver/Src/stm32g0xx_ll_usb.c ****     }
 356:Drivers/STM32G0xx_HAL_Driver/Src/stm32g0xx_ll_usb.c **** 
 357:Drivers/STM32G0xx_HAL_Driver/Src/stm32g0xx_ll_usb.c ****     /* Set buffer address for double buffered mode */
 358:Drivers/STM32G0xx_HAL_Driver/Src/stm32g0xx_ll_usb.c ****     PCD_SET_EP_DBUF_ADDR(USBx, ep->num, ep->pmaaddr0, ep->pmaaddr1);
 870              		.loc 1 358 5 view .LVU245
 871              		.loc 1 358 5 view .LVU246
 872              		.loc 1 358 5 view .LVU247
 873 01cc 0A78     		ldrb	r2, [r1]
 874 01ce D200     		lsls	r2, r2, #3
ARM GAS  C:\Users\Domagoj\AppData\Local\Temp\ccdbAIX0.s 			page 23


 875 01d0 604C     		ldr	r4, .L75+12
 876 01d2 A446     		mov	ip, r4
 877 01d4 6244     		add	r2, r2, ip
 878 01d6 1468     		ldr	r4, [r2]
 879 01d8 240C     		lsrs	r4, r4, #16
 880 01da 2404     		lsls	r4, r4, #16
 881 01dc 1460     		str	r4, [r2]
 882              		.loc 1 358 5 view .LVU248
 883 01de 0A78     		ldrb	r2, [r1]
 884 01e0 D200     		lsls	r2, r2, #3
 885 01e2 6244     		add	r2, r2, ip
 886 01e4 1568     		ldr	r5, [r2]
 887 01e6 0C89     		ldrh	r4, [r1, #8]
 888 01e8 A408     		lsrs	r4, r4, #2
 889 01ea A400     		lsls	r4, r4, #2
 890 01ec 2C43     		orrs	r4, r5
 891 01ee 1460     		str	r4, [r2]
 892              		.loc 1 358 5 view .LVU249
 893              		.loc 1 358 5 view .LVU250
 894              		.loc 1 358 5 view .LVU251
 895 01f0 0A78     		ldrb	r2, [r1]
 896 01f2 D200     		lsls	r2, r2, #3
 897 01f4 6244     		add	r2, r2, ip
 898 01f6 5468     		ldr	r4, [r2, #4]
 899 01f8 240C     		lsrs	r4, r4, #16
 900 01fa 2404     		lsls	r4, r4, #16
 901 01fc 5460     		str	r4, [r2, #4]
 902              		.loc 1 358 5 view .LVU252
 903 01fe 0A78     		ldrb	r2, [r1]
 904 0200 D200     		lsls	r2, r2, #3
 905 0202 6244     		add	r2, r2, ip
 906 0204 5568     		ldr	r5, [r2, #4]
 907 0206 4C89     		ldrh	r4, [r1, #10]
 908 0208 A408     		lsrs	r4, r4, #2
 909 020a A400     		lsls	r4, r4, #2
 910 020c 2C43     		orrs	r4, r5
 911 020e 5460     		str	r4, [r2, #4]
 912              		.loc 1 358 5 view .LVU253
 913              		.loc 1 358 5 view .LVU254
 359:Drivers/STM32G0xx_HAL_Driver/Src/stm32g0xx_ll_usb.c **** 
 360:Drivers/STM32G0xx_HAL_Driver/Src/stm32g0xx_ll_usb.c ****     if (ep->is_in == 0U)
 914              		.loc 1 360 5 view .LVU255
 915              		.loc 1 360 11 is_stmt 0 view .LVU256
 916 0210 4A78     		ldrb	r2, [r1, #1]
 917              		.loc 1 360 8 view .LVU257
 918 0212 002A     		cmp	r2, #0
 919 0214 00D0     		beq	.LCB825
 920 0216 E5E0     		b	.L38	@long jump
 921              	.LCB825:
 361:Drivers/STM32G0xx_HAL_Driver/Src/stm32g0xx_ll_usb.c ****     {
 362:Drivers/STM32G0xx_HAL_Driver/Src/stm32g0xx_ll_usb.c ****       /* Clear the data toggle bits for the endpoint IN/OUT */
 363:Drivers/STM32G0xx_HAL_Driver/Src/stm32g0xx_ll_usb.c ****       PCD_CLEAR_RX_DTOG(USBx, ep->num);
 922              		.loc 1 363 7 is_stmt 1 view .LVU258
 923              	.LBB14:
 924              		.loc 1 363 7 view .LVU259
 925              		.loc 1 363 7 view .LVU260
 926 0218 0A78     		ldrb	r2, [r1]
ARM GAS  C:\Users\Domagoj\AppData\Local\Temp\ccdbAIX0.s 			page 24


 927 021a 9200     		lsls	r2, r2, #2
 928 021c 9A18     		adds	r2, r3, r2
 929 021e 1468     		ldr	r4, [r2]
 930              	.LVL77:
 931              		.loc 1 363 7 view .LVU261
 932 0220 6404     		lsls	r4, r4, #17
 933 0222 05D5     		bpl	.L39
 934              	.LVL78:
 935              		.loc 1 363 7 discriminator 1 view .LVU262
 936              	.LBB15:
 937              		.loc 1 363 7 discriminator 1 view .LVU263
 938              		.loc 1 363 7 discriminator 1 view .LVU264
 939 0224 1568     		ldr	r5, [r2]
 940 0226 4A4C     		ldr	r4, .L75+8
 941 0228 2540     		ands	r5, r4
 942              	.LVL79:
 943              		.loc 1 363 7 view .LVU265
 944              		.loc 1 363 7 is_stmt 0 discriminator 1 view .LVU266
 945 022a 4D4C     		ldr	r4, .L75+24
 946 022c 2C43     		orrs	r4, r5
 947 022e 1460     		str	r4, [r2]
 948              	.LVL80:
 949              	.L39:
 950              		.loc 1 363 7 discriminator 1 view .LVU267
 951              	.LBE15:
 952              		.loc 1 363 7 is_stmt 1 view .LVU268
 953              	.LBE14:
 954              		.loc 1 363 7 view .LVU269
 364:Drivers/STM32G0xx_HAL_Driver/Src/stm32g0xx_ll_usb.c ****       PCD_CLEAR_TX_DTOG(USBx, ep->num);
 955              		.loc 1 364 7 view .LVU270
 956              	.LBB16:
 957              		.loc 1 364 7 view .LVU271
 958              		.loc 1 364 7 view .LVU272
 959 0230 0A78     		ldrb	r2, [r1]
 960 0232 9200     		lsls	r2, r2, #2
 961 0234 9A18     		adds	r2, r3, r2
 962 0236 1468     		ldr	r4, [r2]
 963              	.LVL81:
 964              		.loc 1 364 7 view .LVU273
 965 0238 6406     		lsls	r4, r4, #25
 966 023a 05D5     		bpl	.L40
 967              	.LVL82:
 968              		.loc 1 364 7 discriminator 1 view .LVU274
 969              	.LBB17:
 970              		.loc 1 364 7 discriminator 1 view .LVU275
 971              		.loc 1 364 7 discriminator 1 view .LVU276
 972 023c 1568     		ldr	r5, [r2]
 973 023e 444C     		ldr	r4, .L75+8
 974 0240 2540     		ands	r5, r4
 975              	.LVL83:
 976              		.loc 1 364 7 view .LVU277
 977              		.loc 1 364 7 is_stmt 0 discriminator 1 view .LVU278
 978 0242 454C     		ldr	r4, .L75+16
 979 0244 2C43     		orrs	r4, r5
 980 0246 1460     		str	r4, [r2]
 981              	.LVL84:
 982              	.L40:
ARM GAS  C:\Users\Domagoj\AppData\Local\Temp\ccdbAIX0.s 			page 25


 983              		.loc 1 364 7 discriminator 1 view .LVU279
 984              	.LBE17:
 985              		.loc 1 364 7 is_stmt 1 view .LVU280
 986              	.LBE16:
 987              		.loc 1 364 7 view .LVU281
 365:Drivers/STM32G0xx_HAL_Driver/Src/stm32g0xx_ll_usb.c **** 
 366:Drivers/STM32G0xx_HAL_Driver/Src/stm32g0xx_ll_usb.c ****       /* Set endpoint RX count */
 367:Drivers/STM32G0xx_HAL_Driver/Src/stm32g0xx_ll_usb.c ****       PCD_SET_EP_DBUF_CNT(USBx, ep->num, ep->is_in, ep->maxpacket);
 988              		.loc 1 367 7 view .LVU282
 989              		.loc 1 367 7 view .LVU283
 990              		.loc 1 367 7 view .LVU284
 991 0248 4A78     		ldrb	r2, [r1, #1]
 992 024a 002A     		cmp	r2, #0
 993 024c 3FD1     		bne	.L41
 994              		.loc 1 367 7 discriminator 1 view .LVU285
 995              	.LBB18:
 996              		.loc 1 367 7 discriminator 1 view .LVU286
 997              		.loc 1 367 7 discriminator 1 view .LVU287
 998 024e 0A78     		ldrb	r2, [r1]
 999 0250 D200     		lsls	r2, r2, #3
 1000 0252 404C     		ldr	r4, .L75+12
 1001 0254 A446     		mov	ip, r4
 1002 0256 6244     		add	r2, r2, ip
 1003 0258 1468     		ldr	r4, [r2]
 1004 025a A401     		lsls	r4, r4, #6
 1005 025c A409     		lsrs	r4, r4, #6
 1006 025e 1460     		str	r4, [r2]
 1007              		.loc 1 367 7 view .LVU288
 1008              		.loc 1 367 7 is_stmt 0 discriminator 1 view .LVU289
 1009 0260 0A69     		ldr	r2, [r1, #16]
 1010 0262 002A     		cmp	r2, #0
 1011 0264 12D1     		bne	.L42
 1012              		.loc 1 367 7 is_stmt 1 discriminator 3 view .LVU290
 1013 0266 0A78     		ldrb	r2, [r1]
 1014 0268 D200     		lsls	r2, r2, #3
 1015 026a 6244     		add	r2, r2, ip
 1016 026c 1568     		ldr	r5, [r2]
 1017 026e 8024     		movs	r4, #128
 1018 0270 2406     		lsls	r4, r4, #24
 1019 0272 2C43     		orrs	r4, r5
 1020 0274 1460     		str	r4, [r2]
 1021 0276 2CE0     		b	.L43
 1022              	.LVL85:
 1023              	.L72:
 1024              		.loc 1 367 7 is_stmt 0 discriminator 3 view .LVU291
 1025              	.LBE18:
 349:Drivers/STM32G0xx_HAL_Driver/Src/stm32g0xx_ll_usb.c ****     }
 1026              		.loc 1 349 7 is_stmt 1 view .LVU292
 1027              	.LBB19:
 349:Drivers/STM32G0xx_HAL_Driver/Src/stm32g0xx_ll_usb.c ****     }
 1028              		.loc 1 349 7 view .LVU293
 349:Drivers/STM32G0xx_HAL_Driver/Src/stm32g0xx_ll_usb.c ****     }
 1029              		.loc 1 349 7 view .LVU294
 1030 0278 0A78     		ldrb	r2, [r1]
 1031 027a 9200     		lsls	r2, r2, #2
 1032 027c 9A18     		adds	r2, r3, r2
 1033 027e 1568     		ldr	r5, [r2]
ARM GAS  C:\Users\Domagoj\AppData\Local\Temp\ccdbAIX0.s 			page 26


 1034 0280 334C     		ldr	r4, .L75+8
 1035              	.LVL86:
 349:Drivers/STM32G0xx_HAL_Driver/Src/stm32g0xx_ll_usb.c ****     }
 1036              		.loc 1 349 7 is_stmt 0 view .LVU295
 1037 0282 2540     		ands	r5, r4
 1038              	.LVL87:
 349:Drivers/STM32G0xx_HAL_Driver/Src/stm32g0xx_ll_usb.c ****     }
 1039              		.loc 1 349 7 is_stmt 1 view .LVU296
 1040 0284 394C     		ldr	r4, .L75+36
 1041 0286 2C43     		orrs	r4, r5
 1042 0288 1460     		str	r4, [r2]
 1043              	.LBE19:
 349:Drivers/STM32G0xx_HAL_Driver/Src/stm32g0xx_ll_usb.c ****     }
 1044              		.loc 1 349 7 view .LVU297
 1045 028a 9FE7     		b	.L37
 1046              	.LVL88:
 1047              	.L42:
 1048              	.LBB20:
 1049              		.loc 1 367 7 discriminator 4 view .LVU298
 1050 028c 3E2A     		cmp	r2, #62
 1051 028e 0DD8     		bhi	.L44
 1052              		.loc 1 367 7 discriminator 5 view .LVU299
 1053              		.loc 1 367 7 discriminator 5 view .LVU300
 1054 0290 5408     		lsrs	r4, r2, #1
 1055              	.LVL89:
 1056              		.loc 1 367 7 view .LVU301
 1057              		.loc 1 367 7 is_stmt 0 discriminator 5 view .LVU302
 1058 0292 D207     		lsls	r2, r2, #31
 1059 0294 00D5     		bpl	.L45
 1060              		.loc 1 367 7 is_stmt 1 discriminator 7 view .LVU303
 1061 0296 0134     		adds	r4, r4, #1
 1062              	.LVL90:
 1063              	.L45:
 1064              		.loc 1 367 7 discriminator 9 view .LVU304
 1065 0298 0A78     		ldrb	r2, [r1]
 1066 029a D200     		lsls	r2, r2, #3
 1067 029c 2D4D     		ldr	r5, .L75+12
 1068 029e AC46     		mov	ip, r5
 1069 02a0 6244     		add	r2, r2, ip
 1070 02a2 1568     		ldr	r5, [r2]
 1071 02a4 A406     		lsls	r4, r4, #26
 1072              	.LVL91:
 1073              		.loc 1 367 7 is_stmt 0 discriminator 9 view .LVU305
 1074 02a6 2C43     		orrs	r4, r5
 1075 02a8 1460     		str	r4, [r2]
 1076              		.loc 1 367 7 is_stmt 1 view .LVU306
 1077 02aa 12E0     		b	.L43
 1078              	.LVL92:
 1079              	.L44:
 1080              		.loc 1 367 7 discriminator 6 view .LVU307
 1081              		.loc 1 367 7 discriminator 6 view .LVU308
 1082 02ac 5409     		lsrs	r4, r2, #5
 1083              	.LVL93:
 1084              		.loc 1 367 7 view .LVU309
 1085              		.loc 1 367 7 is_stmt 0 discriminator 6 view .LVU310
 1086 02ae D206     		lsls	r2, r2, #27
 1087 02b0 00D1     		bne	.L46
ARM GAS  C:\Users\Domagoj\AppData\Local\Temp\ccdbAIX0.s 			page 27


 1088              		.loc 1 367 7 is_stmt 1 discriminator 10 view .LVU311
 1089 02b2 013C     		subs	r4, r4, #1
 1090              	.LVL94:
 1091              	.L46:
 1092              		.loc 1 367 7 discriminator 12 view .LVU312
 1093 02b4 0A78     		ldrb	r2, [r1]
 1094 02b6 D200     		lsls	r2, r2, #3
 1095 02b8 264D     		ldr	r5, .L75+12
 1096 02ba AC46     		mov	ip, r5
 1097 02bc 6244     		add	r2, r2, ip
 1098 02be 1568     		ldr	r5, [r2]
 1099 02c0 A406     		lsls	r4, r4, #26
 1100              	.LVL95:
 1101              		.loc 1 367 7 is_stmt 0 discriminator 12 view .LVU313
 1102 02c2 2543     		orrs	r5, r4
 1103 02c4 8024     		movs	r4, #128
 1104 02c6 2406     		lsls	r4, r4, #24
 1105 02c8 2C43     		orrs	r4, r5
 1106 02ca 1460     		str	r4, [r2]
 1107 02cc 01E0     		b	.L43
 1108              	.LVL96:
 1109              	.L41:
 1110              		.loc 1 367 7 discriminator 12 view .LVU314
 1111              	.LBE20:
 1112              		.loc 1 367 7 is_stmt 1 discriminator 2 view .LVU315
 1113 02ce 012A     		cmp	r2, #1
 1114 02d0 17D0     		beq	.L73
 1115              	.L43:
 1116              		.loc 1 367 7 discriminator 15 view .LVU316
 1117              		.loc 1 367 7 discriminator 15 view .LVU317
 1118              		.loc 1 367 7 discriminator 15 view .LVU318
 1119              		.loc 1 367 7 discriminator 15 view .LVU319
 1120 02d2 4A78     		ldrb	r2, [r1, #1]
 1121 02d4 002A     		cmp	r2, #0
 1122 02d6 5CD1     		bne	.L47
 1123              		.loc 1 367 7 discriminator 16 view .LVU320
 1124              	.LBB21:
 1125              		.loc 1 367 7 discriminator 16 view .LVU321
 1126              		.loc 1 367 7 discriminator 16 view .LVU322
 1127 02d8 0A78     		ldrb	r2, [r1]
 1128 02da D200     		lsls	r2, r2, #3
 1129 02dc 1D4C     		ldr	r4, .L75+12
 1130 02de A446     		mov	ip, r4
 1131 02e0 6244     		add	r2, r2, ip
 1132 02e2 5468     		ldr	r4, [r2, #4]
 1133 02e4 A401     		lsls	r4, r4, #6
 1134 02e6 A409     		lsrs	r4, r4, #6
 1135 02e8 5460     		str	r4, [r2, #4]
 1136              		.loc 1 367 7 view .LVU323
 1137              		.loc 1 367 7 is_stmt 0 discriminator 16 view .LVU324
 1138 02ea 0A69     		ldr	r2, [r1, #16]
 1139 02ec 002A     		cmp	r2, #0
 1140 02ee 1AD1     		bne	.L48
 1141              		.loc 1 367 7 is_stmt 1 discriminator 18 view .LVU325
 1142 02f0 0A78     		ldrb	r2, [r1]
 1143 02f2 D200     		lsls	r2, r2, #3
 1144 02f4 6244     		add	r2, r2, ip
ARM GAS  C:\Users\Domagoj\AppData\Local\Temp\ccdbAIX0.s 			page 28


 1145 02f6 5568     		ldr	r5, [r2, #4]
 1146 02f8 8024     		movs	r4, #128
 1147 02fa 2406     		lsls	r4, r4, #24
 1148 02fc 2C43     		orrs	r4, r5
 1149 02fe 5460     		str	r4, [r2, #4]
 1150 0300 49E0     		b	.L49
 1151              	.L73:
 1152              		.loc 1 367 7 is_stmt 0 discriminator 18 view .LVU326
 1153              	.LBE21:
 1154              		.loc 1 367 7 is_stmt 1 discriminator 13 view .LVU327
 1155              		.loc 1 367 7 discriminator 13 view .LVU328
 1156 0302 0A78     		ldrb	r2, [r1]
 1157 0304 D200     		lsls	r2, r2, #3
 1158 0306 134C     		ldr	r4, .L75+12
 1159 0308 A446     		mov	ip, r4
 1160 030a 6244     		add	r2, r2, ip
 1161 030c 1468     		ldr	r4, [r2]
 1162 030e 2404     		lsls	r4, r4, #16
 1163 0310 240C     		lsrs	r4, r4, #16
 1164 0312 1460     		str	r4, [r2]
 1165              		.loc 1 367 7 view .LVU329
 1166              		.loc 1 367 7 is_stmt 0 discriminator 13 view .LVU330
 1167 0314 0A78     		ldrb	r2, [r1]
 1168 0316 D200     		lsls	r2, r2, #3
 1169 0318 6244     		add	r2, r2, ip
 1170 031a 1468     		ldr	r4, [r2]
 1171 031c 0D69     		ldr	r5, [r1, #16]
 1172 031e 2D04     		lsls	r5, r5, #16
 1173 0320 2C43     		orrs	r4, r5
 1174 0322 1460     		str	r4, [r2]
 1175 0324 D5E7     		b	.L43
 1176              	.L48:
 1177              	.LBB22:
 1178              		.loc 1 367 7 is_stmt 1 discriminator 19 view .LVU331
 1179 0326 3E2A     		cmp	r2, #62
 1180 0328 22D8     		bhi	.L50
 1181              		.loc 1 367 7 discriminator 20 view .LVU332
 1182              		.loc 1 367 7 discriminator 20 view .LVU333
 1183 032a 5408     		lsrs	r4, r2, #1
 1184              	.LVL97:
 1185              		.loc 1 367 7 view .LVU334
 1186              		.loc 1 367 7 is_stmt 0 discriminator 20 view .LVU335
 1187 032c D207     		lsls	r2, r2, #31
 1188 032e 00D5     		bpl	.L51
 1189              		.loc 1 367 7 is_stmt 1 discriminator 22 view .LVU336
 1190 0330 0134     		adds	r4, r4, #1
 1191              	.LVL98:
 1192              	.L51:
 1193              		.loc 1 367 7 discriminator 24 view .LVU337
 1194 0332 0A78     		ldrb	r2, [r1]
 1195 0334 D200     		lsls	r2, r2, #3
 1196 0336 074D     		ldr	r5, .L75+12
 1197 0338 AC46     		mov	ip, r5
 1198 033a 6244     		add	r2, r2, ip
 1199 033c 5568     		ldr	r5, [r2, #4]
 1200 033e A406     		lsls	r4, r4, #26
 1201              	.LVL99:
ARM GAS  C:\Users\Domagoj\AppData\Local\Temp\ccdbAIX0.s 			page 29


 1202              		.loc 1 367 7 is_stmt 0 discriminator 24 view .LVU338
 1203 0340 2C43     		orrs	r4, r5
 1204 0342 5460     		str	r4, [r2, #4]
 1205              		.loc 1 367 7 is_stmt 1 view .LVU339
 1206 0344 27E0     		b	.L49
 1207              	.L76:
 1208 0346 C046     		.align	2
 1209              	.L75:
 1210 0348 8F89FF07 		.word	134187407
 1211 034c 80800000 		.word	32896
 1212 0350 8F8FFF07 		.word	134188943
 1213 0354 00980040 		.word	1073780736
 1214 0358 C0800000 		.word	32960
 1215 035c BF8FFF07 		.word	134188991
 1216 0360 80C00000 		.word	49280
 1217 0364 8FBFFF07 		.word	134201231
 1218 0368 8F8EFF07 		.word	134188687
 1219 036c 80810000 		.word	33152
 1220              	.LVL100:
 1221              	.L50:
 1222              		.loc 1 367 7 discriminator 21 view .LVU340
 1223              		.loc 1 367 7 discriminator 21 view .LVU341
 1224 0370 5409     		lsrs	r4, r2, #5
 1225              	.LVL101:
 1226              		.loc 1 367 7 view .LVU342
 1227              		.loc 1 367 7 is_stmt 0 discriminator 21 view .LVU343
 1228 0372 D206     		lsls	r2, r2, #27
 1229 0374 00D1     		bne	.L52
 1230              		.loc 1 367 7 is_stmt 1 discriminator 25 view .LVU344
 1231 0376 013C     		subs	r4, r4, #1
 1232              	.LVL102:
 1233              	.L52:
 1234              		.loc 1 367 7 discriminator 27 view .LVU345
 1235 0378 0A78     		ldrb	r2, [r1]
 1236 037a D200     		lsls	r2, r2, #3
 1237 037c 364D     		ldr	r5, .L77
 1238 037e AC46     		mov	ip, r5
 1239 0380 6244     		add	r2, r2, ip
 1240 0382 5568     		ldr	r5, [r2, #4]
 1241 0384 A406     		lsls	r4, r4, #26
 1242              	.LVL103:
 1243              		.loc 1 367 7 is_stmt 0 discriminator 27 view .LVU346
 1244 0386 2543     		orrs	r5, r4
 1245 0388 8024     		movs	r4, #128
 1246 038a 2406     		lsls	r4, r4, #24
 1247 038c 2C43     		orrs	r4, r5
 1248 038e 5460     		str	r4, [r2, #4]
 1249 0390 01E0     		b	.L49
 1250              	.LVL104:
 1251              	.L47:
 1252              		.loc 1 367 7 discriminator 27 view .LVU347
 1253              	.LBE22:
 1254              		.loc 1 367 7 is_stmt 1 discriminator 17 view .LVU348
 1255 0392 012A     		cmp	r2, #1
 1256 0394 14D0     		beq	.L74
 1257              	.L49:
 1258              		.loc 1 367 7 view .LVU349
ARM GAS  C:\Users\Domagoj\AppData\Local\Temp\ccdbAIX0.s 			page 30


 1259              		.loc 1 367 7 view .LVU350
 368:Drivers/STM32G0xx_HAL_Driver/Src/stm32g0xx_ll_usb.c **** 
 369:Drivers/STM32G0xx_HAL_Driver/Src/stm32g0xx_ll_usb.c ****       /* Set endpoint RX to valid state */
 370:Drivers/STM32G0xx_HAL_Driver/Src/stm32g0xx_ll_usb.c ****       PCD_SET_EP_RX_STATUS(USBx, ep->num, USB_EP_RX_VALID);
 1260              		.loc 1 370 7 view .LVU351
 1261              	.LBB23:
 1262              		.loc 1 370 7 view .LVU352
 1263              		.loc 1 370 7 view .LVU353
 1264 0396 0A78     		ldrb	r2, [r1]
 1265 0398 9200     		lsls	r2, r2, #2
 1266 039a 9A18     		adds	r2, r3, r2
 1267 039c 1568     		ldr	r5, [r2]
 1268 039e 2F4C     		ldr	r4, .L77+4
 1269 03a0 2540     		ands	r5, r4
 1270              	.LVL105:
 1271              		.loc 1 370 7 view .LVU354
 1272              		.loc 1 370 7 discriminator 1 view .LVU355
 1273              		.loc 1 370 7 discriminator 3 view .LVU356
 1274              		.loc 1 370 7 discriminator 4 view .LVU357
 1275 03a2 C024     		movs	r4, #192
 1276 03a4 A401     		lsls	r4, r4, #6
 1277 03a6 6C40     		eors	r4, r5
 1278              	.LVL106:
 1279              		.loc 1 370 7 discriminator 6 view .LVU358
 1280 03a8 2D4D     		ldr	r5, .L77+8
 1281 03aa 2C43     		orrs	r4, r5
 1282              	.LVL107:
 1283              		.loc 1 370 7 is_stmt 0 discriminator 6 view .LVU359
 1284 03ac 1460     		str	r4, [r2]
 1285              	.LBE23:
 1286              		.loc 1 370 7 is_stmt 1 view .LVU360
 371:Drivers/STM32G0xx_HAL_Driver/Src/stm32g0xx_ll_usb.c ****       PCD_SET_EP_TX_STATUS(USBx, ep->num, USB_EP_TX_DIS);
 1287              		.loc 1 371 7 view .LVU361
 1288              	.LBB24:
 1289              		.loc 1 371 7 view .LVU362
 1290              		.loc 1 371 7 view .LVU363
 1291 03ae 0A78     		ldrb	r2, [r1]
 1292 03b0 9200     		lsls	r2, r2, #2
 1293 03b2 9B18     		adds	r3, r3, r2
 1294              	.LVL108:
 1295              		.loc 1 371 7 is_stmt 0 view .LVU364
 1296 03b4 1A68     		ldr	r2, [r3]
 1297 03b6 2B49     		ldr	r1, .L77+12
 1298              	.LVL109:
 1299              		.loc 1 371 7 view .LVU365
 1300 03b8 0A40     		ands	r2, r1
 1301              	.LVL110:
 1302              		.loc 1 371 7 is_stmt 1 view .LVU366
 1303              		.loc 1 371 7 discriminator 3 view .LVU367
 1304              		.loc 1 371 7 discriminator 6 view .LVU368
 1305 03ba 1543     		orrs	r5, r2
 1306 03bc 1D60     		str	r5, [r3]
 1307              	.LBE24:
 1308              		.loc 1 371 7 view .LVU369
 1309              	.LVL111:
 1310              	.L28:
 372:Drivers/STM32G0xx_HAL_Driver/Src/stm32g0xx_ll_usb.c ****     }
ARM GAS  C:\Users\Domagoj\AppData\Local\Temp\ccdbAIX0.s 			page 31


 373:Drivers/STM32G0xx_HAL_Driver/Src/stm32g0xx_ll_usb.c ****     else
 374:Drivers/STM32G0xx_HAL_Driver/Src/stm32g0xx_ll_usb.c ****     {
 375:Drivers/STM32G0xx_HAL_Driver/Src/stm32g0xx_ll_usb.c ****       /* Clear the data toggle bits for the endpoint IN/OUT */
 376:Drivers/STM32G0xx_HAL_Driver/Src/stm32g0xx_ll_usb.c ****       PCD_CLEAR_RX_DTOG(USBx, ep->num);
 377:Drivers/STM32G0xx_HAL_Driver/Src/stm32g0xx_ll_usb.c ****       PCD_CLEAR_TX_DTOG(USBx, ep->num);
 378:Drivers/STM32G0xx_HAL_Driver/Src/stm32g0xx_ll_usb.c **** 
 379:Drivers/STM32G0xx_HAL_Driver/Src/stm32g0xx_ll_usb.c ****       if (ep->type != EP_TYPE_ISOC)
 380:Drivers/STM32G0xx_HAL_Driver/Src/stm32g0xx_ll_usb.c ****       {
 381:Drivers/STM32G0xx_HAL_Driver/Src/stm32g0xx_ll_usb.c ****         /* Configure NAK status for the Endpoint */
 382:Drivers/STM32G0xx_HAL_Driver/Src/stm32g0xx_ll_usb.c ****         PCD_SET_EP_TX_STATUS(USBx, ep->num, USB_EP_TX_NAK);
 383:Drivers/STM32G0xx_HAL_Driver/Src/stm32g0xx_ll_usb.c ****       }
 384:Drivers/STM32G0xx_HAL_Driver/Src/stm32g0xx_ll_usb.c ****       else
 385:Drivers/STM32G0xx_HAL_Driver/Src/stm32g0xx_ll_usb.c ****       {
 386:Drivers/STM32G0xx_HAL_Driver/Src/stm32g0xx_ll_usb.c ****         /* Configure TX Endpoint to disabled state */
 387:Drivers/STM32G0xx_HAL_Driver/Src/stm32g0xx_ll_usb.c ****         PCD_SET_EP_TX_STATUS(USBx, ep->num, USB_EP_TX_DIS);
 388:Drivers/STM32G0xx_HAL_Driver/Src/stm32g0xx_ll_usb.c ****       }
 389:Drivers/STM32G0xx_HAL_Driver/Src/stm32g0xx_ll_usb.c **** 
 390:Drivers/STM32G0xx_HAL_Driver/Src/stm32g0xx_ll_usb.c ****       PCD_SET_EP_RX_STATUS(USBx, ep->num, USB_EP_RX_DIS);
 1311              		.loc 1 390 7 view .LVU370
 391:Drivers/STM32G0xx_HAL_Driver/Src/stm32g0xx_ll_usb.c ****     }
 392:Drivers/STM32G0xx_HAL_Driver/Src/stm32g0xx_ll_usb.c ****   }
 393:Drivers/STM32G0xx_HAL_Driver/Src/stm32g0xx_ll_usb.c **** #endif /* (USE_USB_DOUBLE_BUFFER == 1U) */
 394:Drivers/STM32G0xx_HAL_Driver/Src/stm32g0xx_ll_usb.c **** 
 395:Drivers/STM32G0xx_HAL_Driver/Src/stm32g0xx_ll_usb.c ****   return ret;
 1312              		.loc 1 395 3 view .LVU371
 396:Drivers/STM32G0xx_HAL_Driver/Src/stm32g0xx_ll_usb.c **** }
 1313              		.loc 1 396 1 is_stmt 0 view .LVU372
 1314              		@ sp needed
 1315 03be F0BD     		pop	{r4, r5, r6, r7, pc}
 1316              	.LVL112:
 1317              	.L74:
 367:Drivers/STM32G0xx_HAL_Driver/Src/stm32g0xx_ll_usb.c **** 
 1318              		.loc 1 367 7 is_stmt 1 discriminator 28 view .LVU373
 1319 03c0 0A78     		ldrb	r2, [r1]
 1320 03c2 D200     		lsls	r2, r2, #3
 1321 03c4 244C     		ldr	r4, .L77
 1322 03c6 A446     		mov	ip, r4
 1323 03c8 6244     		add	r2, r2, ip
 1324 03ca 5468     		ldr	r4, [r2, #4]
 1325 03cc 2404     		lsls	r4, r4, #16
 1326 03ce 240C     		lsrs	r4, r4, #16
 1327 03d0 5460     		str	r4, [r2, #4]
 367:Drivers/STM32G0xx_HAL_Driver/Src/stm32g0xx_ll_usb.c **** 
 1328              		.loc 1 367 7 view .LVU374
 367:Drivers/STM32G0xx_HAL_Driver/Src/stm32g0xx_ll_usb.c **** 
 1329              		.loc 1 367 7 is_stmt 0 discriminator 28 view .LVU375
 1330 03d2 0A78     		ldrb	r2, [r1]
 1331 03d4 D200     		lsls	r2, r2, #3
 1332 03d6 6244     		add	r2, r2, ip
 1333 03d8 5468     		ldr	r4, [r2, #4]
 1334 03da 0D69     		ldr	r5, [r1, #16]
 1335 03dc 2D04     		lsls	r5, r5, #16
 1336 03de 2C43     		orrs	r4, r5
 1337 03e0 5460     		str	r4, [r2, #4]
 1338 03e2 D8E7     		b	.L49
 1339              	.LVL113:
 1340              	.L38:
ARM GAS  C:\Users\Domagoj\AppData\Local\Temp\ccdbAIX0.s 			page 32


 376:Drivers/STM32G0xx_HAL_Driver/Src/stm32g0xx_ll_usb.c ****       PCD_CLEAR_TX_DTOG(USBx, ep->num);
 1341              		.loc 1 376 7 is_stmt 1 view .LVU376
 1342              	.LBB25:
 376:Drivers/STM32G0xx_HAL_Driver/Src/stm32g0xx_ll_usb.c ****       PCD_CLEAR_TX_DTOG(USBx, ep->num);
 1343              		.loc 1 376 7 view .LVU377
 376:Drivers/STM32G0xx_HAL_Driver/Src/stm32g0xx_ll_usb.c ****       PCD_CLEAR_TX_DTOG(USBx, ep->num);
 1344              		.loc 1 376 7 view .LVU378
 1345 03e4 0A78     		ldrb	r2, [r1]
 1346 03e6 9200     		lsls	r2, r2, #2
 1347 03e8 9A18     		adds	r2, r3, r2
 1348 03ea 1468     		ldr	r4, [r2]
 1349              	.LVL114:
 376:Drivers/STM32G0xx_HAL_Driver/Src/stm32g0xx_ll_usb.c ****       PCD_CLEAR_TX_DTOG(USBx, ep->num);
 1350              		.loc 1 376 7 view .LVU379
 1351 03ec 6404     		lsls	r4, r4, #17
 1352 03ee 05D5     		bpl	.L53
 1353              	.LVL115:
 376:Drivers/STM32G0xx_HAL_Driver/Src/stm32g0xx_ll_usb.c ****       PCD_CLEAR_TX_DTOG(USBx, ep->num);
 1354              		.loc 1 376 7 discriminator 1 view .LVU380
 1355              	.LBB26:
 376:Drivers/STM32G0xx_HAL_Driver/Src/stm32g0xx_ll_usb.c ****       PCD_CLEAR_TX_DTOG(USBx, ep->num);
 1356              		.loc 1 376 7 discriminator 1 view .LVU381
 376:Drivers/STM32G0xx_HAL_Driver/Src/stm32g0xx_ll_usb.c ****       PCD_CLEAR_TX_DTOG(USBx, ep->num);
 1357              		.loc 1 376 7 discriminator 1 view .LVU382
 1358 03f0 1568     		ldr	r5, [r2]
 1359 03f2 1D4C     		ldr	r4, .L77+16
 1360 03f4 2540     		ands	r5, r4
 1361              	.LVL116:
 376:Drivers/STM32G0xx_HAL_Driver/Src/stm32g0xx_ll_usb.c ****       PCD_CLEAR_TX_DTOG(USBx, ep->num);
 1362              		.loc 1 376 7 view .LVU383
 376:Drivers/STM32G0xx_HAL_Driver/Src/stm32g0xx_ll_usb.c ****       PCD_CLEAR_TX_DTOG(USBx, ep->num);
 1363              		.loc 1 376 7 is_stmt 0 discriminator 1 view .LVU384
 1364 03f6 1D4C     		ldr	r4, .L77+20
 1365 03f8 2C43     		orrs	r4, r5
 1366 03fa 1460     		str	r4, [r2]
 1367              	.LVL117:
 1368              	.L53:
 376:Drivers/STM32G0xx_HAL_Driver/Src/stm32g0xx_ll_usb.c ****       PCD_CLEAR_TX_DTOG(USBx, ep->num);
 1369              		.loc 1 376 7 discriminator 1 view .LVU385
 1370              	.LBE26:
 376:Drivers/STM32G0xx_HAL_Driver/Src/stm32g0xx_ll_usb.c ****       PCD_CLEAR_TX_DTOG(USBx, ep->num);
 1371              		.loc 1 376 7 is_stmt 1 view .LVU386
 1372              	.LBE25:
 376:Drivers/STM32G0xx_HAL_Driver/Src/stm32g0xx_ll_usb.c ****       PCD_CLEAR_TX_DTOG(USBx, ep->num);
 1373              		.loc 1 376 7 view .LVU387
 377:Drivers/STM32G0xx_HAL_Driver/Src/stm32g0xx_ll_usb.c **** 
 1374              		.loc 1 377 7 view .LVU388
 1375              	.LBB27:
 377:Drivers/STM32G0xx_HAL_Driver/Src/stm32g0xx_ll_usb.c **** 
 1376              		.loc 1 377 7 view .LVU389
 377:Drivers/STM32G0xx_HAL_Driver/Src/stm32g0xx_ll_usb.c **** 
 1377              		.loc 1 377 7 view .LVU390
 1378 03fc 0A78     		ldrb	r2, [r1]
 1379 03fe 9200     		lsls	r2, r2, #2
 1380 0400 9A18     		adds	r2, r3, r2
 1381 0402 1468     		ldr	r4, [r2]
 1382              	.LVL118:
ARM GAS  C:\Users\Domagoj\AppData\Local\Temp\ccdbAIX0.s 			page 33


 377:Drivers/STM32G0xx_HAL_Driver/Src/stm32g0xx_ll_usb.c **** 
 1383              		.loc 1 377 7 view .LVU391
 1384 0404 6406     		lsls	r4, r4, #25
 1385 0406 05D5     		bpl	.L54
 1386              	.LVL119:
 377:Drivers/STM32G0xx_HAL_Driver/Src/stm32g0xx_ll_usb.c **** 
 1387              		.loc 1 377 7 discriminator 1 view .LVU392
 1388              	.LBB28:
 377:Drivers/STM32G0xx_HAL_Driver/Src/stm32g0xx_ll_usb.c **** 
 1389              		.loc 1 377 7 discriminator 1 view .LVU393
 377:Drivers/STM32G0xx_HAL_Driver/Src/stm32g0xx_ll_usb.c **** 
 1390              		.loc 1 377 7 discriminator 1 view .LVU394
 1391 0408 1568     		ldr	r5, [r2]
 1392 040a 174C     		ldr	r4, .L77+16
 1393 040c 2540     		ands	r5, r4
 1394              	.LVL120:
 377:Drivers/STM32G0xx_HAL_Driver/Src/stm32g0xx_ll_usb.c **** 
 1395              		.loc 1 377 7 view .LVU395
 377:Drivers/STM32G0xx_HAL_Driver/Src/stm32g0xx_ll_usb.c **** 
 1396              		.loc 1 377 7 is_stmt 0 discriminator 1 view .LVU396
 1397 040e 184C     		ldr	r4, .L77+24
 1398 0410 2C43     		orrs	r4, r5
 1399 0412 1460     		str	r4, [r2]
 1400              	.LVL121:
 1401              	.L54:
 377:Drivers/STM32G0xx_HAL_Driver/Src/stm32g0xx_ll_usb.c **** 
 1402              		.loc 1 377 7 discriminator 1 view .LVU397
 1403              	.LBE28:
 377:Drivers/STM32G0xx_HAL_Driver/Src/stm32g0xx_ll_usb.c **** 
 1404              		.loc 1 377 7 is_stmt 1 view .LVU398
 1405              	.LBE27:
 377:Drivers/STM32G0xx_HAL_Driver/Src/stm32g0xx_ll_usb.c **** 
 1406              		.loc 1 377 7 view .LVU399
 379:Drivers/STM32G0xx_HAL_Driver/Src/stm32g0xx_ll_usb.c ****       {
 1407              		.loc 1 379 7 view .LVU400
 379:Drivers/STM32G0xx_HAL_Driver/Src/stm32g0xx_ll_usb.c ****       {
 1408              		.loc 1 379 13 is_stmt 0 view .LVU401
 1409 0414 CA78     		ldrb	r2, [r1, #3]
 379:Drivers/STM32G0xx_HAL_Driver/Src/stm32g0xx_ll_usb.c ****       {
 1410              		.loc 1 379 10 view .LVU402
 1411 0416 012A     		cmp	r2, #1
 1412 0418 14D0     		beq	.L55
 382:Drivers/STM32G0xx_HAL_Driver/Src/stm32g0xx_ll_usb.c ****       }
 1413              		.loc 1 382 9 is_stmt 1 view .LVU403
 1414              	.LBB29:
 382:Drivers/STM32G0xx_HAL_Driver/Src/stm32g0xx_ll_usb.c ****       }
 1415              		.loc 1 382 9 view .LVU404
 382:Drivers/STM32G0xx_HAL_Driver/Src/stm32g0xx_ll_usb.c ****       }
 1416              		.loc 1 382 9 view .LVU405
 1417 041a 0A78     		ldrb	r2, [r1]
 1418 041c 9200     		lsls	r2, r2, #2
 1419 041e 9A18     		adds	r2, r3, r2
 1420 0420 1468     		ldr	r4, [r2]
 1421 0422 104D     		ldr	r5, .L77+12
 1422 0424 2C40     		ands	r4, r5
 1423              	.LVL122:
 382:Drivers/STM32G0xx_HAL_Driver/Src/stm32g0xx_ll_usb.c ****       }
ARM GAS  C:\Users\Domagoj\AppData\Local\Temp\ccdbAIX0.s 			page 34


 1424              		.loc 1 382 9 view .LVU406
 382:Drivers/STM32G0xx_HAL_Driver/Src/stm32g0xx_ll_usb.c ****       }
 1425              		.loc 1 382 9 discriminator 3 view .LVU407
 382:Drivers/STM32G0xx_HAL_Driver/Src/stm32g0xx_ll_usb.c ****       }
 1426              		.loc 1 382 9 discriminator 4 view .LVU408
 1427 0426 2025     		movs	r5, #32
 1428 0428 6C40     		eors	r4, r5
 1429              	.LVL123:
 382:Drivers/STM32G0xx_HAL_Driver/Src/stm32g0xx_ll_usb.c ****       }
 1430              		.loc 1 382 9 discriminator 6 view .LVU409
 1431 042a 0D4D     		ldr	r5, .L77+8
 1432 042c 2C43     		orrs	r4, r5
 1433              	.LVL124:
 382:Drivers/STM32G0xx_HAL_Driver/Src/stm32g0xx_ll_usb.c ****       }
 1434              		.loc 1 382 9 is_stmt 0 discriminator 6 view .LVU410
 1435 042e 1460     		str	r4, [r2]
 1436              	.LBE29:
 382:Drivers/STM32G0xx_HAL_Driver/Src/stm32g0xx_ll_usb.c ****       }
 1437              		.loc 1 382 9 is_stmt 1 view .LVU411
 1438              	.LVL125:
 1439              	.L56:
 387:Drivers/STM32G0xx_HAL_Driver/Src/stm32g0xx_ll_usb.c ****       }
 1440              		.loc 1 387 9 view .LVU412
 390:Drivers/STM32G0xx_HAL_Driver/Src/stm32g0xx_ll_usb.c ****     }
 1441              		.loc 1 390 7 view .LVU413
 1442              	.LBB30:
 390:Drivers/STM32G0xx_HAL_Driver/Src/stm32g0xx_ll_usb.c ****     }
 1443              		.loc 1 390 7 view .LVU414
 390:Drivers/STM32G0xx_HAL_Driver/Src/stm32g0xx_ll_usb.c ****     }
 1444              		.loc 1 390 7 view .LVU415
 1445 0430 0A78     		ldrb	r2, [r1]
 1446 0432 9200     		lsls	r2, r2, #2
 1447 0434 9B18     		adds	r3, r3, r2
 1448              	.LVL126:
 390:Drivers/STM32G0xx_HAL_Driver/Src/stm32g0xx_ll_usb.c ****     }
 1449              		.loc 1 390 7 is_stmt 0 view .LVU416
 1450 0436 1968     		ldr	r1, [r3]
 1451              	.LVL127:
 390:Drivers/STM32G0xx_HAL_Driver/Src/stm32g0xx_ll_usb.c ****     }
 1452              		.loc 1 390 7 view .LVU417
 1453 0438 084A     		ldr	r2, .L77+4
 1454 043a 1140     		ands	r1, r2
 1455              	.LVL128:
 390:Drivers/STM32G0xx_HAL_Driver/Src/stm32g0xx_ll_usb.c ****     }
 1456              		.loc 1 390 7 is_stmt 1 view .LVU418
 390:Drivers/STM32G0xx_HAL_Driver/Src/stm32g0xx_ll_usb.c ****     }
 1457              		.loc 1 390 7 discriminator 3 view .LVU419
 390:Drivers/STM32G0xx_HAL_Driver/Src/stm32g0xx_ll_usb.c ****     }
 1458              		.loc 1 390 7 discriminator 6 view .LVU420
 1459 043c 084A     		ldr	r2, .L77+8
 1460 043e 0A43     		orrs	r2, r1
 1461 0440 1A60     		str	r2, [r3]
 1462 0442 BCE7     		b	.L28
 1463              	.LVL129:
 1464              	.L55:
 390:Drivers/STM32G0xx_HAL_Driver/Src/stm32g0xx_ll_usb.c ****     }
 1465              		.loc 1 390 7 is_stmt 0 discriminator 6 view .LVU421
ARM GAS  C:\Users\Domagoj\AppData\Local\Temp\ccdbAIX0.s 			page 35


 1466              	.LBE30:
 387:Drivers/STM32G0xx_HAL_Driver/Src/stm32g0xx_ll_usb.c ****       }
 1467              		.loc 1 387 9 is_stmt 1 view .LVU422
 1468              	.LBB31:
 387:Drivers/STM32G0xx_HAL_Driver/Src/stm32g0xx_ll_usb.c ****       }
 1469              		.loc 1 387 9 view .LVU423
 387:Drivers/STM32G0xx_HAL_Driver/Src/stm32g0xx_ll_usb.c ****       }
 1470              		.loc 1 387 9 view .LVU424
 1471 0444 0A78     		ldrb	r2, [r1]
 1472 0446 9200     		lsls	r2, r2, #2
 1473 0448 9A18     		adds	r2, r3, r2
 1474 044a 1568     		ldr	r5, [r2]
 1475 044c 054C     		ldr	r4, .L77+12
 1476 044e 2540     		ands	r5, r4
 1477              	.LVL130:
 387:Drivers/STM32G0xx_HAL_Driver/Src/stm32g0xx_ll_usb.c ****       }
 1478              		.loc 1 387 9 view .LVU425
 387:Drivers/STM32G0xx_HAL_Driver/Src/stm32g0xx_ll_usb.c ****       }
 1479              		.loc 1 387 9 discriminator 3 view .LVU426
 387:Drivers/STM32G0xx_HAL_Driver/Src/stm32g0xx_ll_usb.c ****       }
 1480              		.loc 1 387 9 discriminator 6 view .LVU427
 1481 0450 034C     		ldr	r4, .L77+8
 1482 0452 2C43     		orrs	r4, r5
 1483 0454 1460     		str	r4, [r2]
 1484 0456 EBE7     		b	.L56
 1485              	.L78:
 1486              		.align	2
 1487              	.L77:
 1488 0458 00980040 		.word	1073780736
 1489 045c 8FBFFF07 		.word	134201231
 1490 0460 80800000 		.word	32896
 1491 0464 BF8FFF07 		.word	134188991
 1492 0468 8F8FFF07 		.word	134188943
 1493 046c 80C00000 		.word	49280
 1494 0470 C0800000 		.word	32960
 1495              	.LBE31:
 1496              		.cfi_endproc
 1497              	.LFE374:
 1499              		.section	.text.USB_DeactivateEndpoint,"ax",%progbits
 1500              		.align	1
 1501              		.global	USB_DeactivateEndpoint
 1502              		.syntax unified
 1503              		.code	16
 1504              		.thumb_func
 1506              	USB_DeactivateEndpoint:
 1507              	.LVL131:
 1508              	.LFB375:
 397:Drivers/STM32G0xx_HAL_Driver/Src/stm32g0xx_ll_usb.c **** 
 398:Drivers/STM32G0xx_HAL_Driver/Src/stm32g0xx_ll_usb.c **** /**
 399:Drivers/STM32G0xx_HAL_Driver/Src/stm32g0xx_ll_usb.c ****   * @brief  De-activate and de-initialize an endpoint
 400:Drivers/STM32G0xx_HAL_Driver/Src/stm32g0xx_ll_usb.c ****   * @param  USBx Selected device
 401:Drivers/STM32G0xx_HAL_Driver/Src/stm32g0xx_ll_usb.c ****   * @param  ep pointer to endpoint structure
 402:Drivers/STM32G0xx_HAL_Driver/Src/stm32g0xx_ll_usb.c ****   * @retval HAL status
 403:Drivers/STM32G0xx_HAL_Driver/Src/stm32g0xx_ll_usb.c ****   */
 404:Drivers/STM32G0xx_HAL_Driver/Src/stm32g0xx_ll_usb.c **** HAL_StatusTypeDef USB_DeactivateEndpoint(USB_DRD_TypeDef *USBx, USB_DRD_EPTypeDef *ep)
 405:Drivers/STM32G0xx_HAL_Driver/Src/stm32g0xx_ll_usb.c **** {
 1509              		.loc 1 405 1 view -0
ARM GAS  C:\Users\Domagoj\AppData\Local\Temp\ccdbAIX0.s 			page 36


 1510              		.cfi_startproc
 1511              		@ args = 0, pretend = 0, frame = 0
 1512              		@ frame_needed = 0, uses_anonymous_args = 0
 1513              		.loc 1 405 1 is_stmt 0 view .LVU429
 1514 0000 10B5     		push	{r4, lr}
 1515              	.LCFI5:
 1516              		.cfi_def_cfa_offset 8
 1517              		.cfi_offset 4, -8
 1518              		.cfi_offset 14, -4
 406:Drivers/STM32G0xx_HAL_Driver/Src/stm32g0xx_ll_usb.c ****   if (ep->doublebuffer == 0U)
 1519              		.loc 1 406 3 is_stmt 1 view .LVU430
 1520              		.loc 1 406 9 is_stmt 0 view .LVU431
 1521 0002 0B7B     		ldrb	r3, [r1, #12]
 1522              		.loc 1 406 6 view .LVU432
 1523 0004 002B     		cmp	r3, #0
 1524 0006 2FD1     		bne	.L80
 407:Drivers/STM32G0xx_HAL_Driver/Src/stm32g0xx_ll_usb.c ****   {
 408:Drivers/STM32G0xx_HAL_Driver/Src/stm32g0xx_ll_usb.c ****     if (ep->is_in != 0U)
 1525              		.loc 1 408 5 is_stmt 1 view .LVU433
 1526              		.loc 1 408 11 is_stmt 0 view .LVU434
 1527 0008 4B78     		ldrb	r3, [r1, #1]
 1528              		.loc 1 408 8 view .LVU435
 1529 000a 002B     		cmp	r3, #0
 1530 000c 16D0     		beq	.L81
 409:Drivers/STM32G0xx_HAL_Driver/Src/stm32g0xx_ll_usb.c ****     {
 410:Drivers/STM32G0xx_HAL_Driver/Src/stm32g0xx_ll_usb.c ****       PCD_CLEAR_TX_DTOG(USBx, ep->num);
 1531              		.loc 1 410 7 is_stmt 1 view .LVU436
 1532              	.LBB32:
 1533              		.loc 1 410 7 view .LVU437
 1534              		.loc 1 410 7 view .LVU438
 1535 000e 0B78     		ldrb	r3, [r1]
 1536 0010 9B00     		lsls	r3, r3, #2
 1537 0012 C318     		adds	r3, r0, r3
 1538 0014 1A68     		ldr	r2, [r3]
 1539              	.LVL132:
 1540              		.loc 1 410 7 view .LVU439
 1541 0016 5206     		lsls	r2, r2, #25
 1542 0018 05D5     		bpl	.L82
 1543              	.LVL133:
 1544              		.loc 1 410 7 discriminator 1 view .LVU440
 1545              	.LBB33:
 1546              		.loc 1 410 7 discriminator 1 view .LVU441
 1547              		.loc 1 410 7 discriminator 1 view .LVU442
 1548 001a 1C68     		ldr	r4, [r3]
 1549 001c 474A     		ldr	r2, .L96
 1550 001e 1440     		ands	r4, r2
 1551              	.LVL134:
 1552              		.loc 1 410 7 view .LVU443
 1553              		.loc 1 410 7 is_stmt 0 discriminator 1 view .LVU444
 1554 0020 474A     		ldr	r2, .L96+4
 1555 0022 2243     		orrs	r2, r4
 1556 0024 1A60     		str	r2, [r3]
 1557              	.LVL135:
 1558              	.L82:
 1559              		.loc 1 410 7 discriminator 1 view .LVU445
 1560              	.LBE33:
 1561              		.loc 1 410 7 is_stmt 1 view .LVU446
ARM GAS  C:\Users\Domagoj\AppData\Local\Temp\ccdbAIX0.s 			page 37


 1562              	.LBE32:
 1563              		.loc 1 410 7 view .LVU447
 411:Drivers/STM32G0xx_HAL_Driver/Src/stm32g0xx_ll_usb.c **** 
 412:Drivers/STM32G0xx_HAL_Driver/Src/stm32g0xx_ll_usb.c ****       /* Configure DISABLE status for the Endpoint */
 413:Drivers/STM32G0xx_HAL_Driver/Src/stm32g0xx_ll_usb.c ****       PCD_SET_EP_TX_STATUS(USBx, ep->num, USB_EP_TX_DIS);
 1564              		.loc 1 413 7 view .LVU448
 1565              	.LBB34:
 1566              		.loc 1 413 7 view .LVU449
 1567              		.loc 1 413 7 view .LVU450
 1568 0026 0B78     		ldrb	r3, [r1]
 1569 0028 9B00     		lsls	r3, r3, #2
 1570 002a C318     		adds	r3, r0, r3
 1571 002c 1968     		ldr	r1, [r3]
 1572              	.LVL136:
 1573              		.loc 1 413 7 is_stmt 0 view .LVU451
 1574 002e 454A     		ldr	r2, .L96+8
 1575 0030 1140     		ands	r1, r2
 1576              	.LVL137:
 1577              		.loc 1 413 7 is_stmt 1 view .LVU452
 1578              		.loc 1 413 7 discriminator 3 view .LVU453
 1579              		.loc 1 413 7 discriminator 6 view .LVU454
 1580 0032 454A     		ldr	r2, .L96+12
 1581 0034 0A43     		orrs	r2, r1
 1582 0036 1A60     		str	r2, [r3]
 1583              	.LBE34:
 1584              		.loc 1 413 7 view .LVU455
 1585              	.LVL138:
 1586              	.L83:
 414:Drivers/STM32G0xx_HAL_Driver/Src/stm32g0xx_ll_usb.c ****     }
 415:Drivers/STM32G0xx_HAL_Driver/Src/stm32g0xx_ll_usb.c **** 
 416:Drivers/STM32G0xx_HAL_Driver/Src/stm32g0xx_ll_usb.c ****     else
 417:Drivers/STM32G0xx_HAL_Driver/Src/stm32g0xx_ll_usb.c ****     {
 418:Drivers/STM32G0xx_HAL_Driver/Src/stm32g0xx_ll_usb.c ****       PCD_CLEAR_RX_DTOG(USBx, ep->num);
 419:Drivers/STM32G0xx_HAL_Driver/Src/stm32g0xx_ll_usb.c **** 
 420:Drivers/STM32G0xx_HAL_Driver/Src/stm32g0xx_ll_usb.c ****       /* Configure DISABLE status for the Endpoint */
 421:Drivers/STM32G0xx_HAL_Driver/Src/stm32g0xx_ll_usb.c ****       PCD_SET_EP_RX_STATUS(USBx, ep->num, USB_EP_RX_DIS);
 422:Drivers/STM32G0xx_HAL_Driver/Src/stm32g0xx_ll_usb.c ****     }
 423:Drivers/STM32G0xx_HAL_Driver/Src/stm32g0xx_ll_usb.c ****   }
 424:Drivers/STM32G0xx_HAL_Driver/Src/stm32g0xx_ll_usb.c **** #if (USE_USB_DOUBLE_BUFFER == 1U)
 425:Drivers/STM32G0xx_HAL_Driver/Src/stm32g0xx_ll_usb.c ****   /* Double Buffer */
 426:Drivers/STM32G0xx_HAL_Driver/Src/stm32g0xx_ll_usb.c ****   else
 427:Drivers/STM32G0xx_HAL_Driver/Src/stm32g0xx_ll_usb.c ****   {
 428:Drivers/STM32G0xx_HAL_Driver/Src/stm32g0xx_ll_usb.c ****     if (ep->is_in == 0U)
 429:Drivers/STM32G0xx_HAL_Driver/Src/stm32g0xx_ll_usb.c ****     {
 430:Drivers/STM32G0xx_HAL_Driver/Src/stm32g0xx_ll_usb.c ****       /* Clear the data toggle bits for the endpoint IN/OUT*/
 431:Drivers/STM32G0xx_HAL_Driver/Src/stm32g0xx_ll_usb.c ****       PCD_CLEAR_RX_DTOG(USBx, ep->num);
 432:Drivers/STM32G0xx_HAL_Driver/Src/stm32g0xx_ll_usb.c ****       PCD_CLEAR_TX_DTOG(USBx, ep->num);
 433:Drivers/STM32G0xx_HAL_Driver/Src/stm32g0xx_ll_usb.c **** 
 434:Drivers/STM32G0xx_HAL_Driver/Src/stm32g0xx_ll_usb.c ****       /* Reset value of the data toggle bits for the endpoint out*/
 435:Drivers/STM32G0xx_HAL_Driver/Src/stm32g0xx_ll_usb.c ****       PCD_TX_DTOG(USBx, ep->num);
 436:Drivers/STM32G0xx_HAL_Driver/Src/stm32g0xx_ll_usb.c **** 
 437:Drivers/STM32G0xx_HAL_Driver/Src/stm32g0xx_ll_usb.c ****       PCD_SET_EP_RX_STATUS(USBx, ep->num, USB_EP_RX_DIS);
 438:Drivers/STM32G0xx_HAL_Driver/Src/stm32g0xx_ll_usb.c ****       PCD_SET_EP_TX_STATUS(USBx, ep->num, USB_EP_TX_DIS);
 439:Drivers/STM32G0xx_HAL_Driver/Src/stm32g0xx_ll_usb.c ****     }
 440:Drivers/STM32G0xx_HAL_Driver/Src/stm32g0xx_ll_usb.c ****     else
 441:Drivers/STM32G0xx_HAL_Driver/Src/stm32g0xx_ll_usb.c ****     {
 442:Drivers/STM32G0xx_HAL_Driver/Src/stm32g0xx_ll_usb.c ****       /* Clear the data toggle bits for the endpoint IN/OUT*/
ARM GAS  C:\Users\Domagoj\AppData\Local\Temp\ccdbAIX0.s 			page 38


 443:Drivers/STM32G0xx_HAL_Driver/Src/stm32g0xx_ll_usb.c ****       PCD_CLEAR_RX_DTOG(USBx, ep->num);
 444:Drivers/STM32G0xx_HAL_Driver/Src/stm32g0xx_ll_usb.c ****       PCD_CLEAR_TX_DTOG(USBx, ep->num);
 445:Drivers/STM32G0xx_HAL_Driver/Src/stm32g0xx_ll_usb.c ****       PCD_RX_DTOG(USBx, ep->num);
 446:Drivers/STM32G0xx_HAL_Driver/Src/stm32g0xx_ll_usb.c **** 
 447:Drivers/STM32G0xx_HAL_Driver/Src/stm32g0xx_ll_usb.c ****       /* Configure DISABLE status for the Endpoint*/
 448:Drivers/STM32G0xx_HAL_Driver/Src/stm32g0xx_ll_usb.c ****       PCD_SET_EP_TX_STATUS(USBx, ep->num, USB_EP_TX_DIS);
 449:Drivers/STM32G0xx_HAL_Driver/Src/stm32g0xx_ll_usb.c ****       PCD_SET_EP_RX_STATUS(USBx, ep->num, USB_EP_RX_DIS);
 1587              		.loc 1 449 7 view .LVU456
 450:Drivers/STM32G0xx_HAL_Driver/Src/stm32g0xx_ll_usb.c ****     }
 451:Drivers/STM32G0xx_HAL_Driver/Src/stm32g0xx_ll_usb.c ****   }
 452:Drivers/STM32G0xx_HAL_Driver/Src/stm32g0xx_ll_usb.c **** #endif /* (USE_USB_DOUBLE_BUFFER == 1U) */
 453:Drivers/STM32G0xx_HAL_Driver/Src/stm32g0xx_ll_usb.c **** 
 454:Drivers/STM32G0xx_HAL_Driver/Src/stm32g0xx_ll_usb.c ****   return HAL_OK;
 1588              		.loc 1 454 3 view .LVU457
 455:Drivers/STM32G0xx_HAL_Driver/Src/stm32g0xx_ll_usb.c **** }
 1589              		.loc 1 455 1 is_stmt 0 view .LVU458
 1590 0038 0020     		movs	r0, #0
 1591              		@ sp needed
 1592 003a 10BD     		pop	{r4, pc}
 1593              	.LVL139:
 1594              	.L81:
 418:Drivers/STM32G0xx_HAL_Driver/Src/stm32g0xx_ll_usb.c **** 
 1595              		.loc 1 418 7 is_stmt 1 view .LVU459
 1596              	.LBB35:
 418:Drivers/STM32G0xx_HAL_Driver/Src/stm32g0xx_ll_usb.c **** 
 1597              		.loc 1 418 7 view .LVU460
 418:Drivers/STM32G0xx_HAL_Driver/Src/stm32g0xx_ll_usb.c **** 
 1598              		.loc 1 418 7 view .LVU461
 1599 003c 0B78     		ldrb	r3, [r1]
 1600 003e 9B00     		lsls	r3, r3, #2
 1601 0040 C318     		adds	r3, r0, r3
 1602 0042 1A68     		ldr	r2, [r3]
 1603              	.LVL140:
 418:Drivers/STM32G0xx_HAL_Driver/Src/stm32g0xx_ll_usb.c **** 
 1604              		.loc 1 418 7 view .LVU462
 1605 0044 5204     		lsls	r2, r2, #17
 1606 0046 05D5     		bpl	.L84
 1607              	.LVL141:
 418:Drivers/STM32G0xx_HAL_Driver/Src/stm32g0xx_ll_usb.c **** 
 1608              		.loc 1 418 7 discriminator 1 view .LVU463
 1609              	.LBB36:
 418:Drivers/STM32G0xx_HAL_Driver/Src/stm32g0xx_ll_usb.c **** 
 1610              		.loc 1 418 7 discriminator 1 view .LVU464
 418:Drivers/STM32G0xx_HAL_Driver/Src/stm32g0xx_ll_usb.c **** 
 1611              		.loc 1 418 7 discriminator 1 view .LVU465
 1612 0048 1C68     		ldr	r4, [r3]
 1613 004a 3C4A     		ldr	r2, .L96
 1614 004c 1440     		ands	r4, r2
 1615              	.LVL142:
 418:Drivers/STM32G0xx_HAL_Driver/Src/stm32g0xx_ll_usb.c **** 
 1616              		.loc 1 418 7 view .LVU466
 418:Drivers/STM32G0xx_HAL_Driver/Src/stm32g0xx_ll_usb.c **** 
 1617              		.loc 1 418 7 is_stmt 0 discriminator 1 view .LVU467
 1618 004e 3F4A     		ldr	r2, .L96+16
 1619 0050 2243     		orrs	r2, r4
 1620 0052 1A60     		str	r2, [r3]
 1621              	.LVL143:
ARM GAS  C:\Users\Domagoj\AppData\Local\Temp\ccdbAIX0.s 			page 39


 1622              	.L84:
 418:Drivers/STM32G0xx_HAL_Driver/Src/stm32g0xx_ll_usb.c **** 
 1623              		.loc 1 418 7 discriminator 1 view .LVU468
 1624              	.LBE36:
 418:Drivers/STM32G0xx_HAL_Driver/Src/stm32g0xx_ll_usb.c **** 
 1625              		.loc 1 418 7 is_stmt 1 view .LVU469
 1626              	.LBE35:
 418:Drivers/STM32G0xx_HAL_Driver/Src/stm32g0xx_ll_usb.c **** 
 1627              		.loc 1 418 7 view .LVU470
 421:Drivers/STM32G0xx_HAL_Driver/Src/stm32g0xx_ll_usb.c ****     }
 1628              		.loc 1 421 7 view .LVU471
 1629              	.LBB37:
 421:Drivers/STM32G0xx_HAL_Driver/Src/stm32g0xx_ll_usb.c ****     }
 1630              		.loc 1 421 7 view .LVU472
 421:Drivers/STM32G0xx_HAL_Driver/Src/stm32g0xx_ll_usb.c ****     }
 1631              		.loc 1 421 7 view .LVU473
 1632 0054 0B78     		ldrb	r3, [r1]
 1633 0056 9B00     		lsls	r3, r3, #2
 1634 0058 C318     		adds	r3, r0, r3
 1635 005a 1968     		ldr	r1, [r3]
 1636              	.LVL144:
 421:Drivers/STM32G0xx_HAL_Driver/Src/stm32g0xx_ll_usb.c ****     }
 1637              		.loc 1 421 7 is_stmt 0 view .LVU474
 1638 005c 3C4A     		ldr	r2, .L96+20
 1639 005e 1140     		ands	r1, r2
 1640              	.LVL145:
 421:Drivers/STM32G0xx_HAL_Driver/Src/stm32g0xx_ll_usb.c ****     }
 1641              		.loc 1 421 7 is_stmt 1 view .LVU475
 421:Drivers/STM32G0xx_HAL_Driver/Src/stm32g0xx_ll_usb.c ****     }
 1642              		.loc 1 421 7 discriminator 3 view .LVU476
 421:Drivers/STM32G0xx_HAL_Driver/Src/stm32g0xx_ll_usb.c ****     }
 1643              		.loc 1 421 7 discriminator 6 view .LVU477
 1644 0060 394A     		ldr	r2, .L96+12
 1645 0062 0A43     		orrs	r2, r1
 1646 0064 1A60     		str	r2, [r3]
 1647 0066 E7E7     		b	.L83
 1648              	.LVL146:
 1649              	.L80:
 421:Drivers/STM32G0xx_HAL_Driver/Src/stm32g0xx_ll_usb.c ****     }
 1650              		.loc 1 421 7 is_stmt 0 discriminator 6 view .LVU478
 1651              	.LBE37:
 428:Drivers/STM32G0xx_HAL_Driver/Src/stm32g0xx_ll_usb.c ****     {
 1652              		.loc 1 428 5 is_stmt 1 view .LVU479
 428:Drivers/STM32G0xx_HAL_Driver/Src/stm32g0xx_ll_usb.c ****     {
 1653              		.loc 1 428 11 is_stmt 0 view .LVU480
 1654 0068 4B78     		ldrb	r3, [r1, #1]
 428:Drivers/STM32G0xx_HAL_Driver/Src/stm32g0xx_ll_usb.c ****     {
 1655              		.loc 1 428 8 view .LVU481
 1656 006a 002B     		cmp	r3, #0
 1657 006c 32D1     		bne	.L85
 431:Drivers/STM32G0xx_HAL_Driver/Src/stm32g0xx_ll_usb.c ****       PCD_CLEAR_TX_DTOG(USBx, ep->num);
 1658              		.loc 1 431 7 is_stmt 1 view .LVU482
 1659              	.LBB38:
 431:Drivers/STM32G0xx_HAL_Driver/Src/stm32g0xx_ll_usb.c ****       PCD_CLEAR_TX_DTOG(USBx, ep->num);
 1660              		.loc 1 431 7 view .LVU483
 431:Drivers/STM32G0xx_HAL_Driver/Src/stm32g0xx_ll_usb.c ****       PCD_CLEAR_TX_DTOG(USBx, ep->num);
 1661              		.loc 1 431 7 view .LVU484
ARM GAS  C:\Users\Domagoj\AppData\Local\Temp\ccdbAIX0.s 			page 40


 1662 006e 0B78     		ldrb	r3, [r1]
 1663 0070 9B00     		lsls	r3, r3, #2
 1664 0072 C318     		adds	r3, r0, r3
 1665 0074 1A68     		ldr	r2, [r3]
 1666              	.LVL147:
 431:Drivers/STM32G0xx_HAL_Driver/Src/stm32g0xx_ll_usb.c ****       PCD_CLEAR_TX_DTOG(USBx, ep->num);
 1667              		.loc 1 431 7 view .LVU485
 1668 0076 5204     		lsls	r2, r2, #17
 1669 0078 05D5     		bpl	.L86
 1670              	.LVL148:
 431:Drivers/STM32G0xx_HAL_Driver/Src/stm32g0xx_ll_usb.c ****       PCD_CLEAR_TX_DTOG(USBx, ep->num);
 1671              		.loc 1 431 7 discriminator 1 view .LVU486
 1672              	.LBB39:
 431:Drivers/STM32G0xx_HAL_Driver/Src/stm32g0xx_ll_usb.c ****       PCD_CLEAR_TX_DTOG(USBx, ep->num);
 1673              		.loc 1 431 7 discriminator 1 view .LVU487
 431:Drivers/STM32G0xx_HAL_Driver/Src/stm32g0xx_ll_usb.c ****       PCD_CLEAR_TX_DTOG(USBx, ep->num);
 1674              		.loc 1 431 7 discriminator 1 view .LVU488
 1675 007a 1C68     		ldr	r4, [r3]
 1676 007c 2F4A     		ldr	r2, .L96
 1677 007e 1440     		ands	r4, r2
 1678              	.LVL149:
 431:Drivers/STM32G0xx_HAL_Driver/Src/stm32g0xx_ll_usb.c ****       PCD_CLEAR_TX_DTOG(USBx, ep->num);
 1679              		.loc 1 431 7 view .LVU489
 431:Drivers/STM32G0xx_HAL_Driver/Src/stm32g0xx_ll_usb.c ****       PCD_CLEAR_TX_DTOG(USBx, ep->num);
 1680              		.loc 1 431 7 is_stmt 0 discriminator 1 view .LVU490
 1681 0080 324A     		ldr	r2, .L96+16
 1682 0082 2243     		orrs	r2, r4
 1683 0084 1A60     		str	r2, [r3]
 1684              	.LVL150:
 1685              	.L86:
 431:Drivers/STM32G0xx_HAL_Driver/Src/stm32g0xx_ll_usb.c ****       PCD_CLEAR_TX_DTOG(USBx, ep->num);
 1686              		.loc 1 431 7 discriminator 1 view .LVU491
 1687              	.LBE39:
 431:Drivers/STM32G0xx_HAL_Driver/Src/stm32g0xx_ll_usb.c ****       PCD_CLEAR_TX_DTOG(USBx, ep->num);
 1688              		.loc 1 431 7 is_stmt 1 view .LVU492
 1689              	.LBE38:
 431:Drivers/STM32G0xx_HAL_Driver/Src/stm32g0xx_ll_usb.c ****       PCD_CLEAR_TX_DTOG(USBx, ep->num);
 1690              		.loc 1 431 7 view .LVU493
 432:Drivers/STM32G0xx_HAL_Driver/Src/stm32g0xx_ll_usb.c **** 
 1691              		.loc 1 432 7 view .LVU494
 1692              	.LBB40:
 432:Drivers/STM32G0xx_HAL_Driver/Src/stm32g0xx_ll_usb.c **** 
 1693              		.loc 1 432 7 view .LVU495
 432:Drivers/STM32G0xx_HAL_Driver/Src/stm32g0xx_ll_usb.c **** 
 1694              		.loc 1 432 7 view .LVU496
 1695 0086 0B78     		ldrb	r3, [r1]
 1696 0088 9B00     		lsls	r3, r3, #2
 1697 008a C318     		adds	r3, r0, r3
 1698 008c 1A68     		ldr	r2, [r3]
 1699              	.LVL151:
 432:Drivers/STM32G0xx_HAL_Driver/Src/stm32g0xx_ll_usb.c **** 
 1700              		.loc 1 432 7 view .LVU497
 1701 008e 5206     		lsls	r2, r2, #25
 1702 0090 05D5     		bpl	.L87
 1703              	.LVL152:
 432:Drivers/STM32G0xx_HAL_Driver/Src/stm32g0xx_ll_usb.c **** 
 1704              		.loc 1 432 7 discriminator 1 view .LVU498
ARM GAS  C:\Users\Domagoj\AppData\Local\Temp\ccdbAIX0.s 			page 41


 1705              	.LBB41:
 432:Drivers/STM32G0xx_HAL_Driver/Src/stm32g0xx_ll_usb.c **** 
 1706              		.loc 1 432 7 discriminator 1 view .LVU499
 432:Drivers/STM32G0xx_HAL_Driver/Src/stm32g0xx_ll_usb.c **** 
 1707              		.loc 1 432 7 discriminator 1 view .LVU500
 1708 0092 1C68     		ldr	r4, [r3]
 1709 0094 294A     		ldr	r2, .L96
 1710 0096 1440     		ands	r4, r2
 1711              	.LVL153:
 432:Drivers/STM32G0xx_HAL_Driver/Src/stm32g0xx_ll_usb.c **** 
 1712              		.loc 1 432 7 view .LVU501
 432:Drivers/STM32G0xx_HAL_Driver/Src/stm32g0xx_ll_usb.c **** 
 1713              		.loc 1 432 7 is_stmt 0 discriminator 1 view .LVU502
 1714 0098 294A     		ldr	r2, .L96+4
 1715 009a 2243     		orrs	r2, r4
 1716 009c 1A60     		str	r2, [r3]
 1717              	.LVL154:
 1718              	.L87:
 432:Drivers/STM32G0xx_HAL_Driver/Src/stm32g0xx_ll_usb.c **** 
 1719              		.loc 1 432 7 discriminator 1 view .LVU503
 1720              	.LBE41:
 432:Drivers/STM32G0xx_HAL_Driver/Src/stm32g0xx_ll_usb.c **** 
 1721              		.loc 1 432 7 is_stmt 1 view .LVU504
 1722              	.LBE40:
 432:Drivers/STM32G0xx_HAL_Driver/Src/stm32g0xx_ll_usb.c **** 
 1723              		.loc 1 432 7 view .LVU505
 435:Drivers/STM32G0xx_HAL_Driver/Src/stm32g0xx_ll_usb.c **** 
 1724              		.loc 1 435 7 view .LVU506
 1725              	.LBB42:
 435:Drivers/STM32G0xx_HAL_Driver/Src/stm32g0xx_ll_usb.c **** 
 1726              		.loc 1 435 7 view .LVU507
 435:Drivers/STM32G0xx_HAL_Driver/Src/stm32g0xx_ll_usb.c **** 
 1727              		.loc 1 435 7 view .LVU508
 1728 009e 0B78     		ldrb	r3, [r1]
 1729 00a0 9B00     		lsls	r3, r3, #2
 1730 00a2 C318     		adds	r3, r0, r3
 1731 00a4 1C68     		ldr	r4, [r3]
 1732 00a6 254A     		ldr	r2, .L96
 1733 00a8 1440     		ands	r4, r2
 1734              	.LVL155:
 435:Drivers/STM32G0xx_HAL_Driver/Src/stm32g0xx_ll_usb.c **** 
 1735              		.loc 1 435 7 view .LVU509
 1736 00aa 254A     		ldr	r2, .L96+4
 1737 00ac 2243     		orrs	r2, r4
 1738 00ae 1A60     		str	r2, [r3]
 1739              	.LBE42:
 435:Drivers/STM32G0xx_HAL_Driver/Src/stm32g0xx_ll_usb.c **** 
 1740              		.loc 1 435 7 view .LVU510
 437:Drivers/STM32G0xx_HAL_Driver/Src/stm32g0xx_ll_usb.c ****       PCD_SET_EP_TX_STATUS(USBx, ep->num, USB_EP_TX_DIS);
 1741              		.loc 1 437 7 view .LVU511
 1742              	.LBB43:
 437:Drivers/STM32G0xx_HAL_Driver/Src/stm32g0xx_ll_usb.c ****       PCD_SET_EP_TX_STATUS(USBx, ep->num, USB_EP_TX_DIS);
 1743              		.loc 1 437 7 view .LVU512
 437:Drivers/STM32G0xx_HAL_Driver/Src/stm32g0xx_ll_usb.c ****       PCD_SET_EP_TX_STATUS(USBx, ep->num, USB_EP_TX_DIS);
 1744              		.loc 1 437 7 view .LVU513
 1745 00b0 0B78     		ldrb	r3, [r1]
 1746 00b2 9B00     		lsls	r3, r3, #2
ARM GAS  C:\Users\Domagoj\AppData\Local\Temp\ccdbAIX0.s 			page 42


 1747 00b4 C318     		adds	r3, r0, r3
 1748 00b6 1A68     		ldr	r2, [r3]
 1749 00b8 254C     		ldr	r4, .L96+20
 1750              	.LVL156:
 437:Drivers/STM32G0xx_HAL_Driver/Src/stm32g0xx_ll_usb.c ****       PCD_SET_EP_TX_STATUS(USBx, ep->num, USB_EP_TX_DIS);
 1751              		.loc 1 437 7 is_stmt 0 view .LVU514
 1752 00ba 2240     		ands	r2, r4
 1753              	.LVL157:
 437:Drivers/STM32G0xx_HAL_Driver/Src/stm32g0xx_ll_usb.c ****       PCD_SET_EP_TX_STATUS(USBx, ep->num, USB_EP_TX_DIS);
 1754              		.loc 1 437 7 is_stmt 1 view .LVU515
 437:Drivers/STM32G0xx_HAL_Driver/Src/stm32g0xx_ll_usb.c ****       PCD_SET_EP_TX_STATUS(USBx, ep->num, USB_EP_TX_DIS);
 1755              		.loc 1 437 7 discriminator 3 view .LVU516
 437:Drivers/STM32G0xx_HAL_Driver/Src/stm32g0xx_ll_usb.c ****       PCD_SET_EP_TX_STATUS(USBx, ep->num, USB_EP_TX_DIS);
 1756              		.loc 1 437 7 discriminator 6 view .LVU517
 1757 00bc 224C     		ldr	r4, .L96+12
 1758 00be 2243     		orrs	r2, r4
 1759              	.LVL158:
 437:Drivers/STM32G0xx_HAL_Driver/Src/stm32g0xx_ll_usb.c ****       PCD_SET_EP_TX_STATUS(USBx, ep->num, USB_EP_TX_DIS);
 1760              		.loc 1 437 7 is_stmt 0 discriminator 6 view .LVU518
 1761 00c0 1A60     		str	r2, [r3]
 1762              	.LBE43:
 437:Drivers/STM32G0xx_HAL_Driver/Src/stm32g0xx_ll_usb.c ****       PCD_SET_EP_TX_STATUS(USBx, ep->num, USB_EP_TX_DIS);
 1763              		.loc 1 437 7 is_stmt 1 view .LVU519
 438:Drivers/STM32G0xx_HAL_Driver/Src/stm32g0xx_ll_usb.c ****     }
 1764              		.loc 1 438 7 view .LVU520
 1765              	.LBB44:
 438:Drivers/STM32G0xx_HAL_Driver/Src/stm32g0xx_ll_usb.c ****     }
 1766              		.loc 1 438 7 view .LVU521
 438:Drivers/STM32G0xx_HAL_Driver/Src/stm32g0xx_ll_usb.c ****     }
 1767              		.loc 1 438 7 view .LVU522
 1768 00c2 0B78     		ldrb	r3, [r1]
 1769 00c4 9B00     		lsls	r3, r3, #2
 1770 00c6 C318     		adds	r3, r0, r3
 1771 00c8 1A68     		ldr	r2, [r3]
 1772 00ca 1E49     		ldr	r1, .L96+8
 1773              	.LVL159:
 438:Drivers/STM32G0xx_HAL_Driver/Src/stm32g0xx_ll_usb.c ****     }
 1774              		.loc 1 438 7 is_stmt 0 view .LVU523
 1775 00cc 0A40     		ands	r2, r1
 1776              	.LVL160:
 438:Drivers/STM32G0xx_HAL_Driver/Src/stm32g0xx_ll_usb.c ****     }
 1777              		.loc 1 438 7 is_stmt 1 view .LVU524
 438:Drivers/STM32G0xx_HAL_Driver/Src/stm32g0xx_ll_usb.c ****     }
 1778              		.loc 1 438 7 discriminator 3 view .LVU525
 438:Drivers/STM32G0xx_HAL_Driver/Src/stm32g0xx_ll_usb.c ****     }
 1779              		.loc 1 438 7 discriminator 6 view .LVU526
 1780 00ce 1443     		orrs	r4, r2
 1781 00d0 1C60     		str	r4, [r3]
 1782              	.LBE44:
 438:Drivers/STM32G0xx_HAL_Driver/Src/stm32g0xx_ll_usb.c ****     }
 1783              		.loc 1 438 7 view .LVU527
 1784 00d2 B1E7     		b	.L83
 1785              	.LVL161:
 1786              	.L85:
 443:Drivers/STM32G0xx_HAL_Driver/Src/stm32g0xx_ll_usb.c ****       PCD_CLEAR_TX_DTOG(USBx, ep->num);
 1787              		.loc 1 443 7 view .LVU528
 1788              	.LBB45:
ARM GAS  C:\Users\Domagoj\AppData\Local\Temp\ccdbAIX0.s 			page 43


 443:Drivers/STM32G0xx_HAL_Driver/Src/stm32g0xx_ll_usb.c ****       PCD_CLEAR_TX_DTOG(USBx, ep->num);
 1789              		.loc 1 443 7 view .LVU529
 443:Drivers/STM32G0xx_HAL_Driver/Src/stm32g0xx_ll_usb.c ****       PCD_CLEAR_TX_DTOG(USBx, ep->num);
 1790              		.loc 1 443 7 view .LVU530
 1791 00d4 0B78     		ldrb	r3, [r1]
 1792 00d6 9B00     		lsls	r3, r3, #2
 1793 00d8 C318     		adds	r3, r0, r3
 1794 00da 1A68     		ldr	r2, [r3]
 1795              	.LVL162:
 443:Drivers/STM32G0xx_HAL_Driver/Src/stm32g0xx_ll_usb.c ****       PCD_CLEAR_TX_DTOG(USBx, ep->num);
 1796              		.loc 1 443 7 view .LVU531
 1797 00dc 5204     		lsls	r2, r2, #17
 1798 00de 05D5     		bpl	.L88
 1799              	.LVL163:
 443:Drivers/STM32G0xx_HAL_Driver/Src/stm32g0xx_ll_usb.c ****       PCD_CLEAR_TX_DTOG(USBx, ep->num);
 1800              		.loc 1 443 7 discriminator 1 view .LVU532
 1801              	.LBB46:
 443:Drivers/STM32G0xx_HAL_Driver/Src/stm32g0xx_ll_usb.c ****       PCD_CLEAR_TX_DTOG(USBx, ep->num);
 1802              		.loc 1 443 7 discriminator 1 view .LVU533
 443:Drivers/STM32G0xx_HAL_Driver/Src/stm32g0xx_ll_usb.c ****       PCD_CLEAR_TX_DTOG(USBx, ep->num);
 1803              		.loc 1 443 7 discriminator 1 view .LVU534
 1804 00e0 1C68     		ldr	r4, [r3]
 1805 00e2 164A     		ldr	r2, .L96
 1806 00e4 1440     		ands	r4, r2
 1807              	.LVL164:
 443:Drivers/STM32G0xx_HAL_Driver/Src/stm32g0xx_ll_usb.c ****       PCD_CLEAR_TX_DTOG(USBx, ep->num);
 1808              		.loc 1 443 7 view .LVU535
 443:Drivers/STM32G0xx_HAL_Driver/Src/stm32g0xx_ll_usb.c ****       PCD_CLEAR_TX_DTOG(USBx, ep->num);
 1809              		.loc 1 443 7 is_stmt 0 discriminator 1 view .LVU536
 1810 00e6 194A     		ldr	r2, .L96+16
 1811 00e8 2243     		orrs	r2, r4
 1812 00ea 1A60     		str	r2, [r3]
 1813              	.LVL165:
 1814              	.L88:
 443:Drivers/STM32G0xx_HAL_Driver/Src/stm32g0xx_ll_usb.c ****       PCD_CLEAR_TX_DTOG(USBx, ep->num);
 1815              		.loc 1 443 7 discriminator 1 view .LVU537
 1816              	.LBE46:
 443:Drivers/STM32G0xx_HAL_Driver/Src/stm32g0xx_ll_usb.c ****       PCD_CLEAR_TX_DTOG(USBx, ep->num);
 1817              		.loc 1 443 7 is_stmt 1 view .LVU538
 1818              	.LBE45:
 443:Drivers/STM32G0xx_HAL_Driver/Src/stm32g0xx_ll_usb.c ****       PCD_CLEAR_TX_DTOG(USBx, ep->num);
 1819              		.loc 1 443 7 view .LVU539
 444:Drivers/STM32G0xx_HAL_Driver/Src/stm32g0xx_ll_usb.c ****       PCD_RX_DTOG(USBx, ep->num);
 1820              		.loc 1 444 7 view .LVU540
 1821              	.LBB47:
 444:Drivers/STM32G0xx_HAL_Driver/Src/stm32g0xx_ll_usb.c ****       PCD_RX_DTOG(USBx, ep->num);
 1822              		.loc 1 444 7 view .LVU541
 444:Drivers/STM32G0xx_HAL_Driver/Src/stm32g0xx_ll_usb.c ****       PCD_RX_DTOG(USBx, ep->num);
 1823              		.loc 1 444 7 view .LVU542
 1824 00ec 0B78     		ldrb	r3, [r1]
 1825 00ee 9B00     		lsls	r3, r3, #2
 1826 00f0 C318     		adds	r3, r0, r3
 1827 00f2 1A68     		ldr	r2, [r3]
 1828              	.LVL166:
 444:Drivers/STM32G0xx_HAL_Driver/Src/stm32g0xx_ll_usb.c ****       PCD_RX_DTOG(USBx, ep->num);
 1829              		.loc 1 444 7 view .LVU543
 1830 00f4 5206     		lsls	r2, r2, #25
ARM GAS  C:\Users\Domagoj\AppData\Local\Temp\ccdbAIX0.s 			page 44


 1831 00f6 05D5     		bpl	.L89
 1832              	.LVL167:
 444:Drivers/STM32G0xx_HAL_Driver/Src/stm32g0xx_ll_usb.c ****       PCD_RX_DTOG(USBx, ep->num);
 1833              		.loc 1 444 7 discriminator 1 view .LVU544
 1834              	.LBB48:
 444:Drivers/STM32G0xx_HAL_Driver/Src/stm32g0xx_ll_usb.c ****       PCD_RX_DTOG(USBx, ep->num);
 1835              		.loc 1 444 7 discriminator 1 view .LVU545
 444:Drivers/STM32G0xx_HAL_Driver/Src/stm32g0xx_ll_usb.c ****       PCD_RX_DTOG(USBx, ep->num);
 1836              		.loc 1 444 7 discriminator 1 view .LVU546
 1837 00f8 1C68     		ldr	r4, [r3]
 1838 00fa 104A     		ldr	r2, .L96
 1839 00fc 1440     		ands	r4, r2
 1840              	.LVL168:
 444:Drivers/STM32G0xx_HAL_Driver/Src/stm32g0xx_ll_usb.c ****       PCD_RX_DTOG(USBx, ep->num);
 1841              		.loc 1 444 7 view .LVU547
 444:Drivers/STM32G0xx_HAL_Driver/Src/stm32g0xx_ll_usb.c ****       PCD_RX_DTOG(USBx, ep->num);
 1842              		.loc 1 444 7 is_stmt 0 discriminator 1 view .LVU548
 1843 00fe 104A     		ldr	r2, .L96+4
 1844 0100 2243     		orrs	r2, r4
 1845 0102 1A60     		str	r2, [r3]
 1846              	.LVL169:
 1847              	.L89:
 444:Drivers/STM32G0xx_HAL_Driver/Src/stm32g0xx_ll_usb.c ****       PCD_RX_DTOG(USBx, ep->num);
 1848              		.loc 1 444 7 discriminator 1 view .LVU549
 1849              	.LBE48:
 444:Drivers/STM32G0xx_HAL_Driver/Src/stm32g0xx_ll_usb.c ****       PCD_RX_DTOG(USBx, ep->num);
 1850              		.loc 1 444 7 is_stmt 1 view .LVU550
 1851              	.LBE47:
 444:Drivers/STM32G0xx_HAL_Driver/Src/stm32g0xx_ll_usb.c ****       PCD_RX_DTOG(USBx, ep->num);
 1852              		.loc 1 444 7 view .LVU551
 445:Drivers/STM32G0xx_HAL_Driver/Src/stm32g0xx_ll_usb.c **** 
 1853              		.loc 1 445 7 view .LVU552
 1854              	.LBB49:
 445:Drivers/STM32G0xx_HAL_Driver/Src/stm32g0xx_ll_usb.c **** 
 1855              		.loc 1 445 7 view .LVU553
 445:Drivers/STM32G0xx_HAL_Driver/Src/stm32g0xx_ll_usb.c **** 
 1856              		.loc 1 445 7 view .LVU554
 1857 0104 0B78     		ldrb	r3, [r1]
 1858 0106 9B00     		lsls	r3, r3, #2
 1859 0108 C318     		adds	r3, r0, r3
 1860 010a 1C68     		ldr	r4, [r3]
 1861 010c 0B4A     		ldr	r2, .L96
 1862 010e 1440     		ands	r4, r2
 1863              	.LVL170:
 445:Drivers/STM32G0xx_HAL_Driver/Src/stm32g0xx_ll_usb.c **** 
 1864              		.loc 1 445 7 view .LVU555
 1865 0110 0E4A     		ldr	r2, .L96+16
 1866 0112 2243     		orrs	r2, r4
 1867 0114 1A60     		str	r2, [r3]
 1868              	.LBE49:
 445:Drivers/STM32G0xx_HAL_Driver/Src/stm32g0xx_ll_usb.c **** 
 1869              		.loc 1 445 7 view .LVU556
 448:Drivers/STM32G0xx_HAL_Driver/Src/stm32g0xx_ll_usb.c ****       PCD_SET_EP_RX_STATUS(USBx, ep->num, USB_EP_RX_DIS);
 1870              		.loc 1 448 7 view .LVU557
 1871              	.LBB50:
 448:Drivers/STM32G0xx_HAL_Driver/Src/stm32g0xx_ll_usb.c ****       PCD_SET_EP_RX_STATUS(USBx, ep->num, USB_EP_RX_DIS);
 1872              		.loc 1 448 7 view .LVU558
ARM GAS  C:\Users\Domagoj\AppData\Local\Temp\ccdbAIX0.s 			page 45


 448:Drivers/STM32G0xx_HAL_Driver/Src/stm32g0xx_ll_usb.c ****       PCD_SET_EP_RX_STATUS(USBx, ep->num, USB_EP_RX_DIS);
 1873              		.loc 1 448 7 view .LVU559
 1874 0116 0B78     		ldrb	r3, [r1]
 1875 0118 9B00     		lsls	r3, r3, #2
 1876 011a C318     		adds	r3, r0, r3
 1877 011c 1A68     		ldr	r2, [r3]
 1878 011e 094C     		ldr	r4, .L96+8
 1879              	.LVL171:
 448:Drivers/STM32G0xx_HAL_Driver/Src/stm32g0xx_ll_usb.c ****       PCD_SET_EP_RX_STATUS(USBx, ep->num, USB_EP_RX_DIS);
 1880              		.loc 1 448 7 is_stmt 0 view .LVU560
 1881 0120 2240     		ands	r2, r4
 1882              	.LVL172:
 448:Drivers/STM32G0xx_HAL_Driver/Src/stm32g0xx_ll_usb.c ****       PCD_SET_EP_RX_STATUS(USBx, ep->num, USB_EP_RX_DIS);
 1883              		.loc 1 448 7 is_stmt 1 view .LVU561
 448:Drivers/STM32G0xx_HAL_Driver/Src/stm32g0xx_ll_usb.c ****       PCD_SET_EP_RX_STATUS(USBx, ep->num, USB_EP_RX_DIS);
 1884              		.loc 1 448 7 discriminator 3 view .LVU562
 448:Drivers/STM32G0xx_HAL_Driver/Src/stm32g0xx_ll_usb.c ****       PCD_SET_EP_RX_STATUS(USBx, ep->num, USB_EP_RX_DIS);
 1885              		.loc 1 448 7 discriminator 6 view .LVU563
 1886 0122 094C     		ldr	r4, .L96+12
 1887 0124 2243     		orrs	r2, r4
 1888              	.LVL173:
 448:Drivers/STM32G0xx_HAL_Driver/Src/stm32g0xx_ll_usb.c ****       PCD_SET_EP_RX_STATUS(USBx, ep->num, USB_EP_RX_DIS);
 1889              		.loc 1 448 7 is_stmt 0 discriminator 6 view .LVU564
 1890 0126 1A60     		str	r2, [r3]
 1891              	.LBE50:
 448:Drivers/STM32G0xx_HAL_Driver/Src/stm32g0xx_ll_usb.c ****       PCD_SET_EP_RX_STATUS(USBx, ep->num, USB_EP_RX_DIS);
 1892              		.loc 1 448 7 is_stmt 1 view .LVU565
 449:Drivers/STM32G0xx_HAL_Driver/Src/stm32g0xx_ll_usb.c ****     }
 1893              		.loc 1 449 7 view .LVU566
 1894              	.LBB51:
 449:Drivers/STM32G0xx_HAL_Driver/Src/stm32g0xx_ll_usb.c ****     }
 1895              		.loc 1 449 7 view .LVU567
 449:Drivers/STM32G0xx_HAL_Driver/Src/stm32g0xx_ll_usb.c ****     }
 1896              		.loc 1 449 7 view .LVU568
 1897 0128 0B78     		ldrb	r3, [r1]
 1898 012a 9B00     		lsls	r3, r3, #2
 1899 012c C018     		adds	r0, r0, r3
 1900              	.LVL174:
 449:Drivers/STM32G0xx_HAL_Driver/Src/stm32g0xx_ll_usb.c ****     }
 1901              		.loc 1 449 7 is_stmt 0 view .LVU569
 1902 012e 0368     		ldr	r3, [r0]
 1903 0130 074A     		ldr	r2, .L96+20
 1904 0132 1340     		ands	r3, r2
 1905              	.LVL175:
 449:Drivers/STM32G0xx_HAL_Driver/Src/stm32g0xx_ll_usb.c ****     }
 1906              		.loc 1 449 7 is_stmt 1 view .LVU570
 449:Drivers/STM32G0xx_HAL_Driver/Src/stm32g0xx_ll_usb.c ****     }
 1907              		.loc 1 449 7 discriminator 3 view .LVU571
 449:Drivers/STM32G0xx_HAL_Driver/Src/stm32g0xx_ll_usb.c ****     }
 1908              		.loc 1 449 7 discriminator 6 view .LVU572
 1909 0134 1C43     		orrs	r4, r3
 1910 0136 0460     		str	r4, [r0]
 1911 0138 7EE7     		b	.L83
 1912              	.L97:
 1913 013a C046     		.align	2
 1914              	.L96:
 1915 013c 8F8FFF07 		.word	134188943
ARM GAS  C:\Users\Domagoj\AppData\Local\Temp\ccdbAIX0.s 			page 46


 1916 0140 C0800000 		.word	32960
 1917 0144 BF8FFF07 		.word	134188991
 1918 0148 80800000 		.word	32896
 1919 014c 80C00000 		.word	49280
 1920 0150 8FBFFF07 		.word	134201231
 1921              	.LBE51:
 1922              		.cfi_endproc
 1923              	.LFE375:
 1925              		.section	.text.USB_EPSetStall,"ax",%progbits
 1926              		.align	1
 1927              		.global	USB_EPSetStall
 1928              		.syntax unified
 1929              		.code	16
 1930              		.thumb_func
 1932              	USB_EPSetStall:
 1933              	.LVL176:
 1934              	.LFB377:
 456:Drivers/STM32G0xx_HAL_Driver/Src/stm32g0xx_ll_usb.c **** 
 457:Drivers/STM32G0xx_HAL_Driver/Src/stm32g0xx_ll_usb.c **** /**
 458:Drivers/STM32G0xx_HAL_Driver/Src/stm32g0xx_ll_usb.c ****   * @brief  USB_EPStartXfer setup and starts a transfer over an EP
 459:Drivers/STM32G0xx_HAL_Driver/Src/stm32g0xx_ll_usb.c ****   * @param  USBx Selected device
 460:Drivers/STM32G0xx_HAL_Driver/Src/stm32g0xx_ll_usb.c ****   * @param  ep pointer to endpoint structure
 461:Drivers/STM32G0xx_HAL_Driver/Src/stm32g0xx_ll_usb.c ****   * @retval HAL status
 462:Drivers/STM32G0xx_HAL_Driver/Src/stm32g0xx_ll_usb.c ****   */
 463:Drivers/STM32G0xx_HAL_Driver/Src/stm32g0xx_ll_usb.c **** HAL_StatusTypeDef USB_EPStartXfer(USB_DRD_TypeDef *USBx, USB_DRD_EPTypeDef *ep)
 464:Drivers/STM32G0xx_HAL_Driver/Src/stm32g0xx_ll_usb.c **** {
 465:Drivers/STM32G0xx_HAL_Driver/Src/stm32g0xx_ll_usb.c ****   uint32_t len;
 466:Drivers/STM32G0xx_HAL_Driver/Src/stm32g0xx_ll_usb.c **** #if (USE_USB_DOUBLE_BUFFER == 1U)
 467:Drivers/STM32G0xx_HAL_Driver/Src/stm32g0xx_ll_usb.c ****   uint16_t pmabuffer;
 468:Drivers/STM32G0xx_HAL_Driver/Src/stm32g0xx_ll_usb.c ****   uint16_t wEPVal;
 469:Drivers/STM32G0xx_HAL_Driver/Src/stm32g0xx_ll_usb.c **** #endif /* (USE_USB_DOUBLE_BUFFER == 1U) */
 470:Drivers/STM32G0xx_HAL_Driver/Src/stm32g0xx_ll_usb.c **** 
 471:Drivers/STM32G0xx_HAL_Driver/Src/stm32g0xx_ll_usb.c ****   /* IN endpoint */
 472:Drivers/STM32G0xx_HAL_Driver/Src/stm32g0xx_ll_usb.c ****   if (ep->is_in == 1U)
 473:Drivers/STM32G0xx_HAL_Driver/Src/stm32g0xx_ll_usb.c ****   {
 474:Drivers/STM32G0xx_HAL_Driver/Src/stm32g0xx_ll_usb.c ****     /* Multi packet transfer */
 475:Drivers/STM32G0xx_HAL_Driver/Src/stm32g0xx_ll_usb.c ****     if (ep->xfer_len > ep->maxpacket)
 476:Drivers/STM32G0xx_HAL_Driver/Src/stm32g0xx_ll_usb.c ****     {
 477:Drivers/STM32G0xx_HAL_Driver/Src/stm32g0xx_ll_usb.c ****       len = ep->maxpacket;
 478:Drivers/STM32G0xx_HAL_Driver/Src/stm32g0xx_ll_usb.c ****     }
 479:Drivers/STM32G0xx_HAL_Driver/Src/stm32g0xx_ll_usb.c ****     else
 480:Drivers/STM32G0xx_HAL_Driver/Src/stm32g0xx_ll_usb.c ****     {
 481:Drivers/STM32G0xx_HAL_Driver/Src/stm32g0xx_ll_usb.c ****       len = ep->xfer_len;
 482:Drivers/STM32G0xx_HAL_Driver/Src/stm32g0xx_ll_usb.c ****     }
 483:Drivers/STM32G0xx_HAL_Driver/Src/stm32g0xx_ll_usb.c **** 
 484:Drivers/STM32G0xx_HAL_Driver/Src/stm32g0xx_ll_usb.c ****     /* configure and validate Tx endpoint */
 485:Drivers/STM32G0xx_HAL_Driver/Src/stm32g0xx_ll_usb.c ****     if (ep->doublebuffer == 0U)
 486:Drivers/STM32G0xx_HAL_Driver/Src/stm32g0xx_ll_usb.c ****     {
 487:Drivers/STM32G0xx_HAL_Driver/Src/stm32g0xx_ll_usb.c ****       USB_WritePMA(USBx, ep->xfer_buff, ep->pmaadress, (uint16_t)len);
 488:Drivers/STM32G0xx_HAL_Driver/Src/stm32g0xx_ll_usb.c ****       PCD_SET_EP_TX_CNT(USBx, ep->num, len);
 489:Drivers/STM32G0xx_HAL_Driver/Src/stm32g0xx_ll_usb.c ****     }
 490:Drivers/STM32G0xx_HAL_Driver/Src/stm32g0xx_ll_usb.c **** #if (USE_USB_DOUBLE_BUFFER == 1U)
 491:Drivers/STM32G0xx_HAL_Driver/Src/stm32g0xx_ll_usb.c ****     else
 492:Drivers/STM32G0xx_HAL_Driver/Src/stm32g0xx_ll_usb.c ****     {
 493:Drivers/STM32G0xx_HAL_Driver/Src/stm32g0xx_ll_usb.c ****       /* double buffer bulk management */
 494:Drivers/STM32G0xx_HAL_Driver/Src/stm32g0xx_ll_usb.c ****       if (ep->type == EP_TYPE_BULK)
 495:Drivers/STM32G0xx_HAL_Driver/Src/stm32g0xx_ll_usb.c ****       {
ARM GAS  C:\Users\Domagoj\AppData\Local\Temp\ccdbAIX0.s 			page 47


 496:Drivers/STM32G0xx_HAL_Driver/Src/stm32g0xx_ll_usb.c ****         if (ep->xfer_len_db > ep->maxpacket)
 497:Drivers/STM32G0xx_HAL_Driver/Src/stm32g0xx_ll_usb.c ****         {
 498:Drivers/STM32G0xx_HAL_Driver/Src/stm32g0xx_ll_usb.c ****           /* enable double buffer */
 499:Drivers/STM32G0xx_HAL_Driver/Src/stm32g0xx_ll_usb.c ****           PCD_SET_BULK_EP_DBUF(USBx, ep->num);
 500:Drivers/STM32G0xx_HAL_Driver/Src/stm32g0xx_ll_usb.c **** 
 501:Drivers/STM32G0xx_HAL_Driver/Src/stm32g0xx_ll_usb.c ****           /* each Time to write in PMA xfer_len_db will */
 502:Drivers/STM32G0xx_HAL_Driver/Src/stm32g0xx_ll_usb.c ****           ep->xfer_len_db -= len;
 503:Drivers/STM32G0xx_HAL_Driver/Src/stm32g0xx_ll_usb.c **** 
 504:Drivers/STM32G0xx_HAL_Driver/Src/stm32g0xx_ll_usb.c ****           /* Fill the two first buffer in the Buffer0 & Buffer1 */
 505:Drivers/STM32G0xx_HAL_Driver/Src/stm32g0xx_ll_usb.c ****           if ((PCD_GET_ENDPOINT(USBx, ep->num) & USB_EP_DTOG_TX) != 0U)
 506:Drivers/STM32G0xx_HAL_Driver/Src/stm32g0xx_ll_usb.c ****           {
 507:Drivers/STM32G0xx_HAL_Driver/Src/stm32g0xx_ll_usb.c ****             /* Set the Double buffer counter for pmabuffer1 */
 508:Drivers/STM32G0xx_HAL_Driver/Src/stm32g0xx_ll_usb.c ****             PCD_SET_EP_DBUF1_CNT(USBx, ep->num, ep->is_in, len);
 509:Drivers/STM32G0xx_HAL_Driver/Src/stm32g0xx_ll_usb.c ****             pmabuffer = ep->pmaaddr1;
 510:Drivers/STM32G0xx_HAL_Driver/Src/stm32g0xx_ll_usb.c **** 
 511:Drivers/STM32G0xx_HAL_Driver/Src/stm32g0xx_ll_usb.c ****             /* Write the user buffer to USB PMA */
 512:Drivers/STM32G0xx_HAL_Driver/Src/stm32g0xx_ll_usb.c ****             USB_WritePMA(USBx, ep->xfer_buff, pmabuffer, (uint16_t)len);
 513:Drivers/STM32G0xx_HAL_Driver/Src/stm32g0xx_ll_usb.c ****             ep->xfer_buff += len;
 514:Drivers/STM32G0xx_HAL_Driver/Src/stm32g0xx_ll_usb.c **** 
 515:Drivers/STM32G0xx_HAL_Driver/Src/stm32g0xx_ll_usb.c ****             if (ep->xfer_len_db > ep->maxpacket)
 516:Drivers/STM32G0xx_HAL_Driver/Src/stm32g0xx_ll_usb.c ****             {
 517:Drivers/STM32G0xx_HAL_Driver/Src/stm32g0xx_ll_usb.c ****               ep->xfer_len_db -= len;
 518:Drivers/STM32G0xx_HAL_Driver/Src/stm32g0xx_ll_usb.c ****             }
 519:Drivers/STM32G0xx_HAL_Driver/Src/stm32g0xx_ll_usb.c ****             else
 520:Drivers/STM32G0xx_HAL_Driver/Src/stm32g0xx_ll_usb.c ****             {
 521:Drivers/STM32G0xx_HAL_Driver/Src/stm32g0xx_ll_usb.c ****               len = ep->xfer_len_db;
 522:Drivers/STM32G0xx_HAL_Driver/Src/stm32g0xx_ll_usb.c ****               ep->xfer_len_db = 0U;
 523:Drivers/STM32G0xx_HAL_Driver/Src/stm32g0xx_ll_usb.c ****             }
 524:Drivers/STM32G0xx_HAL_Driver/Src/stm32g0xx_ll_usb.c **** 
 525:Drivers/STM32G0xx_HAL_Driver/Src/stm32g0xx_ll_usb.c ****             /* Set the Double buffer counter for pmabuffer0 */
 526:Drivers/STM32G0xx_HAL_Driver/Src/stm32g0xx_ll_usb.c ****             PCD_SET_EP_DBUF0_CNT(USBx, ep->num, ep->is_in, len);
 527:Drivers/STM32G0xx_HAL_Driver/Src/stm32g0xx_ll_usb.c ****             pmabuffer = ep->pmaaddr0;
 528:Drivers/STM32G0xx_HAL_Driver/Src/stm32g0xx_ll_usb.c **** 
 529:Drivers/STM32G0xx_HAL_Driver/Src/stm32g0xx_ll_usb.c ****             /* Write the user buffer to USB PMA */
 530:Drivers/STM32G0xx_HAL_Driver/Src/stm32g0xx_ll_usb.c ****             USB_WritePMA(USBx, ep->xfer_buff, pmabuffer, (uint16_t)len);
 531:Drivers/STM32G0xx_HAL_Driver/Src/stm32g0xx_ll_usb.c ****           }
 532:Drivers/STM32G0xx_HAL_Driver/Src/stm32g0xx_ll_usb.c ****           else
 533:Drivers/STM32G0xx_HAL_Driver/Src/stm32g0xx_ll_usb.c ****           {
 534:Drivers/STM32G0xx_HAL_Driver/Src/stm32g0xx_ll_usb.c ****             /* Set the Double buffer counter for pmabuffer0 */
 535:Drivers/STM32G0xx_HAL_Driver/Src/stm32g0xx_ll_usb.c ****             PCD_SET_EP_DBUF0_CNT(USBx, ep->num, ep->is_in, len);
 536:Drivers/STM32G0xx_HAL_Driver/Src/stm32g0xx_ll_usb.c ****             pmabuffer = ep->pmaaddr0;
 537:Drivers/STM32G0xx_HAL_Driver/Src/stm32g0xx_ll_usb.c **** 
 538:Drivers/STM32G0xx_HAL_Driver/Src/stm32g0xx_ll_usb.c ****             /* Write the user buffer to USB PMA */
 539:Drivers/STM32G0xx_HAL_Driver/Src/stm32g0xx_ll_usb.c ****             USB_WritePMA(USBx, ep->xfer_buff, pmabuffer, (uint16_t)len);
 540:Drivers/STM32G0xx_HAL_Driver/Src/stm32g0xx_ll_usb.c ****             ep->xfer_buff += len;
 541:Drivers/STM32G0xx_HAL_Driver/Src/stm32g0xx_ll_usb.c **** 
 542:Drivers/STM32G0xx_HAL_Driver/Src/stm32g0xx_ll_usb.c ****             if (ep->xfer_len_db > ep->maxpacket)
 543:Drivers/STM32G0xx_HAL_Driver/Src/stm32g0xx_ll_usb.c ****             {
 544:Drivers/STM32G0xx_HAL_Driver/Src/stm32g0xx_ll_usb.c ****               ep->xfer_len_db -= len;
 545:Drivers/STM32G0xx_HAL_Driver/Src/stm32g0xx_ll_usb.c ****             }
 546:Drivers/STM32G0xx_HAL_Driver/Src/stm32g0xx_ll_usb.c ****             else
 547:Drivers/STM32G0xx_HAL_Driver/Src/stm32g0xx_ll_usb.c ****             {
 548:Drivers/STM32G0xx_HAL_Driver/Src/stm32g0xx_ll_usb.c ****               len = ep->xfer_len_db;
 549:Drivers/STM32G0xx_HAL_Driver/Src/stm32g0xx_ll_usb.c ****               ep->xfer_len_db = 0U;
 550:Drivers/STM32G0xx_HAL_Driver/Src/stm32g0xx_ll_usb.c ****             }
 551:Drivers/STM32G0xx_HAL_Driver/Src/stm32g0xx_ll_usb.c **** 
 552:Drivers/STM32G0xx_HAL_Driver/Src/stm32g0xx_ll_usb.c ****             /* Set the Double buffer counter for pmabuffer1 */
ARM GAS  C:\Users\Domagoj\AppData\Local\Temp\ccdbAIX0.s 			page 48


 553:Drivers/STM32G0xx_HAL_Driver/Src/stm32g0xx_ll_usb.c ****             PCD_SET_EP_DBUF1_CNT(USBx, ep->num, ep->is_in, len);
 554:Drivers/STM32G0xx_HAL_Driver/Src/stm32g0xx_ll_usb.c ****             pmabuffer = ep->pmaaddr1;
 555:Drivers/STM32G0xx_HAL_Driver/Src/stm32g0xx_ll_usb.c **** 
 556:Drivers/STM32G0xx_HAL_Driver/Src/stm32g0xx_ll_usb.c ****             /* Write the user buffer to USB PMA */
 557:Drivers/STM32G0xx_HAL_Driver/Src/stm32g0xx_ll_usb.c ****             USB_WritePMA(USBx, ep->xfer_buff, pmabuffer, (uint16_t)len);
 558:Drivers/STM32G0xx_HAL_Driver/Src/stm32g0xx_ll_usb.c ****           }
 559:Drivers/STM32G0xx_HAL_Driver/Src/stm32g0xx_ll_usb.c ****         }
 560:Drivers/STM32G0xx_HAL_Driver/Src/stm32g0xx_ll_usb.c ****         /* auto Switch to single buffer mode when transfer <Mps no need to manage in double buffer 
 561:Drivers/STM32G0xx_HAL_Driver/Src/stm32g0xx_ll_usb.c ****         else
 562:Drivers/STM32G0xx_HAL_Driver/Src/stm32g0xx_ll_usb.c ****         {
 563:Drivers/STM32G0xx_HAL_Driver/Src/stm32g0xx_ll_usb.c ****           len = ep->xfer_len_db;
 564:Drivers/STM32G0xx_HAL_Driver/Src/stm32g0xx_ll_usb.c **** 
 565:Drivers/STM32G0xx_HAL_Driver/Src/stm32g0xx_ll_usb.c ****           /* disable double buffer mode for Bulk endpoint */
 566:Drivers/STM32G0xx_HAL_Driver/Src/stm32g0xx_ll_usb.c ****           PCD_CLEAR_BULK_EP_DBUF(USBx, ep->num);
 567:Drivers/STM32G0xx_HAL_Driver/Src/stm32g0xx_ll_usb.c **** 
 568:Drivers/STM32G0xx_HAL_Driver/Src/stm32g0xx_ll_usb.c ****           /* Set Tx count with nbre of byte to be transmitted */
 569:Drivers/STM32G0xx_HAL_Driver/Src/stm32g0xx_ll_usb.c ****           PCD_SET_EP_TX_CNT(USBx, ep->num, len);
 570:Drivers/STM32G0xx_HAL_Driver/Src/stm32g0xx_ll_usb.c ****           pmabuffer = ep->pmaaddr0;
 571:Drivers/STM32G0xx_HAL_Driver/Src/stm32g0xx_ll_usb.c **** 
 572:Drivers/STM32G0xx_HAL_Driver/Src/stm32g0xx_ll_usb.c ****           /* Write the user buffer to USB PMA */
 573:Drivers/STM32G0xx_HAL_Driver/Src/stm32g0xx_ll_usb.c ****           USB_WritePMA(USBx, ep->xfer_buff, pmabuffer, (uint16_t)len);
 574:Drivers/STM32G0xx_HAL_Driver/Src/stm32g0xx_ll_usb.c ****         }
 575:Drivers/STM32G0xx_HAL_Driver/Src/stm32g0xx_ll_usb.c ****       }
 576:Drivers/STM32G0xx_HAL_Driver/Src/stm32g0xx_ll_usb.c ****       else /* Manage isochronous double buffer IN mode */
 577:Drivers/STM32G0xx_HAL_Driver/Src/stm32g0xx_ll_usb.c ****       {
 578:Drivers/STM32G0xx_HAL_Driver/Src/stm32g0xx_ll_usb.c ****         /* Each Time to write in PMA xfer_len_db will */
 579:Drivers/STM32G0xx_HAL_Driver/Src/stm32g0xx_ll_usb.c ****         ep->xfer_len_db -= len;
 580:Drivers/STM32G0xx_HAL_Driver/Src/stm32g0xx_ll_usb.c **** 
 581:Drivers/STM32G0xx_HAL_Driver/Src/stm32g0xx_ll_usb.c ****         /* Fill the data buffer */
 582:Drivers/STM32G0xx_HAL_Driver/Src/stm32g0xx_ll_usb.c ****         if ((PCD_GET_ENDPOINT(USBx, ep->num) & USB_EP_DTOG_TX) != 0U)
 583:Drivers/STM32G0xx_HAL_Driver/Src/stm32g0xx_ll_usb.c ****         {
 584:Drivers/STM32G0xx_HAL_Driver/Src/stm32g0xx_ll_usb.c ****           /* Set the Double buffer counter for pmabuffer1 */
 585:Drivers/STM32G0xx_HAL_Driver/Src/stm32g0xx_ll_usb.c ****           PCD_SET_EP_DBUF1_CNT(USBx, ep->num, ep->is_in, len);
 586:Drivers/STM32G0xx_HAL_Driver/Src/stm32g0xx_ll_usb.c ****           pmabuffer = ep->pmaaddr1;
 587:Drivers/STM32G0xx_HAL_Driver/Src/stm32g0xx_ll_usb.c **** 
 588:Drivers/STM32G0xx_HAL_Driver/Src/stm32g0xx_ll_usb.c ****           /* Write the user buffer to USB PMA */
 589:Drivers/STM32G0xx_HAL_Driver/Src/stm32g0xx_ll_usb.c ****           USB_WritePMA(USBx, ep->xfer_buff, pmabuffer, (uint16_t)len);
 590:Drivers/STM32G0xx_HAL_Driver/Src/stm32g0xx_ll_usb.c ****         }
 591:Drivers/STM32G0xx_HAL_Driver/Src/stm32g0xx_ll_usb.c ****         else
 592:Drivers/STM32G0xx_HAL_Driver/Src/stm32g0xx_ll_usb.c ****         {
 593:Drivers/STM32G0xx_HAL_Driver/Src/stm32g0xx_ll_usb.c ****           /* Set the Double buffer counter for pmabuffer0 */
 594:Drivers/STM32G0xx_HAL_Driver/Src/stm32g0xx_ll_usb.c ****           PCD_SET_EP_DBUF0_CNT(USBx, ep->num, ep->is_in, len);
 595:Drivers/STM32G0xx_HAL_Driver/Src/stm32g0xx_ll_usb.c ****           pmabuffer = ep->pmaaddr0;
 596:Drivers/STM32G0xx_HAL_Driver/Src/stm32g0xx_ll_usb.c **** 
 597:Drivers/STM32G0xx_HAL_Driver/Src/stm32g0xx_ll_usb.c ****           /* Write the user buffer to USB PMA */
 598:Drivers/STM32G0xx_HAL_Driver/Src/stm32g0xx_ll_usb.c ****           USB_WritePMA(USBx, ep->xfer_buff, pmabuffer, (uint16_t)len);
 599:Drivers/STM32G0xx_HAL_Driver/Src/stm32g0xx_ll_usb.c ****         }
 600:Drivers/STM32G0xx_HAL_Driver/Src/stm32g0xx_ll_usb.c ****       }
 601:Drivers/STM32G0xx_HAL_Driver/Src/stm32g0xx_ll_usb.c ****     }
 602:Drivers/STM32G0xx_HAL_Driver/Src/stm32g0xx_ll_usb.c **** #endif /* (USE_USB_DOUBLE_BUFFER == 1U) */
 603:Drivers/STM32G0xx_HAL_Driver/Src/stm32g0xx_ll_usb.c **** 
 604:Drivers/STM32G0xx_HAL_Driver/Src/stm32g0xx_ll_usb.c ****     PCD_SET_EP_TX_STATUS(USBx, ep->num, USB_EP_TX_VALID);
 605:Drivers/STM32G0xx_HAL_Driver/Src/stm32g0xx_ll_usb.c ****   }
 606:Drivers/STM32G0xx_HAL_Driver/Src/stm32g0xx_ll_usb.c ****   else /* OUT endpoint */
 607:Drivers/STM32G0xx_HAL_Driver/Src/stm32g0xx_ll_usb.c ****   {
 608:Drivers/STM32G0xx_HAL_Driver/Src/stm32g0xx_ll_usb.c ****     if (ep->doublebuffer == 0U)
 609:Drivers/STM32G0xx_HAL_Driver/Src/stm32g0xx_ll_usb.c ****     {
ARM GAS  C:\Users\Domagoj\AppData\Local\Temp\ccdbAIX0.s 			page 49


 610:Drivers/STM32G0xx_HAL_Driver/Src/stm32g0xx_ll_usb.c ****       if ((ep->xfer_len == 0U) && (ep->type == EP_TYPE_CTRL))
 611:Drivers/STM32G0xx_HAL_Driver/Src/stm32g0xx_ll_usb.c ****       {
 612:Drivers/STM32G0xx_HAL_Driver/Src/stm32g0xx_ll_usb.c ****         /* This is a status out stage set the OUT_STATUS */
 613:Drivers/STM32G0xx_HAL_Driver/Src/stm32g0xx_ll_usb.c ****         PCD_SET_OUT_STATUS(USBx, ep->num);
 614:Drivers/STM32G0xx_HAL_Driver/Src/stm32g0xx_ll_usb.c ****       }
 615:Drivers/STM32G0xx_HAL_Driver/Src/stm32g0xx_ll_usb.c ****       else
 616:Drivers/STM32G0xx_HAL_Driver/Src/stm32g0xx_ll_usb.c ****       {
 617:Drivers/STM32G0xx_HAL_Driver/Src/stm32g0xx_ll_usb.c ****         PCD_CLEAR_OUT_STATUS(USBx, ep->num);
 618:Drivers/STM32G0xx_HAL_Driver/Src/stm32g0xx_ll_usb.c ****       }
 619:Drivers/STM32G0xx_HAL_Driver/Src/stm32g0xx_ll_usb.c **** 
 620:Drivers/STM32G0xx_HAL_Driver/Src/stm32g0xx_ll_usb.c ****       /* Multi packet transfer */
 621:Drivers/STM32G0xx_HAL_Driver/Src/stm32g0xx_ll_usb.c ****       if (ep->xfer_len > ep->maxpacket)
 622:Drivers/STM32G0xx_HAL_Driver/Src/stm32g0xx_ll_usb.c ****       {
 623:Drivers/STM32G0xx_HAL_Driver/Src/stm32g0xx_ll_usb.c ****         ep->xfer_len -= ep->maxpacket;
 624:Drivers/STM32G0xx_HAL_Driver/Src/stm32g0xx_ll_usb.c ****       }
 625:Drivers/STM32G0xx_HAL_Driver/Src/stm32g0xx_ll_usb.c ****       else
 626:Drivers/STM32G0xx_HAL_Driver/Src/stm32g0xx_ll_usb.c ****       {
 627:Drivers/STM32G0xx_HAL_Driver/Src/stm32g0xx_ll_usb.c ****         ep->xfer_len = 0U;
 628:Drivers/STM32G0xx_HAL_Driver/Src/stm32g0xx_ll_usb.c ****       }
 629:Drivers/STM32G0xx_HAL_Driver/Src/stm32g0xx_ll_usb.c ****     }
 630:Drivers/STM32G0xx_HAL_Driver/Src/stm32g0xx_ll_usb.c **** #if (USE_USB_DOUBLE_BUFFER == 1U)
 631:Drivers/STM32G0xx_HAL_Driver/Src/stm32g0xx_ll_usb.c ****     else
 632:Drivers/STM32G0xx_HAL_Driver/Src/stm32g0xx_ll_usb.c ****     {
 633:Drivers/STM32G0xx_HAL_Driver/Src/stm32g0xx_ll_usb.c ****       /* First Transfer Coming From HAL_PCD_EP_Receive & From ISR */
 634:Drivers/STM32G0xx_HAL_Driver/Src/stm32g0xx_ll_usb.c ****       /* Set the Double buffer counter */
 635:Drivers/STM32G0xx_HAL_Driver/Src/stm32g0xx_ll_usb.c ****       if (ep->type == EP_TYPE_BULK)
 636:Drivers/STM32G0xx_HAL_Driver/Src/stm32g0xx_ll_usb.c ****       {
 637:Drivers/STM32G0xx_HAL_Driver/Src/stm32g0xx_ll_usb.c ****         /* Coming from ISR */
 638:Drivers/STM32G0xx_HAL_Driver/Src/stm32g0xx_ll_usb.c ****         if (ep->xfer_count != 0U)
 639:Drivers/STM32G0xx_HAL_Driver/Src/stm32g0xx_ll_usb.c ****         {
 640:Drivers/STM32G0xx_HAL_Driver/Src/stm32g0xx_ll_usb.c ****           /* Update last value to check if there is blocking state */
 641:Drivers/STM32G0xx_HAL_Driver/Src/stm32g0xx_ll_usb.c ****           wEPVal = (uint16_t)PCD_GET_ENDPOINT(USBx, ep->num);
 642:Drivers/STM32G0xx_HAL_Driver/Src/stm32g0xx_ll_usb.c **** 
 643:Drivers/STM32G0xx_HAL_Driver/Src/stm32g0xx_ll_usb.c ****           /* Blocking State */
 644:Drivers/STM32G0xx_HAL_Driver/Src/stm32g0xx_ll_usb.c ****           if ((((wEPVal & USB_EP_DTOG_RX) != 0U) && ((wEPVal & USB_EP_DTOG_TX) != 0U)) ||
 645:Drivers/STM32G0xx_HAL_Driver/Src/stm32g0xx_ll_usb.c ****               (((wEPVal & USB_EP_DTOG_RX) == 0U) && ((wEPVal & USB_EP_DTOG_TX) == 0U)))
 646:Drivers/STM32G0xx_HAL_Driver/Src/stm32g0xx_ll_usb.c ****           {
 647:Drivers/STM32G0xx_HAL_Driver/Src/stm32g0xx_ll_usb.c ****             PCD_FREE_USER_BUFFER(USBx, ep->num, 0U);
 648:Drivers/STM32G0xx_HAL_Driver/Src/stm32g0xx_ll_usb.c ****           }
 649:Drivers/STM32G0xx_HAL_Driver/Src/stm32g0xx_ll_usb.c ****         }
 650:Drivers/STM32G0xx_HAL_Driver/Src/stm32g0xx_ll_usb.c ****       }
 651:Drivers/STM32G0xx_HAL_Driver/Src/stm32g0xx_ll_usb.c ****       /* iso out double */
 652:Drivers/STM32G0xx_HAL_Driver/Src/stm32g0xx_ll_usb.c ****       else if (ep->type == EP_TYPE_ISOC)
 653:Drivers/STM32G0xx_HAL_Driver/Src/stm32g0xx_ll_usb.c ****       {
 654:Drivers/STM32G0xx_HAL_Driver/Src/stm32g0xx_ll_usb.c ****         /* Only single packet transfer supported in FS */
 655:Drivers/STM32G0xx_HAL_Driver/Src/stm32g0xx_ll_usb.c ****         ep->xfer_len = 0U;
 656:Drivers/STM32G0xx_HAL_Driver/Src/stm32g0xx_ll_usb.c ****       }
 657:Drivers/STM32G0xx_HAL_Driver/Src/stm32g0xx_ll_usb.c ****       else
 658:Drivers/STM32G0xx_HAL_Driver/Src/stm32g0xx_ll_usb.c ****       {
 659:Drivers/STM32G0xx_HAL_Driver/Src/stm32g0xx_ll_usb.c ****         return HAL_ERROR;
 660:Drivers/STM32G0xx_HAL_Driver/Src/stm32g0xx_ll_usb.c ****       }
 661:Drivers/STM32G0xx_HAL_Driver/Src/stm32g0xx_ll_usb.c ****     }
 662:Drivers/STM32G0xx_HAL_Driver/Src/stm32g0xx_ll_usb.c **** #endif /* (USE_USB_DOUBLE_BUFFER == 1U) */
 663:Drivers/STM32G0xx_HAL_Driver/Src/stm32g0xx_ll_usb.c **** 
 664:Drivers/STM32G0xx_HAL_Driver/Src/stm32g0xx_ll_usb.c ****     PCD_SET_EP_RX_STATUS(USBx, ep->num, USB_EP_RX_VALID);
 665:Drivers/STM32G0xx_HAL_Driver/Src/stm32g0xx_ll_usb.c ****   }
 666:Drivers/STM32G0xx_HAL_Driver/Src/stm32g0xx_ll_usb.c **** 
ARM GAS  C:\Users\Domagoj\AppData\Local\Temp\ccdbAIX0.s 			page 50


 667:Drivers/STM32G0xx_HAL_Driver/Src/stm32g0xx_ll_usb.c ****   return HAL_OK;
 668:Drivers/STM32G0xx_HAL_Driver/Src/stm32g0xx_ll_usb.c **** }
 669:Drivers/STM32G0xx_HAL_Driver/Src/stm32g0xx_ll_usb.c **** 
 670:Drivers/STM32G0xx_HAL_Driver/Src/stm32g0xx_ll_usb.c **** 
 671:Drivers/STM32G0xx_HAL_Driver/Src/stm32g0xx_ll_usb.c **** /**
 672:Drivers/STM32G0xx_HAL_Driver/Src/stm32g0xx_ll_usb.c ****   * @brief  USB_EPSetStall set a stall condition over an EP
 673:Drivers/STM32G0xx_HAL_Driver/Src/stm32g0xx_ll_usb.c ****   * @param  USBx Selected device
 674:Drivers/STM32G0xx_HAL_Driver/Src/stm32g0xx_ll_usb.c ****   * @param  ep pointer to endpoint structure
 675:Drivers/STM32G0xx_HAL_Driver/Src/stm32g0xx_ll_usb.c ****   * @retval HAL status
 676:Drivers/STM32G0xx_HAL_Driver/Src/stm32g0xx_ll_usb.c ****   */
 677:Drivers/STM32G0xx_HAL_Driver/Src/stm32g0xx_ll_usb.c **** HAL_StatusTypeDef USB_EPSetStall(USB_DRD_TypeDef *USBx, USB_DRD_EPTypeDef *ep)
 678:Drivers/STM32G0xx_HAL_Driver/Src/stm32g0xx_ll_usb.c **** {
 1935              		.loc 1 678 1 view -0
 1936              		.cfi_startproc
 1937              		@ args = 0, pretend = 0, frame = 0
 1938              		@ frame_needed = 0, uses_anonymous_args = 0
 1939              		@ link register save eliminated.
 679:Drivers/STM32G0xx_HAL_Driver/Src/stm32g0xx_ll_usb.c ****   if (ep->is_in != 0U)
 1940              		.loc 1 679 3 view .LVU574
 1941              		.loc 1 679 9 is_stmt 0 view .LVU575
 1942 0000 4B78     		ldrb	r3, [r1, #1]
 1943              		.loc 1 679 6 view .LVU576
 1944 0002 002B     		cmp	r3, #0
 1945 0004 0CD0     		beq	.L99
 680:Drivers/STM32G0xx_HAL_Driver/Src/stm32g0xx_ll_usb.c ****   {
 681:Drivers/STM32G0xx_HAL_Driver/Src/stm32g0xx_ll_usb.c ****     PCD_SET_EP_TX_STATUS(USBx, ep->num, USB_EP_TX_STALL);
 1946              		.loc 1 681 5 is_stmt 1 view .LVU577
 1947              	.LBB52:
 1948              		.loc 1 681 5 view .LVU578
 1949              		.loc 1 681 5 view .LVU579
 1950 0006 0B78     		ldrb	r3, [r1]
 1951 0008 9B00     		lsls	r3, r3, #2
 1952 000a C018     		adds	r0, r0, r3
 1953              	.LVL177:
 1954              		.loc 1 681 5 is_stmt 0 view .LVU580
 1955 000c 0368     		ldr	r3, [r0]
 1956 000e 0B4A     		ldr	r2, .L101
 1957 0010 1340     		ands	r3, r2
 1958              	.LVL178:
 1959              		.loc 1 681 5 is_stmt 1 view .LVU581
 1960              		.loc 1 681 5 discriminator 1 view .LVU582
 1961 0012 1022     		movs	r2, #16
 1962 0014 5340     		eors	r3, r2
 1963              	.LVL179:
 1964              		.loc 1 681 5 discriminator 3 view .LVU583
 1965              		.loc 1 681 5 discriminator 6 view .LVU584
 1966 0016 0A4A     		ldr	r2, .L101+4
 1967 0018 1343     		orrs	r3, r2
 1968              	.LVL180:
 1969              		.loc 1 681 5 is_stmt 0 discriminator 6 view .LVU585
 1970 001a 0360     		str	r3, [r0]
 1971              	.LBE52:
 1972              		.loc 1 681 5 is_stmt 1 view .LVU586
 1973              	.LVL181:
 1974              	.L100:
 682:Drivers/STM32G0xx_HAL_Driver/Src/stm32g0xx_ll_usb.c ****   }
 683:Drivers/STM32G0xx_HAL_Driver/Src/stm32g0xx_ll_usb.c ****   else
ARM GAS  C:\Users\Domagoj\AppData\Local\Temp\ccdbAIX0.s 			page 51


 684:Drivers/STM32G0xx_HAL_Driver/Src/stm32g0xx_ll_usb.c ****   {
 685:Drivers/STM32G0xx_HAL_Driver/Src/stm32g0xx_ll_usb.c ****     PCD_SET_EP_RX_STATUS(USBx, ep->num, USB_EP_RX_STALL);
 1975              		.loc 1 685 5 view .LVU587
 686:Drivers/STM32G0xx_HAL_Driver/Src/stm32g0xx_ll_usb.c ****   }
 687:Drivers/STM32G0xx_HAL_Driver/Src/stm32g0xx_ll_usb.c **** 
 688:Drivers/STM32G0xx_HAL_Driver/Src/stm32g0xx_ll_usb.c ****   return HAL_OK;
 1976              		.loc 1 688 3 view .LVU588
 689:Drivers/STM32G0xx_HAL_Driver/Src/stm32g0xx_ll_usb.c **** }
 1977              		.loc 1 689 1 is_stmt 0 view .LVU589
 1978 001c 0020     		movs	r0, #0
 1979              		@ sp needed
 1980 001e 7047     		bx	lr
 1981              	.LVL182:
 1982              	.L99:
 685:Drivers/STM32G0xx_HAL_Driver/Src/stm32g0xx_ll_usb.c ****   }
 1983              		.loc 1 685 5 is_stmt 1 view .LVU590
 1984              	.LBB53:
 685:Drivers/STM32G0xx_HAL_Driver/Src/stm32g0xx_ll_usb.c ****   }
 1985              		.loc 1 685 5 view .LVU591
 685:Drivers/STM32G0xx_HAL_Driver/Src/stm32g0xx_ll_usb.c ****   }
 1986              		.loc 1 685 5 view .LVU592
 1987 0020 0B78     		ldrb	r3, [r1]
 1988 0022 9B00     		lsls	r3, r3, #2
 1989 0024 C018     		adds	r0, r0, r3
 1990              	.LVL183:
 685:Drivers/STM32G0xx_HAL_Driver/Src/stm32g0xx_ll_usb.c ****   }
 1991              		.loc 1 685 5 is_stmt 0 view .LVU593
 1992 0026 0368     		ldr	r3, [r0]
 1993 0028 064A     		ldr	r2, .L101+8
 1994 002a 1340     		ands	r3, r2
 1995              	.LVL184:
 685:Drivers/STM32G0xx_HAL_Driver/Src/stm32g0xx_ll_usb.c ****   }
 1996              		.loc 1 685 5 is_stmt 1 view .LVU594
 685:Drivers/STM32G0xx_HAL_Driver/Src/stm32g0xx_ll_usb.c ****   }
 1997              		.loc 1 685 5 discriminator 1 view .LVU595
 1998 002c 8022     		movs	r2, #128
 1999 002e 5201     		lsls	r2, r2, #5
 2000 0030 5A40     		eors	r2, r3
 2001              	.LVL185:
 685:Drivers/STM32G0xx_HAL_Driver/Src/stm32g0xx_ll_usb.c ****   }
 2002              		.loc 1 685 5 discriminator 3 view .LVU596
 685:Drivers/STM32G0xx_HAL_Driver/Src/stm32g0xx_ll_usb.c ****   }
 2003              		.loc 1 685 5 discriminator 6 view .LVU597
 2004 0032 034B     		ldr	r3, .L101+4
 2005 0034 1343     		orrs	r3, r2
 2006 0036 0360     		str	r3, [r0]
 2007 0038 F0E7     		b	.L100
 2008              	.L102:
 2009 003a C046     		.align	2
 2010              	.L101:
 2011 003c BF8FFF07 		.word	134188991
 2012 0040 80800000 		.word	32896
 2013 0044 8FBFFF07 		.word	134201231
 2014              	.LBE53:
 2015              		.cfi_endproc
 2016              	.LFE377:
 2018              		.section	.text.USB_EPClearStall,"ax",%progbits
ARM GAS  C:\Users\Domagoj\AppData\Local\Temp\ccdbAIX0.s 			page 52


 2019              		.align	1
 2020              		.global	USB_EPClearStall
 2021              		.syntax unified
 2022              		.code	16
 2023              		.thumb_func
 2025              	USB_EPClearStall:
 2026              	.LVL186:
 2027              	.LFB378:
 690:Drivers/STM32G0xx_HAL_Driver/Src/stm32g0xx_ll_usb.c **** 
 691:Drivers/STM32G0xx_HAL_Driver/Src/stm32g0xx_ll_usb.c **** /**
 692:Drivers/STM32G0xx_HAL_Driver/Src/stm32g0xx_ll_usb.c ****   * @brief  USB_EPClearStall Clear a stall condition over an EP
 693:Drivers/STM32G0xx_HAL_Driver/Src/stm32g0xx_ll_usb.c ****   * @param  USBx Selected device
 694:Drivers/STM32G0xx_HAL_Driver/Src/stm32g0xx_ll_usb.c ****   * @param  ep pointer to endpoint structure
 695:Drivers/STM32G0xx_HAL_Driver/Src/stm32g0xx_ll_usb.c ****   * @retval HAL status
 696:Drivers/STM32G0xx_HAL_Driver/Src/stm32g0xx_ll_usb.c ****   */
 697:Drivers/STM32G0xx_HAL_Driver/Src/stm32g0xx_ll_usb.c **** HAL_StatusTypeDef USB_EPClearStall(USB_DRD_TypeDef *USBx, USB_DRD_EPTypeDef *ep)
 698:Drivers/STM32G0xx_HAL_Driver/Src/stm32g0xx_ll_usb.c **** {
 2028              		.loc 1 698 1 view -0
 2029              		.cfi_startproc
 2030              		@ args = 0, pretend = 0, frame = 0
 2031              		@ frame_needed = 0, uses_anonymous_args = 0
 2032              		.loc 1 698 1 is_stmt 0 view .LVU599
 2033 0000 10B5     		push	{r4, lr}
 2034              	.LCFI6:
 2035              		.cfi_def_cfa_offset 8
 2036              		.cfi_offset 4, -8
 2037              		.cfi_offset 14, -4
 699:Drivers/STM32G0xx_HAL_Driver/Src/stm32g0xx_ll_usb.c ****   if (ep->is_in != 0U)
 2038              		.loc 1 699 3 is_stmt 1 view .LVU600
 2039              		.loc 1 699 9 is_stmt 0 view .LVU601
 2040 0002 4B78     		ldrb	r3, [r1, #1]
 2041              		.loc 1 699 6 view .LVU602
 2042 0004 002B     		cmp	r3, #0
 2043 0006 1AD0     		beq	.L104
 700:Drivers/STM32G0xx_HAL_Driver/Src/stm32g0xx_ll_usb.c ****   {
 701:Drivers/STM32G0xx_HAL_Driver/Src/stm32g0xx_ll_usb.c ****     PCD_CLEAR_TX_DTOG(USBx, ep->num);
 2044              		.loc 1 701 5 is_stmt 1 view .LVU603
 2045              	.LBB54:
 2046              		.loc 1 701 5 view .LVU604
 2047              		.loc 1 701 5 view .LVU605
 2048 0008 0B78     		ldrb	r3, [r1]
 2049 000a 9B00     		lsls	r3, r3, #2
 2050 000c C318     		adds	r3, r0, r3
 2051 000e 1A68     		ldr	r2, [r3]
 2052              	.LVL187:
 2053              		.loc 1 701 5 view .LVU606
 2054 0010 5206     		lsls	r2, r2, #25
 2055 0012 05D5     		bpl	.L105
 2056              	.LVL188:
 2057              		.loc 1 701 5 discriminator 1 view .LVU607
 2058              	.LBB55:
 2059              		.loc 1 701 5 discriminator 1 view .LVU608
 2060              		.loc 1 701 5 discriminator 1 view .LVU609
 2061 0014 1C68     		ldr	r4, [r3]
 2062 0016 174A     		ldr	r2, .L110
 2063 0018 1440     		ands	r4, r2
 2064              	.LVL189:
ARM GAS  C:\Users\Domagoj\AppData\Local\Temp\ccdbAIX0.s 			page 53


 2065              		.loc 1 701 5 view .LVU610
 2066              		.loc 1 701 5 is_stmt 0 discriminator 1 view .LVU611
 2067 001a 174A     		ldr	r2, .L110+4
 2068 001c 2243     		orrs	r2, r4
 2069 001e 1A60     		str	r2, [r3]
 2070              	.LVL190:
 2071              	.L105:
 2072              		.loc 1 701 5 discriminator 1 view .LVU612
 2073              	.LBE55:
 2074              		.loc 1 701 5 is_stmt 1 view .LVU613
 2075              	.LBE54:
 2076              		.loc 1 701 5 view .LVU614
 702:Drivers/STM32G0xx_HAL_Driver/Src/stm32g0xx_ll_usb.c **** 
 703:Drivers/STM32G0xx_HAL_Driver/Src/stm32g0xx_ll_usb.c ****     if (ep->type != EP_TYPE_ISOC)
 2077              		.loc 1 703 5 view .LVU615
 2078              		.loc 1 703 11 is_stmt 0 view .LVU616
 2079 0020 CB78     		ldrb	r3, [r1, #3]
 2080              		.loc 1 703 8 view .LVU617
 2081 0022 012B     		cmp	r3, #1
 2082 0024 23D0     		beq	.L106
 704:Drivers/STM32G0xx_HAL_Driver/Src/stm32g0xx_ll_usb.c ****     {
 705:Drivers/STM32G0xx_HAL_Driver/Src/stm32g0xx_ll_usb.c ****       /* Configure NAK status for the Endpoint */
 706:Drivers/STM32G0xx_HAL_Driver/Src/stm32g0xx_ll_usb.c ****       PCD_SET_EP_TX_STATUS(USBx, ep->num, USB_EP_TX_NAK);
 2083              		.loc 1 706 7 is_stmt 1 view .LVU618
 2084              	.LBB56:
 2085              		.loc 1 706 7 view .LVU619
 2086              		.loc 1 706 7 view .LVU620
 2087 0026 0B78     		ldrb	r3, [r1]
 2088 0028 9B00     		lsls	r3, r3, #2
 2089 002a C318     		adds	r3, r0, r3
 2090 002c 1A68     		ldr	r2, [r3]
 2091 002e 1349     		ldr	r1, .L110+8
 2092              	.LVL191:
 2093              		.loc 1 706 7 is_stmt 0 view .LVU621
 2094 0030 0A40     		ands	r2, r1
 2095              	.LVL192:
 2096              		.loc 1 706 7 is_stmt 1 view .LVU622
 2097              		.loc 1 706 7 discriminator 3 view .LVU623
 2098              		.loc 1 706 7 discriminator 4 view .LVU624
 2099 0032 2021     		movs	r1, #32
 2100 0034 4A40     		eors	r2, r1
 2101              	.LVL193:
 2102              		.loc 1 706 7 discriminator 6 view .LVU625
 2103 0036 1249     		ldr	r1, .L110+12
 2104 0038 0A43     		orrs	r2, r1
 2105              	.LVL194:
 2106              		.loc 1 706 7 is_stmt 0 discriminator 6 view .LVU626
 2107 003a 1A60     		str	r2, [r3]
 2108 003c 17E0     		b	.L106
 2109              	.LVL195:
 2110              	.L104:
 2111              		.loc 1 706 7 discriminator 6 view .LVU627
 2112              	.LBE56:
 707:Drivers/STM32G0xx_HAL_Driver/Src/stm32g0xx_ll_usb.c ****     }
 708:Drivers/STM32G0xx_HAL_Driver/Src/stm32g0xx_ll_usb.c ****   }
 709:Drivers/STM32G0xx_HAL_Driver/Src/stm32g0xx_ll_usb.c ****   else
 710:Drivers/STM32G0xx_HAL_Driver/Src/stm32g0xx_ll_usb.c ****   {
ARM GAS  C:\Users\Domagoj\AppData\Local\Temp\ccdbAIX0.s 			page 54


 711:Drivers/STM32G0xx_HAL_Driver/Src/stm32g0xx_ll_usb.c ****     PCD_CLEAR_RX_DTOG(USBx, ep->num);
 2113              		.loc 1 711 5 is_stmt 1 view .LVU628
 2114              	.LBB57:
 2115              		.loc 1 711 5 view .LVU629
 2116              		.loc 1 711 5 view .LVU630
 2117 003e 0B78     		ldrb	r3, [r1]
 2118 0040 9B00     		lsls	r3, r3, #2
 2119 0042 C318     		adds	r3, r0, r3
 2120 0044 1A68     		ldr	r2, [r3]
 2121              	.LVL196:
 2122              		.loc 1 711 5 view .LVU631
 2123 0046 5204     		lsls	r2, r2, #17
 2124 0048 05D5     		bpl	.L107
 2125              	.LVL197:
 2126              		.loc 1 711 5 discriminator 1 view .LVU632
 2127              	.LBB58:
 2128              		.loc 1 711 5 discriminator 1 view .LVU633
 2129              		.loc 1 711 5 discriminator 1 view .LVU634
 2130 004a 1C68     		ldr	r4, [r3]
 2131 004c 094A     		ldr	r2, .L110
 2132 004e 1440     		ands	r4, r2
 2133              	.LVL198:
 2134              		.loc 1 711 5 view .LVU635
 2135              		.loc 1 711 5 is_stmt 0 discriminator 1 view .LVU636
 2136 0050 0C4A     		ldr	r2, .L110+16
 2137 0052 2243     		orrs	r2, r4
 2138 0054 1A60     		str	r2, [r3]
 2139              	.LVL199:
 2140              	.L107:
 2141              		.loc 1 711 5 discriminator 1 view .LVU637
 2142              	.LBE58:
 2143              		.loc 1 711 5 is_stmt 1 view .LVU638
 2144              	.LBE57:
 2145              		.loc 1 711 5 view .LVU639
 712:Drivers/STM32G0xx_HAL_Driver/Src/stm32g0xx_ll_usb.c **** 
 713:Drivers/STM32G0xx_HAL_Driver/Src/stm32g0xx_ll_usb.c ****     /* Configure VALID status for the Endpoint */
 714:Drivers/STM32G0xx_HAL_Driver/Src/stm32g0xx_ll_usb.c ****     PCD_SET_EP_RX_STATUS(USBx, ep->num, USB_EP_RX_VALID);
 2146              		.loc 1 714 5 view .LVU640
 2147              	.LBB59:
 2148              		.loc 1 714 5 view .LVU641
 2149              		.loc 1 714 5 view .LVU642
 2150 0056 0B78     		ldrb	r3, [r1]
 2151 0058 9B00     		lsls	r3, r3, #2
 2152 005a C018     		adds	r0, r0, r3
 2153              	.LVL200:
 2154              		.loc 1 714 5 is_stmt 0 view .LVU643
 2155 005c 0368     		ldr	r3, [r0]
 2156 005e 0A4A     		ldr	r2, .L110+20
 2157 0060 1340     		ands	r3, r2
 2158              	.LVL201:
 2159              		.loc 1 714 5 is_stmt 1 view .LVU644
 2160              		.loc 1 714 5 discriminator 1 view .LVU645
 2161              		.loc 1 714 5 discriminator 3 view .LVU646
 2162              		.loc 1 714 5 discriminator 4 view .LVU647
 2163 0062 C022     		movs	r2, #192
 2164 0064 9201     		lsls	r2, r2, #6
 2165 0066 5A40     		eors	r2, r3
ARM GAS  C:\Users\Domagoj\AppData\Local\Temp\ccdbAIX0.s 			page 55


 2166              	.LVL202:
 2167              		.loc 1 714 5 discriminator 6 view .LVU648
 2168 0068 054B     		ldr	r3, .L110+12
 2169 006a 1343     		orrs	r3, r2
 2170 006c 0360     		str	r3, [r0]
 2171              	.LVL203:
 2172              	.L106:
 2173              		.loc 1 714 5 is_stmt 0 discriminator 6 view .LVU649
 2174              	.LBE59:
 2175              		.loc 1 714 5 is_stmt 1 view .LVU650
 715:Drivers/STM32G0xx_HAL_Driver/Src/stm32g0xx_ll_usb.c ****   }
 716:Drivers/STM32G0xx_HAL_Driver/Src/stm32g0xx_ll_usb.c **** 
 717:Drivers/STM32G0xx_HAL_Driver/Src/stm32g0xx_ll_usb.c ****   return HAL_OK;
 2176              		.loc 1 717 3 view .LVU651
 718:Drivers/STM32G0xx_HAL_Driver/Src/stm32g0xx_ll_usb.c **** }
 2177              		.loc 1 718 1 is_stmt 0 view .LVU652
 2178 006e 0020     		movs	r0, #0
 2179              		@ sp needed
 2180 0070 10BD     		pop	{r4, pc}
 2181              	.L111:
 2182 0072 C046     		.align	2
 2183              	.L110:
 2184 0074 8F8FFF07 		.word	134188943
 2185 0078 C0800000 		.word	32960
 2186 007c BF8FFF07 		.word	134188991
 2187 0080 80800000 		.word	32896
 2188 0084 80C00000 		.word	49280
 2189 0088 8FBFFF07 		.word	134201231
 2190              		.cfi_endproc
 2191              	.LFE378:
 2193              		.section	.text.USB_EPStopXfer,"ax",%progbits
 2194              		.align	1
 2195              		.global	USB_EPStopXfer
 2196              		.syntax unified
 2197              		.code	16
 2198              		.thumb_func
 2200              	USB_EPStopXfer:
 2201              	.LVL204:
 2202              	.LFB379:
 719:Drivers/STM32G0xx_HAL_Driver/Src/stm32g0xx_ll_usb.c **** 
 720:Drivers/STM32G0xx_HAL_Driver/Src/stm32g0xx_ll_usb.c **** /**
 721:Drivers/STM32G0xx_HAL_Driver/Src/stm32g0xx_ll_usb.c ****    * @brief  USB_EPStoptXfer  Stop transfer on an EP
 722:Drivers/STM32G0xx_HAL_Driver/Src/stm32g0xx_ll_usb.c ****    * @param  USBx  usb device instance
 723:Drivers/STM32G0xx_HAL_Driver/Src/stm32g0xx_ll_usb.c ****    * @param  ep pointer to endpoint structure
 724:Drivers/STM32G0xx_HAL_Driver/Src/stm32g0xx_ll_usb.c ****    * @retval HAL status
 725:Drivers/STM32G0xx_HAL_Driver/Src/stm32g0xx_ll_usb.c ****    */
 726:Drivers/STM32G0xx_HAL_Driver/Src/stm32g0xx_ll_usb.c **** HAL_StatusTypeDef USB_EPStopXfer(USB_DRD_TypeDef *USBx, USB_DRD_EPTypeDef *ep)
 727:Drivers/STM32G0xx_HAL_Driver/Src/stm32g0xx_ll_usb.c **** {
 2203              		.loc 1 727 1 is_stmt 1 view -0
 2204              		.cfi_startproc
 2205              		@ args = 0, pretend = 0, frame = 0
 2206              		@ frame_needed = 0, uses_anonymous_args = 0
 2207              		@ link register save eliminated.
 728:Drivers/STM32G0xx_HAL_Driver/Src/stm32g0xx_ll_usb.c ****   /* IN endpoint */
 729:Drivers/STM32G0xx_HAL_Driver/Src/stm32g0xx_ll_usb.c ****   if (ep->is_in == 1U)
 2208              		.loc 1 729 3 view .LVU654
 2209              		.loc 1 729 9 is_stmt 0 view .LVU655
ARM GAS  C:\Users\Domagoj\AppData\Local\Temp\ccdbAIX0.s 			page 56


 2210 0000 4B78     		ldrb	r3, [r1, #1]
 2211              		.loc 1 729 6 view .LVU656
 2212 0002 012B     		cmp	r3, #1
 2213 0004 13D0     		beq	.L117
 730:Drivers/STM32G0xx_HAL_Driver/Src/stm32g0xx_ll_usb.c ****   {
 731:Drivers/STM32G0xx_HAL_Driver/Src/stm32g0xx_ll_usb.c ****     if (ep->doublebuffer == 0U)
 732:Drivers/STM32G0xx_HAL_Driver/Src/stm32g0xx_ll_usb.c ****     {
 733:Drivers/STM32G0xx_HAL_Driver/Src/stm32g0xx_ll_usb.c ****       if (ep->type != EP_TYPE_ISOC)
 734:Drivers/STM32G0xx_HAL_Driver/Src/stm32g0xx_ll_usb.c ****       {
 735:Drivers/STM32G0xx_HAL_Driver/Src/stm32g0xx_ll_usb.c ****         /* Configure NAK status for the Endpoint */
 736:Drivers/STM32G0xx_HAL_Driver/Src/stm32g0xx_ll_usb.c ****         PCD_SET_EP_TX_STATUS(USBx, ep->num, USB_EP_TX_NAK);
 737:Drivers/STM32G0xx_HAL_Driver/Src/stm32g0xx_ll_usb.c ****       }
 738:Drivers/STM32G0xx_HAL_Driver/Src/stm32g0xx_ll_usb.c ****       else
 739:Drivers/STM32G0xx_HAL_Driver/Src/stm32g0xx_ll_usb.c ****       {
 740:Drivers/STM32G0xx_HAL_Driver/Src/stm32g0xx_ll_usb.c ****         /* Configure TX Endpoint to disabled state */
 741:Drivers/STM32G0xx_HAL_Driver/Src/stm32g0xx_ll_usb.c ****         PCD_SET_EP_TX_STATUS(USBx, ep->num, USB_EP_TX_DIS);
 742:Drivers/STM32G0xx_HAL_Driver/Src/stm32g0xx_ll_usb.c ****       }
 743:Drivers/STM32G0xx_HAL_Driver/Src/stm32g0xx_ll_usb.c ****     }
 744:Drivers/STM32G0xx_HAL_Driver/Src/stm32g0xx_ll_usb.c ****   }
 745:Drivers/STM32G0xx_HAL_Driver/Src/stm32g0xx_ll_usb.c ****   else /* OUT endpoint */
 746:Drivers/STM32G0xx_HAL_Driver/Src/stm32g0xx_ll_usb.c ****   {
 747:Drivers/STM32G0xx_HAL_Driver/Src/stm32g0xx_ll_usb.c ****     if (ep->doublebuffer == 0U)
 2214              		.loc 1 747 5 is_stmt 1 view .LVU657
 2215              		.loc 1 747 11 is_stmt 0 view .LVU658
 2216 0006 0B7B     		ldrb	r3, [r1, #12]
 2217              		.loc 1 747 8 view .LVU659
 2218 0008 002B     		cmp	r3, #0
 2219 000a 0ED1     		bne	.L114
 748:Drivers/STM32G0xx_HAL_Driver/Src/stm32g0xx_ll_usb.c ****     {
 749:Drivers/STM32G0xx_HAL_Driver/Src/stm32g0xx_ll_usb.c ****       if (ep->type != EP_TYPE_ISOC)
 2220              		.loc 1 749 7 is_stmt 1 view .LVU660
 2221              		.loc 1 749 13 is_stmt 0 view .LVU661
 2222 000c CB78     		ldrb	r3, [r1, #3]
 2223              		.loc 1 749 10 view .LVU662
 2224 000e 012B     		cmp	r3, #1
 2225 0010 29D0     		beq	.L116
 750:Drivers/STM32G0xx_HAL_Driver/Src/stm32g0xx_ll_usb.c ****       {
 751:Drivers/STM32G0xx_HAL_Driver/Src/stm32g0xx_ll_usb.c ****         /* Configure NAK status for the Endpoint */
 752:Drivers/STM32G0xx_HAL_Driver/Src/stm32g0xx_ll_usb.c ****         PCD_SET_EP_RX_STATUS(USBx, ep->num, USB_EP_RX_NAK);
 2226              		.loc 1 752 9 is_stmt 1 view .LVU663
 2227              	.LBB60:
 2228              		.loc 1 752 9 view .LVU664
 2229              		.loc 1 752 9 view .LVU665
 2230 0012 0B78     		ldrb	r3, [r1]
 2231 0014 9B00     		lsls	r3, r3, #2
 2232 0016 C318     		adds	r3, r0, r3
 2233 0018 1A68     		ldr	r2, [r3]
 2234 001a 1849     		ldr	r1, .L118
 2235              	.LVL205:
 2236              		.loc 1 752 9 is_stmt 0 view .LVU666
 2237 001c 0A40     		ands	r2, r1
 2238              	.LVL206:
 2239              		.loc 1 752 9 is_stmt 1 view .LVU667
 2240              		.loc 1 752 9 discriminator 3 view .LVU668
 2241              		.loc 1 752 9 discriminator 4 view .LVU669
 2242 001e 8021     		movs	r1, #128
 2243 0020 8901     		lsls	r1, r1, #6
ARM GAS  C:\Users\Domagoj\AppData\Local\Temp\ccdbAIX0.s 			page 57


 2244 0022 5140     		eors	r1, r2
 2245              	.LVL207:
 2246              		.loc 1 752 9 discriminator 6 view .LVU670
 2247 0024 164A     		ldr	r2, .L118+4
 2248 0026 0A43     		orrs	r2, r1
 2249 0028 1A60     		str	r2, [r3]
 2250              	.LBE60:
 2251              		.loc 1 752 9 view .LVU671
 2252              	.LVL208:
 2253              	.L114:
 753:Drivers/STM32G0xx_HAL_Driver/Src/stm32g0xx_ll_usb.c ****       }
 754:Drivers/STM32G0xx_HAL_Driver/Src/stm32g0xx_ll_usb.c ****       else
 755:Drivers/STM32G0xx_HAL_Driver/Src/stm32g0xx_ll_usb.c ****       {
 756:Drivers/STM32G0xx_HAL_Driver/Src/stm32g0xx_ll_usb.c ****         /* Configure RX Endpoint to disabled state */
 757:Drivers/STM32G0xx_HAL_Driver/Src/stm32g0xx_ll_usb.c ****         PCD_SET_EP_RX_STATUS(USBx, ep->num, USB_EP_RX_DIS);
 2254              		.loc 1 757 9 view .LVU672
 758:Drivers/STM32G0xx_HAL_Driver/Src/stm32g0xx_ll_usb.c ****       }
 759:Drivers/STM32G0xx_HAL_Driver/Src/stm32g0xx_ll_usb.c ****     }
 760:Drivers/STM32G0xx_HAL_Driver/Src/stm32g0xx_ll_usb.c ****   }
 761:Drivers/STM32G0xx_HAL_Driver/Src/stm32g0xx_ll_usb.c **** 
 762:Drivers/STM32G0xx_HAL_Driver/Src/stm32g0xx_ll_usb.c ****   return HAL_OK;
 2255              		.loc 1 762 3 view .LVU673
 763:Drivers/STM32G0xx_HAL_Driver/Src/stm32g0xx_ll_usb.c **** }
 2256              		.loc 1 763 1 is_stmt 0 view .LVU674
 2257 002a 0020     		movs	r0, #0
 2258              		@ sp needed
 2259 002c 7047     		bx	lr
 2260              	.LVL209:
 2261              	.L117:
 731:Drivers/STM32G0xx_HAL_Driver/Src/stm32g0xx_ll_usb.c ****     {
 2262              		.loc 1 731 5 is_stmt 1 view .LVU675
 731:Drivers/STM32G0xx_HAL_Driver/Src/stm32g0xx_ll_usb.c ****     {
 2263              		.loc 1 731 11 is_stmt 0 view .LVU676
 2264 002e 0B7B     		ldrb	r3, [r1, #12]
 731:Drivers/STM32G0xx_HAL_Driver/Src/stm32g0xx_ll_usb.c ****     {
 2265              		.loc 1 731 8 view .LVU677
 2266 0030 002B     		cmp	r3, #0
 2267 0032 FAD1     		bne	.L114
 733:Drivers/STM32G0xx_HAL_Driver/Src/stm32g0xx_ll_usb.c ****       {
 2268              		.loc 1 733 7 is_stmt 1 view .LVU678
 733:Drivers/STM32G0xx_HAL_Driver/Src/stm32g0xx_ll_usb.c ****       {
 2269              		.loc 1 733 13 is_stmt 0 view .LVU679
 2270 0034 CB78     		ldrb	r3, [r1, #3]
 733:Drivers/STM32G0xx_HAL_Driver/Src/stm32g0xx_ll_usb.c ****       {
 2271              		.loc 1 733 10 view .LVU680
 2272 0036 012B     		cmp	r3, #1
 2273 0038 0BD0     		beq	.L115
 736:Drivers/STM32G0xx_HAL_Driver/Src/stm32g0xx_ll_usb.c ****       }
 2274              		.loc 1 736 9 is_stmt 1 view .LVU681
 2275              	.LBB61:
 736:Drivers/STM32G0xx_HAL_Driver/Src/stm32g0xx_ll_usb.c ****       }
 2276              		.loc 1 736 9 view .LVU682
 736:Drivers/STM32G0xx_HAL_Driver/Src/stm32g0xx_ll_usb.c ****       }
 2277              		.loc 1 736 9 view .LVU683
 2278 003a 0B78     		ldrb	r3, [r1]
 2279 003c 9B00     		lsls	r3, r3, #2
 2280 003e C318     		adds	r3, r0, r3
ARM GAS  C:\Users\Domagoj\AppData\Local\Temp\ccdbAIX0.s 			page 58


 2281 0040 1A68     		ldr	r2, [r3]
 2282 0042 1049     		ldr	r1, .L118+8
 2283              	.LVL210:
 736:Drivers/STM32G0xx_HAL_Driver/Src/stm32g0xx_ll_usb.c ****       }
 2284              		.loc 1 736 9 is_stmt 0 view .LVU684
 2285 0044 0A40     		ands	r2, r1
 2286              	.LVL211:
 736:Drivers/STM32G0xx_HAL_Driver/Src/stm32g0xx_ll_usb.c ****       }
 2287              		.loc 1 736 9 is_stmt 1 view .LVU685
 736:Drivers/STM32G0xx_HAL_Driver/Src/stm32g0xx_ll_usb.c ****       }
 2288              		.loc 1 736 9 discriminator 3 view .LVU686
 736:Drivers/STM32G0xx_HAL_Driver/Src/stm32g0xx_ll_usb.c ****       }
 2289              		.loc 1 736 9 discriminator 4 view .LVU687
 2290 0046 2021     		movs	r1, #32
 2291 0048 4A40     		eors	r2, r1
 2292              	.LVL212:
 736:Drivers/STM32G0xx_HAL_Driver/Src/stm32g0xx_ll_usb.c ****       }
 2293              		.loc 1 736 9 discriminator 6 view .LVU688
 2294 004a 0D49     		ldr	r1, .L118+4
 2295 004c 0A43     		orrs	r2, r1
 2296              	.LVL213:
 736:Drivers/STM32G0xx_HAL_Driver/Src/stm32g0xx_ll_usb.c ****       }
 2297              		.loc 1 736 9 is_stmt 0 discriminator 6 view .LVU689
 2298 004e 1A60     		str	r2, [r3]
 2299              	.LBE61:
 736:Drivers/STM32G0xx_HAL_Driver/Src/stm32g0xx_ll_usb.c ****       }
 2300              		.loc 1 736 9 is_stmt 1 view .LVU690
 2301 0050 EBE7     		b	.L114
 2302              	.LVL214:
 2303              	.L115:
 741:Drivers/STM32G0xx_HAL_Driver/Src/stm32g0xx_ll_usb.c ****       }
 2304              		.loc 1 741 9 view .LVU691
 2305              	.LBB62:
 741:Drivers/STM32G0xx_HAL_Driver/Src/stm32g0xx_ll_usb.c ****       }
 2306              		.loc 1 741 9 view .LVU692
 741:Drivers/STM32G0xx_HAL_Driver/Src/stm32g0xx_ll_usb.c ****       }
 2307              		.loc 1 741 9 view .LVU693
 2308 0052 0B78     		ldrb	r3, [r1]
 2309 0054 9B00     		lsls	r3, r3, #2
 2310 0056 C318     		adds	r3, r0, r3
 2311 0058 1968     		ldr	r1, [r3]
 2312              	.LVL215:
 741:Drivers/STM32G0xx_HAL_Driver/Src/stm32g0xx_ll_usb.c ****       }
 2313              		.loc 1 741 9 is_stmt 0 view .LVU694
 2314 005a 0A4A     		ldr	r2, .L118+8
 2315 005c 1140     		ands	r1, r2
 2316              	.LVL216:
 741:Drivers/STM32G0xx_HAL_Driver/Src/stm32g0xx_ll_usb.c ****       }
 2317              		.loc 1 741 9 is_stmt 1 view .LVU695
 741:Drivers/STM32G0xx_HAL_Driver/Src/stm32g0xx_ll_usb.c ****       }
 2318              		.loc 1 741 9 discriminator 3 view .LVU696
 741:Drivers/STM32G0xx_HAL_Driver/Src/stm32g0xx_ll_usb.c ****       }
 2319              		.loc 1 741 9 discriminator 6 view .LVU697
 2320 005e 084A     		ldr	r2, .L118+4
 2321 0060 0A43     		orrs	r2, r1
 2322 0062 1A60     		str	r2, [r3]
 2323 0064 E1E7     		b	.L114
ARM GAS  C:\Users\Domagoj\AppData\Local\Temp\ccdbAIX0.s 			page 59


 2324              	.LVL217:
 2325              	.L116:
 741:Drivers/STM32G0xx_HAL_Driver/Src/stm32g0xx_ll_usb.c ****       }
 2326              		.loc 1 741 9 is_stmt 0 discriminator 6 view .LVU698
 2327              	.LBE62:
 757:Drivers/STM32G0xx_HAL_Driver/Src/stm32g0xx_ll_usb.c ****       }
 2328              		.loc 1 757 9 is_stmt 1 view .LVU699
 2329              	.LBB63:
 757:Drivers/STM32G0xx_HAL_Driver/Src/stm32g0xx_ll_usb.c ****       }
 2330              		.loc 1 757 9 view .LVU700
 757:Drivers/STM32G0xx_HAL_Driver/Src/stm32g0xx_ll_usb.c ****       }
 2331              		.loc 1 757 9 view .LVU701
 2332 0066 0B78     		ldrb	r3, [r1]
 2333 0068 9B00     		lsls	r3, r3, #2
 2334 006a C018     		adds	r0, r0, r3
 2335              	.LVL218:
 757:Drivers/STM32G0xx_HAL_Driver/Src/stm32g0xx_ll_usb.c ****       }
 2336              		.loc 1 757 9 is_stmt 0 view .LVU702
 2337 006c 0268     		ldr	r2, [r0]
 2338 006e 034B     		ldr	r3, .L118
 2339 0070 1A40     		ands	r2, r3
 2340              	.LVL219:
 757:Drivers/STM32G0xx_HAL_Driver/Src/stm32g0xx_ll_usb.c ****       }
 2341              		.loc 1 757 9 is_stmt 1 view .LVU703
 757:Drivers/STM32G0xx_HAL_Driver/Src/stm32g0xx_ll_usb.c ****       }
 2342              		.loc 1 757 9 discriminator 3 view .LVU704
 757:Drivers/STM32G0xx_HAL_Driver/Src/stm32g0xx_ll_usb.c ****       }
 2343              		.loc 1 757 9 discriminator 6 view .LVU705
 2344 0072 034B     		ldr	r3, .L118+4
 2345 0074 1343     		orrs	r3, r2
 2346 0076 0360     		str	r3, [r0]
 2347 0078 D7E7     		b	.L114
 2348              	.L119:
 2349 007a C046     		.align	2
 2350              	.L118:
 2351 007c 8FBFFF07 		.word	134201231
 2352 0080 80800000 		.word	32896
 2353 0084 BF8FFF07 		.word	134188991
 2354              	.LBE63:
 2355              		.cfi_endproc
 2356              	.LFE379:
 2358              		.section	.text.USB_StopDevice,"ax",%progbits
 2359              		.align	1
 2360              		.global	USB_StopDevice
 2361              		.syntax unified
 2362              		.code	16
 2363              		.thumb_func
 2365              	USB_StopDevice:
 2366              	.LVL220:
 2367              	.LFB380:
 764:Drivers/STM32G0xx_HAL_Driver/Src/stm32g0xx_ll_usb.c **** #endif /* defined (HAL_PCD_MODULE_ENABLED) */
 765:Drivers/STM32G0xx_HAL_Driver/Src/stm32g0xx_ll_usb.c **** 
 766:Drivers/STM32G0xx_HAL_Driver/Src/stm32g0xx_ll_usb.c **** /**
 767:Drivers/STM32G0xx_HAL_Driver/Src/stm32g0xx_ll_usb.c ****   * @brief  USB_StopDevice Stop the usb device mode
 768:Drivers/STM32G0xx_HAL_Driver/Src/stm32g0xx_ll_usb.c ****   * @param  USBx Selected device
 769:Drivers/STM32G0xx_HAL_Driver/Src/stm32g0xx_ll_usb.c ****   * @retval HAL status
 770:Drivers/STM32G0xx_HAL_Driver/Src/stm32g0xx_ll_usb.c ****   */
ARM GAS  C:\Users\Domagoj\AppData\Local\Temp\ccdbAIX0.s 			page 60


 771:Drivers/STM32G0xx_HAL_Driver/Src/stm32g0xx_ll_usb.c **** HAL_StatusTypeDef USB_StopDevice(USB_DRD_TypeDef *USBx)
 772:Drivers/STM32G0xx_HAL_Driver/Src/stm32g0xx_ll_usb.c **** {
 2368              		.loc 1 772 1 view -0
 2369              		.cfi_startproc
 2370              		@ args = 0, pretend = 0, frame = 0
 2371              		@ frame_needed = 0, uses_anonymous_args = 0
 2372              		@ link register save eliminated.
 773:Drivers/STM32G0xx_HAL_Driver/Src/stm32g0xx_ll_usb.c ****   /* disable all interrupts and force USB reset */
 774:Drivers/STM32G0xx_HAL_Driver/Src/stm32g0xx_ll_usb.c ****   USBx->CNTR = USB_CNTR_USBRST;
 2373              		.loc 1 774 3 view .LVU707
 2374              		.loc 1 774 14 is_stmt 0 view .LVU708
 2375 0000 0123     		movs	r3, #1
 2376 0002 0364     		str	r3, [r0, #64]
 775:Drivers/STM32G0xx_HAL_Driver/Src/stm32g0xx_ll_usb.c **** 
 776:Drivers/STM32G0xx_HAL_Driver/Src/stm32g0xx_ll_usb.c ****   /* clear interrupt status register */
 777:Drivers/STM32G0xx_HAL_Driver/Src/stm32g0xx_ll_usb.c ****   USBx->ISTR = 0U;
 2377              		.loc 1 777 3 is_stmt 1 view .LVU709
 2378              		.loc 1 777 14 is_stmt 0 view .LVU710
 2379 0004 0023     		movs	r3, #0
 2380 0006 4364     		str	r3, [r0, #68]
 778:Drivers/STM32G0xx_HAL_Driver/Src/stm32g0xx_ll_usb.c **** 
 779:Drivers/STM32G0xx_HAL_Driver/Src/stm32g0xx_ll_usb.c ****   /* switch-off device */
 780:Drivers/STM32G0xx_HAL_Driver/Src/stm32g0xx_ll_usb.c ****   USBx->CNTR = (USB_CNTR_USBRST | USB_CNTR_PDWN);
 2381              		.loc 1 780 3 is_stmt 1 view .LVU711
 2382              		.loc 1 780 14 is_stmt 0 view .LVU712
 2383 0008 0333     		adds	r3, r3, #3
 2384 000a 0364     		str	r3, [r0, #64]
 781:Drivers/STM32G0xx_HAL_Driver/Src/stm32g0xx_ll_usb.c **** 
 782:Drivers/STM32G0xx_HAL_Driver/Src/stm32g0xx_ll_usb.c ****   return HAL_OK;
 2385              		.loc 1 782 3 is_stmt 1 view .LVU713
 783:Drivers/STM32G0xx_HAL_Driver/Src/stm32g0xx_ll_usb.c **** }
 2386              		.loc 1 783 1 is_stmt 0 view .LVU714
 2387 000c 0020     		movs	r0, #0
 2388              	.LVL221:
 2389              		.loc 1 783 1 view .LVU715
 2390              		@ sp needed
 2391 000e 7047     		bx	lr
 2392              		.cfi_endproc
 2393              	.LFE380:
 2395              		.section	.text.USB_SetDevAddress,"ax",%progbits
 2396              		.align	1
 2397              		.global	USB_SetDevAddress
 2398              		.syntax unified
 2399              		.code	16
 2400              		.thumb_func
 2402              	USB_SetDevAddress:
 2403              	.LVL222:
 2404              	.LFB381:
 784:Drivers/STM32G0xx_HAL_Driver/Src/stm32g0xx_ll_usb.c **** 
 785:Drivers/STM32G0xx_HAL_Driver/Src/stm32g0xx_ll_usb.c **** /**
 786:Drivers/STM32G0xx_HAL_Driver/Src/stm32g0xx_ll_usb.c ****   * @brief  USB_SetDevAddress Stop the usb device mode
 787:Drivers/STM32G0xx_HAL_Driver/Src/stm32g0xx_ll_usb.c ****   * @param  USBx Selected device
 788:Drivers/STM32G0xx_HAL_Driver/Src/stm32g0xx_ll_usb.c ****   * @param  address new device address to be assigned
 789:Drivers/STM32G0xx_HAL_Driver/Src/stm32g0xx_ll_usb.c ****   *          This parameter can be a value from 0 to 255
 790:Drivers/STM32G0xx_HAL_Driver/Src/stm32g0xx_ll_usb.c ****   * @retval HAL status
 791:Drivers/STM32G0xx_HAL_Driver/Src/stm32g0xx_ll_usb.c ****   */
 792:Drivers/STM32G0xx_HAL_Driver/Src/stm32g0xx_ll_usb.c **** HAL_StatusTypeDef  USB_SetDevAddress(USB_DRD_TypeDef *USBx, uint8_t address)
ARM GAS  C:\Users\Domagoj\AppData\Local\Temp\ccdbAIX0.s 			page 61


 793:Drivers/STM32G0xx_HAL_Driver/Src/stm32g0xx_ll_usb.c **** {
 2405              		.loc 1 793 1 is_stmt 1 view -0
 2406              		.cfi_startproc
 2407              		@ args = 0, pretend = 0, frame = 0
 2408              		@ frame_needed = 0, uses_anonymous_args = 0
 2409              		@ link register save eliminated.
 794:Drivers/STM32G0xx_HAL_Driver/Src/stm32g0xx_ll_usb.c ****   if (address == 0U)
 2410              		.loc 1 794 3 view .LVU717
 2411              		.loc 1 794 6 is_stmt 0 view .LVU718
 2412 0000 0029     		cmp	r1, #0
 2413 0002 01D1     		bne	.L122
 795:Drivers/STM32G0xx_HAL_Driver/Src/stm32g0xx_ll_usb.c ****   {
 796:Drivers/STM32G0xx_HAL_Driver/Src/stm32g0xx_ll_usb.c ****     /* set device address and enable function */
 797:Drivers/STM32G0xx_HAL_Driver/Src/stm32g0xx_ll_usb.c ****     USBx->DADDR = USB_DADDR_EF;
 2414              		.loc 1 797 5 is_stmt 1 view .LVU719
 2415              		.loc 1 797 17 is_stmt 0 view .LVU720
 2416 0004 8023     		movs	r3, #128
 2417 0006 C364     		str	r3, [r0, #76]
 2418              	.L122:
 798:Drivers/STM32G0xx_HAL_Driver/Src/stm32g0xx_ll_usb.c ****   }
 799:Drivers/STM32G0xx_HAL_Driver/Src/stm32g0xx_ll_usb.c **** 
 800:Drivers/STM32G0xx_HAL_Driver/Src/stm32g0xx_ll_usb.c ****   return HAL_OK;
 2419              		.loc 1 800 3 is_stmt 1 view .LVU721
 801:Drivers/STM32G0xx_HAL_Driver/Src/stm32g0xx_ll_usb.c **** }
 2420              		.loc 1 801 1 is_stmt 0 view .LVU722
 2421 0008 0020     		movs	r0, #0
 2422              	.LVL223:
 2423              		.loc 1 801 1 view .LVU723
 2424              		@ sp needed
 2425 000a 7047     		bx	lr
 2426              		.cfi_endproc
 2427              	.LFE381:
 2429              		.section	.text.USB_DevConnect,"ax",%progbits
 2430              		.align	1
 2431              		.global	USB_DevConnect
 2432              		.syntax unified
 2433              		.code	16
 2434              		.thumb_func
 2436              	USB_DevConnect:
 2437              	.LVL224:
 2438              	.LFB382:
 802:Drivers/STM32G0xx_HAL_Driver/Src/stm32g0xx_ll_usb.c **** 
 803:Drivers/STM32G0xx_HAL_Driver/Src/stm32g0xx_ll_usb.c **** /**
 804:Drivers/STM32G0xx_HAL_Driver/Src/stm32g0xx_ll_usb.c ****   * @brief  USB_DevConnect Connect the USB device by enabling the pull-up/pull-down
 805:Drivers/STM32G0xx_HAL_Driver/Src/stm32g0xx_ll_usb.c ****   * @param  USBx Selected device
 806:Drivers/STM32G0xx_HAL_Driver/Src/stm32g0xx_ll_usb.c ****   * @retval HAL status
 807:Drivers/STM32G0xx_HAL_Driver/Src/stm32g0xx_ll_usb.c ****   */
 808:Drivers/STM32G0xx_HAL_Driver/Src/stm32g0xx_ll_usb.c **** HAL_StatusTypeDef  USB_DevConnect(USB_DRD_TypeDef *USBx)
 809:Drivers/STM32G0xx_HAL_Driver/Src/stm32g0xx_ll_usb.c **** {
 2439              		.loc 1 809 1 is_stmt 1 view -0
 2440              		.cfi_startproc
 2441              		@ args = 0, pretend = 0, frame = 0
 2442              		@ frame_needed = 0, uses_anonymous_args = 0
 2443              		@ link register save eliminated.
 810:Drivers/STM32G0xx_HAL_Driver/Src/stm32g0xx_ll_usb.c ****   /* Enabling DP Pull-UP bit to Connect internal PU resistor on USB DP line */
 811:Drivers/STM32G0xx_HAL_Driver/Src/stm32g0xx_ll_usb.c ****   USBx->BCDR |= USB_BCDR_DPPU;
 2444              		.loc 1 811 3 view .LVU725
ARM GAS  C:\Users\Domagoj\AppData\Local\Temp\ccdbAIX0.s 			page 62


 2445              		.loc 1 811 7 is_stmt 0 view .LVU726
 2446 0000 826D     		ldr	r2, [r0, #88]
 2447              		.loc 1 811 14 view .LVU727
 2448 0002 8023     		movs	r3, #128
 2449 0004 1B02     		lsls	r3, r3, #8
 2450 0006 1343     		orrs	r3, r2
 2451 0008 8365     		str	r3, [r0, #88]
 812:Drivers/STM32G0xx_HAL_Driver/Src/stm32g0xx_ll_usb.c **** 
 813:Drivers/STM32G0xx_HAL_Driver/Src/stm32g0xx_ll_usb.c ****   return HAL_OK;
 2452              		.loc 1 813 3 is_stmt 1 view .LVU728
 814:Drivers/STM32G0xx_HAL_Driver/Src/stm32g0xx_ll_usb.c **** }
 2453              		.loc 1 814 1 is_stmt 0 view .LVU729
 2454 000a 0020     		movs	r0, #0
 2455              	.LVL225:
 2456              		.loc 1 814 1 view .LVU730
 2457              		@ sp needed
 2458 000c 7047     		bx	lr
 2459              		.cfi_endproc
 2460              	.LFE382:
 2462              		.section	.text.USB_DevDisconnect,"ax",%progbits
 2463              		.align	1
 2464              		.global	USB_DevDisconnect
 2465              		.syntax unified
 2466              		.code	16
 2467              		.thumb_func
 2469              	USB_DevDisconnect:
 2470              	.LVL226:
 2471              	.LFB383:
 815:Drivers/STM32G0xx_HAL_Driver/Src/stm32g0xx_ll_usb.c **** 
 816:Drivers/STM32G0xx_HAL_Driver/Src/stm32g0xx_ll_usb.c **** /**
 817:Drivers/STM32G0xx_HAL_Driver/Src/stm32g0xx_ll_usb.c ****   * @brief  USB_DevDisconnect Disconnect the USB device by disabling the pull-up/pull-down
 818:Drivers/STM32G0xx_HAL_Driver/Src/stm32g0xx_ll_usb.c ****   * @param  USBx Selected device
 819:Drivers/STM32G0xx_HAL_Driver/Src/stm32g0xx_ll_usb.c ****   * @retval HAL status
 820:Drivers/STM32G0xx_HAL_Driver/Src/stm32g0xx_ll_usb.c ****   */
 821:Drivers/STM32G0xx_HAL_Driver/Src/stm32g0xx_ll_usb.c **** HAL_StatusTypeDef  USB_DevDisconnect(USB_DRD_TypeDef *USBx)
 822:Drivers/STM32G0xx_HAL_Driver/Src/stm32g0xx_ll_usb.c **** {
 2472              		.loc 1 822 1 is_stmt 1 view -0
 2473              		.cfi_startproc
 2474              		@ args = 0, pretend = 0, frame = 0
 2475              		@ frame_needed = 0, uses_anonymous_args = 0
 2476              		@ link register save eliminated.
 823:Drivers/STM32G0xx_HAL_Driver/Src/stm32g0xx_ll_usb.c ****   /* Disable DP Pull-Up bit to disconnect the Internal PU resistor on USB DP line */
 824:Drivers/STM32G0xx_HAL_Driver/Src/stm32g0xx_ll_usb.c ****   USBx->BCDR &= ~(USB_BCDR_DPPU);
 2477              		.loc 1 824 3 view .LVU732
 2478              		.loc 1 824 7 is_stmt 0 view .LVU733
 2479 0000 836D     		ldr	r3, [r0, #88]
 2480              		.loc 1 824 14 view .LVU734
 2481 0002 024A     		ldr	r2, .L125
 2482 0004 1340     		ands	r3, r2
 2483 0006 8365     		str	r3, [r0, #88]
 825:Drivers/STM32G0xx_HAL_Driver/Src/stm32g0xx_ll_usb.c **** 
 826:Drivers/STM32G0xx_HAL_Driver/Src/stm32g0xx_ll_usb.c ****   return HAL_OK;
 2484              		.loc 1 826 3 is_stmt 1 view .LVU735
 827:Drivers/STM32G0xx_HAL_Driver/Src/stm32g0xx_ll_usb.c **** }
 2485              		.loc 1 827 1 is_stmt 0 view .LVU736
 2486 0008 0020     		movs	r0, #0
 2487              	.LVL227:
ARM GAS  C:\Users\Domagoj\AppData\Local\Temp\ccdbAIX0.s 			page 63


 2488              		.loc 1 827 1 view .LVU737
 2489              		@ sp needed
 2490 000a 7047     		bx	lr
 2491              	.L126:
 2492              		.align	2
 2493              	.L125:
 2494 000c FF7FFFFF 		.word	-32769
 2495              		.cfi_endproc
 2496              	.LFE383:
 2498              		.section	.text.USB_ReadInterrupts,"ax",%progbits
 2499              		.align	1
 2500              		.global	USB_ReadInterrupts
 2501              		.syntax unified
 2502              		.code	16
 2503              		.thumb_func
 2505              	USB_ReadInterrupts:
 2506              	.LVL228:
 2507              	.LFB384:
 828:Drivers/STM32G0xx_HAL_Driver/Src/stm32g0xx_ll_usb.c **** 
 829:Drivers/STM32G0xx_HAL_Driver/Src/stm32g0xx_ll_usb.c **** /**
 830:Drivers/STM32G0xx_HAL_Driver/Src/stm32g0xx_ll_usb.c ****   * @brief  USB_ReadInterrupts return the global USB interrupt status
 831:Drivers/STM32G0xx_HAL_Driver/Src/stm32g0xx_ll_usb.c ****   * @param  USBx Selected device
 832:Drivers/STM32G0xx_HAL_Driver/Src/stm32g0xx_ll_usb.c ****   * @retval USB Global Interrupt status
 833:Drivers/STM32G0xx_HAL_Driver/Src/stm32g0xx_ll_usb.c ****   */
 834:Drivers/STM32G0xx_HAL_Driver/Src/stm32g0xx_ll_usb.c **** uint32_t USB_ReadInterrupts(USB_DRD_TypeDef const *USBx)
 835:Drivers/STM32G0xx_HAL_Driver/Src/stm32g0xx_ll_usb.c **** {
 2508              		.loc 1 835 1 is_stmt 1 view -0
 2509              		.cfi_startproc
 2510              		@ args = 0, pretend = 0, frame = 0
 2511              		@ frame_needed = 0, uses_anonymous_args = 0
 2512              		@ link register save eliminated.
 836:Drivers/STM32G0xx_HAL_Driver/Src/stm32g0xx_ll_usb.c ****   uint32_t tmpreg;
 2513              		.loc 1 836 3 view .LVU739
 837:Drivers/STM32G0xx_HAL_Driver/Src/stm32g0xx_ll_usb.c **** 
 838:Drivers/STM32G0xx_HAL_Driver/Src/stm32g0xx_ll_usb.c ****   tmpreg = USBx->ISTR;
 2514              		.loc 1 838 3 view .LVU740
 2515              		.loc 1 838 10 is_stmt 0 view .LVU741
 2516 0000 406C     		ldr	r0, [r0, #68]
 2517              	.LVL229:
 839:Drivers/STM32G0xx_HAL_Driver/Src/stm32g0xx_ll_usb.c ****   return tmpreg;
 2518              		.loc 1 839 3 is_stmt 1 view .LVU742
 840:Drivers/STM32G0xx_HAL_Driver/Src/stm32g0xx_ll_usb.c **** }
 2519              		.loc 1 840 1 is_stmt 0 view .LVU743
 2520              		@ sp needed
 2521 0002 7047     		bx	lr
 2522              		.cfi_endproc
 2523              	.LFE384:
 2525              		.section	.text.USB_ActivateRemoteWakeup,"ax",%progbits
 2526              		.align	1
 2527              		.global	USB_ActivateRemoteWakeup
 2528              		.syntax unified
 2529              		.code	16
 2530              		.thumb_func
 2532              	USB_ActivateRemoteWakeup:
 2533              	.LVL230:
 2534              	.LFB385:
 841:Drivers/STM32G0xx_HAL_Driver/Src/stm32g0xx_ll_usb.c **** 
ARM GAS  C:\Users\Domagoj\AppData\Local\Temp\ccdbAIX0.s 			page 64


 842:Drivers/STM32G0xx_HAL_Driver/Src/stm32g0xx_ll_usb.c **** /**
 843:Drivers/STM32G0xx_HAL_Driver/Src/stm32g0xx_ll_usb.c ****   * @brief  USB_ActivateRemoteWakeup : active remote wakeup signalling
 844:Drivers/STM32G0xx_HAL_Driver/Src/stm32g0xx_ll_usb.c ****   * @param  USBx Selected device
 845:Drivers/STM32G0xx_HAL_Driver/Src/stm32g0xx_ll_usb.c ****   * @retval HAL status
 846:Drivers/STM32G0xx_HAL_Driver/Src/stm32g0xx_ll_usb.c ****   */
 847:Drivers/STM32G0xx_HAL_Driver/Src/stm32g0xx_ll_usb.c **** HAL_StatusTypeDef USB_ActivateRemoteWakeup(USB_DRD_TypeDef *USBx)
 848:Drivers/STM32G0xx_HAL_Driver/Src/stm32g0xx_ll_usb.c **** {
 2535              		.loc 1 848 1 is_stmt 1 view -0
 2536              		.cfi_startproc
 2537              		@ args = 0, pretend = 0, frame = 0
 2538              		@ frame_needed = 0, uses_anonymous_args = 0
 2539              		@ link register save eliminated.
 849:Drivers/STM32G0xx_HAL_Driver/Src/stm32g0xx_ll_usb.c ****   USBx->CNTR |= USB_CNTR_L2RES;
 2540              		.loc 1 849 3 view .LVU745
 2541              		.loc 1 849 7 is_stmt 0 view .LVU746
 2542 0000 036C     		ldr	r3, [r0, #64]
 2543              		.loc 1 849 14 view .LVU747
 2544 0002 1022     		movs	r2, #16
 2545 0004 1343     		orrs	r3, r2
 2546 0006 0364     		str	r3, [r0, #64]
 850:Drivers/STM32G0xx_HAL_Driver/Src/stm32g0xx_ll_usb.c **** 
 851:Drivers/STM32G0xx_HAL_Driver/Src/stm32g0xx_ll_usb.c ****   return HAL_OK;
 2547              		.loc 1 851 3 is_stmt 1 view .LVU748
 852:Drivers/STM32G0xx_HAL_Driver/Src/stm32g0xx_ll_usb.c **** }
 2548              		.loc 1 852 1 is_stmt 0 view .LVU749
 2549 0008 0020     		movs	r0, #0
 2550              	.LVL231:
 2551              		.loc 1 852 1 view .LVU750
 2552              		@ sp needed
 2553 000a 7047     		bx	lr
 2554              		.cfi_endproc
 2555              	.LFE385:
 2557              		.section	.text.USB_DeActivateRemoteWakeup,"ax",%progbits
 2558              		.align	1
 2559              		.global	USB_DeActivateRemoteWakeup
 2560              		.syntax unified
 2561              		.code	16
 2562              		.thumb_func
 2564              	USB_DeActivateRemoteWakeup:
 2565              	.LVL232:
 2566              	.LFB386:
 853:Drivers/STM32G0xx_HAL_Driver/Src/stm32g0xx_ll_usb.c **** 
 854:Drivers/STM32G0xx_HAL_Driver/Src/stm32g0xx_ll_usb.c **** /**
 855:Drivers/STM32G0xx_HAL_Driver/Src/stm32g0xx_ll_usb.c ****   * @brief  USB_DeActivateRemoteWakeup de-active remote wakeup signalling
 856:Drivers/STM32G0xx_HAL_Driver/Src/stm32g0xx_ll_usb.c ****   * @param  USBx Selected device
 857:Drivers/STM32G0xx_HAL_Driver/Src/stm32g0xx_ll_usb.c ****   * @retval HAL status
 858:Drivers/STM32G0xx_HAL_Driver/Src/stm32g0xx_ll_usb.c ****   */
 859:Drivers/STM32G0xx_HAL_Driver/Src/stm32g0xx_ll_usb.c **** HAL_StatusTypeDef USB_DeActivateRemoteWakeup(USB_DRD_TypeDef *USBx)
 860:Drivers/STM32G0xx_HAL_Driver/Src/stm32g0xx_ll_usb.c **** {
 2567              		.loc 1 860 1 is_stmt 1 view -0
 2568              		.cfi_startproc
 2569              		@ args = 0, pretend = 0, frame = 0
 2570              		@ frame_needed = 0, uses_anonymous_args = 0
 2571              		@ link register save eliminated.
 861:Drivers/STM32G0xx_HAL_Driver/Src/stm32g0xx_ll_usb.c ****   USBx->CNTR &= ~USB_CNTR_L2RES;
 2572              		.loc 1 861 3 view .LVU752
 2573              		.loc 1 861 7 is_stmt 0 view .LVU753
ARM GAS  C:\Users\Domagoj\AppData\Local\Temp\ccdbAIX0.s 			page 65


 2574 0000 036C     		ldr	r3, [r0, #64]
 2575              		.loc 1 861 14 view .LVU754
 2576 0002 1022     		movs	r2, #16
 2577 0004 9343     		bics	r3, r2
 2578 0006 0364     		str	r3, [r0, #64]
 862:Drivers/STM32G0xx_HAL_Driver/Src/stm32g0xx_ll_usb.c **** 
 863:Drivers/STM32G0xx_HAL_Driver/Src/stm32g0xx_ll_usb.c ****   return HAL_OK;
 2579              		.loc 1 863 3 is_stmt 1 view .LVU755
 864:Drivers/STM32G0xx_HAL_Driver/Src/stm32g0xx_ll_usb.c **** }
 2580              		.loc 1 864 1 is_stmt 0 view .LVU756
 2581 0008 0020     		movs	r0, #0
 2582              	.LVL233:
 2583              		.loc 1 864 1 view .LVU757
 2584              		@ sp needed
 2585 000a 7047     		bx	lr
 2586              		.cfi_endproc
 2587              	.LFE386:
 2589              		.section	.text.USB_WritePMA,"ax",%progbits
 2590              		.align	1
 2591              		.global	USB_WritePMA
 2592              		.syntax unified
 2593              		.code	16
 2594              		.thumb_func
 2596              	USB_WritePMA:
 2597              	.LVL234:
 2598              	.LFB387:
 865:Drivers/STM32G0xx_HAL_Driver/Src/stm32g0xx_ll_usb.c **** 
 866:Drivers/STM32G0xx_HAL_Driver/Src/stm32g0xx_ll_usb.c **** /**
 867:Drivers/STM32G0xx_HAL_Driver/Src/stm32g0xx_ll_usb.c ****   * @brief Copy a buffer from user memory area to packet memory area (PMA)
 868:Drivers/STM32G0xx_HAL_Driver/Src/stm32g0xx_ll_usb.c ****   * @param   USBx USB peripheral instance register address.
 869:Drivers/STM32G0xx_HAL_Driver/Src/stm32g0xx_ll_usb.c ****   * @param   pbUsrBuf pointer to user memory area.
 870:Drivers/STM32G0xx_HAL_Driver/Src/stm32g0xx_ll_usb.c ****   * @param   wPMABufAddr address into PMA.
 871:Drivers/STM32G0xx_HAL_Driver/Src/stm32g0xx_ll_usb.c ****   * @param   wNBytes no. of bytes to be copied.
 872:Drivers/STM32G0xx_HAL_Driver/Src/stm32g0xx_ll_usb.c ****   * @retval None
 873:Drivers/STM32G0xx_HAL_Driver/Src/stm32g0xx_ll_usb.c ****   */
 874:Drivers/STM32G0xx_HAL_Driver/Src/stm32g0xx_ll_usb.c **** void USB_WritePMA(USB_DRD_TypeDef const *USBx, uint8_t *pbUsrBuf, uint16_t wPMABufAddr, uint16_t wN
 875:Drivers/STM32G0xx_HAL_Driver/Src/stm32g0xx_ll_usb.c **** {
 2599              		.loc 1 875 1 is_stmt 1 view -0
 2600              		.cfi_startproc
 2601              		@ args = 0, pretend = 0, frame = 0
 2602              		@ frame_needed = 0, uses_anonymous_args = 0
 2603              		.loc 1 875 1 is_stmt 0 view .LVU759
 2604 0000 70B5     		push	{r4, r5, r6, lr}
 2605              	.LCFI7:
 2606              		.cfi_def_cfa_offset 16
 2607              		.cfi_offset 4, -16
 2608              		.cfi_offset 5, -12
 2609              		.cfi_offset 6, -8
 2610              		.cfi_offset 14, -4
 876:Drivers/STM32G0xx_HAL_Driver/Src/stm32g0xx_ll_usb.c ****   UNUSED(USBx);
 2611              		.loc 1 876 3 is_stmt 1 view .LVU760
 877:Drivers/STM32G0xx_HAL_Driver/Src/stm32g0xx_ll_usb.c ****   uint32_t WrVal;
 2612              		.loc 1 877 3 view .LVU761
 878:Drivers/STM32G0xx_HAL_Driver/Src/stm32g0xx_ll_usb.c ****   uint32_t count;
 2613              		.loc 1 878 3 view .LVU762
 879:Drivers/STM32G0xx_HAL_Driver/Src/stm32g0xx_ll_usb.c ****   __IO uint32_t *pdwVal;
 2614              		.loc 1 879 3 view .LVU763
ARM GAS  C:\Users\Domagoj\AppData\Local\Temp\ccdbAIX0.s 			page 66


 880:Drivers/STM32G0xx_HAL_Driver/Src/stm32g0xx_ll_usb.c ****   uint32_t NbWords = ((uint32_t)wNBytes + 3U) >> 2U;
 2615              		.loc 1 880 3 view .LVU764
 2616              		.loc 1 880 41 is_stmt 0 view .LVU765
 2617 0002 DC1C     		adds	r4, r3, #3
 2618              		.loc 1 880 12 view .LVU766
 2619 0004 A408     		lsrs	r4, r4, #2
 2620              	.LVL235:
 881:Drivers/STM32G0xx_HAL_Driver/Src/stm32g0xx_ll_usb.c ****   /* Due to the PMA access 32bit only so the last non word data should be processed alone */
 882:Drivers/STM32G0xx_HAL_Driver/Src/stm32g0xx_ll_usb.c ****   uint16_t remaining_bytes = wNBytes % 4U;
 2621              		.loc 1 882 3 is_stmt 1 view .LVU767
 2622              		.loc 1 882 12 is_stmt 0 view .LVU768
 2623 0006 0320     		movs	r0, #3
 2624              	.LVL236:
 2625              		.loc 1 882 12 view .LVU769
 2626 0008 0500     		movs	r5, r0
 2627 000a 1D40     		ands	r5, r3
 2628              	.LVL237:
 883:Drivers/STM32G0xx_HAL_Driver/Src/stm32g0xx_ll_usb.c ****   uint8_t *pBuf = pbUsrBuf;
 2629              		.loc 1 883 3 is_stmt 1 view .LVU770
 884:Drivers/STM32G0xx_HAL_Driver/Src/stm32g0xx_ll_usb.c **** 
 885:Drivers/STM32G0xx_HAL_Driver/Src/stm32g0xx_ll_usb.c ****   /* Check if there is a remaining byte */
 886:Drivers/STM32G0xx_HAL_Driver/Src/stm32g0xx_ll_usb.c ****   if (remaining_bytes != 0U)
 2630              		.loc 1 886 3 view .LVU771
 2631              		.loc 1 886 6 is_stmt 0 view .LVU772
 2632 000c 1842     		tst	r0, r3
 2633 000e 00D0     		beq	.L131
 887:Drivers/STM32G0xx_HAL_Driver/Src/stm32g0xx_ll_usb.c ****   {
 888:Drivers/STM32G0xx_HAL_Driver/Src/stm32g0xx_ll_usb.c ****     NbWords--;
 2634              		.loc 1 888 5 is_stmt 1 view .LVU773
 2635              		.loc 1 888 12 is_stmt 0 view .LVU774
 2636 0010 013C     		subs	r4, r4, #1
 2637              	.LVL238:
 2638              	.L131:
 889:Drivers/STM32G0xx_HAL_Driver/Src/stm32g0xx_ll_usb.c ****   }
 890:Drivers/STM32G0xx_HAL_Driver/Src/stm32g0xx_ll_usb.c **** 
 891:Drivers/STM32G0xx_HAL_Driver/Src/stm32g0xx_ll_usb.c ****   /* Get the PMA Buffer pointer */
 892:Drivers/STM32G0xx_HAL_Driver/Src/stm32g0xx_ll_usb.c ****   pdwVal = (__IO uint32_t *)(USB_DRD_PMAADDR + (uint32_t)wPMABufAddr);
 2639              		.loc 1 892 3 is_stmt 1 view .LVU775
 2640              		.loc 1 892 46 is_stmt 0 view .LVU776
 2641 0012 114B     		ldr	r3, .L136
 2642              	.LVL239:
 2643              		.loc 1 892 46 view .LVU777
 2644 0014 9C46     		mov	ip, r3
 2645 0016 6244     		add	r2, r2, ip
 2646              	.LVL240:
 893:Drivers/STM32G0xx_HAL_Driver/Src/stm32g0xx_ll_usb.c **** 
 894:Drivers/STM32G0xx_HAL_Driver/Src/stm32g0xx_ll_usb.c ****   /* Write the Calculated Word into the PMA related Buffer */
 895:Drivers/STM32G0xx_HAL_Driver/Src/stm32g0xx_ll_usb.c ****   for (count = NbWords; count != 0U; count--)
 2647              		.loc 1 895 3 is_stmt 1 view .LVU778
 2648              		.loc 1 895 3 is_stmt 0 view .LVU779
 2649 0018 0CE0     		b	.L132
 2650              	.LVL241:
 2651              	.L133:
 896:Drivers/STM32G0xx_HAL_Driver/Src/stm32g0xx_ll_usb.c ****   {
 897:Drivers/STM32G0xx_HAL_Driver/Src/stm32g0xx_ll_usb.c ****     *pdwVal = __UNALIGNED_UINT32_READ(pBuf);
 2652              		.loc 1 897 5 is_stmt 1 view .LVU780
 2653              		.loc 1 897 15 is_stmt 0 view .LVU781
ARM GAS  C:\Users\Domagoj\AppData\Local\Temp\ccdbAIX0.s 			page 67


 2654 001a 0878     		ldrb	r0, [r1]
 2655 001c 4B78     		ldrb	r3, [r1, #1]
 2656 001e 1B02     		lsls	r3, r3, #8
 2657 0020 0343     		orrs	r3, r0
 2658 0022 8878     		ldrb	r0, [r1, #2]
 2659 0024 0004     		lsls	r0, r0, #16
 2660 0026 1843     		orrs	r0, r3
 2661 0028 CB78     		ldrb	r3, [r1, #3]
 2662 002a 1B06     		lsls	r3, r3, #24
 2663 002c 0343     		orrs	r3, r0
 2664              		.loc 1 897 13 view .LVU782
 2665 002e 08C2     		stmia	r2!, {r3}
 2666              	.LVL242:
 898:Drivers/STM32G0xx_HAL_Driver/Src/stm32g0xx_ll_usb.c ****     pdwVal++;
 2667              		.loc 1 898 5 is_stmt 1 view .LVU783
 899:Drivers/STM32G0xx_HAL_Driver/Src/stm32g0xx_ll_usb.c ****     /* Increment pBuf 4 Time as Word Increment */
 900:Drivers/STM32G0xx_HAL_Driver/Src/stm32g0xx_ll_usb.c ****     pBuf++;
 2668              		.loc 1 900 5 view .LVU784
 901:Drivers/STM32G0xx_HAL_Driver/Src/stm32g0xx_ll_usb.c ****     pBuf++;
 2669              		.loc 1 901 5 view .LVU785
 902:Drivers/STM32G0xx_HAL_Driver/Src/stm32g0xx_ll_usb.c ****     pBuf++;
 2670              		.loc 1 902 5 view .LVU786
 903:Drivers/STM32G0xx_HAL_Driver/Src/stm32g0xx_ll_usb.c ****     pBuf++;
 2671              		.loc 1 903 5 view .LVU787
 2672              		.loc 1 903 9 is_stmt 0 view .LVU788
 2673 0030 0431     		adds	r1, r1, #4
 2674              	.LVL243:
 895:Drivers/STM32G0xx_HAL_Driver/Src/stm32g0xx_ll_usb.c ****   {
 2675              		.loc 1 895 43 is_stmt 1 discriminator 3 view .LVU789
 2676 0032 013C     		subs	r4, r4, #1
 2677              	.LVL244:
 2678              	.L132:
 895:Drivers/STM32G0xx_HAL_Driver/Src/stm32g0xx_ll_usb.c ****   {
 2679              		.loc 1 895 31 discriminator 1 view .LVU790
 2680 0034 002C     		cmp	r4, #0
 2681 0036 F0D1     		bne	.L133
 904:Drivers/STM32G0xx_HAL_Driver/Src/stm32g0xx_ll_usb.c ****   }
 905:Drivers/STM32G0xx_HAL_Driver/Src/stm32g0xx_ll_usb.c **** 
 906:Drivers/STM32G0xx_HAL_Driver/Src/stm32g0xx_ll_usb.c ****   /* When Number of data is not word aligned, write the remaining Byte */
 907:Drivers/STM32G0xx_HAL_Driver/Src/stm32g0xx_ll_usb.c ****   if (remaining_bytes != 0U)
 2682              		.loc 1 907 3 view .LVU791
 2683              		.loc 1 907 6 is_stmt 0 view .LVU792
 2684 0038 002D     		cmp	r5, #0
 2685 003a 0BD0     		beq	.L130
 2686 003c 2000     		movs	r0, r4
 2687              	.LVL245:
 2688              	.L135:
 908:Drivers/STM32G0xx_HAL_Driver/Src/stm32g0xx_ll_usb.c ****   {
 909:Drivers/STM32G0xx_HAL_Driver/Src/stm32g0xx_ll_usb.c ****     WrVal = 0U;
 910:Drivers/STM32G0xx_HAL_Driver/Src/stm32g0xx_ll_usb.c **** 
 911:Drivers/STM32G0xx_HAL_Driver/Src/stm32g0xx_ll_usb.c ****     do
 2689              		.loc 1 911 5 is_stmt 1 view .LVU793
 912:Drivers/STM32G0xx_HAL_Driver/Src/stm32g0xx_ll_usb.c ****     {
 913:Drivers/STM32G0xx_HAL_Driver/Src/stm32g0xx_ll_usb.c ****       WrVal |= (uint32_t)(*(uint8_t *)pBuf) << (8U * count);
 2690              		.loc 1 913 7 view .LVU794
 2691              		.loc 1 913 27 is_stmt 0 view .LVU795
 2692 003e 0B78     		ldrb	r3, [r1]
ARM GAS  C:\Users\Domagoj\AppData\Local\Temp\ccdbAIX0.s 			page 68


 2693              		.loc 1 913 52 view .LVU796
 2694 0040 C600     		lsls	r6, r0, #3
 2695              		.loc 1 913 45 view .LVU797
 2696 0042 B340     		lsls	r3, r3, r6
 2697              		.loc 1 913 13 view .LVU798
 2698 0044 1C43     		orrs	r4, r3
 2699              	.LVL246:
 914:Drivers/STM32G0xx_HAL_Driver/Src/stm32g0xx_ll_usb.c ****       count++;
 2700              		.loc 1 914 7 is_stmt 1 view .LVU799
 2701              		.loc 1 914 12 is_stmt 0 view .LVU800
 2702 0046 0130     		adds	r0, r0, #1
 2703              	.LVL247:
 915:Drivers/STM32G0xx_HAL_Driver/Src/stm32g0xx_ll_usb.c ****       pBuf++;
 2704              		.loc 1 915 7 is_stmt 1 view .LVU801
 2705              		.loc 1 915 11 is_stmt 0 view .LVU802
 2706 0048 0131     		adds	r1, r1, #1
 2707              	.LVL248:
 916:Drivers/STM32G0xx_HAL_Driver/Src/stm32g0xx_ll_usb.c ****       remaining_bytes--;
 2708              		.loc 1 916 7 is_stmt 1 view .LVU803
 2709              		.loc 1 916 22 is_stmt 0 view .LVU804
 2710 004a 013D     		subs	r5, r5, #1
 2711              	.LVL249:
 2712              		.loc 1 916 22 view .LVU805
 2713 004c ADB2     		uxth	r5, r5
 2714              	.LVL250:
 917:Drivers/STM32G0xx_HAL_Driver/Src/stm32g0xx_ll_usb.c ****     } while (remaining_bytes != 0U);
 2715              		.loc 1 917 30 is_stmt 1 discriminator 1 view .LVU806
 2716 004e 002D     		cmp	r5, #0
 2717 0050 F5D1     		bne	.L135
 918:Drivers/STM32G0xx_HAL_Driver/Src/stm32g0xx_ll_usb.c **** 
 919:Drivers/STM32G0xx_HAL_Driver/Src/stm32g0xx_ll_usb.c ****     *pdwVal = WrVal;
 2718              		.loc 1 919 5 view .LVU807
 2719              		.loc 1 919 13 is_stmt 0 view .LVU808
 2720 0052 1460     		str	r4, [r2]
 2721              	.LVL251:
 2722              	.L130:
 920:Drivers/STM32G0xx_HAL_Driver/Src/stm32g0xx_ll_usb.c ****   }
 921:Drivers/STM32G0xx_HAL_Driver/Src/stm32g0xx_ll_usb.c **** }
 2723              		.loc 1 921 1 view .LVU809
 2724              		@ sp needed
 2725              	.LVL252:
 2726              		.loc 1 921 1 view .LVU810
 2727 0054 70BD     		pop	{r4, r5, r6, pc}
 2728              	.L137:
 2729 0056 C046     		.align	2
 2730              	.L136:
 2731 0058 00980040 		.word	1073780736
 2732              		.cfi_endproc
 2733              	.LFE387:
 2735              		.section	.text.USB_EPStartXfer,"ax",%progbits
 2736              		.align	1
 2737              		.global	USB_EPStartXfer
 2738              		.syntax unified
 2739              		.code	16
 2740              		.thumb_func
 2742              	USB_EPStartXfer:
 2743              	.LVL253:
ARM GAS  C:\Users\Domagoj\AppData\Local\Temp\ccdbAIX0.s 			page 69


 2744              	.LFB376:
 464:Drivers/STM32G0xx_HAL_Driver/Src/stm32g0xx_ll_usb.c ****   uint32_t len;
 2745              		.loc 1 464 1 is_stmt 1 view -0
 2746              		.cfi_startproc
 2747              		@ args = 0, pretend = 0, frame = 0
 2748              		@ frame_needed = 0, uses_anonymous_args = 0
 464:Drivers/STM32G0xx_HAL_Driver/Src/stm32g0xx_ll_usb.c ****   uint32_t len;
 2749              		.loc 1 464 1 is_stmt 0 view .LVU812
 2750 0000 70B5     		push	{r4, r5, r6, lr}
 2751              	.LCFI8:
 2752              		.cfi_def_cfa_offset 16
 2753              		.cfi_offset 4, -16
 2754              		.cfi_offset 5, -12
 2755              		.cfi_offset 6, -8
 2756              		.cfi_offset 14, -4
 2757 0002 0500     		movs	r5, r0
 2758 0004 0C00     		movs	r4, r1
 465:Drivers/STM32G0xx_HAL_Driver/Src/stm32g0xx_ll_usb.c **** #if (USE_USB_DOUBLE_BUFFER == 1U)
 2759              		.loc 1 465 3 is_stmt 1 view .LVU813
 467:Drivers/STM32G0xx_HAL_Driver/Src/stm32g0xx_ll_usb.c ****   uint16_t wEPVal;
 2760              		.loc 1 467 3 view .LVU814
 468:Drivers/STM32G0xx_HAL_Driver/Src/stm32g0xx_ll_usb.c **** #endif /* (USE_USB_DOUBLE_BUFFER == 1U) */
 2761              		.loc 1 468 3 view .LVU815
 472:Drivers/STM32G0xx_HAL_Driver/Src/stm32g0xx_ll_usb.c ****   {
 2762              		.loc 1 472 3 view .LVU816
 472:Drivers/STM32G0xx_HAL_Driver/Src/stm32g0xx_ll_usb.c ****   {
 2763              		.loc 1 472 9 is_stmt 0 view .LVU817
 2764 0006 4B78     		ldrb	r3, [r1, #1]
 472:Drivers/STM32G0xx_HAL_Driver/Src/stm32g0xx_ll_usb.c ****   {
 2765              		.loc 1 472 6 view .LVU818
 2766 0008 012B     		cmp	r3, #1
 2767 000a 15D0     		beq	.L211
 608:Drivers/STM32G0xx_HAL_Driver/Src/stm32g0xx_ll_usb.c ****     {
 2768              		.loc 1 608 5 is_stmt 1 view .LVU819
 608:Drivers/STM32G0xx_HAL_Driver/Src/stm32g0xx_ll_usb.c ****     {
 2769              		.loc 1 608 11 is_stmt 0 view .LVU820
 2770 000c 0B7B     		ldrb	r3, [r1, #12]
 608:Drivers/STM32G0xx_HAL_Driver/Src/stm32g0xx_ll_usb.c ****     {
 2771              		.loc 1 608 8 view .LVU821
 2772 000e 002B     		cmp	r3, #0
 2773 0010 00D0     		beq	.LCB2656
 2774 0012 A1E2     		b	.L188	@long jump
 2775              	.LCB2656:
 610:Drivers/STM32G0xx_HAL_Driver/Src/stm32g0xx_ll_usb.c ****       {
 2776              		.loc 1 610 7 is_stmt 1 view .LVU822
 610:Drivers/STM32G0xx_HAL_Driver/Src/stm32g0xx_ll_usb.c ****       {
 2777              		.loc 1 610 14 is_stmt 0 view .LVU823
 2778 0014 8B69     		ldr	r3, [r1, #24]
 610:Drivers/STM32G0xx_HAL_Driver/Src/stm32g0xx_ll_usb.c ****       {
 2779              		.loc 1 610 10 view .LVU824
 2780 0016 002B     		cmp	r3, #0
 2781 0018 00D0     		beq	.LCB2660
 2782 001a 7DE2     		b	.L189	@long jump
 2783              	.LCB2660:
 610:Drivers/STM32G0xx_HAL_Driver/Src/stm32g0xx_ll_usb.c ****       {
 2784              		.loc 1 610 38 discriminator 1 view .LVU825
 2785 001c CB78     		ldrb	r3, [r1, #3]
ARM GAS  C:\Users\Domagoj\AppData\Local\Temp\ccdbAIX0.s 			page 70


 610:Drivers/STM32G0xx_HAL_Driver/Src/stm32g0xx_ll_usb.c ****       {
 2786              		.loc 1 610 32 discriminator 1 view .LVU826
 2787 001e 002B     		cmp	r3, #0
 2788 0020 00D0     		beq	.LCB2663
 2789 0022 79E2     		b	.L189	@long jump
 2790              	.LCB2663:
 613:Drivers/STM32G0xx_HAL_Driver/Src/stm32g0xx_ll_usb.c ****       }
 2791              		.loc 1 613 9 is_stmt 1 view .LVU827
 2792              	.LBB64:
 613:Drivers/STM32G0xx_HAL_Driver/Src/stm32g0xx_ll_usb.c ****       }
 2793              		.loc 1 613 9 view .LVU828
 613:Drivers/STM32G0xx_HAL_Driver/Src/stm32g0xx_ll_usb.c ****       }
 2794              		.loc 1 613 9 view .LVU829
 2795 0024 0B78     		ldrb	r3, [r1]
 2796 0026 9B00     		lsls	r3, r3, #2
 2797 0028 C318     		adds	r3, r0, r3
 2798 002a 1968     		ldr	r1, [r3]
 2799              	.LVL254:
 613:Drivers/STM32G0xx_HAL_Driver/Src/stm32g0xx_ll_usb.c ****       }
 2800              		.loc 1 613 9 is_stmt 0 view .LVU830
 2801 002c CE4A     		ldr	r2, .L219
 2802 002e 1140     		ands	r1, r2
 2803              	.LVL255:
 613:Drivers/STM32G0xx_HAL_Driver/Src/stm32g0xx_ll_usb.c ****       }
 2804              		.loc 1 613 9 is_stmt 1 view .LVU831
 2805 0030 CE4A     		ldr	r2, .L219+4
 2806 0032 0A43     		orrs	r2, r1
 2807 0034 1A60     		str	r2, [r3]
 2808              	.LBE64:
 613:Drivers/STM32G0xx_HAL_Driver/Src/stm32g0xx_ll_usb.c ****       }
 2809              		.loc 1 613 9 view .LVU832
 2810 0036 78E2     		b	.L190
 2811              	.LVL256:
 2812              	.L211:
 475:Drivers/STM32G0xx_HAL_Driver/Src/stm32g0xx_ll_usb.c ****     {
 2813              		.loc 1 475 5 view .LVU833
 475:Drivers/STM32G0xx_HAL_Driver/Src/stm32g0xx_ll_usb.c ****     {
 2814              		.loc 1 475 11 is_stmt 0 view .LVU834
 2815 0038 8E69     		ldr	r6, [r1, #24]
 475:Drivers/STM32G0xx_HAL_Driver/Src/stm32g0xx_ll_usb.c ****     {
 2816              		.loc 1 475 26 view .LVU835
 2817 003a 0A69     		ldr	r2, [r1, #16]
 475:Drivers/STM32G0xx_HAL_Driver/Src/stm32g0xx_ll_usb.c ****     {
 2818              		.loc 1 475 8 view .LVU836
 2819 003c 9642     		cmp	r6, r2
 2820 003e 00D9     		bls	.L140
 477:Drivers/STM32G0xx_HAL_Driver/Src/stm32g0xx_ll_usb.c ****     }
 2821              		.loc 1 477 11 view .LVU837
 2822 0040 1600     		movs	r6, r2
 2823              	.L140:
 2824              	.LVL257:
 485:Drivers/STM32G0xx_HAL_Driver/Src/stm32g0xx_ll_usb.c ****     {
 2825              		.loc 1 485 5 is_stmt 1 view .LVU838
 485:Drivers/STM32G0xx_HAL_Driver/Src/stm32g0xx_ll_usb.c ****     {
 2826              		.loc 1 485 11 is_stmt 0 view .LVU839
 2827 0042 217B     		ldrb	r1, [r4, #12]
 2828              	.LVL258:
ARM GAS  C:\Users\Domagoj\AppData\Local\Temp\ccdbAIX0.s 			page 71


 485:Drivers/STM32G0xx_HAL_Driver/Src/stm32g0xx_ll_usb.c ****     {
 2829              		.loc 1 485 8 view .LVU840
 2830 0044 0029     		cmp	r1, #0
 2831 0046 23D0     		beq	.L212
 494:Drivers/STM32G0xx_HAL_Driver/Src/stm32g0xx_ll_usb.c ****       {
 2832              		.loc 1 494 7 is_stmt 1 view .LVU841
 494:Drivers/STM32G0xx_HAL_Driver/Src/stm32g0xx_ll_usb.c ****       {
 2833              		.loc 1 494 13 is_stmt 0 view .LVU842
 2834 0048 E178     		ldrb	r1, [r4, #3]
 494:Drivers/STM32G0xx_HAL_Driver/Src/stm32g0xx_ll_usb.c ****       {
 2835              		.loc 1 494 10 view .LVU843
 2836 004a 0229     		cmp	r1, #2
 2837 004c 43D0     		beq	.L213
 579:Drivers/STM32G0xx_HAL_Driver/Src/stm32g0xx_ll_usb.c **** 
 2838              		.loc 1 579 9 is_stmt 1 view .LVU844
 579:Drivers/STM32G0xx_HAL_Driver/Src/stm32g0xx_ll_usb.c **** 
 2839              		.loc 1 579 11 is_stmt 0 view .LVU845
 2840 004e 226A     		ldr	r2, [r4, #32]
 579:Drivers/STM32G0xx_HAL_Driver/Src/stm32g0xx_ll_usb.c **** 
 2841              		.loc 1 579 25 view .LVU846
 2842 0050 921B     		subs	r2, r2, r6
 2843 0052 2262     		str	r2, [r4, #32]
 582:Drivers/STM32G0xx_HAL_Driver/Src/stm32g0xx_ll_usb.c ****         {
 2844              		.loc 1 582 9 is_stmt 1 view .LVU847
 582:Drivers/STM32G0xx_HAL_Driver/Src/stm32g0xx_ll_usb.c ****         {
 2845              		.loc 1 582 14 is_stmt 0 view .LVU848
 2846 0054 2278     		ldrb	r2, [r4]
 2847 0056 9100     		lsls	r1, r2, #2
 2848 0058 6918     		adds	r1, r5, r1
 2849 005a 0968     		ldr	r1, [r1]
 582:Drivers/STM32G0xx_HAL_Driver/Src/stm32g0xx_ll_usb.c ****         {
 2850              		.loc 1 582 12 view .LVU849
 2851 005c 4906     		lsls	r1, r1, #25
 2852 005e 00D4     		bmi	.LCB2718
 2853 0060 0EE2     		b	.L174	@long jump
 2854              	.LCB2718:
 585:Drivers/STM32G0xx_HAL_Driver/Src/stm32g0xx_ll_usb.c ****           pmabuffer = ep->pmaaddr1;
 2855              		.loc 1 585 11 is_stmt 1 view .LVU850
 585:Drivers/STM32G0xx_HAL_Driver/Src/stm32g0xx_ll_usb.c ****           pmabuffer = ep->pmaaddr1;
 2856              		.loc 1 585 11 view .LVU851
 2857 0062 002B     		cmp	r3, #0
 2858 0064 00D0     		beq	.LCB2722
 2859 0066 F5E1     		b	.L175	@long jump
 2860              	.LCB2722:
 585:Drivers/STM32G0xx_HAL_Driver/Src/stm32g0xx_ll_usb.c ****           pmabuffer = ep->pmaaddr1;
 2861              		.loc 1 585 11 discriminator 1 view .LVU852
 2862              	.LBB65:
 585:Drivers/STM32G0xx_HAL_Driver/Src/stm32g0xx_ll_usb.c ****           pmabuffer = ep->pmaaddr1;
 2863              		.loc 1 585 11 discriminator 1 view .LVU853
 585:Drivers/STM32G0xx_HAL_Driver/Src/stm32g0xx_ll_usb.c ****           pmabuffer = ep->pmaaddr1;
 2864              		.loc 1 585 11 discriminator 1 view .LVU854
 2865 0068 D200     		lsls	r2, r2, #3
 2866 006a C14B     		ldr	r3, .L219+8
 2867 006c 9C46     		mov	ip, r3
 2868 006e 6244     		add	r2, r2, ip
 2869 0070 5368     		ldr	r3, [r2, #4]
 2870 0072 9B01     		lsls	r3, r3, #6
ARM GAS  C:\Users\Domagoj\AppData\Local\Temp\ccdbAIX0.s 			page 72


 2871 0074 9B09     		lsrs	r3, r3, #6
 2872 0076 5360     		str	r3, [r2, #4]
 585:Drivers/STM32G0xx_HAL_Driver/Src/stm32g0xx_ll_usb.c ****           pmabuffer = ep->pmaaddr1;
 2873              		.loc 1 585 11 view .LVU855
 585:Drivers/STM32G0xx_HAL_Driver/Src/stm32g0xx_ll_usb.c ****           pmabuffer = ep->pmaaddr1;
 2874              		.loc 1 585 11 is_stmt 0 discriminator 1 view .LVU856
 2875 0078 002E     		cmp	r6, #0
 2876 007a 00D0     		beq	.LCB2737
 2877 007c C9E1     		b	.L176	@long jump
 2878              	.LCB2737:
 585:Drivers/STM32G0xx_HAL_Driver/Src/stm32g0xx_ll_usb.c ****           pmabuffer = ep->pmaaddr1;
 2879              		.loc 1 585 11 is_stmt 1 discriminator 3 view .LVU857
 2880 007e 2378     		ldrb	r3, [r4]
 2881 0080 DB00     		lsls	r3, r3, #3
 2882 0082 6344     		add	r3, r3, ip
 2883 0084 5968     		ldr	r1, [r3, #4]
 2884 0086 8022     		movs	r2, #128
 2885 0088 1206     		lsls	r2, r2, #24
 2886 008a 0A43     		orrs	r2, r1
 2887 008c 5A60     		str	r2, [r3, #4]
 2888 008e F0E1     		b	.L177
 2889              	.L212:
 585:Drivers/STM32G0xx_HAL_Driver/Src/stm32g0xx_ll_usb.c ****           pmabuffer = ep->pmaaddr1;
 2890              		.loc 1 585 11 is_stmt 0 discriminator 3 view .LVU858
 2891              	.LBE65:
 487:Drivers/STM32G0xx_HAL_Driver/Src/stm32g0xx_ll_usb.c ****       PCD_SET_EP_TX_CNT(USBx, ep->num, len);
 2892              		.loc 1 487 7 is_stmt 1 view .LVU859
 2893 0090 B3B2     		uxth	r3, r6
 2894 0092 E288     		ldrh	r2, [r4, #6]
 2895 0094 6169     		ldr	r1, [r4, #20]
 2896 0096 2800     		movs	r0, r5
 2897              	.LVL259:
 487:Drivers/STM32G0xx_HAL_Driver/Src/stm32g0xx_ll_usb.c ****       PCD_SET_EP_TX_CNT(USBx, ep->num, len);
 2898              		.loc 1 487 7 is_stmt 0 view .LVU860
 2899 0098 FFF7FEFF 		bl	USB_WritePMA
 2900              	.LVL260:
 488:Drivers/STM32G0xx_HAL_Driver/Src/stm32g0xx_ll_usb.c ****     }
 2901              		.loc 1 488 7 is_stmt 1 view .LVU861
 488:Drivers/STM32G0xx_HAL_Driver/Src/stm32g0xx_ll_usb.c ****     }
 2902              		.loc 1 488 7 view .LVU862
 2903 009c 2378     		ldrb	r3, [r4]
 2904 009e DB00     		lsls	r3, r3, #3
 2905 00a0 B34A     		ldr	r2, .L219+8
 2906 00a2 9446     		mov	ip, r2
 2907 00a4 6344     		add	r3, r3, ip
 2908 00a6 1A68     		ldr	r2, [r3]
 2909 00a8 1204     		lsls	r2, r2, #16
 2910 00aa 120C     		lsrs	r2, r2, #16
 2911 00ac 1A60     		str	r2, [r3]
 488:Drivers/STM32G0xx_HAL_Driver/Src/stm32g0xx_ll_usb.c ****     }
 2912              		.loc 1 488 7 view .LVU863
 2913 00ae 2278     		ldrb	r2, [r4]
 2914 00b0 D200     		lsls	r2, r2, #3
 2915 00b2 6244     		add	r2, r2, ip
 2916 00b4 1168     		ldr	r1, [r2]
 2917 00b6 3604     		lsls	r6, r6, #16
 2918              	.LVL261:
ARM GAS  C:\Users\Domagoj\AppData\Local\Temp\ccdbAIX0.s 			page 73


 488:Drivers/STM32G0xx_HAL_Driver/Src/stm32g0xx_ll_usb.c ****     }
 2919              		.loc 1 488 7 is_stmt 0 view .LVU864
 2920 00b8 0E43     		orrs	r6, r1
 2921 00ba 1660     		str	r6, [r2]
 488:Drivers/STM32G0xx_HAL_Driver/Src/stm32g0xx_ll_usb.c ****     }
 2922              		.loc 1 488 7 is_stmt 1 view .LVU865
 2923              	.LVL262:
 2924              	.L142:
 604:Drivers/STM32G0xx_HAL_Driver/Src/stm32g0xx_ll_usb.c ****   }
 2925              		.loc 1 604 5 view .LVU866
 2926              	.LBB66:
 604:Drivers/STM32G0xx_HAL_Driver/Src/stm32g0xx_ll_usb.c ****   }
 2927              		.loc 1 604 5 view .LVU867
 604:Drivers/STM32G0xx_HAL_Driver/Src/stm32g0xx_ll_usb.c ****   }
 2928              		.loc 1 604 5 view .LVU868
 2929 00bc 2378     		ldrb	r3, [r4]
 2930 00be 9B00     		lsls	r3, r3, #2
 2931 00c0 EB18     		adds	r3, r5, r3
 2932 00c2 1A68     		ldr	r2, [r3]
 2933 00c4 AB49     		ldr	r1, .L219+12
 2934 00c6 0A40     		ands	r2, r1
 2935              	.LVL263:
 604:Drivers/STM32G0xx_HAL_Driver/Src/stm32g0xx_ll_usb.c ****   }
 2936              		.loc 1 604 5 view .LVU869
 604:Drivers/STM32G0xx_HAL_Driver/Src/stm32g0xx_ll_usb.c ****   }
 2937              		.loc 1 604 5 discriminator 1 view .LVU870
 604:Drivers/STM32G0xx_HAL_Driver/Src/stm32g0xx_ll_usb.c ****   }
 2938              		.loc 1 604 5 discriminator 3 view .LVU871
 604:Drivers/STM32G0xx_HAL_Driver/Src/stm32g0xx_ll_usb.c ****   }
 2939              		.loc 1 604 5 discriminator 4 view .LVU872
 2940 00c8 3021     		movs	r1, #48
 2941 00ca 4A40     		eors	r2, r1
 2942              	.LVL264:
 604:Drivers/STM32G0xx_HAL_Driver/Src/stm32g0xx_ll_usb.c ****   }
 2943              		.loc 1 604 5 discriminator 6 view .LVU873
 2944 00cc AA49     		ldr	r1, .L219+16
 2945 00ce 0A43     		orrs	r2, r1
 2946              	.LVL265:
 604:Drivers/STM32G0xx_HAL_Driver/Src/stm32g0xx_ll_usb.c ****   }
 2947              		.loc 1 604 5 is_stmt 0 discriminator 6 view .LVU874
 2948 00d0 1A60     		str	r2, [r3]
 2949              	.LBE66:
 604:Drivers/STM32G0xx_HAL_Driver/Src/stm32g0xx_ll_usb.c ****   }
 2950              		.loc 1 604 5 is_stmt 1 view .LVU875
 667:Drivers/STM32G0xx_HAL_Driver/Src/stm32g0xx_ll_usb.c **** }
 2951              		.loc 1 667 10 is_stmt 0 view .LVU876
 2952 00d2 0020     		movs	r0, #0
 2953 00d4 3CE2     		b	.L187
 2954              	.LVL266:
 2955              	.L213:
 496:Drivers/STM32G0xx_HAL_Driver/Src/stm32g0xx_ll_usb.c ****         {
 2956              		.loc 1 496 9 is_stmt 1 view .LVU877
 496:Drivers/STM32G0xx_HAL_Driver/Src/stm32g0xx_ll_usb.c ****         {
 2957              		.loc 1 496 15 is_stmt 0 view .LVU878
 2958 00d6 236A     		ldr	r3, [r4, #32]
 496:Drivers/STM32G0xx_HAL_Driver/Src/stm32g0xx_ll_usb.c ****         {
 2959              		.loc 1 496 12 view .LVU879
ARM GAS  C:\Users\Domagoj\AppData\Local\Temp\ccdbAIX0.s 			page 74


 2960 00d8 9A42     		cmp	r2, r3
 2961 00da 00D3     		bcc	.LCB2825
 2962 00dc 79E1     		b	.L144	@long jump
 2963              	.LCB2825:
 499:Drivers/STM32G0xx_HAL_Driver/Src/stm32g0xx_ll_usb.c **** 
 2964              		.loc 1 499 11 is_stmt 1 view .LVU880
 2965              	.LBB67:
 499:Drivers/STM32G0xx_HAL_Driver/Src/stm32g0xx_ll_usb.c **** 
 2966              		.loc 1 499 11 view .LVU881
 499:Drivers/STM32G0xx_HAL_Driver/Src/stm32g0xx_ll_usb.c **** 
 2967              		.loc 1 499 11 view .LVU882
 2968 00de 2378     		ldrb	r3, [r4]
 2969 00e0 9B00     		lsls	r3, r3, #2
 2970 00e2 EB18     		adds	r3, r5, r3
 2971 00e4 1968     		ldr	r1, [r3]
 2972 00e6 A04A     		ldr	r2, .L219
 2973 00e8 1140     		ands	r1, r2
 2974              	.LVL267:
 499:Drivers/STM32G0xx_HAL_Driver/Src/stm32g0xx_ll_usb.c **** 
 2975              		.loc 1 499 11 view .LVU883
 2976 00ea A04A     		ldr	r2, .L219+4
 2977 00ec 0A43     		orrs	r2, r1
 2978 00ee 1A60     		str	r2, [r3]
 2979              	.LBE67:
 499:Drivers/STM32G0xx_HAL_Driver/Src/stm32g0xx_ll_usb.c **** 
 2980              		.loc 1 499 11 view .LVU884
 502:Drivers/STM32G0xx_HAL_Driver/Src/stm32g0xx_ll_usb.c **** 
 2981              		.loc 1 502 11 view .LVU885
 502:Drivers/STM32G0xx_HAL_Driver/Src/stm32g0xx_ll_usb.c **** 
 2982              		.loc 1 502 13 is_stmt 0 view .LVU886
 2983 00f0 236A     		ldr	r3, [r4, #32]
 502:Drivers/STM32G0xx_HAL_Driver/Src/stm32g0xx_ll_usb.c **** 
 2984              		.loc 1 502 27 view .LVU887
 2985 00f2 9B1B     		subs	r3, r3, r6
 2986 00f4 2362     		str	r3, [r4, #32]
 505:Drivers/STM32G0xx_HAL_Driver/Src/stm32g0xx_ll_usb.c ****           {
 2987              		.loc 1 505 11 is_stmt 1 view .LVU888
 505:Drivers/STM32G0xx_HAL_Driver/Src/stm32g0xx_ll_usb.c ****           {
 2988              		.loc 1 505 16 is_stmt 0 view .LVU889
 2989 00f6 2378     		ldrb	r3, [r4]
 2990 00f8 9A00     		lsls	r2, r3, #2
 2991 00fa AA18     		adds	r2, r5, r2
 2992 00fc 1268     		ldr	r2, [r2]
 505:Drivers/STM32G0xx_HAL_Driver/Src/stm32g0xx_ll_usb.c ****           {
 2993              		.loc 1 505 14 view .LVU890
 2994 00fe 5206     		lsls	r2, r2, #25
 2995 0100 00D4     		bmi	.LCB2855
 2996 0102 ADE0     		b	.L145	@long jump
 2997              	.LCB2855:
 508:Drivers/STM32G0xx_HAL_Driver/Src/stm32g0xx_ll_usb.c ****             pmabuffer = ep->pmaaddr1;
 2998              		.loc 1 508 13 is_stmt 1 view .LVU891
 508:Drivers/STM32G0xx_HAL_Driver/Src/stm32g0xx_ll_usb.c ****             pmabuffer = ep->pmaaddr1;
 2999              		.loc 1 508 13 view .LVU892
 3000 0104 6278     		ldrb	r2, [r4, #1]
 3001 0106 002A     		cmp	r2, #0
 3002 0108 33D1     		bne	.L146
 508:Drivers/STM32G0xx_HAL_Driver/Src/stm32g0xx_ll_usb.c ****             pmabuffer = ep->pmaaddr1;
ARM GAS  C:\Users\Domagoj\AppData\Local\Temp\ccdbAIX0.s 			page 75


 3003              		.loc 1 508 13 discriminator 1 view .LVU893
 3004              	.LBB68:
 508:Drivers/STM32G0xx_HAL_Driver/Src/stm32g0xx_ll_usb.c ****             pmabuffer = ep->pmaaddr1;
 3005              		.loc 1 508 13 discriminator 1 view .LVU894
 508:Drivers/STM32G0xx_HAL_Driver/Src/stm32g0xx_ll_usb.c ****             pmabuffer = ep->pmaaddr1;
 3006              		.loc 1 508 13 discriminator 1 view .LVU895
 3007 010a DB00     		lsls	r3, r3, #3
 3008 010c 984A     		ldr	r2, .L219+8
 3009 010e 9446     		mov	ip, r2
 3010 0110 6344     		add	r3, r3, ip
 3011 0112 5A68     		ldr	r2, [r3, #4]
 3012 0114 9201     		lsls	r2, r2, #6
 3013 0116 9209     		lsrs	r2, r2, #6
 3014 0118 5A60     		str	r2, [r3, #4]
 508:Drivers/STM32G0xx_HAL_Driver/Src/stm32g0xx_ll_usb.c ****             pmabuffer = ep->pmaaddr1;
 3015              		.loc 1 508 13 view .LVU896
 508:Drivers/STM32G0xx_HAL_Driver/Src/stm32g0xx_ll_usb.c ****             pmabuffer = ep->pmaaddr1;
 3016              		.loc 1 508 13 is_stmt 0 discriminator 1 view .LVU897
 3017 011a 002E     		cmp	r6, #0
 3018 011c 08D1     		bne	.L147
 508:Drivers/STM32G0xx_HAL_Driver/Src/stm32g0xx_ll_usb.c ****             pmabuffer = ep->pmaaddr1;
 3019              		.loc 1 508 13 is_stmt 1 discriminator 3 view .LVU898
 3020 011e 2378     		ldrb	r3, [r4]
 3021 0120 DB00     		lsls	r3, r3, #3
 3022 0122 6344     		add	r3, r3, ip
 3023 0124 5968     		ldr	r1, [r3, #4]
 3024              	.LVL268:
 508:Drivers/STM32G0xx_HAL_Driver/Src/stm32g0xx_ll_usb.c ****             pmabuffer = ep->pmaaddr1;
 3025              		.loc 1 508 13 is_stmt 0 discriminator 3 view .LVU899
 3026 0126 8022     		movs	r2, #128
 3027 0128 1206     		lsls	r2, r2, #24
 3028 012a 0A43     		orrs	r2, r1
 3029 012c 5A60     		str	r2, [r3, #4]
 3030 012e 22E0     		b	.L148
 3031              	.LVL269:
 3032              	.L147:
 508:Drivers/STM32G0xx_HAL_Driver/Src/stm32g0xx_ll_usb.c ****             pmabuffer = ep->pmaaddr1;
 3033              		.loc 1 508 13 is_stmt 1 discriminator 4 view .LVU900
 3034 0130 3E2E     		cmp	r6, #62
 3035 0132 0DD8     		bhi	.L149
 508:Drivers/STM32G0xx_HAL_Driver/Src/stm32g0xx_ll_usb.c ****             pmabuffer = ep->pmaaddr1;
 3036              		.loc 1 508 13 discriminator 5 view .LVU901
 508:Drivers/STM32G0xx_HAL_Driver/Src/stm32g0xx_ll_usb.c ****             pmabuffer = ep->pmaaddr1;
 3037              		.loc 1 508 13 discriminator 5 view .LVU902
 3038 0134 7208     		lsrs	r2, r6, #1
 3039              	.LVL270:
 508:Drivers/STM32G0xx_HAL_Driver/Src/stm32g0xx_ll_usb.c ****             pmabuffer = ep->pmaaddr1;
 3040              		.loc 1 508 13 view .LVU903
 508:Drivers/STM32G0xx_HAL_Driver/Src/stm32g0xx_ll_usb.c ****             pmabuffer = ep->pmaaddr1;
 3041              		.loc 1 508 13 is_stmt 0 discriminator 5 view .LVU904
 3042 0136 F307     		lsls	r3, r6, #31
 3043 0138 00D5     		bpl	.L150
 508:Drivers/STM32G0xx_HAL_Driver/Src/stm32g0xx_ll_usb.c ****             pmabuffer = ep->pmaaddr1;
 3044              		.loc 1 508 13 is_stmt 1 discriminator 7 view .LVU905
 3045 013a 0132     		adds	r2, r2, #1
 3046              	.LVL271:
 3047              	.L150:
ARM GAS  C:\Users\Domagoj\AppData\Local\Temp\ccdbAIX0.s 			page 76


 508:Drivers/STM32G0xx_HAL_Driver/Src/stm32g0xx_ll_usb.c ****             pmabuffer = ep->pmaaddr1;
 3048              		.loc 1 508 13 discriminator 9 view .LVU906
 3049 013c 2378     		ldrb	r3, [r4]
 3050 013e DB00     		lsls	r3, r3, #3
 3051 0140 8B49     		ldr	r1, .L219+8
 3052              	.LVL272:
 508:Drivers/STM32G0xx_HAL_Driver/Src/stm32g0xx_ll_usb.c ****             pmabuffer = ep->pmaaddr1;
 3053              		.loc 1 508 13 is_stmt 0 discriminator 9 view .LVU907
 3054 0142 8C46     		mov	ip, r1
 3055 0144 6344     		add	r3, r3, ip
 3056 0146 5968     		ldr	r1, [r3, #4]
 3057 0148 9206     		lsls	r2, r2, #26
 3058              	.LVL273:
 508:Drivers/STM32G0xx_HAL_Driver/Src/stm32g0xx_ll_usb.c ****             pmabuffer = ep->pmaaddr1;
 3059              		.loc 1 508 13 discriminator 9 view .LVU908
 3060 014a 0A43     		orrs	r2, r1
 3061 014c 5A60     		str	r2, [r3, #4]
 508:Drivers/STM32G0xx_HAL_Driver/Src/stm32g0xx_ll_usb.c ****             pmabuffer = ep->pmaaddr1;
 3062              		.loc 1 508 13 is_stmt 1 view .LVU909
 3063 014e 12E0     		b	.L148
 3064              	.LVL274:
 3065              	.L149:
 508:Drivers/STM32G0xx_HAL_Driver/Src/stm32g0xx_ll_usb.c ****             pmabuffer = ep->pmaaddr1;
 3066              		.loc 1 508 13 discriminator 6 view .LVU910
 508:Drivers/STM32G0xx_HAL_Driver/Src/stm32g0xx_ll_usb.c ****             pmabuffer = ep->pmaaddr1;
 3067              		.loc 1 508 13 discriminator 6 view .LVU911
 3068 0150 7209     		lsrs	r2, r6, #5
 3069              	.LVL275:
 508:Drivers/STM32G0xx_HAL_Driver/Src/stm32g0xx_ll_usb.c ****             pmabuffer = ep->pmaaddr1;
 3070              		.loc 1 508 13 view .LVU912
 508:Drivers/STM32G0xx_HAL_Driver/Src/stm32g0xx_ll_usb.c ****             pmabuffer = ep->pmaaddr1;
 3071              		.loc 1 508 13 is_stmt 0 discriminator 6 view .LVU913
 3072 0152 F306     		lsls	r3, r6, #27
 3073 0154 00D1     		bne	.L151
 508:Drivers/STM32G0xx_HAL_Driver/Src/stm32g0xx_ll_usb.c ****             pmabuffer = ep->pmaaddr1;
 3074              		.loc 1 508 13 is_stmt 1 discriminator 10 view .LVU914
 3075 0156 013A     		subs	r2, r2, #1
 3076              	.LVL276:
 3077              	.L151:
 508:Drivers/STM32G0xx_HAL_Driver/Src/stm32g0xx_ll_usb.c ****             pmabuffer = ep->pmaaddr1;
 3078              		.loc 1 508 13 discriminator 12 view .LVU915
 3079 0158 2378     		ldrb	r3, [r4]
 3080 015a DB00     		lsls	r3, r3, #3
 3081 015c 8449     		ldr	r1, .L219+8
 3082              	.LVL277:
 508:Drivers/STM32G0xx_HAL_Driver/Src/stm32g0xx_ll_usb.c ****             pmabuffer = ep->pmaaddr1;
 3083              		.loc 1 508 13 is_stmt 0 discriminator 12 view .LVU916
 3084 015e 8C46     		mov	ip, r1
 3085 0160 6344     		add	r3, r3, ip
 3086 0162 5968     		ldr	r1, [r3, #4]
 3087 0164 9206     		lsls	r2, r2, #26
 3088              	.LVL278:
 508:Drivers/STM32G0xx_HAL_Driver/Src/stm32g0xx_ll_usb.c ****             pmabuffer = ep->pmaaddr1;
 3089              		.loc 1 508 13 discriminator 12 view .LVU917
 3090 0166 1143     		orrs	r1, r2
 3091 0168 8022     		movs	r2, #128
 3092 016a 1206     		lsls	r2, r2, #24
ARM GAS  C:\Users\Domagoj\AppData\Local\Temp\ccdbAIX0.s 			page 77


 3093 016c 0A43     		orrs	r2, r1
 3094 016e 5A60     		str	r2, [r3, #4]
 3095 0170 01E0     		b	.L148
 3096              	.LVL279:
 3097              	.L146:
 508:Drivers/STM32G0xx_HAL_Driver/Src/stm32g0xx_ll_usb.c ****             pmabuffer = ep->pmaaddr1;
 3098              		.loc 1 508 13 discriminator 12 view .LVU918
 3099              	.LBE68:
 508:Drivers/STM32G0xx_HAL_Driver/Src/stm32g0xx_ll_usb.c ****             pmabuffer = ep->pmaaddr1;
 3100              		.loc 1 508 13 is_stmt 1 discriminator 2 view .LVU919
 3101 0172 012A     		cmp	r2, #1
 3102 0174 25D0     		beq	.L214
 3103              	.LVL280:
 3104              	.L148:
 508:Drivers/STM32G0xx_HAL_Driver/Src/stm32g0xx_ll_usb.c ****             pmabuffer = ep->pmaaddr1;
 3105              		.loc 1 508 13 view .LVU920
 509:Drivers/STM32G0xx_HAL_Driver/Src/stm32g0xx_ll_usb.c **** 
 3106              		.loc 1 509 13 view .LVU921
 509:Drivers/STM32G0xx_HAL_Driver/Src/stm32g0xx_ll_usb.c **** 
 3107              		.loc 1 509 23 is_stmt 0 view .LVU922
 3108 0176 6289     		ldrh	r2, [r4, #10]
 3109              	.LVL281:
 512:Drivers/STM32G0xx_HAL_Driver/Src/stm32g0xx_ll_usb.c ****             ep->xfer_buff += len;
 3110              		.loc 1 512 13 is_stmt 1 view .LVU923
 3111 0178 B3B2     		uxth	r3, r6
 3112 017a 6169     		ldr	r1, [r4, #20]
 3113 017c 2800     		movs	r0, r5
 3114              	.LVL282:
 512:Drivers/STM32G0xx_HAL_Driver/Src/stm32g0xx_ll_usb.c ****             ep->xfer_buff += len;
 3115              		.loc 1 512 13 is_stmt 0 view .LVU924
 3116 017e FFF7FEFF 		bl	USB_WritePMA
 3117              	.LVL283:
 513:Drivers/STM32G0xx_HAL_Driver/Src/stm32g0xx_ll_usb.c **** 
 3118              		.loc 1 513 13 is_stmt 1 view .LVU925
 513:Drivers/STM32G0xx_HAL_Driver/Src/stm32g0xx_ll_usb.c **** 
 3119              		.loc 1 513 15 is_stmt 0 view .LVU926
 3120 0182 6369     		ldr	r3, [r4, #20]
 513:Drivers/STM32G0xx_HAL_Driver/Src/stm32g0xx_ll_usb.c **** 
 3121              		.loc 1 513 27 view .LVU927
 3122 0184 9B19     		adds	r3, r3, r6
 3123 0186 6361     		str	r3, [r4, #20]
 515:Drivers/STM32G0xx_HAL_Driver/Src/stm32g0xx_ll_usb.c ****             {
 3124              		.loc 1 515 13 is_stmt 1 view .LVU928
 515:Drivers/STM32G0xx_HAL_Driver/Src/stm32g0xx_ll_usb.c ****             {
 3125              		.loc 1 515 19 is_stmt 0 view .LVU929
 3126 0188 236A     		ldr	r3, [r4, #32]
 515:Drivers/STM32G0xx_HAL_Driver/Src/stm32g0xx_ll_usb.c ****             {
 3127              		.loc 1 515 37 view .LVU930
 3128 018a 2269     		ldr	r2, [r4, #16]
 515:Drivers/STM32G0xx_HAL_Driver/Src/stm32g0xx_ll_usb.c ****             {
 3129              		.loc 1 515 16 view .LVU931
 3130 018c 9342     		cmp	r3, r2
 3131 018e 28D9     		bls	.L152
 517:Drivers/STM32G0xx_HAL_Driver/Src/stm32g0xx_ll_usb.c ****             }
 3132              		.loc 1 517 15 is_stmt 1 view .LVU932
 517:Drivers/STM32G0xx_HAL_Driver/Src/stm32g0xx_ll_usb.c ****             }
 3133              		.loc 1 517 31 is_stmt 0 view .LVU933
ARM GAS  C:\Users\Domagoj\AppData\Local\Temp\ccdbAIX0.s 			page 78


 3134 0190 9B1B     		subs	r3, r3, r6
 3135 0192 2362     		str	r3, [r4, #32]
 3136              	.L153:
 526:Drivers/STM32G0xx_HAL_Driver/Src/stm32g0xx_ll_usb.c ****             pmabuffer = ep->pmaaddr0;
 3137              		.loc 1 526 13 is_stmt 1 view .LVU934
 526:Drivers/STM32G0xx_HAL_Driver/Src/stm32g0xx_ll_usb.c ****             pmabuffer = ep->pmaaddr0;
 3138              		.loc 1 526 13 view .LVU935
 3139 0194 6378     		ldrb	r3, [r4, #1]
 3140 0196 002B     		cmp	r3, #0
 3141 0198 48D1     		bne	.L154
 526:Drivers/STM32G0xx_HAL_Driver/Src/stm32g0xx_ll_usb.c ****             pmabuffer = ep->pmaaddr0;
 3142              		.loc 1 526 13 discriminator 1 view .LVU936
 3143              	.LBB69:
 526:Drivers/STM32G0xx_HAL_Driver/Src/stm32g0xx_ll_usb.c ****             pmabuffer = ep->pmaaddr0;
 3144              		.loc 1 526 13 discriminator 1 view .LVU937
 526:Drivers/STM32G0xx_HAL_Driver/Src/stm32g0xx_ll_usb.c ****             pmabuffer = ep->pmaaddr0;
 3145              		.loc 1 526 13 discriminator 1 view .LVU938
 3146 019a 2378     		ldrb	r3, [r4]
 3147 019c DB00     		lsls	r3, r3, #3
 3148 019e 744A     		ldr	r2, .L219+8
 3149 01a0 9446     		mov	ip, r2
 3150 01a2 6344     		add	r3, r3, ip
 3151 01a4 1A68     		ldr	r2, [r3]
 3152 01a6 9201     		lsls	r2, r2, #6
 3153 01a8 9209     		lsrs	r2, r2, #6
 3154 01aa 1A60     		str	r2, [r3]
 526:Drivers/STM32G0xx_HAL_Driver/Src/stm32g0xx_ll_usb.c ****             pmabuffer = ep->pmaaddr0;
 3155              		.loc 1 526 13 view .LVU939
 526:Drivers/STM32G0xx_HAL_Driver/Src/stm32g0xx_ll_usb.c ****             pmabuffer = ep->pmaaddr0;
 3156              		.loc 1 526 13 is_stmt 0 discriminator 1 view .LVU940
 3157 01ac 002E     		cmp	r6, #0
 3158 01ae 1CD1     		bne	.L155
 526:Drivers/STM32G0xx_HAL_Driver/Src/stm32g0xx_ll_usb.c ****             pmabuffer = ep->pmaaddr0;
 3159              		.loc 1 526 13 is_stmt 1 discriminator 3 view .LVU941
 3160 01b0 2378     		ldrb	r3, [r4]
 3161 01b2 DB00     		lsls	r3, r3, #3
 3162 01b4 6344     		add	r3, r3, ip
 3163 01b6 1968     		ldr	r1, [r3]
 3164 01b8 8022     		movs	r2, #128
 3165 01ba 1206     		lsls	r2, r2, #24
 3166 01bc 0A43     		orrs	r2, r1
 3167 01be 1A60     		str	r2, [r3]
 3168 01c0 36E0     		b	.L156
 3169              	.LVL284:
 3170              	.L214:
 526:Drivers/STM32G0xx_HAL_Driver/Src/stm32g0xx_ll_usb.c ****             pmabuffer = ep->pmaaddr0;
 3171              		.loc 1 526 13 is_stmt 0 discriminator 3 view .LVU942
 3172              	.LBE69:
 508:Drivers/STM32G0xx_HAL_Driver/Src/stm32g0xx_ll_usb.c ****             pmabuffer = ep->pmaaddr1;
 3173              		.loc 1 508 13 is_stmt 1 discriminator 13 view .LVU943
 3174 01c2 DB00     		lsls	r3, r3, #3
 3175 01c4 6A4A     		ldr	r2, .L219+8
 3176 01c6 9446     		mov	ip, r2
 3177 01c8 6344     		add	r3, r3, ip
 3178 01ca 5A68     		ldr	r2, [r3, #4]
 3179 01cc 1204     		lsls	r2, r2, #16
 3180 01ce 120C     		lsrs	r2, r2, #16
ARM GAS  C:\Users\Domagoj\AppData\Local\Temp\ccdbAIX0.s 			page 79


 3181 01d0 5A60     		str	r2, [r3, #4]
 508:Drivers/STM32G0xx_HAL_Driver/Src/stm32g0xx_ll_usb.c ****             pmabuffer = ep->pmaaddr1;
 3182              		.loc 1 508 13 view .LVU944
 508:Drivers/STM32G0xx_HAL_Driver/Src/stm32g0xx_ll_usb.c ****             pmabuffer = ep->pmaaddr1;
 3183              		.loc 1 508 13 is_stmt 0 discriminator 13 view .LVU945
 3184 01d2 2378     		ldrb	r3, [r4]
 3185 01d4 DB00     		lsls	r3, r3, #3
 3186 01d6 6344     		add	r3, r3, ip
 3187 01d8 5A68     		ldr	r2, [r3, #4]
 3188 01da 3104     		lsls	r1, r6, #16
 3189              	.LVL285:
 508:Drivers/STM32G0xx_HAL_Driver/Src/stm32g0xx_ll_usb.c ****             pmabuffer = ep->pmaaddr1;
 3190              		.loc 1 508 13 discriminator 13 view .LVU946
 3191 01dc 0A43     		orrs	r2, r1
 3192 01de 5A60     		str	r2, [r3, #4]
 3193 01e0 C9E7     		b	.L148
 3194              	.LVL286:
 3195              	.L152:
 521:Drivers/STM32G0xx_HAL_Driver/Src/stm32g0xx_ll_usb.c ****               ep->xfer_len_db = 0U;
 3196              		.loc 1 521 15 is_stmt 1 view .LVU947
 522:Drivers/STM32G0xx_HAL_Driver/Src/stm32g0xx_ll_usb.c ****             }
 3197              		.loc 1 522 15 view .LVU948
 522:Drivers/STM32G0xx_HAL_Driver/Src/stm32g0xx_ll_usb.c ****             }
 3198              		.loc 1 522 31 is_stmt 0 view .LVU949
 3199 01e2 0022     		movs	r2, #0
 3200 01e4 2262     		str	r2, [r4, #32]
 521:Drivers/STM32G0xx_HAL_Driver/Src/stm32g0xx_ll_usb.c ****               ep->xfer_len_db = 0U;
 3201              		.loc 1 521 19 view .LVU950
 3202 01e6 1E00     		movs	r6, r3
 3203 01e8 D4E7     		b	.L153
 3204              	.LVL287:
 3205              	.L155:
 3206              	.LBB70:
 526:Drivers/STM32G0xx_HAL_Driver/Src/stm32g0xx_ll_usb.c ****             pmabuffer = ep->pmaaddr0;
 3207              		.loc 1 526 13 is_stmt 1 discriminator 4 view .LVU951
 3208 01ea 3E2E     		cmp	r6, #62
 3209 01ec 0DD8     		bhi	.L157
 526:Drivers/STM32G0xx_HAL_Driver/Src/stm32g0xx_ll_usb.c ****             pmabuffer = ep->pmaaddr0;
 3210              		.loc 1 526 13 discriminator 5 view .LVU952
 526:Drivers/STM32G0xx_HAL_Driver/Src/stm32g0xx_ll_usb.c ****             pmabuffer = ep->pmaaddr0;
 3211              		.loc 1 526 13 discriminator 5 view .LVU953
 3212 01ee 7208     		lsrs	r2, r6, #1
 3213              	.LVL288:
 526:Drivers/STM32G0xx_HAL_Driver/Src/stm32g0xx_ll_usb.c ****             pmabuffer = ep->pmaaddr0;
 3214              		.loc 1 526 13 view .LVU954
 526:Drivers/STM32G0xx_HAL_Driver/Src/stm32g0xx_ll_usb.c ****             pmabuffer = ep->pmaaddr0;
 3215              		.loc 1 526 13 is_stmt 0 discriminator 5 view .LVU955
 3216 01f0 F307     		lsls	r3, r6, #31
 3217 01f2 00D5     		bpl	.L158
 526:Drivers/STM32G0xx_HAL_Driver/Src/stm32g0xx_ll_usb.c ****             pmabuffer = ep->pmaaddr0;
 3218              		.loc 1 526 13 is_stmt 1 discriminator 7 view .LVU956
 3219 01f4 0132     		adds	r2, r2, #1
 3220              	.LVL289:
 3221              	.L158:
 526:Drivers/STM32G0xx_HAL_Driver/Src/stm32g0xx_ll_usb.c ****             pmabuffer = ep->pmaaddr0;
 3222              		.loc 1 526 13 discriminator 9 view .LVU957
 3223 01f6 2378     		ldrb	r3, [r4]
ARM GAS  C:\Users\Domagoj\AppData\Local\Temp\ccdbAIX0.s 			page 80


 3224 01f8 DB00     		lsls	r3, r3, #3
 3225 01fa 5D49     		ldr	r1, .L219+8
 3226 01fc 8C46     		mov	ip, r1
 3227 01fe 6344     		add	r3, r3, ip
 3228 0200 1968     		ldr	r1, [r3]
 3229 0202 9206     		lsls	r2, r2, #26
 3230              	.LVL290:
 526:Drivers/STM32G0xx_HAL_Driver/Src/stm32g0xx_ll_usb.c ****             pmabuffer = ep->pmaaddr0;
 3231              		.loc 1 526 13 is_stmt 0 discriminator 9 view .LVU958
 3232 0204 0A43     		orrs	r2, r1
 3233 0206 1A60     		str	r2, [r3]
 526:Drivers/STM32G0xx_HAL_Driver/Src/stm32g0xx_ll_usb.c ****             pmabuffer = ep->pmaaddr0;
 3234              		.loc 1 526 13 is_stmt 1 view .LVU959
 3235 0208 12E0     		b	.L156
 3236              	.LVL291:
 3237              	.L157:
 526:Drivers/STM32G0xx_HAL_Driver/Src/stm32g0xx_ll_usb.c ****             pmabuffer = ep->pmaaddr0;
 3238              		.loc 1 526 13 discriminator 6 view .LVU960
 526:Drivers/STM32G0xx_HAL_Driver/Src/stm32g0xx_ll_usb.c ****             pmabuffer = ep->pmaaddr0;
 3239              		.loc 1 526 13 discriminator 6 view .LVU961
 3240 020a 7209     		lsrs	r2, r6, #5
 3241              	.LVL292:
 526:Drivers/STM32G0xx_HAL_Driver/Src/stm32g0xx_ll_usb.c ****             pmabuffer = ep->pmaaddr0;
 3242              		.loc 1 526 13 view .LVU962
 526:Drivers/STM32G0xx_HAL_Driver/Src/stm32g0xx_ll_usb.c ****             pmabuffer = ep->pmaaddr0;
 3243              		.loc 1 526 13 is_stmt 0 discriminator 6 view .LVU963
 3244 020c F306     		lsls	r3, r6, #27
 3245 020e 00D1     		bne	.L159
 526:Drivers/STM32G0xx_HAL_Driver/Src/stm32g0xx_ll_usb.c ****             pmabuffer = ep->pmaaddr0;
 3246              		.loc 1 526 13 is_stmt 1 discriminator 10 view .LVU964
 3247 0210 013A     		subs	r2, r2, #1
 3248              	.LVL293:
 3249              	.L159:
 526:Drivers/STM32G0xx_HAL_Driver/Src/stm32g0xx_ll_usb.c ****             pmabuffer = ep->pmaaddr0;
 3250              		.loc 1 526 13 discriminator 12 view .LVU965
 3251 0212 2378     		ldrb	r3, [r4]
 3252 0214 DB00     		lsls	r3, r3, #3
 3253 0216 5649     		ldr	r1, .L219+8
 3254 0218 8C46     		mov	ip, r1
 3255 021a 6344     		add	r3, r3, ip
 3256 021c 1968     		ldr	r1, [r3]
 3257 021e 9206     		lsls	r2, r2, #26
 3258              	.LVL294:
 526:Drivers/STM32G0xx_HAL_Driver/Src/stm32g0xx_ll_usb.c ****             pmabuffer = ep->pmaaddr0;
 3259              		.loc 1 526 13 is_stmt 0 discriminator 12 view .LVU966
 3260 0220 1143     		orrs	r1, r2
 3261 0222 8022     		movs	r2, #128
 3262 0224 1206     		lsls	r2, r2, #24
 3263 0226 0A43     		orrs	r2, r1
 3264 0228 1A60     		str	r2, [r3]
 3265 022a 01E0     		b	.L156
 3266              	.LVL295:
 3267              	.L154:
 526:Drivers/STM32G0xx_HAL_Driver/Src/stm32g0xx_ll_usb.c ****             pmabuffer = ep->pmaaddr0;
 3268              		.loc 1 526 13 discriminator 12 view .LVU967
 3269              	.LBE70:
 526:Drivers/STM32G0xx_HAL_Driver/Src/stm32g0xx_ll_usb.c ****             pmabuffer = ep->pmaaddr0;
ARM GAS  C:\Users\Domagoj\AppData\Local\Temp\ccdbAIX0.s 			page 81


 3270              		.loc 1 526 13 is_stmt 1 discriminator 2 view .LVU968
 3271 022c 012B     		cmp	r3, #1
 3272 022e 06D0     		beq	.L215
 3273              	.L156:
 526:Drivers/STM32G0xx_HAL_Driver/Src/stm32g0xx_ll_usb.c ****             pmabuffer = ep->pmaaddr0;
 3274              		.loc 1 526 13 view .LVU969
 526:Drivers/STM32G0xx_HAL_Driver/Src/stm32g0xx_ll_usb.c ****             pmabuffer = ep->pmaaddr0;
 3275              		.loc 1 526 13 view .LVU970
 527:Drivers/STM32G0xx_HAL_Driver/Src/stm32g0xx_ll_usb.c **** 
 3276              		.loc 1 527 13 view .LVU971
 527:Drivers/STM32G0xx_HAL_Driver/Src/stm32g0xx_ll_usb.c **** 
 3277              		.loc 1 527 23 is_stmt 0 view .LVU972
 3278 0230 2289     		ldrh	r2, [r4, #8]
 3279              	.LVL296:
 530:Drivers/STM32G0xx_HAL_Driver/Src/stm32g0xx_ll_usb.c ****           }
 3280              		.loc 1 530 13 is_stmt 1 view .LVU973
 3281 0232 B3B2     		uxth	r3, r6
 3282 0234 6169     		ldr	r1, [r4, #20]
 3283 0236 2800     		movs	r0, r5
 3284 0238 FFF7FEFF 		bl	USB_WritePMA
 3285              	.LVL297:
 530:Drivers/STM32G0xx_HAL_Driver/Src/stm32g0xx_ll_usb.c ****           }
 3286              		.loc 1 530 13 is_stmt 0 view .LVU974
 3287 023c 3EE7     		b	.L142
 3288              	.L215:
 526:Drivers/STM32G0xx_HAL_Driver/Src/stm32g0xx_ll_usb.c ****             pmabuffer = ep->pmaaddr0;
 3289              		.loc 1 526 13 is_stmt 1 discriminator 13 view .LVU975
 526:Drivers/STM32G0xx_HAL_Driver/Src/stm32g0xx_ll_usb.c ****             pmabuffer = ep->pmaaddr0;
 3290              		.loc 1 526 13 discriminator 13 view .LVU976
 3291 023e 2378     		ldrb	r3, [r4]
 3292 0240 DB00     		lsls	r3, r3, #3
 3293 0242 4B4A     		ldr	r2, .L219+8
 3294 0244 9446     		mov	ip, r2
 3295 0246 6344     		add	r3, r3, ip
 3296 0248 1A68     		ldr	r2, [r3]
 3297 024a 1204     		lsls	r2, r2, #16
 3298 024c 120C     		lsrs	r2, r2, #16
 3299 024e 1A60     		str	r2, [r3]
 526:Drivers/STM32G0xx_HAL_Driver/Src/stm32g0xx_ll_usb.c ****             pmabuffer = ep->pmaaddr0;
 3300              		.loc 1 526 13 view .LVU977
 526:Drivers/STM32G0xx_HAL_Driver/Src/stm32g0xx_ll_usb.c ****             pmabuffer = ep->pmaaddr0;
 3301              		.loc 1 526 13 is_stmt 0 discriminator 13 view .LVU978
 3302 0250 2378     		ldrb	r3, [r4]
 3303 0252 DB00     		lsls	r3, r3, #3
 3304 0254 6344     		add	r3, r3, ip
 3305 0256 1A68     		ldr	r2, [r3]
 3306 0258 3104     		lsls	r1, r6, #16
 3307 025a 0A43     		orrs	r2, r1
 3308 025c 1A60     		str	r2, [r3]
 3309 025e E7E7     		b	.L156
 3310              	.LVL298:
 3311              	.L145:
 535:Drivers/STM32G0xx_HAL_Driver/Src/stm32g0xx_ll_usb.c ****             pmabuffer = ep->pmaaddr0;
 3312              		.loc 1 535 13 is_stmt 1 view .LVU979
 535:Drivers/STM32G0xx_HAL_Driver/Src/stm32g0xx_ll_usb.c ****             pmabuffer = ep->pmaaddr0;
 3313              		.loc 1 535 13 view .LVU980
 3314 0260 6278     		ldrb	r2, [r4, #1]
ARM GAS  C:\Users\Domagoj\AppData\Local\Temp\ccdbAIX0.s 			page 82


 3315 0262 002A     		cmp	r2, #0
 3316 0264 33D1     		bne	.L160
 535:Drivers/STM32G0xx_HAL_Driver/Src/stm32g0xx_ll_usb.c ****             pmabuffer = ep->pmaaddr0;
 3317              		.loc 1 535 13 discriminator 1 view .LVU981
 3318              	.LBB71:
 535:Drivers/STM32G0xx_HAL_Driver/Src/stm32g0xx_ll_usb.c ****             pmabuffer = ep->pmaaddr0;
 3319              		.loc 1 535 13 discriminator 1 view .LVU982
 535:Drivers/STM32G0xx_HAL_Driver/Src/stm32g0xx_ll_usb.c ****             pmabuffer = ep->pmaaddr0;
 3320              		.loc 1 535 13 discriminator 1 view .LVU983
 3321 0266 DB00     		lsls	r3, r3, #3
 3322 0268 414A     		ldr	r2, .L219+8
 3323 026a 9446     		mov	ip, r2
 3324 026c 6344     		add	r3, r3, ip
 3325 026e 1A68     		ldr	r2, [r3]
 3326 0270 9201     		lsls	r2, r2, #6
 3327 0272 9209     		lsrs	r2, r2, #6
 3328 0274 1A60     		str	r2, [r3]
 535:Drivers/STM32G0xx_HAL_Driver/Src/stm32g0xx_ll_usb.c ****             pmabuffer = ep->pmaaddr0;
 3329              		.loc 1 535 13 view .LVU984
 535:Drivers/STM32G0xx_HAL_Driver/Src/stm32g0xx_ll_usb.c ****             pmabuffer = ep->pmaaddr0;
 3330              		.loc 1 535 13 is_stmt 0 discriminator 1 view .LVU985
 3331 0276 002E     		cmp	r6, #0
 3332 0278 08D1     		bne	.L161
 535:Drivers/STM32G0xx_HAL_Driver/Src/stm32g0xx_ll_usb.c ****             pmabuffer = ep->pmaaddr0;
 3333              		.loc 1 535 13 is_stmt 1 discriminator 3 view .LVU986
 3334 027a 2378     		ldrb	r3, [r4]
 3335 027c DB00     		lsls	r3, r3, #3
 3336 027e 6344     		add	r3, r3, ip
 3337 0280 1968     		ldr	r1, [r3]
 3338              	.LVL299:
 535:Drivers/STM32G0xx_HAL_Driver/Src/stm32g0xx_ll_usb.c ****             pmabuffer = ep->pmaaddr0;
 3339              		.loc 1 535 13 is_stmt 0 discriminator 3 view .LVU987
 3340 0282 8022     		movs	r2, #128
 3341 0284 1206     		lsls	r2, r2, #24
 3342 0286 0A43     		orrs	r2, r1
 3343 0288 1A60     		str	r2, [r3]
 3344 028a 22E0     		b	.L162
 3345              	.LVL300:
 3346              	.L161:
 535:Drivers/STM32G0xx_HAL_Driver/Src/stm32g0xx_ll_usb.c ****             pmabuffer = ep->pmaaddr0;
 3347              		.loc 1 535 13 is_stmt 1 discriminator 4 view .LVU988
 3348 028c 3E2E     		cmp	r6, #62
 3349 028e 0DD8     		bhi	.L163
 535:Drivers/STM32G0xx_HAL_Driver/Src/stm32g0xx_ll_usb.c ****             pmabuffer = ep->pmaaddr0;
 3350              		.loc 1 535 13 discriminator 5 view .LVU989
 535:Drivers/STM32G0xx_HAL_Driver/Src/stm32g0xx_ll_usb.c ****             pmabuffer = ep->pmaaddr0;
 3351              		.loc 1 535 13 discriminator 5 view .LVU990
 3352 0290 7208     		lsrs	r2, r6, #1
 3353              	.LVL301:
 535:Drivers/STM32G0xx_HAL_Driver/Src/stm32g0xx_ll_usb.c ****             pmabuffer = ep->pmaaddr0;
 3354              		.loc 1 535 13 view .LVU991
 535:Drivers/STM32G0xx_HAL_Driver/Src/stm32g0xx_ll_usb.c ****             pmabuffer = ep->pmaaddr0;
 3355              		.loc 1 535 13 is_stmt 0 discriminator 5 view .LVU992
 3356 0292 F307     		lsls	r3, r6, #31
 3357 0294 00D5     		bpl	.L164
 535:Drivers/STM32G0xx_HAL_Driver/Src/stm32g0xx_ll_usb.c ****             pmabuffer = ep->pmaaddr0;
 3358              		.loc 1 535 13 is_stmt 1 discriminator 7 view .LVU993
ARM GAS  C:\Users\Domagoj\AppData\Local\Temp\ccdbAIX0.s 			page 83


 3359 0296 0132     		adds	r2, r2, #1
 3360              	.LVL302:
 3361              	.L164:
 535:Drivers/STM32G0xx_HAL_Driver/Src/stm32g0xx_ll_usb.c ****             pmabuffer = ep->pmaaddr0;
 3362              		.loc 1 535 13 discriminator 9 view .LVU994
 3363 0298 2378     		ldrb	r3, [r4]
 3364 029a DB00     		lsls	r3, r3, #3
 3365 029c 3449     		ldr	r1, .L219+8
 3366              	.LVL303:
 535:Drivers/STM32G0xx_HAL_Driver/Src/stm32g0xx_ll_usb.c ****             pmabuffer = ep->pmaaddr0;
 3367              		.loc 1 535 13 is_stmt 0 discriminator 9 view .LVU995
 3368 029e 8C46     		mov	ip, r1
 3369 02a0 6344     		add	r3, r3, ip
 3370 02a2 1968     		ldr	r1, [r3]
 3371 02a4 9206     		lsls	r2, r2, #26
 3372              	.LVL304:
 535:Drivers/STM32G0xx_HAL_Driver/Src/stm32g0xx_ll_usb.c ****             pmabuffer = ep->pmaaddr0;
 3373              		.loc 1 535 13 discriminator 9 view .LVU996
 3374 02a6 0A43     		orrs	r2, r1
 3375 02a8 1A60     		str	r2, [r3]
 535:Drivers/STM32G0xx_HAL_Driver/Src/stm32g0xx_ll_usb.c ****             pmabuffer = ep->pmaaddr0;
 3376              		.loc 1 535 13 is_stmt 1 view .LVU997
 3377 02aa 12E0     		b	.L162
 3378              	.LVL305:
 3379              	.L163:
 535:Drivers/STM32G0xx_HAL_Driver/Src/stm32g0xx_ll_usb.c ****             pmabuffer = ep->pmaaddr0;
 3380              		.loc 1 535 13 discriminator 6 view .LVU998
 535:Drivers/STM32G0xx_HAL_Driver/Src/stm32g0xx_ll_usb.c ****             pmabuffer = ep->pmaaddr0;
 3381              		.loc 1 535 13 discriminator 6 view .LVU999
 3382 02ac 7209     		lsrs	r2, r6, #5
 3383              	.LVL306:
 535:Drivers/STM32G0xx_HAL_Driver/Src/stm32g0xx_ll_usb.c ****             pmabuffer = ep->pmaaddr0;
 3384              		.loc 1 535 13 view .LVU1000
 535:Drivers/STM32G0xx_HAL_Driver/Src/stm32g0xx_ll_usb.c ****             pmabuffer = ep->pmaaddr0;
 3385              		.loc 1 535 13 is_stmt 0 discriminator 6 view .LVU1001
 3386 02ae F306     		lsls	r3, r6, #27
 3387 02b0 00D1     		bne	.L165
 535:Drivers/STM32G0xx_HAL_Driver/Src/stm32g0xx_ll_usb.c ****             pmabuffer = ep->pmaaddr0;
 3388              		.loc 1 535 13 is_stmt 1 discriminator 10 view .LVU1002
 3389 02b2 013A     		subs	r2, r2, #1
 3390              	.LVL307:
 3391              	.L165:
 535:Drivers/STM32G0xx_HAL_Driver/Src/stm32g0xx_ll_usb.c ****             pmabuffer = ep->pmaaddr0;
 3392              		.loc 1 535 13 discriminator 12 view .LVU1003
 3393 02b4 2378     		ldrb	r3, [r4]
 3394 02b6 DB00     		lsls	r3, r3, #3
 3395 02b8 2D49     		ldr	r1, .L219+8
 3396              	.LVL308:
 535:Drivers/STM32G0xx_HAL_Driver/Src/stm32g0xx_ll_usb.c ****             pmabuffer = ep->pmaaddr0;
 3397              		.loc 1 535 13 is_stmt 0 discriminator 12 view .LVU1004
 3398 02ba 8C46     		mov	ip, r1
 3399 02bc 6344     		add	r3, r3, ip
 3400 02be 1968     		ldr	r1, [r3]
 3401 02c0 9206     		lsls	r2, r2, #26
 3402              	.LVL309:
 535:Drivers/STM32G0xx_HAL_Driver/Src/stm32g0xx_ll_usb.c ****             pmabuffer = ep->pmaaddr0;
 3403              		.loc 1 535 13 discriminator 12 view .LVU1005
ARM GAS  C:\Users\Domagoj\AppData\Local\Temp\ccdbAIX0.s 			page 84


 3404 02c2 1143     		orrs	r1, r2
 3405 02c4 8022     		movs	r2, #128
 3406 02c6 1206     		lsls	r2, r2, #24
 3407 02c8 0A43     		orrs	r2, r1
 3408 02ca 1A60     		str	r2, [r3]
 3409 02cc 01E0     		b	.L162
 3410              	.LVL310:
 3411              	.L160:
 535:Drivers/STM32G0xx_HAL_Driver/Src/stm32g0xx_ll_usb.c ****             pmabuffer = ep->pmaaddr0;
 3412              		.loc 1 535 13 discriminator 12 view .LVU1006
 3413              	.LBE71:
 535:Drivers/STM32G0xx_HAL_Driver/Src/stm32g0xx_ll_usb.c ****             pmabuffer = ep->pmaaddr0;
 3414              		.loc 1 535 13 is_stmt 1 discriminator 2 view .LVU1007
 3415 02ce 012A     		cmp	r2, #1
 3416 02d0 25D0     		beq	.L216
 3417              	.LVL311:
 3418              	.L162:
 535:Drivers/STM32G0xx_HAL_Driver/Src/stm32g0xx_ll_usb.c ****             pmabuffer = ep->pmaaddr0;
 3419              		.loc 1 535 13 view .LVU1008
 535:Drivers/STM32G0xx_HAL_Driver/Src/stm32g0xx_ll_usb.c ****             pmabuffer = ep->pmaaddr0;
 3420              		.loc 1 535 13 view .LVU1009
 536:Drivers/STM32G0xx_HAL_Driver/Src/stm32g0xx_ll_usb.c **** 
 3421              		.loc 1 536 13 view .LVU1010
 536:Drivers/STM32G0xx_HAL_Driver/Src/stm32g0xx_ll_usb.c **** 
 3422              		.loc 1 536 23 is_stmt 0 view .LVU1011
 3423 02d2 2289     		ldrh	r2, [r4, #8]
 3424              	.LVL312:
 539:Drivers/STM32G0xx_HAL_Driver/Src/stm32g0xx_ll_usb.c ****             ep->xfer_buff += len;
 3425              		.loc 1 539 13 is_stmt 1 view .LVU1012
 3426 02d4 B3B2     		uxth	r3, r6
 3427 02d6 6169     		ldr	r1, [r4, #20]
 3428 02d8 2800     		movs	r0, r5
 3429              	.LVL313:
 539:Drivers/STM32G0xx_HAL_Driver/Src/stm32g0xx_ll_usb.c ****             ep->xfer_buff += len;
 3430              		.loc 1 539 13 is_stmt 0 view .LVU1013
 3431 02da FFF7FEFF 		bl	USB_WritePMA
 3432              	.LVL314:
 540:Drivers/STM32G0xx_HAL_Driver/Src/stm32g0xx_ll_usb.c **** 
 3433              		.loc 1 540 13 is_stmt 1 view .LVU1014
 540:Drivers/STM32G0xx_HAL_Driver/Src/stm32g0xx_ll_usb.c **** 
 3434              		.loc 1 540 15 is_stmt 0 view .LVU1015
 3435 02de 6369     		ldr	r3, [r4, #20]
 540:Drivers/STM32G0xx_HAL_Driver/Src/stm32g0xx_ll_usb.c **** 
 3436              		.loc 1 540 27 view .LVU1016
 3437 02e0 9B19     		adds	r3, r3, r6
 3438 02e2 6361     		str	r3, [r4, #20]
 542:Drivers/STM32G0xx_HAL_Driver/Src/stm32g0xx_ll_usb.c ****             {
 3439              		.loc 1 542 13 is_stmt 1 view .LVU1017
 542:Drivers/STM32G0xx_HAL_Driver/Src/stm32g0xx_ll_usb.c ****             {
 3440              		.loc 1 542 19 is_stmt 0 view .LVU1018
 3441 02e4 236A     		ldr	r3, [r4, #32]
 542:Drivers/STM32G0xx_HAL_Driver/Src/stm32g0xx_ll_usb.c ****             {
 3442              		.loc 1 542 37 view .LVU1019
 3443 02e6 2269     		ldr	r2, [r4, #16]
 542:Drivers/STM32G0xx_HAL_Driver/Src/stm32g0xx_ll_usb.c ****             {
 3444              		.loc 1 542 16 view .LVU1020
 3445 02e8 9342     		cmp	r3, r2
ARM GAS  C:\Users\Domagoj\AppData\Local\Temp\ccdbAIX0.s 			page 85


 3446 02ea 28D9     		bls	.L166
 544:Drivers/STM32G0xx_HAL_Driver/Src/stm32g0xx_ll_usb.c ****             }
 3447              		.loc 1 544 15 is_stmt 1 view .LVU1021
 544:Drivers/STM32G0xx_HAL_Driver/Src/stm32g0xx_ll_usb.c ****             }
 3448              		.loc 1 544 31 is_stmt 0 view .LVU1022
 3449 02ec 9B1B     		subs	r3, r3, r6
 3450 02ee 2362     		str	r3, [r4, #32]
 3451              	.L167:
 553:Drivers/STM32G0xx_HAL_Driver/Src/stm32g0xx_ll_usb.c ****             pmabuffer = ep->pmaaddr1;
 3452              		.loc 1 553 13 is_stmt 1 view .LVU1023
 553:Drivers/STM32G0xx_HAL_Driver/Src/stm32g0xx_ll_usb.c ****             pmabuffer = ep->pmaaddr1;
 3453              		.loc 1 553 13 view .LVU1024
 3454 02f0 6378     		ldrb	r3, [r4, #1]
 3455 02f2 002B     		cmp	r3, #0
 3456 02f4 53D1     		bne	.L168
 553:Drivers/STM32G0xx_HAL_Driver/Src/stm32g0xx_ll_usb.c ****             pmabuffer = ep->pmaaddr1;
 3457              		.loc 1 553 13 discriminator 1 view .LVU1025
 3458              	.LBB72:
 553:Drivers/STM32G0xx_HAL_Driver/Src/stm32g0xx_ll_usb.c ****             pmabuffer = ep->pmaaddr1;
 3459              		.loc 1 553 13 discriminator 1 view .LVU1026
 553:Drivers/STM32G0xx_HAL_Driver/Src/stm32g0xx_ll_usb.c ****             pmabuffer = ep->pmaaddr1;
 3460              		.loc 1 553 13 discriminator 1 view .LVU1027
 3461 02f6 2378     		ldrb	r3, [r4]
 3462 02f8 DB00     		lsls	r3, r3, #3
 3463 02fa 1D4A     		ldr	r2, .L219+8
 3464 02fc 9446     		mov	ip, r2
 3465 02fe 6344     		add	r3, r3, ip
 3466 0300 5A68     		ldr	r2, [r3, #4]
 3467 0302 9201     		lsls	r2, r2, #6
 3468 0304 9209     		lsrs	r2, r2, #6
 3469 0306 5A60     		str	r2, [r3, #4]
 553:Drivers/STM32G0xx_HAL_Driver/Src/stm32g0xx_ll_usb.c ****             pmabuffer = ep->pmaaddr1;
 3470              		.loc 1 553 13 view .LVU1028
 553:Drivers/STM32G0xx_HAL_Driver/Src/stm32g0xx_ll_usb.c ****             pmabuffer = ep->pmaaddr1;
 3471              		.loc 1 553 13 is_stmt 0 discriminator 1 view .LVU1029
 3472 0308 002E     		cmp	r6, #0
 3473 030a 1CD1     		bne	.L169
 553:Drivers/STM32G0xx_HAL_Driver/Src/stm32g0xx_ll_usb.c ****             pmabuffer = ep->pmaaddr1;
 3474              		.loc 1 553 13 is_stmt 1 discriminator 3 view .LVU1030
 3475 030c 2378     		ldrb	r3, [r4]
 3476 030e DB00     		lsls	r3, r3, #3
 3477 0310 6344     		add	r3, r3, ip
 3478 0312 5968     		ldr	r1, [r3, #4]
 3479 0314 8022     		movs	r2, #128
 3480 0316 1206     		lsls	r2, r2, #24
 3481 0318 0A43     		orrs	r2, r1
 3482 031a 5A60     		str	r2, [r3, #4]
 3483 031c 41E0     		b	.L170
 3484              	.LVL315:
 3485              	.L216:
 553:Drivers/STM32G0xx_HAL_Driver/Src/stm32g0xx_ll_usb.c ****             pmabuffer = ep->pmaaddr1;
 3486              		.loc 1 553 13 is_stmt 0 discriminator 3 view .LVU1031
 3487              	.LBE72:
 535:Drivers/STM32G0xx_HAL_Driver/Src/stm32g0xx_ll_usb.c ****             pmabuffer = ep->pmaaddr0;
 3488              		.loc 1 535 13 is_stmt 1 discriminator 13 view .LVU1032
 535:Drivers/STM32G0xx_HAL_Driver/Src/stm32g0xx_ll_usb.c ****             pmabuffer = ep->pmaaddr0;
 3489              		.loc 1 535 13 discriminator 13 view .LVU1033
ARM GAS  C:\Users\Domagoj\AppData\Local\Temp\ccdbAIX0.s 			page 86


 3490 031e DB00     		lsls	r3, r3, #3
 3491 0320 134A     		ldr	r2, .L219+8
 3492 0322 9446     		mov	ip, r2
 3493 0324 6344     		add	r3, r3, ip
 3494 0326 1A68     		ldr	r2, [r3]
 3495 0328 1204     		lsls	r2, r2, #16
 3496 032a 120C     		lsrs	r2, r2, #16
 3497 032c 1A60     		str	r2, [r3]
 535:Drivers/STM32G0xx_HAL_Driver/Src/stm32g0xx_ll_usb.c ****             pmabuffer = ep->pmaaddr0;
 3498              		.loc 1 535 13 view .LVU1034
 535:Drivers/STM32G0xx_HAL_Driver/Src/stm32g0xx_ll_usb.c ****             pmabuffer = ep->pmaaddr0;
 3499              		.loc 1 535 13 is_stmt 0 discriminator 13 view .LVU1035
 3500 032e 2378     		ldrb	r3, [r4]
 3501 0330 DB00     		lsls	r3, r3, #3
 3502 0332 6344     		add	r3, r3, ip
 3503 0334 1A68     		ldr	r2, [r3]
 3504 0336 3104     		lsls	r1, r6, #16
 3505              	.LVL316:
 535:Drivers/STM32G0xx_HAL_Driver/Src/stm32g0xx_ll_usb.c ****             pmabuffer = ep->pmaaddr0;
 3506              		.loc 1 535 13 discriminator 13 view .LVU1036
 3507 0338 0A43     		orrs	r2, r1
 3508 033a 1A60     		str	r2, [r3]
 3509 033c C9E7     		b	.L162
 3510              	.LVL317:
 3511              	.L166:
 548:Drivers/STM32G0xx_HAL_Driver/Src/stm32g0xx_ll_usb.c ****               ep->xfer_len_db = 0U;
 3512              		.loc 1 548 15 is_stmt 1 view .LVU1037
 549:Drivers/STM32G0xx_HAL_Driver/Src/stm32g0xx_ll_usb.c ****             }
 3513              		.loc 1 549 15 view .LVU1038
 549:Drivers/STM32G0xx_HAL_Driver/Src/stm32g0xx_ll_usb.c ****             }
 3514              		.loc 1 549 31 is_stmt 0 view .LVU1039
 3515 033e 0022     		movs	r2, #0
 3516 0340 2262     		str	r2, [r4, #32]
 548:Drivers/STM32G0xx_HAL_Driver/Src/stm32g0xx_ll_usb.c ****               ep->xfer_len_db = 0U;
 3517              		.loc 1 548 19 view .LVU1040
 3518 0342 1E00     		movs	r6, r3
 3519 0344 D4E7     		b	.L167
 3520              	.LVL318:
 3521              	.L169:
 3522              	.LBB73:
 553:Drivers/STM32G0xx_HAL_Driver/Src/stm32g0xx_ll_usb.c ****             pmabuffer = ep->pmaaddr1;
 3523              		.loc 1 553 13 is_stmt 1 discriminator 4 view .LVU1041
 3524 0346 3E2E     		cmp	r6, #62
 3525 0348 18D8     		bhi	.L171
 553:Drivers/STM32G0xx_HAL_Driver/Src/stm32g0xx_ll_usb.c ****             pmabuffer = ep->pmaaddr1;
 3526              		.loc 1 553 13 discriminator 5 view .LVU1042
 553:Drivers/STM32G0xx_HAL_Driver/Src/stm32g0xx_ll_usb.c ****             pmabuffer = ep->pmaaddr1;
 3527              		.loc 1 553 13 discriminator 5 view .LVU1043
 3528 034a 7208     		lsrs	r2, r6, #1
 3529              	.LVL319:
 553:Drivers/STM32G0xx_HAL_Driver/Src/stm32g0xx_ll_usb.c ****             pmabuffer = ep->pmaaddr1;
 3530              		.loc 1 553 13 view .LVU1044
 553:Drivers/STM32G0xx_HAL_Driver/Src/stm32g0xx_ll_usb.c ****             pmabuffer = ep->pmaaddr1;
 3531              		.loc 1 553 13 is_stmt 0 discriminator 5 view .LVU1045
 3532 034c F307     		lsls	r3, r6, #31
 3533 034e 00D5     		bpl	.L172
 553:Drivers/STM32G0xx_HAL_Driver/Src/stm32g0xx_ll_usb.c ****             pmabuffer = ep->pmaaddr1;
ARM GAS  C:\Users\Domagoj\AppData\Local\Temp\ccdbAIX0.s 			page 87


 3534              		.loc 1 553 13 is_stmt 1 discriminator 7 view .LVU1046
 3535 0350 0132     		adds	r2, r2, #1
 3536              	.LVL320:
 3537              	.L172:
 553:Drivers/STM32G0xx_HAL_Driver/Src/stm32g0xx_ll_usb.c ****             pmabuffer = ep->pmaaddr1;
 3538              		.loc 1 553 13 discriminator 9 view .LVU1047
 3539 0352 2378     		ldrb	r3, [r4]
 3540 0354 DB00     		lsls	r3, r3, #3
 3541 0356 0649     		ldr	r1, .L219+8
 3542 0358 8C46     		mov	ip, r1
 3543 035a 6344     		add	r3, r3, ip
 3544 035c 5968     		ldr	r1, [r3, #4]
 3545 035e 9206     		lsls	r2, r2, #26
 3546              	.LVL321:
 553:Drivers/STM32G0xx_HAL_Driver/Src/stm32g0xx_ll_usb.c ****             pmabuffer = ep->pmaaddr1;
 3547              		.loc 1 553 13 is_stmt 0 discriminator 9 view .LVU1048
 3548 0360 0A43     		orrs	r2, r1
 3549 0362 5A60     		str	r2, [r3, #4]
 553:Drivers/STM32G0xx_HAL_Driver/Src/stm32g0xx_ll_usb.c ****             pmabuffer = ep->pmaaddr1;
 3550              		.loc 1 553 13 is_stmt 1 view .LVU1049
 3551 0364 1DE0     		b	.L170
 3552              	.L220:
 3553 0366 C046     		.align	2
 3554              	.L219:
 3555 0368 8F8FFF07 		.word	134188943
 3556 036c 80810000 		.word	33152
 3557 0370 00980040 		.word	1073780736
 3558 0374 BF8FFF07 		.word	134188991
 3559 0378 80800000 		.word	32896
 3560              	.LVL322:
 3561              	.L171:
 553:Drivers/STM32G0xx_HAL_Driver/Src/stm32g0xx_ll_usb.c ****             pmabuffer = ep->pmaaddr1;
 3562              		.loc 1 553 13 discriminator 6 view .LVU1050
 553:Drivers/STM32G0xx_HAL_Driver/Src/stm32g0xx_ll_usb.c ****             pmabuffer = ep->pmaaddr1;
 3563              		.loc 1 553 13 discriminator 6 view .LVU1051
 3564 037c 7209     		lsrs	r2, r6, #5
 3565              	.LVL323:
 553:Drivers/STM32G0xx_HAL_Driver/Src/stm32g0xx_ll_usb.c ****             pmabuffer = ep->pmaaddr1;
 3566              		.loc 1 553 13 view .LVU1052
 553:Drivers/STM32G0xx_HAL_Driver/Src/stm32g0xx_ll_usb.c ****             pmabuffer = ep->pmaaddr1;
 3567              		.loc 1 553 13 is_stmt 0 discriminator 6 view .LVU1053
 3568 037e F306     		lsls	r3, r6, #27
 3569 0380 00D1     		bne	.L173
 553:Drivers/STM32G0xx_HAL_Driver/Src/stm32g0xx_ll_usb.c ****             pmabuffer = ep->pmaaddr1;
 3570              		.loc 1 553 13 is_stmt 1 discriminator 10 view .LVU1054
 3571 0382 013A     		subs	r2, r2, #1
 3572              	.LVL324:
 3573              	.L173:
 553:Drivers/STM32G0xx_HAL_Driver/Src/stm32g0xx_ll_usb.c ****             pmabuffer = ep->pmaaddr1;
 3574              		.loc 1 553 13 discriminator 12 view .LVU1055
 3575 0384 2378     		ldrb	r3, [r4]
 3576 0386 DB00     		lsls	r3, r3, #3
 3577 0388 8349     		ldr	r1, .L221
 3578 038a 8C46     		mov	ip, r1
 3579 038c 6344     		add	r3, r3, ip
 3580 038e 5968     		ldr	r1, [r3, #4]
 3581 0390 9206     		lsls	r2, r2, #26
ARM GAS  C:\Users\Domagoj\AppData\Local\Temp\ccdbAIX0.s 			page 88


 3582              	.LVL325:
 553:Drivers/STM32G0xx_HAL_Driver/Src/stm32g0xx_ll_usb.c ****             pmabuffer = ep->pmaaddr1;
 3583              		.loc 1 553 13 is_stmt 0 discriminator 12 view .LVU1056
 3584 0392 1143     		orrs	r1, r2
 3585 0394 8022     		movs	r2, #128
 3586 0396 1206     		lsls	r2, r2, #24
 3587 0398 0A43     		orrs	r2, r1
 3588 039a 5A60     		str	r2, [r3, #4]
 3589 039c 01E0     		b	.L170
 3590              	.LVL326:
 3591              	.L168:
 553:Drivers/STM32G0xx_HAL_Driver/Src/stm32g0xx_ll_usb.c ****             pmabuffer = ep->pmaaddr1;
 3592              		.loc 1 553 13 discriminator 12 view .LVU1057
 3593              	.LBE73:
 553:Drivers/STM32G0xx_HAL_Driver/Src/stm32g0xx_ll_usb.c ****             pmabuffer = ep->pmaaddr1;
 3594              		.loc 1 553 13 is_stmt 1 discriminator 2 view .LVU1058
 3595 039e 012B     		cmp	r3, #1
 3596 03a0 06D0     		beq	.L217
 3597              	.L170:
 553:Drivers/STM32G0xx_HAL_Driver/Src/stm32g0xx_ll_usb.c ****             pmabuffer = ep->pmaaddr1;
 3598              		.loc 1 553 13 view .LVU1059
 554:Drivers/STM32G0xx_HAL_Driver/Src/stm32g0xx_ll_usb.c **** 
 3599              		.loc 1 554 13 view .LVU1060
 554:Drivers/STM32G0xx_HAL_Driver/Src/stm32g0xx_ll_usb.c **** 
 3600              		.loc 1 554 23 is_stmt 0 view .LVU1061
 3601 03a2 6289     		ldrh	r2, [r4, #10]
 3602              	.LVL327:
 557:Drivers/STM32G0xx_HAL_Driver/Src/stm32g0xx_ll_usb.c ****           }
 3603              		.loc 1 557 13 is_stmt 1 view .LVU1062
 3604 03a4 B3B2     		uxth	r3, r6
 3605 03a6 6169     		ldr	r1, [r4, #20]
 3606 03a8 2800     		movs	r0, r5
 3607 03aa FFF7FEFF 		bl	USB_WritePMA
 3608              	.LVL328:
 557:Drivers/STM32G0xx_HAL_Driver/Src/stm32g0xx_ll_usb.c ****           }
 3609              		.loc 1 557 13 is_stmt 0 view .LVU1063
 3610 03ae 85E6     		b	.L142
 3611              	.L217:
 553:Drivers/STM32G0xx_HAL_Driver/Src/stm32g0xx_ll_usb.c ****             pmabuffer = ep->pmaaddr1;
 3612              		.loc 1 553 13 is_stmt 1 discriminator 13 view .LVU1064
 3613 03b0 2378     		ldrb	r3, [r4]
 3614 03b2 DB00     		lsls	r3, r3, #3
 3615 03b4 784A     		ldr	r2, .L221
 3616 03b6 9446     		mov	ip, r2
 3617 03b8 6344     		add	r3, r3, ip
 3618 03ba 5A68     		ldr	r2, [r3, #4]
 3619 03bc 1204     		lsls	r2, r2, #16
 3620 03be 120C     		lsrs	r2, r2, #16
 3621 03c0 5A60     		str	r2, [r3, #4]
 553:Drivers/STM32G0xx_HAL_Driver/Src/stm32g0xx_ll_usb.c ****             pmabuffer = ep->pmaaddr1;
 3622              		.loc 1 553 13 view .LVU1065
 553:Drivers/STM32G0xx_HAL_Driver/Src/stm32g0xx_ll_usb.c ****             pmabuffer = ep->pmaaddr1;
 3623              		.loc 1 553 13 is_stmt 0 discriminator 13 view .LVU1066
 3624 03c2 2378     		ldrb	r3, [r4]
 3625 03c4 DB00     		lsls	r3, r3, #3
 3626 03c6 6344     		add	r3, r3, ip
 3627 03c8 5A68     		ldr	r2, [r3, #4]
ARM GAS  C:\Users\Domagoj\AppData\Local\Temp\ccdbAIX0.s 			page 89


 3628 03ca 3104     		lsls	r1, r6, #16
 3629 03cc 0A43     		orrs	r2, r1
 3630 03ce 5A60     		str	r2, [r3, #4]
 3631 03d0 E7E7     		b	.L170
 3632              	.LVL329:
 3633              	.L144:
 563:Drivers/STM32G0xx_HAL_Driver/Src/stm32g0xx_ll_usb.c **** 
 3634              		.loc 1 563 11 is_stmt 1 view .LVU1067
 566:Drivers/STM32G0xx_HAL_Driver/Src/stm32g0xx_ll_usb.c **** 
 3635              		.loc 1 566 11 view .LVU1068
 3636              	.LBB74:
 566:Drivers/STM32G0xx_HAL_Driver/Src/stm32g0xx_ll_usb.c **** 
 3637              		.loc 1 566 11 view .LVU1069
 566:Drivers/STM32G0xx_HAL_Driver/Src/stm32g0xx_ll_usb.c **** 
 3638              		.loc 1 566 11 view .LVU1070
 3639 03d2 2278     		ldrb	r2, [r4]
 3640 03d4 9200     		lsls	r2, r2, #2
 3641 03d6 AA18     		adds	r2, r5, r2
 3642 03d8 1068     		ldr	r0, [r2]
 3643              	.LVL330:
 566:Drivers/STM32G0xx_HAL_Driver/Src/stm32g0xx_ll_usb.c **** 
 3644              		.loc 1 566 11 is_stmt 0 view .LVU1071
 3645 03da 7049     		ldr	r1, .L221+4
 3646 03dc 0840     		ands	r0, r1
 3647              	.LVL331:
 566:Drivers/STM32G0xx_HAL_Driver/Src/stm32g0xx_ll_usb.c **** 
 3648              		.loc 1 566 11 is_stmt 1 view .LVU1072
 3649 03de 7049     		ldr	r1, .L221+8
 3650 03e0 0143     		orrs	r1, r0
 3651 03e2 1160     		str	r1, [r2]
 3652              	.LBE74:
 566:Drivers/STM32G0xx_HAL_Driver/Src/stm32g0xx_ll_usb.c **** 
 3653              		.loc 1 566 11 view .LVU1073
 569:Drivers/STM32G0xx_HAL_Driver/Src/stm32g0xx_ll_usb.c ****           pmabuffer = ep->pmaaddr0;
 3654              		.loc 1 569 11 view .LVU1074
 569:Drivers/STM32G0xx_HAL_Driver/Src/stm32g0xx_ll_usb.c ****           pmabuffer = ep->pmaaddr0;
 3655              		.loc 1 569 11 view .LVU1075
 3656 03e4 2278     		ldrb	r2, [r4]
 3657 03e6 D200     		lsls	r2, r2, #3
 3658 03e8 6B49     		ldr	r1, .L221
 3659 03ea 8C46     		mov	ip, r1
 3660 03ec 6244     		add	r2, r2, ip
 3661 03ee 1168     		ldr	r1, [r2]
 3662 03f0 0904     		lsls	r1, r1, #16
 3663 03f2 090C     		lsrs	r1, r1, #16
 3664 03f4 1160     		str	r1, [r2]
 569:Drivers/STM32G0xx_HAL_Driver/Src/stm32g0xx_ll_usb.c ****           pmabuffer = ep->pmaaddr0;
 3665              		.loc 1 569 11 view .LVU1076
 3666 03f6 2278     		ldrb	r2, [r4]
 3667 03f8 D200     		lsls	r2, r2, #3
 3668 03fa 6244     		add	r2, r2, ip
 3669 03fc 1168     		ldr	r1, [r2]
 3670 03fe 1804     		lsls	r0, r3, #16
 3671              	.LVL332:
 569:Drivers/STM32G0xx_HAL_Driver/Src/stm32g0xx_ll_usb.c ****           pmabuffer = ep->pmaaddr0;
 3672              		.loc 1 569 11 is_stmt 0 view .LVU1077
 3673 0400 0143     		orrs	r1, r0
ARM GAS  C:\Users\Domagoj\AppData\Local\Temp\ccdbAIX0.s 			page 90


 3674 0402 1160     		str	r1, [r2]
 569:Drivers/STM32G0xx_HAL_Driver/Src/stm32g0xx_ll_usb.c ****           pmabuffer = ep->pmaaddr0;
 3675              		.loc 1 569 11 is_stmt 1 view .LVU1078
 570:Drivers/STM32G0xx_HAL_Driver/Src/stm32g0xx_ll_usb.c **** 
 3676              		.loc 1 570 11 view .LVU1079
 570:Drivers/STM32G0xx_HAL_Driver/Src/stm32g0xx_ll_usb.c **** 
 3677              		.loc 1 570 21 is_stmt 0 view .LVU1080
 3678 0404 2289     		ldrh	r2, [r4, #8]
 3679              	.LVL333:
 573:Drivers/STM32G0xx_HAL_Driver/Src/stm32g0xx_ll_usb.c ****         }
 3680              		.loc 1 573 11 is_stmt 1 view .LVU1081
 3681 0406 9BB2     		uxth	r3, r3
 3682              	.LVL334:
 573:Drivers/STM32G0xx_HAL_Driver/Src/stm32g0xx_ll_usb.c ****         }
 3683              		.loc 1 573 11 is_stmt 0 view .LVU1082
 3684 0408 6169     		ldr	r1, [r4, #20]
 3685 040a 2800     		movs	r0, r5
 3686 040c FFF7FEFF 		bl	USB_WritePMA
 3687              	.LVL335:
 573:Drivers/STM32G0xx_HAL_Driver/Src/stm32g0xx_ll_usb.c ****         }
 3688              		.loc 1 573 11 view .LVU1083
 3689 0410 54E6     		b	.L142
 3690              	.LVL336:
 3691              	.L176:
 3692              	.LBB75:
 585:Drivers/STM32G0xx_HAL_Driver/Src/stm32g0xx_ll_usb.c ****           pmabuffer = ep->pmaaddr1;
 3693              		.loc 1 585 11 is_stmt 1 discriminator 4 view .LVU1084
 3694 0412 3E2E     		cmp	r6, #62
 3695 0414 0DD8     		bhi	.L178
 585:Drivers/STM32G0xx_HAL_Driver/Src/stm32g0xx_ll_usb.c ****           pmabuffer = ep->pmaaddr1;
 3696              		.loc 1 585 11 discriminator 5 view .LVU1085
 585:Drivers/STM32G0xx_HAL_Driver/Src/stm32g0xx_ll_usb.c ****           pmabuffer = ep->pmaaddr1;
 3697              		.loc 1 585 11 discriminator 5 view .LVU1086
 3698 0416 7208     		lsrs	r2, r6, #1
 3699              	.LVL337:
 585:Drivers/STM32G0xx_HAL_Driver/Src/stm32g0xx_ll_usb.c ****           pmabuffer = ep->pmaaddr1;
 3700              		.loc 1 585 11 view .LVU1087
 585:Drivers/STM32G0xx_HAL_Driver/Src/stm32g0xx_ll_usb.c ****           pmabuffer = ep->pmaaddr1;
 3701              		.loc 1 585 11 is_stmt 0 discriminator 5 view .LVU1088
 3702 0418 F307     		lsls	r3, r6, #31
 3703 041a 00D5     		bpl	.L179
 585:Drivers/STM32G0xx_HAL_Driver/Src/stm32g0xx_ll_usb.c ****           pmabuffer = ep->pmaaddr1;
 3704              		.loc 1 585 11 is_stmt 1 discriminator 7 view .LVU1089
 3705 041c 0132     		adds	r2, r2, #1
 3706              	.LVL338:
 3707              	.L179:
 585:Drivers/STM32G0xx_HAL_Driver/Src/stm32g0xx_ll_usb.c ****           pmabuffer = ep->pmaaddr1;
 3708              		.loc 1 585 11 discriminator 9 view .LVU1090
 3709 041e 2378     		ldrb	r3, [r4]
 3710 0420 DB00     		lsls	r3, r3, #3
 3711 0422 5D49     		ldr	r1, .L221
 3712 0424 8C46     		mov	ip, r1
 3713 0426 6344     		add	r3, r3, ip
 3714 0428 5968     		ldr	r1, [r3, #4]
 3715 042a 9206     		lsls	r2, r2, #26
 3716              	.LVL339:
 585:Drivers/STM32G0xx_HAL_Driver/Src/stm32g0xx_ll_usb.c ****           pmabuffer = ep->pmaaddr1;
ARM GAS  C:\Users\Domagoj\AppData\Local\Temp\ccdbAIX0.s 			page 91


 3717              		.loc 1 585 11 is_stmt 0 discriminator 9 view .LVU1091
 3718 042c 0A43     		orrs	r2, r1
 3719 042e 5A60     		str	r2, [r3, #4]
 585:Drivers/STM32G0xx_HAL_Driver/Src/stm32g0xx_ll_usb.c ****           pmabuffer = ep->pmaaddr1;
 3720              		.loc 1 585 11 is_stmt 1 view .LVU1092
 3721 0430 1FE0     		b	.L177
 3722              	.LVL340:
 3723              	.L178:
 585:Drivers/STM32G0xx_HAL_Driver/Src/stm32g0xx_ll_usb.c ****           pmabuffer = ep->pmaaddr1;
 3724              		.loc 1 585 11 discriminator 6 view .LVU1093
 585:Drivers/STM32G0xx_HAL_Driver/Src/stm32g0xx_ll_usb.c ****           pmabuffer = ep->pmaaddr1;
 3725              		.loc 1 585 11 discriminator 6 view .LVU1094
 3726 0432 7209     		lsrs	r2, r6, #5
 3727              	.LVL341:
 585:Drivers/STM32G0xx_HAL_Driver/Src/stm32g0xx_ll_usb.c ****           pmabuffer = ep->pmaaddr1;
 3728              		.loc 1 585 11 view .LVU1095
 585:Drivers/STM32G0xx_HAL_Driver/Src/stm32g0xx_ll_usb.c ****           pmabuffer = ep->pmaaddr1;
 3729              		.loc 1 585 11 is_stmt 0 discriminator 6 view .LVU1096
 3730 0434 F306     		lsls	r3, r6, #27
 3731 0436 00D1     		bne	.L180
 585:Drivers/STM32G0xx_HAL_Driver/Src/stm32g0xx_ll_usb.c ****           pmabuffer = ep->pmaaddr1;
 3732              		.loc 1 585 11 is_stmt 1 discriminator 10 view .LVU1097
 3733 0438 013A     		subs	r2, r2, #1
 3734              	.LVL342:
 3735              	.L180:
 585:Drivers/STM32G0xx_HAL_Driver/Src/stm32g0xx_ll_usb.c ****           pmabuffer = ep->pmaaddr1;
 3736              		.loc 1 585 11 discriminator 12 view .LVU1098
 3737 043a 2378     		ldrb	r3, [r4]
 3738 043c DB00     		lsls	r3, r3, #3
 3739 043e 5649     		ldr	r1, .L221
 3740 0440 8C46     		mov	ip, r1
 3741 0442 6344     		add	r3, r3, ip
 3742 0444 5968     		ldr	r1, [r3, #4]
 3743 0446 9206     		lsls	r2, r2, #26
 3744              	.LVL343:
 585:Drivers/STM32G0xx_HAL_Driver/Src/stm32g0xx_ll_usb.c ****           pmabuffer = ep->pmaaddr1;
 3745              		.loc 1 585 11 is_stmt 0 discriminator 12 view .LVU1099
 3746 0448 1143     		orrs	r1, r2
 3747 044a 8022     		movs	r2, #128
 3748 044c 1206     		lsls	r2, r2, #24
 3749 044e 0A43     		orrs	r2, r1
 3750 0450 5A60     		str	r2, [r3, #4]
 3751 0452 0EE0     		b	.L177
 3752              	.LVL344:
 3753              	.L175:
 585:Drivers/STM32G0xx_HAL_Driver/Src/stm32g0xx_ll_usb.c ****           pmabuffer = ep->pmaaddr1;
 3754              		.loc 1 585 11 discriminator 12 view .LVU1100
 3755              	.LBE75:
 585:Drivers/STM32G0xx_HAL_Driver/Src/stm32g0xx_ll_usb.c ****           pmabuffer = ep->pmaaddr1;
 3756              		.loc 1 585 11 is_stmt 1 discriminator 2 view .LVU1101
 585:Drivers/STM32G0xx_HAL_Driver/Src/stm32g0xx_ll_usb.c ****           pmabuffer = ep->pmaaddr1;
 3757              		.loc 1 585 11 discriminator 13 view .LVU1102
 3758 0454 D200     		lsls	r2, r2, #3
 3759 0456 504B     		ldr	r3, .L221
 3760 0458 9C46     		mov	ip, r3
 3761 045a 6244     		add	r2, r2, ip
 3762 045c 5368     		ldr	r3, [r2, #4]
ARM GAS  C:\Users\Domagoj\AppData\Local\Temp\ccdbAIX0.s 			page 92


 3763 045e 1B04     		lsls	r3, r3, #16
 3764 0460 1B0C     		lsrs	r3, r3, #16
 3765 0462 5360     		str	r3, [r2, #4]
 585:Drivers/STM32G0xx_HAL_Driver/Src/stm32g0xx_ll_usb.c ****           pmabuffer = ep->pmaaddr1;
 3766              		.loc 1 585 11 view .LVU1103
 585:Drivers/STM32G0xx_HAL_Driver/Src/stm32g0xx_ll_usb.c ****           pmabuffer = ep->pmaaddr1;
 3767              		.loc 1 585 11 is_stmt 0 discriminator 13 view .LVU1104
 3768 0464 2378     		ldrb	r3, [r4]
 3769 0466 DB00     		lsls	r3, r3, #3
 3770 0468 6344     		add	r3, r3, ip
 3771 046a 5A68     		ldr	r2, [r3, #4]
 3772 046c 3104     		lsls	r1, r6, #16
 3773 046e 0A43     		orrs	r2, r1
 3774 0470 5A60     		str	r2, [r3, #4]
 3775              	.L177:
 585:Drivers/STM32G0xx_HAL_Driver/Src/stm32g0xx_ll_usb.c ****           pmabuffer = ep->pmaaddr1;
 3776              		.loc 1 585 11 is_stmt 1 view .LVU1105
 586:Drivers/STM32G0xx_HAL_Driver/Src/stm32g0xx_ll_usb.c **** 
 3777              		.loc 1 586 11 view .LVU1106
 586:Drivers/STM32G0xx_HAL_Driver/Src/stm32g0xx_ll_usb.c **** 
 3778              		.loc 1 586 21 is_stmt 0 view .LVU1107
 3779 0472 6289     		ldrh	r2, [r4, #10]
 3780              	.LVL345:
 589:Drivers/STM32G0xx_HAL_Driver/Src/stm32g0xx_ll_usb.c ****         }
 3781              		.loc 1 589 11 is_stmt 1 view .LVU1108
 3782 0474 B3B2     		uxth	r3, r6
 3783 0476 6169     		ldr	r1, [r4, #20]
 3784 0478 2800     		movs	r0, r5
 3785              	.LVL346:
 589:Drivers/STM32G0xx_HAL_Driver/Src/stm32g0xx_ll_usb.c ****         }
 3786              		.loc 1 589 11 is_stmt 0 view .LVU1109
 3787 047a FFF7FEFF 		bl	USB_WritePMA
 3788              	.LVL347:
 589:Drivers/STM32G0xx_HAL_Driver/Src/stm32g0xx_ll_usb.c ****         }
 3789              		.loc 1 589 11 view .LVU1110
 3790 047e 1DE6     		b	.L142
 3791              	.LVL348:
 3792              	.L174:
 594:Drivers/STM32G0xx_HAL_Driver/Src/stm32g0xx_ll_usb.c ****           pmabuffer = ep->pmaaddr0;
 3793              		.loc 1 594 11 is_stmt 1 view .LVU1111
 594:Drivers/STM32G0xx_HAL_Driver/Src/stm32g0xx_ll_usb.c ****           pmabuffer = ep->pmaaddr0;
 3794              		.loc 1 594 11 view .LVU1112
 3795 0480 002B     		cmp	r3, #0
 3796 0482 33D1     		bne	.L181
 594:Drivers/STM32G0xx_HAL_Driver/Src/stm32g0xx_ll_usb.c ****           pmabuffer = ep->pmaaddr0;
 3797              		.loc 1 594 11 discriminator 1 view .LVU1113
 3798              	.LBB76:
 594:Drivers/STM32G0xx_HAL_Driver/Src/stm32g0xx_ll_usb.c ****           pmabuffer = ep->pmaaddr0;
 3799              		.loc 1 594 11 discriminator 1 view .LVU1114
 594:Drivers/STM32G0xx_HAL_Driver/Src/stm32g0xx_ll_usb.c ****           pmabuffer = ep->pmaaddr0;
 3800              		.loc 1 594 11 discriminator 1 view .LVU1115
 3801 0484 D200     		lsls	r2, r2, #3
 3802 0486 444B     		ldr	r3, .L221
 3803 0488 9C46     		mov	ip, r3
 3804 048a 6244     		add	r2, r2, ip
 3805 048c 1368     		ldr	r3, [r2]
 3806 048e 9B01     		lsls	r3, r3, #6
ARM GAS  C:\Users\Domagoj\AppData\Local\Temp\ccdbAIX0.s 			page 93


 3807 0490 9B09     		lsrs	r3, r3, #6
 3808 0492 1360     		str	r3, [r2]
 594:Drivers/STM32G0xx_HAL_Driver/Src/stm32g0xx_ll_usb.c ****           pmabuffer = ep->pmaaddr0;
 3809              		.loc 1 594 11 view .LVU1116
 594:Drivers/STM32G0xx_HAL_Driver/Src/stm32g0xx_ll_usb.c ****           pmabuffer = ep->pmaaddr0;
 3810              		.loc 1 594 11 is_stmt 0 discriminator 1 view .LVU1117
 3811 0494 002E     		cmp	r6, #0
 3812 0496 08D1     		bne	.L182
 594:Drivers/STM32G0xx_HAL_Driver/Src/stm32g0xx_ll_usb.c ****           pmabuffer = ep->pmaaddr0;
 3813              		.loc 1 594 11 is_stmt 1 discriminator 3 view .LVU1118
 3814 0498 2378     		ldrb	r3, [r4]
 3815 049a DB00     		lsls	r3, r3, #3
 3816 049c 6344     		add	r3, r3, ip
 3817 049e 1968     		ldr	r1, [r3]
 3818 04a0 8022     		movs	r2, #128
 3819 04a2 1206     		lsls	r2, r2, #24
 3820 04a4 0A43     		orrs	r2, r1
 3821 04a6 1A60     		str	r2, [r3]
 3822 04a8 2FE0     		b	.L183
 3823              	.L182:
 594:Drivers/STM32G0xx_HAL_Driver/Src/stm32g0xx_ll_usb.c ****           pmabuffer = ep->pmaaddr0;
 3824              		.loc 1 594 11 discriminator 4 view .LVU1119
 3825 04aa 3E2E     		cmp	r6, #62
 3826 04ac 0DD8     		bhi	.L184
 594:Drivers/STM32G0xx_HAL_Driver/Src/stm32g0xx_ll_usb.c ****           pmabuffer = ep->pmaaddr0;
 3827              		.loc 1 594 11 discriminator 5 view .LVU1120
 594:Drivers/STM32G0xx_HAL_Driver/Src/stm32g0xx_ll_usb.c ****           pmabuffer = ep->pmaaddr0;
 3828              		.loc 1 594 11 discriminator 5 view .LVU1121
 3829 04ae 7208     		lsrs	r2, r6, #1
 3830              	.LVL349:
 594:Drivers/STM32G0xx_HAL_Driver/Src/stm32g0xx_ll_usb.c ****           pmabuffer = ep->pmaaddr0;
 3831              		.loc 1 594 11 view .LVU1122
 594:Drivers/STM32G0xx_HAL_Driver/Src/stm32g0xx_ll_usb.c ****           pmabuffer = ep->pmaaddr0;
 3832              		.loc 1 594 11 is_stmt 0 discriminator 5 view .LVU1123
 3833 04b0 F307     		lsls	r3, r6, #31
 3834 04b2 00D5     		bpl	.L185
 594:Drivers/STM32G0xx_HAL_Driver/Src/stm32g0xx_ll_usb.c ****           pmabuffer = ep->pmaaddr0;
 3835              		.loc 1 594 11 is_stmt 1 discriminator 7 view .LVU1124
 3836 04b4 0132     		adds	r2, r2, #1
 3837              	.LVL350:
 3838              	.L185:
 594:Drivers/STM32G0xx_HAL_Driver/Src/stm32g0xx_ll_usb.c ****           pmabuffer = ep->pmaaddr0;
 3839              		.loc 1 594 11 discriminator 9 view .LVU1125
 3840 04b6 2378     		ldrb	r3, [r4]
 3841 04b8 DB00     		lsls	r3, r3, #3
 3842 04ba 3749     		ldr	r1, .L221
 3843 04bc 8C46     		mov	ip, r1
 3844 04be 6344     		add	r3, r3, ip
 3845 04c0 1968     		ldr	r1, [r3]
 3846 04c2 9206     		lsls	r2, r2, #26
 3847              	.LVL351:
 594:Drivers/STM32G0xx_HAL_Driver/Src/stm32g0xx_ll_usb.c ****           pmabuffer = ep->pmaaddr0;
 3848              		.loc 1 594 11 is_stmt 0 discriminator 9 view .LVU1126
 3849 04c4 0A43     		orrs	r2, r1
 3850 04c6 1A60     		str	r2, [r3]
 594:Drivers/STM32G0xx_HAL_Driver/Src/stm32g0xx_ll_usb.c ****           pmabuffer = ep->pmaaddr0;
 3851              		.loc 1 594 11 is_stmt 1 view .LVU1127
ARM GAS  C:\Users\Domagoj\AppData\Local\Temp\ccdbAIX0.s 			page 94


 3852 04c8 1FE0     		b	.L183
 3853              	.LVL352:
 3854              	.L184:
 594:Drivers/STM32G0xx_HAL_Driver/Src/stm32g0xx_ll_usb.c ****           pmabuffer = ep->pmaaddr0;
 3855              		.loc 1 594 11 discriminator 6 view .LVU1128
 594:Drivers/STM32G0xx_HAL_Driver/Src/stm32g0xx_ll_usb.c ****           pmabuffer = ep->pmaaddr0;
 3856              		.loc 1 594 11 discriminator 6 view .LVU1129
 3857 04ca 7209     		lsrs	r2, r6, #5
 3858              	.LVL353:
 594:Drivers/STM32G0xx_HAL_Driver/Src/stm32g0xx_ll_usb.c ****           pmabuffer = ep->pmaaddr0;
 3859              		.loc 1 594 11 view .LVU1130
 594:Drivers/STM32G0xx_HAL_Driver/Src/stm32g0xx_ll_usb.c ****           pmabuffer = ep->pmaaddr0;
 3860              		.loc 1 594 11 is_stmt 0 discriminator 6 view .LVU1131
 3861 04cc F306     		lsls	r3, r6, #27
 3862 04ce 00D1     		bne	.L186
 594:Drivers/STM32G0xx_HAL_Driver/Src/stm32g0xx_ll_usb.c ****           pmabuffer = ep->pmaaddr0;
 3863              		.loc 1 594 11 is_stmt 1 discriminator 10 view .LVU1132
 3864 04d0 013A     		subs	r2, r2, #1
 3865              	.LVL354:
 3866              	.L186:
 594:Drivers/STM32G0xx_HAL_Driver/Src/stm32g0xx_ll_usb.c ****           pmabuffer = ep->pmaaddr0;
 3867              		.loc 1 594 11 discriminator 12 view .LVU1133
 3868 04d2 2378     		ldrb	r3, [r4]
 3869 04d4 DB00     		lsls	r3, r3, #3
 3870 04d6 3049     		ldr	r1, .L221
 3871 04d8 8C46     		mov	ip, r1
 3872 04da 6344     		add	r3, r3, ip
 3873 04dc 1968     		ldr	r1, [r3]
 3874 04de 9206     		lsls	r2, r2, #26
 3875              	.LVL355:
 594:Drivers/STM32G0xx_HAL_Driver/Src/stm32g0xx_ll_usb.c ****           pmabuffer = ep->pmaaddr0;
 3876              		.loc 1 594 11 is_stmt 0 discriminator 12 view .LVU1134
 3877 04e0 1143     		orrs	r1, r2
 3878 04e2 8022     		movs	r2, #128
 3879 04e4 1206     		lsls	r2, r2, #24
 3880 04e6 0A43     		orrs	r2, r1
 3881 04e8 1A60     		str	r2, [r3]
 3882 04ea 0EE0     		b	.L183
 3883              	.LVL356:
 3884              	.L181:
 594:Drivers/STM32G0xx_HAL_Driver/Src/stm32g0xx_ll_usb.c ****           pmabuffer = ep->pmaaddr0;
 3885              		.loc 1 594 11 discriminator 12 view .LVU1135
 3886              	.LBE76:
 594:Drivers/STM32G0xx_HAL_Driver/Src/stm32g0xx_ll_usb.c ****           pmabuffer = ep->pmaaddr0;
 3887              		.loc 1 594 11 is_stmt 1 discriminator 2 view .LVU1136
 594:Drivers/STM32G0xx_HAL_Driver/Src/stm32g0xx_ll_usb.c ****           pmabuffer = ep->pmaaddr0;
 3888              		.loc 1 594 11 discriminator 13 view .LVU1137
 594:Drivers/STM32G0xx_HAL_Driver/Src/stm32g0xx_ll_usb.c ****           pmabuffer = ep->pmaaddr0;
 3889              		.loc 1 594 11 discriminator 13 view .LVU1138
 3890 04ec D200     		lsls	r2, r2, #3
 3891 04ee 2A4B     		ldr	r3, .L221
 3892 04f0 9C46     		mov	ip, r3
 3893 04f2 6244     		add	r2, r2, ip
 3894 04f4 1368     		ldr	r3, [r2]
 3895 04f6 1B04     		lsls	r3, r3, #16
 3896 04f8 1B0C     		lsrs	r3, r3, #16
 3897 04fa 1360     		str	r3, [r2]
ARM GAS  C:\Users\Domagoj\AppData\Local\Temp\ccdbAIX0.s 			page 95


 594:Drivers/STM32G0xx_HAL_Driver/Src/stm32g0xx_ll_usb.c ****           pmabuffer = ep->pmaaddr0;
 3898              		.loc 1 594 11 view .LVU1139
 594:Drivers/STM32G0xx_HAL_Driver/Src/stm32g0xx_ll_usb.c ****           pmabuffer = ep->pmaaddr0;
 3899              		.loc 1 594 11 is_stmt 0 discriminator 13 view .LVU1140
 3900 04fc 2378     		ldrb	r3, [r4]
 3901 04fe DB00     		lsls	r3, r3, #3
 3902 0500 6344     		add	r3, r3, ip
 3903 0502 1A68     		ldr	r2, [r3]
 3904 0504 3104     		lsls	r1, r6, #16
 3905 0506 0A43     		orrs	r2, r1
 3906 0508 1A60     		str	r2, [r3]
 3907              	.L183:
 594:Drivers/STM32G0xx_HAL_Driver/Src/stm32g0xx_ll_usb.c ****           pmabuffer = ep->pmaaddr0;
 3908              		.loc 1 594 11 is_stmt 1 view .LVU1141
 594:Drivers/STM32G0xx_HAL_Driver/Src/stm32g0xx_ll_usb.c ****           pmabuffer = ep->pmaaddr0;
 3909              		.loc 1 594 11 view .LVU1142
 595:Drivers/STM32G0xx_HAL_Driver/Src/stm32g0xx_ll_usb.c **** 
 3910              		.loc 1 595 11 view .LVU1143
 595:Drivers/STM32G0xx_HAL_Driver/Src/stm32g0xx_ll_usb.c **** 
 3911              		.loc 1 595 21 is_stmt 0 view .LVU1144
 3912 050a 2289     		ldrh	r2, [r4, #8]
 3913              	.LVL357:
 598:Drivers/STM32G0xx_HAL_Driver/Src/stm32g0xx_ll_usb.c ****         }
 3914              		.loc 1 598 11 is_stmt 1 view .LVU1145
 3915 050c B3B2     		uxth	r3, r6
 3916 050e 6169     		ldr	r1, [r4, #20]
 3917 0510 2800     		movs	r0, r5
 3918              	.LVL358:
 598:Drivers/STM32G0xx_HAL_Driver/Src/stm32g0xx_ll_usb.c ****         }
 3919              		.loc 1 598 11 is_stmt 0 view .LVU1146
 3920 0512 FFF7FEFF 		bl	USB_WritePMA
 3921              	.LVL359:
 598:Drivers/STM32G0xx_HAL_Driver/Src/stm32g0xx_ll_usb.c ****         }
 3922              		.loc 1 598 11 view .LVU1147
 3923 0516 D1E5     		b	.L142
 3924              	.LVL360:
 3925              	.L189:
 617:Drivers/STM32G0xx_HAL_Driver/Src/stm32g0xx_ll_usb.c ****       }
 3926              		.loc 1 617 9 is_stmt 1 view .LVU1148
 3927              	.LBB77:
 617:Drivers/STM32G0xx_HAL_Driver/Src/stm32g0xx_ll_usb.c ****       }
 3928              		.loc 1 617 9 view .LVU1149
 617:Drivers/STM32G0xx_HAL_Driver/Src/stm32g0xx_ll_usb.c ****       }
 3929              		.loc 1 617 9 view .LVU1150
 3930 0518 2378     		ldrb	r3, [r4]
 3931 051a 9B00     		lsls	r3, r3, #2
 3932 051c EB18     		adds	r3, r5, r3
 3933 051e 1968     		ldr	r1, [r3]
 3934              	.LVL361:
 617:Drivers/STM32G0xx_HAL_Driver/Src/stm32g0xx_ll_usb.c ****       }
 3935              		.loc 1 617 9 is_stmt 0 view .LVU1151
 3936 0520 1E4A     		ldr	r2, .L221+4
 3937 0522 1140     		ands	r1, r2
 3938              	.LVL362:
 617:Drivers/STM32G0xx_HAL_Driver/Src/stm32g0xx_ll_usb.c ****       }
 3939              		.loc 1 617 9 is_stmt 1 view .LVU1152
 3940 0524 1E4A     		ldr	r2, .L221+8
ARM GAS  C:\Users\Domagoj\AppData\Local\Temp\ccdbAIX0.s 			page 96


 3941 0526 0A43     		orrs	r2, r1
 3942 0528 1A60     		str	r2, [r3]
 3943              	.LVL363:
 3944              	.L190:
 617:Drivers/STM32G0xx_HAL_Driver/Src/stm32g0xx_ll_usb.c ****       }
 3945              		.loc 1 617 9 is_stmt 0 view .LVU1153
 3946              	.LBE77:
 617:Drivers/STM32G0xx_HAL_Driver/Src/stm32g0xx_ll_usb.c ****       }
 3947              		.loc 1 617 9 is_stmt 1 view .LVU1154
 621:Drivers/STM32G0xx_HAL_Driver/Src/stm32g0xx_ll_usb.c ****       {
 3948              		.loc 1 621 7 view .LVU1155
 621:Drivers/STM32G0xx_HAL_Driver/Src/stm32g0xx_ll_usb.c ****       {
 3949              		.loc 1 621 13 is_stmt 0 view .LVU1156
 3950 052a A369     		ldr	r3, [r4, #24]
 621:Drivers/STM32G0xx_HAL_Driver/Src/stm32g0xx_ll_usb.c ****       {
 3951              		.loc 1 621 28 view .LVU1157
 3952 052c 2269     		ldr	r2, [r4, #16]
 621:Drivers/STM32G0xx_HAL_Driver/Src/stm32g0xx_ll_usb.c ****       {
 3953              		.loc 1 621 10 view .LVU1158
 3954 052e 9342     		cmp	r3, r2
 3955 0530 0FD9     		bls	.L191
 623:Drivers/STM32G0xx_HAL_Driver/Src/stm32g0xx_ll_usb.c ****       }
 3956              		.loc 1 623 9 is_stmt 1 view .LVU1159
 623:Drivers/STM32G0xx_HAL_Driver/Src/stm32g0xx_ll_usb.c ****       }
 3957              		.loc 1 623 22 is_stmt 0 view .LVU1160
 3958 0532 9B1A     		subs	r3, r3, r2
 3959 0534 A361     		str	r3, [r4, #24]
 3960              	.L192:
 664:Drivers/STM32G0xx_HAL_Driver/Src/stm32g0xx_ll_usb.c ****   }
 3961              		.loc 1 664 5 is_stmt 1 view .LVU1161
 3962              	.LBB78:
 664:Drivers/STM32G0xx_HAL_Driver/Src/stm32g0xx_ll_usb.c ****   }
 3963              		.loc 1 664 5 view .LVU1162
 664:Drivers/STM32G0xx_HAL_Driver/Src/stm32g0xx_ll_usb.c ****   }
 3964              		.loc 1 664 5 view .LVU1163
 3965 0536 2378     		ldrb	r3, [r4]
 3966 0538 9B00     		lsls	r3, r3, #2
 3967 053a ED18     		adds	r5, r5, r3
 3968 053c 2B68     		ldr	r3, [r5]
 3969 053e 194A     		ldr	r2, .L221+12
 3970 0540 1340     		ands	r3, r2
 3971              	.LVL364:
 664:Drivers/STM32G0xx_HAL_Driver/Src/stm32g0xx_ll_usb.c ****   }
 3972              		.loc 1 664 5 view .LVU1164
 664:Drivers/STM32G0xx_HAL_Driver/Src/stm32g0xx_ll_usb.c ****   }
 3973              		.loc 1 664 5 discriminator 1 view .LVU1165
 664:Drivers/STM32G0xx_HAL_Driver/Src/stm32g0xx_ll_usb.c ****   }
 3974              		.loc 1 664 5 discriminator 3 view .LVU1166
 664:Drivers/STM32G0xx_HAL_Driver/Src/stm32g0xx_ll_usb.c ****   }
 3975              		.loc 1 664 5 discriminator 4 view .LVU1167
 3976 0542 C022     		movs	r2, #192
 3977 0544 9201     		lsls	r2, r2, #6
 3978 0546 5A40     		eors	r2, r3
 3979              	.LVL365:
 664:Drivers/STM32G0xx_HAL_Driver/Src/stm32g0xx_ll_usb.c ****   }
 3980              		.loc 1 664 5 discriminator 6 view .LVU1168
 3981 0548 154B     		ldr	r3, .L221+8
ARM GAS  C:\Users\Domagoj\AppData\Local\Temp\ccdbAIX0.s 			page 97


 3982 054a 1343     		orrs	r3, r2
 3983 054c 2B60     		str	r3, [r5]
 3984              	.LBE78:
 667:Drivers/STM32G0xx_HAL_Driver/Src/stm32g0xx_ll_usb.c **** }
 3985              		.loc 1 667 10 is_stmt 0 view .LVU1169
 3986 054e 0020     		movs	r0, #0
 3987              	.LVL366:
 3988              	.L187:
 668:Drivers/STM32G0xx_HAL_Driver/Src/stm32g0xx_ll_usb.c **** 
 3989              		.loc 1 668 1 view .LVU1170
 3990              		@ sp needed
 3991              	.LVL367:
 668:Drivers/STM32G0xx_HAL_Driver/Src/stm32g0xx_ll_usb.c **** 
 3992              		.loc 1 668 1 view .LVU1171
 3993 0550 70BD     		pop	{r4, r5, r6, pc}
 3994              	.LVL368:
 3995              	.L191:
 627:Drivers/STM32G0xx_HAL_Driver/Src/stm32g0xx_ll_usb.c ****       }
 3996              		.loc 1 627 9 is_stmt 1 view .LVU1172
 627:Drivers/STM32G0xx_HAL_Driver/Src/stm32g0xx_ll_usb.c ****       }
 3997              		.loc 1 627 22 is_stmt 0 view .LVU1173
 3998 0552 0023     		movs	r3, #0
 3999 0554 A361     		str	r3, [r4, #24]
 4000 0556 EEE7     		b	.L192
 4001              	.LVL369:
 4002              	.L188:
 635:Drivers/STM32G0xx_HAL_Driver/Src/stm32g0xx_ll_usb.c ****       {
 4003              		.loc 1 635 7 is_stmt 1 view .LVU1174
 635:Drivers/STM32G0xx_HAL_Driver/Src/stm32g0xx_ll_usb.c ****       {
 4004              		.loc 1 635 13 is_stmt 0 view .LVU1175
 4005 0558 CB78     		ldrb	r3, [r1, #3]
 635:Drivers/STM32G0xx_HAL_Driver/Src/stm32g0xx_ll_usb.c ****       {
 4006              		.loc 1 635 10 view .LVU1176
 4007 055a 022B     		cmp	r3, #2
 4008 055c 04D0     		beq	.L218
 652:Drivers/STM32G0xx_HAL_Driver/Src/stm32g0xx_ll_usb.c ****       {
 4009              		.loc 1 652 12 is_stmt 1 view .LVU1177
 652:Drivers/STM32G0xx_HAL_Driver/Src/stm32g0xx_ll_usb.c ****       {
 4010              		.loc 1 652 15 is_stmt 0 view .LVU1178
 4011 055e 012B     		cmp	r3, #1
 4012 0560 17D1     		bne	.L196
 655:Drivers/STM32G0xx_HAL_Driver/Src/stm32g0xx_ll_usb.c ****       }
 4013              		.loc 1 655 9 is_stmt 1 view .LVU1179
 655:Drivers/STM32G0xx_HAL_Driver/Src/stm32g0xx_ll_usb.c ****       }
 4014              		.loc 1 655 22 is_stmt 0 view .LVU1180
 4015 0562 0023     		movs	r3, #0
 4016 0564 8B61     		str	r3, [r1, #24]
 4017 0566 E6E7     		b	.L192
 4018              	.L218:
 638:Drivers/STM32G0xx_HAL_Driver/Src/stm32g0xx_ll_usb.c ****         {
 4019              		.loc 1 638 9 is_stmt 1 view .LVU1181
 638:Drivers/STM32G0xx_HAL_Driver/Src/stm32g0xx_ll_usb.c ****         {
 4020              		.loc 1 638 15 is_stmt 0 view .LVU1182
 4021 0568 CB69     		ldr	r3, [r1, #28]
 638:Drivers/STM32G0xx_HAL_Driver/Src/stm32g0xx_ll_usb.c ****         {
 4022              		.loc 1 638 12 view .LVU1183
 4023 056a 002B     		cmp	r3, #0
ARM GAS  C:\Users\Domagoj\AppData\Local\Temp\ccdbAIX0.s 			page 98


 4024 056c E3D0     		beq	.L192
 641:Drivers/STM32G0xx_HAL_Driver/Src/stm32g0xx_ll_usb.c **** 
 4025              		.loc 1 641 11 is_stmt 1 view .LVU1184
 641:Drivers/STM32G0xx_HAL_Driver/Src/stm32g0xx_ll_usb.c **** 
 4026              		.loc 1 641 30 is_stmt 0 view .LVU1185
 4027 056e 0B78     		ldrb	r3, [r1]
 4028 0570 9B00     		lsls	r3, r3, #2
 4029 0572 C318     		adds	r3, r0, r3
 4030 0574 1A68     		ldr	r2, [r3]
 4031              	.LVL370:
 644:Drivers/STM32G0xx_HAL_Driver/Src/stm32g0xx_ll_usb.c ****               (((wEPVal & USB_EP_DTOG_RX) == 0U) && ((wEPVal & USB_EP_DTOG_TX) == 0U)))
 4032              		.loc 1 644 11 is_stmt 1 view .LVU1186
 644:Drivers/STM32G0xx_HAL_Driver/Src/stm32g0xx_ll_usb.c ****               (((wEPVal & USB_EP_DTOG_RX) == 0U) && ((wEPVal & USB_EP_DTOG_TX) == 0U)))
 4033              		.loc 1 644 14 is_stmt 0 view .LVU1187
 4034 0576 5104     		lsls	r1, r2, #17
 4035 0578 08D5     		bpl	.L194
 4036              	.LVL371:
 644:Drivers/STM32G0xx_HAL_Driver/Src/stm32g0xx_ll_usb.c ****               (((wEPVal & USB_EP_DTOG_RX) == 0U) && ((wEPVal & USB_EP_DTOG_TX) == 0U)))
 4037              		.loc 1 644 50 discriminator 1 view .LVU1188
 4038 057a 5206     		lsls	r2, r2, #25
 4039 057c DBD5     		bpl	.L192
 4040              	.LVL372:
 4041              	.L195:
 647:Drivers/STM32G0xx_HAL_Driver/Src/stm32g0xx_ll_usb.c ****           }
 4042              		.loc 1 647 13 is_stmt 1 view .LVU1189
 647:Drivers/STM32G0xx_HAL_Driver/Src/stm32g0xx_ll_usb.c ****           }
 4043              		.loc 1 647 13 view .LVU1190
 647:Drivers/STM32G0xx_HAL_Driver/Src/stm32g0xx_ll_usb.c ****           }
 4044              		.loc 1 647 13 discriminator 1 view .LVU1191
 4045              	.LBB79:
 647:Drivers/STM32G0xx_HAL_Driver/Src/stm32g0xx_ll_usb.c ****           }
 4046              		.loc 1 647 13 discriminator 1 view .LVU1192
 647:Drivers/STM32G0xx_HAL_Driver/Src/stm32g0xx_ll_usb.c ****           }
 4047              		.loc 1 647 13 discriminator 1 view .LVU1193
 4048 057e 1968     		ldr	r1, [r3]
 4049 0580 094A     		ldr	r2, .L221+16
 4050 0582 1140     		ands	r1, r2
 4051              	.LVL373:
 647:Drivers/STM32G0xx_HAL_Driver/Src/stm32g0xx_ll_usb.c ****           }
 4052              		.loc 1 647 13 view .LVU1194
 647:Drivers/STM32G0xx_HAL_Driver/Src/stm32g0xx_ll_usb.c ****           }
 4053              		.loc 1 647 13 is_stmt 0 discriminator 1 view .LVU1195
 4054 0584 094A     		ldr	r2, .L221+20
 4055 0586 0A43     		orrs	r2, r1
 4056 0588 1A60     		str	r2, [r3]
 4057              	.LBE79:
 647:Drivers/STM32G0xx_HAL_Driver/Src/stm32g0xx_ll_usb.c ****           }
 4058              		.loc 1 647 13 is_stmt 1 view .LVU1196
 4059 058a D4E7     		b	.L192
 4060              	.LVL374:
 4061              	.L194:
 645:Drivers/STM32G0xx_HAL_Driver/Src/stm32g0xx_ll_usb.c ****           {
 4062              		.loc 1 645 50 is_stmt 0 view .LVU1197
 4063 058c 5206     		lsls	r2, r2, #25
 4064 058e D2D4     		bmi	.L192
 4065              	.LVL375:
 645:Drivers/STM32G0xx_HAL_Driver/Src/stm32g0xx_ll_usb.c ****           {
ARM GAS  C:\Users\Domagoj\AppData\Local\Temp\ccdbAIX0.s 			page 99


 4066              		.loc 1 645 50 view .LVU1198
 4067 0590 F5E7     		b	.L195
 4068              	.LVL376:
 4069              	.L196:
 659:Drivers/STM32G0xx_HAL_Driver/Src/stm32g0xx_ll_usb.c ****       }
 4070              		.loc 1 659 16 view .LVU1199
 4071 0592 0120     		movs	r0, #1
 4072              	.LVL377:
 659:Drivers/STM32G0xx_HAL_Driver/Src/stm32g0xx_ll_usb.c ****       }
 4073              		.loc 1 659 16 view .LVU1200
 4074 0594 DCE7     		b	.L187
 4075              	.L222:
 4076 0596 C046     		.align	2
 4077              	.L221:
 4078 0598 00980040 		.word	1073780736
 4079 059c 8F8EFF07 		.word	134188687
 4080 05a0 80800000 		.word	32896
 4081 05a4 8FBFFF07 		.word	134201231
 4082 05a8 8F8FFF07 		.word	134188943
 4083 05ac C0800000 		.word	32960
 4084              		.cfi_endproc
 4085              	.LFE376:
 4087              		.section	.text.USB_ReadPMA,"ax",%progbits
 4088              		.align	1
 4089              		.global	USB_ReadPMA
 4090              		.syntax unified
 4091              		.code	16
 4092              		.thumb_func
 4094              	USB_ReadPMA:
 4095              	.LVL378:
 4096              	.LFB388:
 922:Drivers/STM32G0xx_HAL_Driver/Src/stm32g0xx_ll_usb.c **** 
 923:Drivers/STM32G0xx_HAL_Driver/Src/stm32g0xx_ll_usb.c **** /**
 924:Drivers/STM32G0xx_HAL_Driver/Src/stm32g0xx_ll_usb.c ****   * @brief Copy data from packet memory area (PMA) to user memory buffer
 925:Drivers/STM32G0xx_HAL_Driver/Src/stm32g0xx_ll_usb.c ****   * @param   USBx USB peripheral instance register address.
 926:Drivers/STM32G0xx_HAL_Driver/Src/stm32g0xx_ll_usb.c ****   * @param   pbUsrBuf pointer to user memory area.
 927:Drivers/STM32G0xx_HAL_Driver/Src/stm32g0xx_ll_usb.c ****   * @param   wPMABufAddr address into PMA.
 928:Drivers/STM32G0xx_HAL_Driver/Src/stm32g0xx_ll_usb.c ****   * @param   wNBytes no. of bytes to be copied.
 929:Drivers/STM32G0xx_HAL_Driver/Src/stm32g0xx_ll_usb.c ****   * @retval None
 930:Drivers/STM32G0xx_HAL_Driver/Src/stm32g0xx_ll_usb.c ****   */
 931:Drivers/STM32G0xx_HAL_Driver/Src/stm32g0xx_ll_usb.c **** void USB_ReadPMA(USB_DRD_TypeDef const *USBx, uint8_t *pbUsrBuf, uint16_t wPMABufAddr, uint16_t wNB
 932:Drivers/STM32G0xx_HAL_Driver/Src/stm32g0xx_ll_usb.c **** {
 4097              		.loc 1 932 1 is_stmt 1 view -0
 4098              		.cfi_startproc
 4099              		@ args = 0, pretend = 0, frame = 0
 4100              		@ frame_needed = 0, uses_anonymous_args = 0
 4101              		.loc 1 932 1 is_stmt 0 view .LVU1202
 4102 0000 70B5     		push	{r4, r5, r6, lr}
 4103              	.LCFI9:
 4104              		.cfi_def_cfa_offset 16
 4105              		.cfi_offset 4, -16
 4106              		.cfi_offset 5, -12
 4107              		.cfi_offset 6, -8
 4108              		.cfi_offset 14, -4
 933:Drivers/STM32G0xx_HAL_Driver/Src/stm32g0xx_ll_usb.c ****   UNUSED(USBx);
 4109              		.loc 1 933 3 is_stmt 1 view .LVU1203
 934:Drivers/STM32G0xx_HAL_Driver/Src/stm32g0xx_ll_usb.c ****   uint32_t count;
ARM GAS  C:\Users\Domagoj\AppData\Local\Temp\ccdbAIX0.s 			page 100


 4110              		.loc 1 934 3 view .LVU1204
 935:Drivers/STM32G0xx_HAL_Driver/Src/stm32g0xx_ll_usb.c ****   uint32_t RdVal;
 4111              		.loc 1 935 3 view .LVU1205
 936:Drivers/STM32G0xx_HAL_Driver/Src/stm32g0xx_ll_usb.c ****   __IO uint32_t *pdwVal;
 4112              		.loc 1 936 3 view .LVU1206
 937:Drivers/STM32G0xx_HAL_Driver/Src/stm32g0xx_ll_usb.c ****   uint32_t NbWords = ((uint32_t)wNBytes + 3U) >> 2U;
 4113              		.loc 1 937 3 view .LVU1207
 4114              		.loc 1 937 41 is_stmt 0 view .LVU1208
 4115 0002 D81C     		adds	r0, r3, #3
 4116              	.LVL379:
 4117              		.loc 1 937 12 view .LVU1209
 4118 0004 8008     		lsrs	r0, r0, #2
 4119              	.LVL380:
 938:Drivers/STM32G0xx_HAL_Driver/Src/stm32g0xx_ll_usb.c ****   /*Due to the PMA access 32bit only so the last non word data should be processed alone */
 939:Drivers/STM32G0xx_HAL_Driver/Src/stm32g0xx_ll_usb.c ****   uint16_t remaining_bytes = wNBytes % 4U;
 4120              		.loc 1 939 3 is_stmt 1 view .LVU1210
 4121              		.loc 1 939 12 is_stmt 0 view .LVU1211
 4122 0006 0325     		movs	r5, #3
 4123 0008 2C00     		movs	r4, r5
 4124 000a 1C40     		ands	r4, r3
 4125              	.LVL381:
 940:Drivers/STM32G0xx_HAL_Driver/Src/stm32g0xx_ll_usb.c ****   uint8_t *pBuf = pbUsrBuf;
 4126              		.loc 1 940 3 is_stmt 1 view .LVU1212
 941:Drivers/STM32G0xx_HAL_Driver/Src/stm32g0xx_ll_usb.c **** 
 942:Drivers/STM32G0xx_HAL_Driver/Src/stm32g0xx_ll_usb.c ****   /* Get the PMA Buffer pointer */
 943:Drivers/STM32G0xx_HAL_Driver/Src/stm32g0xx_ll_usb.c ****   pdwVal = (__IO uint32_t *)(USB_DRD_PMAADDR + (uint32_t)wPMABufAddr);
 4127              		.loc 1 943 3 view .LVU1213
 4128              		.loc 1 943 46 is_stmt 0 view .LVU1214
 4129 000c 114E     		ldr	r6, .L229
 4130 000e B446     		mov	ip, r6
 4131 0010 6244     		add	r2, r2, ip
 4132              	.LVL382:
 944:Drivers/STM32G0xx_HAL_Driver/Src/stm32g0xx_ll_usb.c **** 
 945:Drivers/STM32G0xx_HAL_Driver/Src/stm32g0xx_ll_usb.c ****   /* if nbre of byte is not word aligned decrement the nbre of word*/
 946:Drivers/STM32G0xx_HAL_Driver/Src/stm32g0xx_ll_usb.c ****   if (remaining_bytes != 0U)
 4133              		.loc 1 946 3 is_stmt 1 view .LVU1215
 4134              		.loc 1 946 6 is_stmt 0 view .LVU1216
 4135 0012 1D42     		tst	r5, r3
 4136 0014 0BD0     		beq	.L225
 947:Drivers/STM32G0xx_HAL_Driver/Src/stm32g0xx_ll_usb.c ****   {
 948:Drivers/STM32G0xx_HAL_Driver/Src/stm32g0xx_ll_usb.c ****     NbWords--;
 4137              		.loc 1 948 5 is_stmt 1 view .LVU1217
 4138              		.loc 1 948 12 is_stmt 0 view .LVU1218
 4139 0016 0138     		subs	r0, r0, #1
 4140              	.LVL383:
 4141              		.loc 1 948 12 view .LVU1219
 4142 0018 09E0     		b	.L225
 4143              	.LVL384:
 4144              	.L226:
 949:Drivers/STM32G0xx_HAL_Driver/Src/stm32g0xx_ll_usb.c ****   }
 950:Drivers/STM32G0xx_HAL_Driver/Src/stm32g0xx_ll_usb.c **** 
 951:Drivers/STM32G0xx_HAL_Driver/Src/stm32g0xx_ll_usb.c ****   /*Read the Calculated Word From the PMA related Buffer*/
 952:Drivers/STM32G0xx_HAL_Driver/Src/stm32g0xx_ll_usb.c ****   for (count = NbWords; count != 0U; count--)
 953:Drivers/STM32G0xx_HAL_Driver/Src/stm32g0xx_ll_usb.c ****   {
 954:Drivers/STM32G0xx_HAL_Driver/Src/stm32g0xx_ll_usb.c ****     __UNALIGNED_UINT32_WRITE(pBuf, *pdwVal);
 4145              		.loc 1 954 5 is_stmt 1 view .LVU1220
 4146 001a 08CA     		ldmia	r2!, {r3}
ARM GAS  C:\Users\Domagoj\AppData\Local\Temp\ccdbAIX0.s 			page 101


 4147              	.LVL385:
 4148              		.loc 1 954 5 is_stmt 0 view .LVU1221
 4149 001c 0B70     		strb	r3, [r1]
 4150 001e 1D0A     		lsrs	r5, r3, #8
 4151 0020 4D70     		strb	r5, [r1, #1]
 4152 0022 1D0C     		lsrs	r5, r3, #16
 4153 0024 8D70     		strb	r5, [r1, #2]
 4154 0026 1B0E     		lsrs	r3, r3, #24
 4155 0028 CB70     		strb	r3, [r1, #3]
 955:Drivers/STM32G0xx_HAL_Driver/Src/stm32g0xx_ll_usb.c **** 
 956:Drivers/STM32G0xx_HAL_Driver/Src/stm32g0xx_ll_usb.c ****     pdwVal++;
 4156              		.loc 1 956 5 is_stmt 1 view .LVU1222
 4157              	.LVL386:
 957:Drivers/STM32G0xx_HAL_Driver/Src/stm32g0xx_ll_usb.c ****     pBuf++;
 4158              		.loc 1 957 5 view .LVU1223
 958:Drivers/STM32G0xx_HAL_Driver/Src/stm32g0xx_ll_usb.c ****     pBuf++;
 4159              		.loc 1 958 5 view .LVU1224
 959:Drivers/STM32G0xx_HAL_Driver/Src/stm32g0xx_ll_usb.c ****     pBuf++;
 4160              		.loc 1 959 5 view .LVU1225
 960:Drivers/STM32G0xx_HAL_Driver/Src/stm32g0xx_ll_usb.c ****     pBuf++;
 4161              		.loc 1 960 5 view .LVU1226
 4162              		.loc 1 960 9 is_stmt 0 view .LVU1227
 4163 002a 0431     		adds	r1, r1, #4
 4164              	.LVL387:
 952:Drivers/STM32G0xx_HAL_Driver/Src/stm32g0xx_ll_usb.c ****   {
 4165              		.loc 1 952 43 is_stmt 1 discriminator 3 view .LVU1228
 4166 002c 0138     		subs	r0, r0, #1
 4167              	.LVL388:
 4168              	.L225:
 952:Drivers/STM32G0xx_HAL_Driver/Src/stm32g0xx_ll_usb.c ****   {
 4169              		.loc 1 952 31 discriminator 1 view .LVU1229
 4170 002e 0028     		cmp	r0, #0
 4171 0030 F3D1     		bne	.L226
 961:Drivers/STM32G0xx_HAL_Driver/Src/stm32g0xx_ll_usb.c ****   }
 962:Drivers/STM32G0xx_HAL_Driver/Src/stm32g0xx_ll_usb.c **** 
 963:Drivers/STM32G0xx_HAL_Driver/Src/stm32g0xx_ll_usb.c ****   /*When Number of data is not word aligned, read the remaining byte*/
 964:Drivers/STM32G0xx_HAL_Driver/Src/stm32g0xx_ll_usb.c ****   if (remaining_bytes != 0U)
 4172              		.loc 1 964 3 view .LVU1230
 4173              		.loc 1 964 6 is_stmt 0 view .LVU1231
 4174 0032 002C     		cmp	r4, #0
 4175 0034 0CD0     		beq	.L223
 965:Drivers/STM32G0xx_HAL_Driver/Src/stm32g0xx_ll_usb.c ****   {
 966:Drivers/STM32G0xx_HAL_Driver/Src/stm32g0xx_ll_usb.c ****     RdVal = *(__IO uint32_t *)pdwVal;
 4176              		.loc 1 966 5 is_stmt 1 view .LVU1232
 4177              		.loc 1 966 11 is_stmt 0 view .LVU1233
 4178 0036 1268     		ldr	r2, [r2]
 4179              	.LVL389:
 4180              	.L228:
 967:Drivers/STM32G0xx_HAL_Driver/Src/stm32g0xx_ll_usb.c **** 
 968:Drivers/STM32G0xx_HAL_Driver/Src/stm32g0xx_ll_usb.c ****     do
 4181              		.loc 1 968 5 is_stmt 1 view .LVU1234
 969:Drivers/STM32G0xx_HAL_Driver/Src/stm32g0xx_ll_usb.c ****     {
 970:Drivers/STM32G0xx_HAL_Driver/Src/stm32g0xx_ll_usb.c ****       *(uint8_t *)pBuf = (uint8_t)(RdVal >> (8U * (uint8_t)(count)));
 4182              		.loc 1 970 7 view .LVU1235
 4183              		.loc 1 970 49 is_stmt 0 view .LVU1236
 4184 0038 FF23     		movs	r3, #255
 4185 003a 0340     		ands	r3, r0
ARM GAS  C:\Users\Domagoj\AppData\Local\Temp\ccdbAIX0.s 			page 102


 4186 003c DB00     		lsls	r3, r3, #3
 4187              		.loc 1 970 42 view .LVU1237
 4188 003e 1500     		movs	r5, r2
 4189 0040 DD40     		lsrs	r5, r5, r3
 4190              		.loc 1 970 24 view .LVU1238
 4191 0042 0D70     		strb	r5, [r1]
 971:Drivers/STM32G0xx_HAL_Driver/Src/stm32g0xx_ll_usb.c ****       count++;
 4192              		.loc 1 971 7 is_stmt 1 view .LVU1239
 4193              		.loc 1 971 12 is_stmt 0 view .LVU1240
 4194 0044 0130     		adds	r0, r0, #1
 4195              	.LVL390:
 972:Drivers/STM32G0xx_HAL_Driver/Src/stm32g0xx_ll_usb.c ****       pBuf++;
 4196              		.loc 1 972 7 is_stmt 1 view .LVU1241
 4197              		.loc 1 972 11 is_stmt 0 view .LVU1242
 4198 0046 0131     		adds	r1, r1, #1
 4199              	.LVL391:
 973:Drivers/STM32G0xx_HAL_Driver/Src/stm32g0xx_ll_usb.c ****       remaining_bytes--;
 4200              		.loc 1 973 7 is_stmt 1 view .LVU1243
 4201              		.loc 1 973 22 is_stmt 0 view .LVU1244
 4202 0048 013C     		subs	r4, r4, #1
 4203              	.LVL392:
 4204              		.loc 1 973 22 view .LVU1245
 4205 004a A4B2     		uxth	r4, r4
 4206              	.LVL393:
 974:Drivers/STM32G0xx_HAL_Driver/Src/stm32g0xx_ll_usb.c ****     } while (remaining_bytes != 0U);
 4207              		.loc 1 974 30 is_stmt 1 discriminator 1 view .LVU1246
 4208 004c 002C     		cmp	r4, #0
 4209 004e F3D1     		bne	.L228
 4210              	.LVL394:
 4211              	.L223:
 975:Drivers/STM32G0xx_HAL_Driver/Src/stm32g0xx_ll_usb.c ****   }
 976:Drivers/STM32G0xx_HAL_Driver/Src/stm32g0xx_ll_usb.c **** }
 4212              		.loc 1 976 1 is_stmt 0 view .LVU1247
 4213              		@ sp needed
 4214              	.LVL395:
 4215              		.loc 1 976 1 view .LVU1248
 4216 0050 70BD     		pop	{r4, r5, r6, pc}
 4217              	.L230:
 4218 0052 C046     		.align	2
 4219              	.L229:
 4220 0054 00980040 		.word	1073780736
 4221              		.cfi_endproc
 4222              	.LFE388:
 4224              		.section	.text.USB_HostInit,"ax",%progbits
 4225              		.align	1
 4226              		.global	USB_HostInit
 4227              		.syntax unified
 4228              		.code	16
 4229              		.thumb_func
 4231              	USB_HostInit:
 4232              	.LVL396:
 4233              	.LFB389:
 977:Drivers/STM32G0xx_HAL_Driver/Src/stm32g0xx_ll_usb.c **** 
 978:Drivers/STM32G0xx_HAL_Driver/Src/stm32g0xx_ll_usb.c **** 
 979:Drivers/STM32G0xx_HAL_Driver/Src/stm32g0xx_ll_usb.c **** /*------------------------------------------------------------------------*/
 980:Drivers/STM32G0xx_HAL_Driver/Src/stm32g0xx_ll_usb.c **** /*                                HOST API                                */
 981:Drivers/STM32G0xx_HAL_Driver/Src/stm32g0xx_ll_usb.c **** /*------------------------------------------------------------------------*/
ARM GAS  C:\Users\Domagoj\AppData\Local\Temp\ccdbAIX0.s 			page 103


 982:Drivers/STM32G0xx_HAL_Driver/Src/stm32g0xx_ll_usb.c **** 
 983:Drivers/STM32G0xx_HAL_Driver/Src/stm32g0xx_ll_usb.c **** /**
 984:Drivers/STM32G0xx_HAL_Driver/Src/stm32g0xx_ll_usb.c ****   * @brief  USB_HostInit Initializes the USB DRD controller registers
 985:Drivers/STM32G0xx_HAL_Driver/Src/stm32g0xx_ll_usb.c ****   *         for Host mode
 986:Drivers/STM32G0xx_HAL_Driver/Src/stm32g0xx_ll_usb.c ****   * @param  USBx Selected device
 987:Drivers/STM32G0xx_HAL_Driver/Src/stm32g0xx_ll_usb.c ****   * @param  cfg  pointer to a USB_DRD_CfgTypeDef structure that contains
 988:Drivers/STM32G0xx_HAL_Driver/Src/stm32g0xx_ll_usb.c ****   *         the configuration information for the specified USBx peripheral.
 989:Drivers/STM32G0xx_HAL_Driver/Src/stm32g0xx_ll_usb.c ****   * @retval HAL status
 990:Drivers/STM32G0xx_HAL_Driver/Src/stm32g0xx_ll_usb.c ****   */
 991:Drivers/STM32G0xx_HAL_Driver/Src/stm32g0xx_ll_usb.c **** HAL_StatusTypeDef USB_HostInit(USB_DRD_TypeDef *USBx, USB_DRD_CfgTypeDef cfg)
 992:Drivers/STM32G0xx_HAL_Driver/Src/stm32g0xx_ll_usb.c **** {
 4234              		.loc 1 992 1 is_stmt 1 view -0
 4235              		.cfi_startproc
 4236              		@ args = 20, pretend = 16, frame = 0
 4237              		@ frame_needed = 0, uses_anonymous_args = 0
 4238              		.loc 1 992 1 is_stmt 0 view .LVU1250
 4239 0000 84B0     		sub	sp, sp, #16
 4240              	.LCFI10:
 4241              		.cfi_def_cfa_offset 16
 4242 0002 10B5     		push	{r4, lr}
 4243              	.LCFI11:
 4244              		.cfi_def_cfa_offset 24
 4245              		.cfi_offset 4, -24
 4246              		.cfi_offset 14, -20
 4247 0004 0391     		str	r1, [sp, #12]
 4248 0006 0492     		str	r2, [sp, #16]
 4249 0008 0593     		str	r3, [sp, #20]
 993:Drivers/STM32G0xx_HAL_Driver/Src/stm32g0xx_ll_usb.c ****   UNUSED(cfg);
 4250              		.loc 1 993 3 is_stmt 1 view .LVU1251
 994:Drivers/STM32G0xx_HAL_Driver/Src/stm32g0xx_ll_usb.c **** 
 995:Drivers/STM32G0xx_HAL_Driver/Src/stm32g0xx_ll_usb.c ****   /* Clear All Pending Interrupt */
 996:Drivers/STM32G0xx_HAL_Driver/Src/stm32g0xx_ll_usb.c ****   USBx->ISTR = 0U;
 4251              		.loc 1 996 3 view .LVU1252
 4252              		.loc 1 996 14 is_stmt 0 view .LVU1253
 4253 000a 0022     		movs	r2, #0
 4254 000c 4264     		str	r2, [r0, #68]
 997:Drivers/STM32G0xx_HAL_Driver/Src/stm32g0xx_ll_usb.c **** 
 998:Drivers/STM32G0xx_HAL_Driver/Src/stm32g0xx_ll_usb.c ****   /* Disable all interrupts */
 999:Drivers/STM32G0xx_HAL_Driver/Src/stm32g0xx_ll_usb.c ****   USBx->CNTR &= ~(USB_CNTR_CTRM | USB_CNTR_PMAOVRM | USB_CNTR_ERRM |
 4255              		.loc 1 999 3 is_stmt 1 view .LVU1254
 4256              		.loc 1 999 7 is_stmt 0 view .LVU1255
 4257 000e 036C     		ldr	r3, [r0, #64]
 4258              		.loc 1 999 14 view .LVU1256
 4259 0010 0849     		ldr	r1, .L232
 4260 0012 0B40     		ands	r3, r1
 4261 0014 0364     		str	r3, [r0, #64]
1000:Drivers/STM32G0xx_HAL_Driver/Src/stm32g0xx_ll_usb.c ****                   USB_CNTR_WKUPM | USB_CNTR_SUSPM | USB_CNTR_DCON |
1001:Drivers/STM32G0xx_HAL_Driver/Src/stm32g0xx_ll_usb.c ****                   USB_CNTR_SOFM | USB_CNTR_ESOFM | USB_CNTR_L1REQM);
1002:Drivers/STM32G0xx_HAL_Driver/Src/stm32g0xx_ll_usb.c **** 
1003:Drivers/STM32G0xx_HAL_Driver/Src/stm32g0xx_ll_usb.c ****   /* Clear All Pending Interrupt */
1004:Drivers/STM32G0xx_HAL_Driver/Src/stm32g0xx_ll_usb.c ****   USBx->ISTR = 0U;
 4262              		.loc 1 1004 3 is_stmt 1 view .LVU1257
 4263              		.loc 1 1004 14 is_stmt 0 view .LVU1258
 4264 0016 4264     		str	r2, [r0, #68]
1005:Drivers/STM32G0xx_HAL_Driver/Src/stm32g0xx_ll_usb.c **** 
1006:Drivers/STM32G0xx_HAL_Driver/Src/stm32g0xx_ll_usb.c ****   /* Set the PullDown on the PHY */
1007:Drivers/STM32G0xx_HAL_Driver/Src/stm32g0xx_ll_usb.c ****   USBx->BCDR |= USB_BCDR_DPPD;
ARM GAS  C:\Users\Domagoj\AppData\Local\Temp\ccdbAIX0.s 			page 104


 4265              		.loc 1 1007 3 is_stmt 1 view .LVU1259
 4266              		.loc 1 1007 7 is_stmt 0 view .LVU1260
 4267 0018 826D     		ldr	r2, [r0, #88]
 4268              		.loc 1 1007 14 view .LVU1261
 4269 001a 8023     		movs	r3, #128
 4270 001c 1B02     		lsls	r3, r3, #8
 4271 001e 1343     		orrs	r3, r2
 4272 0020 8365     		str	r3, [r0, #88]
1008:Drivers/STM32G0xx_HAL_Driver/Src/stm32g0xx_ll_usb.c **** 
1009:Drivers/STM32G0xx_HAL_Driver/Src/stm32g0xx_ll_usb.c ****   /* Enable Global interrupt */
1010:Drivers/STM32G0xx_HAL_Driver/Src/stm32g0xx_ll_usb.c ****   USBx->CNTR |= (USB_CNTR_CTRM | USB_CNTR_PMAOVRM | USB_CNTR_ERRM |
 4273              		.loc 1 1010 3 is_stmt 1 view .LVU1262
 4274              		.loc 1 1010 7 is_stmt 0 view .LVU1263
 4275 0022 026C     		ldr	r2, [r0, #64]
 4276              		.loc 1 1010 14 view .LVU1264
 4277 0024 044B     		ldr	r3, .L232+4
 4278 0026 1343     		orrs	r3, r2
 4279 0028 0364     		str	r3, [r0, #64]
1011:Drivers/STM32G0xx_HAL_Driver/Src/stm32g0xx_ll_usb.c ****                  USB_CNTR_WKUPM | USB_CNTR_SUSPM | USB_CNTR_DCON |
1012:Drivers/STM32G0xx_HAL_Driver/Src/stm32g0xx_ll_usb.c ****                  USB_CNTR_SOFM | USB_CNTR_ESOFM | USB_CNTR_L1REQM);
1013:Drivers/STM32G0xx_HAL_Driver/Src/stm32g0xx_ll_usb.c **** 
1014:Drivers/STM32G0xx_HAL_Driver/Src/stm32g0xx_ll_usb.c ****   return HAL_OK;
 4280              		.loc 1 1014 3 is_stmt 1 view .LVU1265
1015:Drivers/STM32G0xx_HAL_Driver/Src/stm32g0xx_ll_usb.c **** }
 4281              		.loc 1 1015 1 is_stmt 0 view .LVU1266
 4282 002a 0020     		movs	r0, #0
 4283              	.LVL397:
 4284              		.loc 1 1015 1 view .LVU1267
 4285              		@ sp needed
 4286 002c 10BC     		pop	{r4}
 4287 002e 08BC     		pop	{r3}
 4288 0030 04B0     		add	sp, sp, #16
 4289 0032 1847     		bx	r3
 4290              	.L233:
 4291              		.align	2
 4292              	.L232:
 4293 0034 7F00FFFF 		.word	-65409
 4294 0038 80FF0000 		.word	65408
 4295              		.cfi_endproc
 4296              	.LFE389:
 4298              		.section	.text.USB_ResetPort,"ax",%progbits
 4299              		.align	1
 4300              		.global	USB_ResetPort
 4301              		.syntax unified
 4302              		.code	16
 4303              		.thumb_func
 4305              	USB_ResetPort:
 4306              	.LVL398:
 4307              	.LFB390:
1016:Drivers/STM32G0xx_HAL_Driver/Src/stm32g0xx_ll_usb.c **** 
1017:Drivers/STM32G0xx_HAL_Driver/Src/stm32g0xx_ll_usb.c **** 
1018:Drivers/STM32G0xx_HAL_Driver/Src/stm32g0xx_ll_usb.c **** /**
1019:Drivers/STM32G0xx_HAL_Driver/Src/stm32g0xx_ll_usb.c ****   * @brief  USB_DRD_ResetPort : Reset Host Port
1020:Drivers/STM32G0xx_HAL_Driver/Src/stm32g0xx_ll_usb.c ****   * @param  USBx Selected device
1021:Drivers/STM32G0xx_HAL_Driver/Src/stm32g0xx_ll_usb.c ****   * @retval HAL status
1022:Drivers/STM32G0xx_HAL_Driver/Src/stm32g0xx_ll_usb.c ****   * @note (1)The application must wait at least 10 ms
1023:Drivers/STM32G0xx_HAL_Driver/Src/stm32g0xx_ll_usb.c ****   *   before clearing the reset bit.
ARM GAS  C:\Users\Domagoj\AppData\Local\Temp\ccdbAIX0.s 			page 105


1024:Drivers/STM32G0xx_HAL_Driver/Src/stm32g0xx_ll_usb.c ****   */
1025:Drivers/STM32G0xx_HAL_Driver/Src/stm32g0xx_ll_usb.c **** HAL_StatusTypeDef USB_ResetPort(USB_DRD_TypeDef *USBx)
1026:Drivers/STM32G0xx_HAL_Driver/Src/stm32g0xx_ll_usb.c **** {
 4308              		.loc 1 1026 1 is_stmt 1 view -0
 4309              		.cfi_startproc
 4310              		@ args = 0, pretend = 0, frame = 0
 4311              		@ frame_needed = 0, uses_anonymous_args = 0
 4312              		.loc 1 1026 1 is_stmt 0 view .LVU1269
 4313 0000 70B5     		push	{r4, r5, r6, lr}
 4314              	.LCFI12:
 4315              		.cfi_def_cfa_offset 16
 4316              		.cfi_offset 4, -16
 4317              		.cfi_offset 5, -12
 4318              		.cfi_offset 6, -8
 4319              		.cfi_offset 14, -4
 4320 0002 0400     		movs	r4, r0
1027:Drivers/STM32G0xx_HAL_Driver/Src/stm32g0xx_ll_usb.c ****   /* Force USB Reset */
1028:Drivers/STM32G0xx_HAL_Driver/Src/stm32g0xx_ll_usb.c ****   USBx->CNTR |= USB_CNTR_USBRST;
 4321              		.loc 1 1028 3 is_stmt 1 view .LVU1270
 4322              		.loc 1 1028 7 is_stmt 0 view .LVU1271
 4323 0004 036C     		ldr	r3, [r0, #64]
 4324              		.loc 1 1028 14 view .LVU1272
 4325 0006 0125     		movs	r5, #1
 4326 0008 2B43     		orrs	r3, r5
 4327 000a 0364     		str	r3, [r0, #64]
1029:Drivers/STM32G0xx_HAL_Driver/Src/stm32g0xx_ll_usb.c ****   HAL_Delay(100);
 4328              		.loc 1 1029 3 is_stmt 1 view .LVU1273
 4329 000c 6420     		movs	r0, #100
 4330              	.LVL399:
 4331              		.loc 1 1029 3 is_stmt 0 view .LVU1274
 4332 000e FFF7FEFF 		bl	HAL_Delay
 4333              	.LVL400:
1030:Drivers/STM32G0xx_HAL_Driver/Src/stm32g0xx_ll_usb.c ****   /* Release USB Reset */
1031:Drivers/STM32G0xx_HAL_Driver/Src/stm32g0xx_ll_usb.c ****   USBx->CNTR &= ~USB_CNTR_USBRST;
 4334              		.loc 1 1031 3 is_stmt 1 view .LVU1275
 4335              		.loc 1 1031 7 is_stmt 0 view .LVU1276
 4336 0012 236C     		ldr	r3, [r4, #64]
 4337              		.loc 1 1031 14 view .LVU1277
 4338 0014 AB43     		bics	r3, r5
 4339 0016 2364     		str	r3, [r4, #64]
1032:Drivers/STM32G0xx_HAL_Driver/Src/stm32g0xx_ll_usb.c ****   HAL_Delay(30);
 4340              		.loc 1 1032 3 is_stmt 1 view .LVU1278
 4341 0018 1E20     		movs	r0, #30
 4342 001a FFF7FEFF 		bl	HAL_Delay
 4343              	.LVL401:
1033:Drivers/STM32G0xx_HAL_Driver/Src/stm32g0xx_ll_usb.c **** 
1034:Drivers/STM32G0xx_HAL_Driver/Src/stm32g0xx_ll_usb.c ****   return HAL_OK;
 4344              		.loc 1 1034 3 view .LVU1279
1035:Drivers/STM32G0xx_HAL_Driver/Src/stm32g0xx_ll_usb.c **** }
 4345              		.loc 1 1035 1 is_stmt 0 view .LVU1280
 4346 001e 0020     		movs	r0, #0
 4347              		@ sp needed
 4348              	.LVL402:
 4349              		.loc 1 1035 1 view .LVU1281
 4350 0020 70BD     		pop	{r4, r5, r6, pc}
 4351              		.cfi_endproc
 4352              	.LFE390:
ARM GAS  C:\Users\Domagoj\AppData\Local\Temp\ccdbAIX0.s 			page 106


 4354              		.section	.text.USB_GetHostSpeed,"ax",%progbits
 4355              		.align	1
 4356              		.global	USB_GetHostSpeed
 4357              		.syntax unified
 4358              		.code	16
 4359              		.thumb_func
 4361              	USB_GetHostSpeed:
 4362              	.LVL403:
 4363              	.LFB391:
1036:Drivers/STM32G0xx_HAL_Driver/Src/stm32g0xx_ll_usb.c **** 
1037:Drivers/STM32G0xx_HAL_Driver/Src/stm32g0xx_ll_usb.c **** /**
1038:Drivers/STM32G0xx_HAL_Driver/Src/stm32g0xx_ll_usb.c ****   * @brief  Return Host Core speed
1039:Drivers/STM32G0xx_HAL_Driver/Src/stm32g0xx_ll_usb.c ****   * @param  USBx Selected device
1040:Drivers/STM32G0xx_HAL_Driver/Src/stm32g0xx_ll_usb.c ****   * @retval speed Host speed
1041:Drivers/STM32G0xx_HAL_Driver/Src/stm32g0xx_ll_usb.c ****   *          This parameter can be one of these values
1042:Drivers/STM32G0xx_HAL_Driver/Src/stm32g0xx_ll_usb.c ****   *            @arg USB_DRD_SPEED_FS Full speed mode
1043:Drivers/STM32G0xx_HAL_Driver/Src/stm32g0xx_ll_usb.c ****   *            @arg USB_DRD_SPEED_LS Low speed mode
1044:Drivers/STM32G0xx_HAL_Driver/Src/stm32g0xx_ll_usb.c ****   */
1045:Drivers/STM32G0xx_HAL_Driver/Src/stm32g0xx_ll_usb.c **** uint32_t USB_GetHostSpeed(USB_DRD_TypeDef const *USBx)
1046:Drivers/STM32G0xx_HAL_Driver/Src/stm32g0xx_ll_usb.c **** {
 4364              		.loc 1 1046 1 is_stmt 1 view -0
 4365              		.cfi_startproc
 4366              		@ args = 0, pretend = 0, frame = 0
 4367              		@ frame_needed = 0, uses_anonymous_args = 0
 4368              		@ link register save eliminated.
1047:Drivers/STM32G0xx_HAL_Driver/Src/stm32g0xx_ll_usb.c ****   if ((USBx->ISTR & USB_ISTR_LS_DCONN) != 0U)
 4369              		.loc 1 1047 3 view .LVU1283
 4370              		.loc 1 1047 12 is_stmt 0 view .LVU1284
 4371 0000 436C     		ldr	r3, [r0, #68]
 4372              		.loc 1 1047 6 view .LVU1285
 4373 0002 5B00     		lsls	r3, r3, #1
 4374 0004 01D4     		bmi	.L238
1048:Drivers/STM32G0xx_HAL_Driver/Src/stm32g0xx_ll_usb.c ****   {
1049:Drivers/STM32G0xx_HAL_Driver/Src/stm32g0xx_ll_usb.c ****     return USB_DRD_SPEED_LS;
1050:Drivers/STM32G0xx_HAL_Driver/Src/stm32g0xx_ll_usb.c ****   }
1051:Drivers/STM32G0xx_HAL_Driver/Src/stm32g0xx_ll_usb.c ****   else
1052:Drivers/STM32G0xx_HAL_Driver/Src/stm32g0xx_ll_usb.c ****   {
1053:Drivers/STM32G0xx_HAL_Driver/Src/stm32g0xx_ll_usb.c ****     return USB_DRD_SPEED_FS;
 4375              		.loc 1 1053 12 view .LVU1286
 4376 0006 0120     		movs	r0, #1
 4377              	.LVL404:
 4378              	.L235:
1054:Drivers/STM32G0xx_HAL_Driver/Src/stm32g0xx_ll_usb.c ****   }
1055:Drivers/STM32G0xx_HAL_Driver/Src/stm32g0xx_ll_usb.c **** }
 4379              		.loc 1 1055 1 view .LVU1287
 4380              		@ sp needed
 4381 0008 7047     		bx	lr
 4382              	.LVL405:
 4383              	.L238:
1049:Drivers/STM32G0xx_HAL_Driver/Src/stm32g0xx_ll_usb.c ****   }
 4384              		.loc 1 1049 12 view .LVU1288
 4385 000a 0220     		movs	r0, #2
 4386              	.LVL406:
1049:Drivers/STM32G0xx_HAL_Driver/Src/stm32g0xx_ll_usb.c ****   }
 4387              		.loc 1 1049 12 view .LVU1289
 4388 000c FCE7     		b	.L235
 4389              		.cfi_endproc
ARM GAS  C:\Users\Domagoj\AppData\Local\Temp\ccdbAIX0.s 			page 107


 4390              	.LFE391:
 4392              		.section	.text.USB_GetCurrentFrame,"ax",%progbits
 4393              		.align	1
 4394              		.global	USB_GetCurrentFrame
 4395              		.syntax unified
 4396              		.code	16
 4397              		.thumb_func
 4399              	USB_GetCurrentFrame:
 4400              	.LVL407:
 4401              	.LFB392:
1056:Drivers/STM32G0xx_HAL_Driver/Src/stm32g0xx_ll_usb.c **** 
1057:Drivers/STM32G0xx_HAL_Driver/Src/stm32g0xx_ll_usb.c **** /**
1058:Drivers/STM32G0xx_HAL_Driver/Src/stm32g0xx_ll_usb.c ****   * @brief  Return Host Current Frame number
1059:Drivers/STM32G0xx_HAL_Driver/Src/stm32g0xx_ll_usb.c ****   * @param  USBx Selected device
1060:Drivers/STM32G0xx_HAL_Driver/Src/stm32g0xx_ll_usb.c ****   * @retval current frame number
1061:Drivers/STM32G0xx_HAL_Driver/Src/stm32g0xx_ll_usb.c ****   */
1062:Drivers/STM32G0xx_HAL_Driver/Src/stm32g0xx_ll_usb.c **** uint32_t USB_GetCurrentFrame(USB_DRD_TypeDef const *USBx)
1063:Drivers/STM32G0xx_HAL_Driver/Src/stm32g0xx_ll_usb.c **** {
 4402              		.loc 1 1063 1 is_stmt 1 view -0
 4403              		.cfi_startproc
 4404              		@ args = 0, pretend = 0, frame = 0
 4405              		@ frame_needed = 0, uses_anonymous_args = 0
 4406              		@ link register save eliminated.
1064:Drivers/STM32G0xx_HAL_Driver/Src/stm32g0xx_ll_usb.c ****   return USBx->FNR & 0x7FFU;
 4407              		.loc 1 1064 3 view .LVU1291
 4408              		.loc 1 1064 14 is_stmt 0 view .LVU1292
 4409 0000 806C     		ldr	r0, [r0, #72]
 4410              	.LVL408:
 4411              		.loc 1 1064 20 view .LVU1293
 4412 0002 4005     		lsls	r0, r0, #21
 4413 0004 400D     		lsrs	r0, r0, #21
1065:Drivers/STM32G0xx_HAL_Driver/Src/stm32g0xx_ll_usb.c **** }
 4414              		.loc 1 1065 1 view .LVU1294
 4415              		@ sp needed
 4416 0006 7047     		bx	lr
 4417              		.cfi_endproc
 4418              	.LFE392:
 4420              		.section	.text.USB_StopHost,"ax",%progbits
 4421              		.align	1
 4422              		.global	USB_StopHost
 4423              		.syntax unified
 4424              		.code	16
 4425              		.thumb_func
 4427              	USB_StopHost:
 4428              	.LVL409:
 4429              	.LFB393:
1066:Drivers/STM32G0xx_HAL_Driver/Src/stm32g0xx_ll_usb.c **** 
1067:Drivers/STM32G0xx_HAL_Driver/Src/stm32g0xx_ll_usb.c **** #if defined (HAL_HCD_MODULE_ENABLED)
1068:Drivers/STM32G0xx_HAL_Driver/Src/stm32g0xx_ll_usb.c **** /**
1069:Drivers/STM32G0xx_HAL_Driver/Src/stm32g0xx_ll_usb.c ****   * @brief  Initialize a host channel
1070:Drivers/STM32G0xx_HAL_Driver/Src/stm32g0xx_ll_usb.c ****   * @param  USBx Selected device
1071:Drivers/STM32G0xx_HAL_Driver/Src/stm32g0xx_ll_usb.c ****   * @param  phy_ch_num Channel number
1072:Drivers/STM32G0xx_HAL_Driver/Src/stm32g0xx_ll_usb.c ****   *         This parameter can be a value from 1 to 15
1073:Drivers/STM32G0xx_HAL_Driver/Src/stm32g0xx_ll_usb.c ****   * @param  epnum Endpoint number
1074:Drivers/STM32G0xx_HAL_Driver/Src/stm32g0xx_ll_usb.c ****   *          This parameter can be a value from 1 to 15
1075:Drivers/STM32G0xx_HAL_Driver/Src/stm32g0xx_ll_usb.c ****   * @param  dev_address Current device address
1076:Drivers/STM32G0xx_HAL_Driver/Src/stm32g0xx_ll_usb.c ****   *          This parameter can be a value from 0 to 255
ARM GAS  C:\Users\Domagoj\AppData\Local\Temp\ccdbAIX0.s 			page 108


1077:Drivers/STM32G0xx_HAL_Driver/Src/stm32g0xx_ll_usb.c ****   * @param  speed Current device speed
1078:Drivers/STM32G0xx_HAL_Driver/Src/stm32g0xx_ll_usb.c ****   *          This parameter can be one of these values:
1079:Drivers/STM32G0xx_HAL_Driver/Src/stm32g0xx_ll_usb.c ****   *          @arg USB_DRD_SPEED_FULL Full speed mode
1080:Drivers/STM32G0xx_HAL_Driver/Src/stm32g0xx_ll_usb.c ****   *          @arg USB_DRD_SPEED_LOW  Low speed mode
1081:Drivers/STM32G0xx_HAL_Driver/Src/stm32g0xx_ll_usb.c ****   * @param  ep_type Endpoint Type
1082:Drivers/STM32G0xx_HAL_Driver/Src/stm32g0xx_ll_usb.c ****   *          This parameter can be one of these values:
1083:Drivers/STM32G0xx_HAL_Driver/Src/stm32g0xx_ll_usb.c ****   *            @arg EP_TYPE_CTRL Control type
1084:Drivers/STM32G0xx_HAL_Driver/Src/stm32g0xx_ll_usb.c ****   *            @arg EP_TYPE_ISOC Isochronous type
1085:Drivers/STM32G0xx_HAL_Driver/Src/stm32g0xx_ll_usb.c ****   *            @arg EP_TYPE_BULK Bulk type
1086:Drivers/STM32G0xx_HAL_Driver/Src/stm32g0xx_ll_usb.c ****   *            @arg EP_TYPE_INTR Interrupt type
1087:Drivers/STM32G0xx_HAL_Driver/Src/stm32g0xx_ll_usb.c ****   * @param  mps Max Packet Size
1088:Drivers/STM32G0xx_HAL_Driver/Src/stm32g0xx_ll_usb.c ****   *          This parameter can be a value from 0 to 32K
1089:Drivers/STM32G0xx_HAL_Driver/Src/stm32g0xx_ll_usb.c ****   * @retval HAL state
1090:Drivers/STM32G0xx_HAL_Driver/Src/stm32g0xx_ll_usb.c ****   */
1091:Drivers/STM32G0xx_HAL_Driver/Src/stm32g0xx_ll_usb.c **** HAL_StatusTypeDef USB_HC_Init(USB_DRD_TypeDef *USBx, uint8_t phy_ch_num,
1092:Drivers/STM32G0xx_HAL_Driver/Src/stm32g0xx_ll_usb.c ****                               uint8_t epnum, uint8_t dev_address, uint8_t speed,
1093:Drivers/STM32G0xx_HAL_Driver/Src/stm32g0xx_ll_usb.c ****                               uint8_t ep_type, uint16_t mps)
1094:Drivers/STM32G0xx_HAL_Driver/Src/stm32g0xx_ll_usb.c **** {
1095:Drivers/STM32G0xx_HAL_Driver/Src/stm32g0xx_ll_usb.c ****   HAL_StatusTypeDef ret = HAL_OK;
1096:Drivers/STM32G0xx_HAL_Driver/Src/stm32g0xx_ll_usb.c ****   uint32_t wChRegVal;
1097:Drivers/STM32G0xx_HAL_Driver/Src/stm32g0xx_ll_usb.c ****   uint32_t HostCoreSpeed;
1098:Drivers/STM32G0xx_HAL_Driver/Src/stm32g0xx_ll_usb.c **** 
1099:Drivers/STM32G0xx_HAL_Driver/Src/stm32g0xx_ll_usb.c ****   UNUSED(mps);
1100:Drivers/STM32G0xx_HAL_Driver/Src/stm32g0xx_ll_usb.c **** 
1101:Drivers/STM32G0xx_HAL_Driver/Src/stm32g0xx_ll_usb.c ****   wChRegVal = USB_DRD_GET_CHEP(USBx, phy_ch_num) & USB_CH_T_MASK;
1102:Drivers/STM32G0xx_HAL_Driver/Src/stm32g0xx_ll_usb.c **** 
1103:Drivers/STM32G0xx_HAL_Driver/Src/stm32g0xx_ll_usb.c ****   /* Initialize host Channel */
1104:Drivers/STM32G0xx_HAL_Driver/Src/stm32g0xx_ll_usb.c ****   switch (ep_type)
1105:Drivers/STM32G0xx_HAL_Driver/Src/stm32g0xx_ll_usb.c ****   {
1106:Drivers/STM32G0xx_HAL_Driver/Src/stm32g0xx_ll_usb.c ****     case EP_TYPE_CTRL:
1107:Drivers/STM32G0xx_HAL_Driver/Src/stm32g0xx_ll_usb.c ****       wChRegVal |= USB_EP_CONTROL;
1108:Drivers/STM32G0xx_HAL_Driver/Src/stm32g0xx_ll_usb.c ****       break;
1109:Drivers/STM32G0xx_HAL_Driver/Src/stm32g0xx_ll_usb.c **** 
1110:Drivers/STM32G0xx_HAL_Driver/Src/stm32g0xx_ll_usb.c ****     case EP_TYPE_BULK:
1111:Drivers/STM32G0xx_HAL_Driver/Src/stm32g0xx_ll_usb.c ****       wChRegVal |= USB_EP_BULK;
1112:Drivers/STM32G0xx_HAL_Driver/Src/stm32g0xx_ll_usb.c ****       break;
1113:Drivers/STM32G0xx_HAL_Driver/Src/stm32g0xx_ll_usb.c **** 
1114:Drivers/STM32G0xx_HAL_Driver/Src/stm32g0xx_ll_usb.c ****     case EP_TYPE_INTR:
1115:Drivers/STM32G0xx_HAL_Driver/Src/stm32g0xx_ll_usb.c ****       wChRegVal |= USB_EP_INTERRUPT;
1116:Drivers/STM32G0xx_HAL_Driver/Src/stm32g0xx_ll_usb.c ****       break;
1117:Drivers/STM32G0xx_HAL_Driver/Src/stm32g0xx_ll_usb.c **** 
1118:Drivers/STM32G0xx_HAL_Driver/Src/stm32g0xx_ll_usb.c ****     case EP_TYPE_ISOC:
1119:Drivers/STM32G0xx_HAL_Driver/Src/stm32g0xx_ll_usb.c ****       wChRegVal |= USB_EP_ISOCHRONOUS;
1120:Drivers/STM32G0xx_HAL_Driver/Src/stm32g0xx_ll_usb.c ****       break;
1121:Drivers/STM32G0xx_HAL_Driver/Src/stm32g0xx_ll_usb.c **** 
1122:Drivers/STM32G0xx_HAL_Driver/Src/stm32g0xx_ll_usb.c ****     default:
1123:Drivers/STM32G0xx_HAL_Driver/Src/stm32g0xx_ll_usb.c ****       ret = HAL_ERROR;
1124:Drivers/STM32G0xx_HAL_Driver/Src/stm32g0xx_ll_usb.c ****       break;
1125:Drivers/STM32G0xx_HAL_Driver/Src/stm32g0xx_ll_usb.c ****   }
1126:Drivers/STM32G0xx_HAL_Driver/Src/stm32g0xx_ll_usb.c **** 
1127:Drivers/STM32G0xx_HAL_Driver/Src/stm32g0xx_ll_usb.c ****   /* Clear device address, Endpoint number and Low Speed Endpoint fields */
1128:Drivers/STM32G0xx_HAL_Driver/Src/stm32g0xx_ll_usb.c ****   wChRegVal &= ~(USB_CHEP_DEVADDR |
1129:Drivers/STM32G0xx_HAL_Driver/Src/stm32g0xx_ll_usb.c ****                  USB_CHEP_ADDR |
1130:Drivers/STM32G0xx_HAL_Driver/Src/stm32g0xx_ll_usb.c ****                  USB_CHEP_LSEP |
1131:Drivers/STM32G0xx_HAL_Driver/Src/stm32g0xx_ll_usb.c ****                  USB_CHEP_NAK |
1132:Drivers/STM32G0xx_HAL_Driver/Src/stm32g0xx_ll_usb.c ****                  USB_CHEP_KIND |
1133:Drivers/STM32G0xx_HAL_Driver/Src/stm32g0xx_ll_usb.c ****                  USB_CHEP_ERRTX |
ARM GAS  C:\Users\Domagoj\AppData\Local\Temp\ccdbAIX0.s 			page 109


1134:Drivers/STM32G0xx_HAL_Driver/Src/stm32g0xx_ll_usb.c ****                  USB_CHEP_ERRRX |
1135:Drivers/STM32G0xx_HAL_Driver/Src/stm32g0xx_ll_usb.c ****                  (0xFUL << 27));
1136:Drivers/STM32G0xx_HAL_Driver/Src/stm32g0xx_ll_usb.c **** 
1137:Drivers/STM32G0xx_HAL_Driver/Src/stm32g0xx_ll_usb.c ****   /* Set device address and Endpoint number associated to the channel */
1138:Drivers/STM32G0xx_HAL_Driver/Src/stm32g0xx_ll_usb.c ****   wChRegVal |= (((uint32_t)dev_address << USB_CHEP_DEVADDR_Pos) |
1139:Drivers/STM32G0xx_HAL_Driver/Src/stm32g0xx_ll_usb.c ****                 ((uint32_t)epnum & 0x0FU));
1140:Drivers/STM32G0xx_HAL_Driver/Src/stm32g0xx_ll_usb.c **** 
1141:Drivers/STM32G0xx_HAL_Driver/Src/stm32g0xx_ll_usb.c ****   /* Get Host core Speed */
1142:Drivers/STM32G0xx_HAL_Driver/Src/stm32g0xx_ll_usb.c ****   HostCoreSpeed = USB_GetHostSpeed(USBx);
1143:Drivers/STM32G0xx_HAL_Driver/Src/stm32g0xx_ll_usb.c **** 
1144:Drivers/STM32G0xx_HAL_Driver/Src/stm32g0xx_ll_usb.c ****   /* Set the device speed in case using HUB FS with device LS */
1145:Drivers/STM32G0xx_HAL_Driver/Src/stm32g0xx_ll_usb.c ****   if ((speed == USB_DRD_SPEED_LS) && (HostCoreSpeed == USB_DRD_SPEED_FS))
1146:Drivers/STM32G0xx_HAL_Driver/Src/stm32g0xx_ll_usb.c ****   {
1147:Drivers/STM32G0xx_HAL_Driver/Src/stm32g0xx_ll_usb.c ****     wChRegVal |= USB_CHEP_LSEP;
1148:Drivers/STM32G0xx_HAL_Driver/Src/stm32g0xx_ll_usb.c ****   }
1149:Drivers/STM32G0xx_HAL_Driver/Src/stm32g0xx_ll_usb.c **** 
1150:Drivers/STM32G0xx_HAL_Driver/Src/stm32g0xx_ll_usb.c ****   /* Update the channel register value */
1151:Drivers/STM32G0xx_HAL_Driver/Src/stm32g0xx_ll_usb.c ****   USB_DRD_SET_CHEP(USBx, phy_ch_num, (wChRegVal | USB_CH_VTRX | USB_CH_VTTX));
1152:Drivers/STM32G0xx_HAL_Driver/Src/stm32g0xx_ll_usb.c **** 
1153:Drivers/STM32G0xx_HAL_Driver/Src/stm32g0xx_ll_usb.c ****   return ret;
1154:Drivers/STM32G0xx_HAL_Driver/Src/stm32g0xx_ll_usb.c **** }
1155:Drivers/STM32G0xx_HAL_Driver/Src/stm32g0xx_ll_usb.c **** 
1156:Drivers/STM32G0xx_HAL_Driver/Src/stm32g0xx_ll_usb.c **** /**
1157:Drivers/STM32G0xx_HAL_Driver/Src/stm32g0xx_ll_usb.c ****   * @brief  Set the channel Kind (Single/double buffer mode)
1158:Drivers/STM32G0xx_HAL_Driver/Src/stm32g0xx_ll_usb.c ****   * @param  USBx Selected device
1159:Drivers/STM32G0xx_HAL_Driver/Src/stm32g0xx_ll_usb.c ****   * @param  phy_ch_num Selected device
1160:Drivers/STM32G0xx_HAL_Driver/Src/stm32g0xx_ll_usb.c ****   * @param  db_state double state can be USB_DRD_XXX_DBUFF_ENBALE/USB_DRD_XXX_DBUFF_DISABLE
1161:Drivers/STM32G0xx_HAL_Driver/Src/stm32g0xx_ll_usb.c ****   * @retval HAL status
1162:Drivers/STM32G0xx_HAL_Driver/Src/stm32g0xx_ll_usb.c ****   */
1163:Drivers/STM32G0xx_HAL_Driver/Src/stm32g0xx_ll_usb.c **** HAL_StatusTypeDef USB_HC_DoubleBuffer(USB_DRD_TypeDef *USBx,
1164:Drivers/STM32G0xx_HAL_Driver/Src/stm32g0xx_ll_usb.c ****                                       uint8_t phy_ch_num, uint8_t db_state)
1165:Drivers/STM32G0xx_HAL_Driver/Src/stm32g0xx_ll_usb.c **** {
1166:Drivers/STM32G0xx_HAL_Driver/Src/stm32g0xx_ll_usb.c ****   uint32_t tmp;
1167:Drivers/STM32G0xx_HAL_Driver/Src/stm32g0xx_ll_usb.c **** 
1168:Drivers/STM32G0xx_HAL_Driver/Src/stm32g0xx_ll_usb.c ****   if ((db_state == USB_DRD_BULK_DBUFF_ENBALE) || (db_state == USB_DRD_ISOC_DBUFF_DISABLE))
1169:Drivers/STM32G0xx_HAL_Driver/Src/stm32g0xx_ll_usb.c ****   {
1170:Drivers/STM32G0xx_HAL_Driver/Src/stm32g0xx_ll_usb.c ****     tmp = (USB_DRD_GET_CHEP(USBx, phy_ch_num) | USB_CH_KIND) & USB_CHEP_DB_MSK;
1171:Drivers/STM32G0xx_HAL_Driver/Src/stm32g0xx_ll_usb.c ****   }
1172:Drivers/STM32G0xx_HAL_Driver/Src/stm32g0xx_ll_usb.c ****   else
1173:Drivers/STM32G0xx_HAL_Driver/Src/stm32g0xx_ll_usb.c ****   {
1174:Drivers/STM32G0xx_HAL_Driver/Src/stm32g0xx_ll_usb.c ****     tmp = USB_DRD_GET_CHEP(USBx, phy_ch_num) & (~USB_CH_KIND) & USB_CHEP_DB_MSK;
1175:Drivers/STM32G0xx_HAL_Driver/Src/stm32g0xx_ll_usb.c ****   }
1176:Drivers/STM32G0xx_HAL_Driver/Src/stm32g0xx_ll_usb.c **** 
1177:Drivers/STM32G0xx_HAL_Driver/Src/stm32g0xx_ll_usb.c ****   /* Set the device speed in case using HUB FS with device LS */
1178:Drivers/STM32G0xx_HAL_Driver/Src/stm32g0xx_ll_usb.c ****   USB_DRD_SET_CHEP(USBx, phy_ch_num, tmp);
1179:Drivers/STM32G0xx_HAL_Driver/Src/stm32g0xx_ll_usb.c **** 
1180:Drivers/STM32G0xx_HAL_Driver/Src/stm32g0xx_ll_usb.c ****   return HAL_OK;
1181:Drivers/STM32G0xx_HAL_Driver/Src/stm32g0xx_ll_usb.c **** }
1182:Drivers/STM32G0xx_HAL_Driver/Src/stm32g0xx_ll_usb.c **** 
1183:Drivers/STM32G0xx_HAL_Driver/Src/stm32g0xx_ll_usb.c **** /**
1184:Drivers/STM32G0xx_HAL_Driver/Src/stm32g0xx_ll_usb.c ****   * @brief  Start a transfer over a host channel
1185:Drivers/STM32G0xx_HAL_Driver/Src/stm32g0xx_ll_usb.c ****   * @param  USBx Selected device
1186:Drivers/STM32G0xx_HAL_Driver/Src/stm32g0xx_ll_usb.c ****   * @param  hc pointer to host channel structure
1187:Drivers/STM32G0xx_HAL_Driver/Src/stm32g0xx_ll_usb.c ****   * @retval HAL state
1188:Drivers/STM32G0xx_HAL_Driver/Src/stm32g0xx_ll_usb.c ****   */
1189:Drivers/STM32G0xx_HAL_Driver/Src/stm32g0xx_ll_usb.c **** HAL_StatusTypeDef USB_HC_StartXfer(USB_DRD_TypeDef *USBx, USB_DRD_HCTypeDef *hc)
1190:Drivers/STM32G0xx_HAL_Driver/Src/stm32g0xx_ll_usb.c **** {
ARM GAS  C:\Users\Domagoj\AppData\Local\Temp\ccdbAIX0.s 			page 110


1191:Drivers/STM32G0xx_HAL_Driver/Src/stm32g0xx_ll_usb.c ****   uint32_t len;
1192:Drivers/STM32G0xx_HAL_Driver/Src/stm32g0xx_ll_usb.c ****   uint32_t phy_ch_num = (uint32_t)hc->phy_ch_num;
1193:Drivers/STM32G0xx_HAL_Driver/Src/stm32g0xx_ll_usb.c **** #if (USE_USB_DOUBLE_BUFFER == 1U)
1194:Drivers/STM32G0xx_HAL_Driver/Src/stm32g0xx_ll_usb.c ****   uint32_t ch_reg = USB_DRD_GET_CHEP(USBx, phy_ch_num);
1195:Drivers/STM32G0xx_HAL_Driver/Src/stm32g0xx_ll_usb.c **** #endif /* USE_USB_DOUBLE_BUFFER */
1196:Drivers/STM32G0xx_HAL_Driver/Src/stm32g0xx_ll_usb.c **** 
1197:Drivers/STM32G0xx_HAL_Driver/Src/stm32g0xx_ll_usb.c ****   if (hc->ch_dir == CH_IN_DIR)  /* In Channel */
1198:Drivers/STM32G0xx_HAL_Driver/Src/stm32g0xx_ll_usb.c ****   {
1199:Drivers/STM32G0xx_HAL_Driver/Src/stm32g0xx_ll_usb.c ****     /* Multi packet transfer */
1200:Drivers/STM32G0xx_HAL_Driver/Src/stm32g0xx_ll_usb.c ****     if (hc->xfer_len > hc->max_packet)
1201:Drivers/STM32G0xx_HAL_Driver/Src/stm32g0xx_ll_usb.c ****     {
1202:Drivers/STM32G0xx_HAL_Driver/Src/stm32g0xx_ll_usb.c ****       len = hc->max_packet;
1203:Drivers/STM32G0xx_HAL_Driver/Src/stm32g0xx_ll_usb.c ****     }
1204:Drivers/STM32G0xx_HAL_Driver/Src/stm32g0xx_ll_usb.c ****     else
1205:Drivers/STM32G0xx_HAL_Driver/Src/stm32g0xx_ll_usb.c ****     {
1206:Drivers/STM32G0xx_HAL_Driver/Src/stm32g0xx_ll_usb.c ****       len = hc->xfer_len;
1207:Drivers/STM32G0xx_HAL_Driver/Src/stm32g0xx_ll_usb.c ****     }
1208:Drivers/STM32G0xx_HAL_Driver/Src/stm32g0xx_ll_usb.c **** 
1209:Drivers/STM32G0xx_HAL_Driver/Src/stm32g0xx_ll_usb.c ****     if (hc->doublebuffer == 0U)
1210:Drivers/STM32G0xx_HAL_Driver/Src/stm32g0xx_ll_usb.c ****     {
1211:Drivers/STM32G0xx_HAL_Driver/Src/stm32g0xx_ll_usb.c ****       if ((hc->ep_type == EP_TYPE_BULK) ||
1212:Drivers/STM32G0xx_HAL_Driver/Src/stm32g0xx_ll_usb.c ****           (hc->ep_type == EP_TYPE_INTR))
1213:Drivers/STM32G0xx_HAL_Driver/Src/stm32g0xx_ll_usb.c ****       {
1214:Drivers/STM32G0xx_HAL_Driver/Src/stm32g0xx_ll_usb.c ****         USB_DRD_CLEAR_RX_DTOG(USBx, phy_ch_num);
1215:Drivers/STM32G0xx_HAL_Driver/Src/stm32g0xx_ll_usb.c **** 
1216:Drivers/STM32G0xx_HAL_Driver/Src/stm32g0xx_ll_usb.c ****         /* Set Data PID */
1217:Drivers/STM32G0xx_HAL_Driver/Src/stm32g0xx_ll_usb.c ****         if (hc->data_pid == HC_PID_DATA1)
1218:Drivers/STM32G0xx_HAL_Driver/Src/stm32g0xx_ll_usb.c ****         {
1219:Drivers/STM32G0xx_HAL_Driver/Src/stm32g0xx_ll_usb.c ****           USB_DRD_RX_DTOG(USBx, phy_ch_num);
1220:Drivers/STM32G0xx_HAL_Driver/Src/stm32g0xx_ll_usb.c ****         }
1221:Drivers/STM32G0xx_HAL_Driver/Src/stm32g0xx_ll_usb.c ****       }
1222:Drivers/STM32G0xx_HAL_Driver/Src/stm32g0xx_ll_usb.c **** 
1223:Drivers/STM32G0xx_HAL_Driver/Src/stm32g0xx_ll_usb.c ****       /* Set RX buffer count */
1224:Drivers/STM32G0xx_HAL_Driver/Src/stm32g0xx_ll_usb.c ****       USB_DRD_SET_CHEP_RX_CNT(USBx, phy_ch_num, len);
1225:Drivers/STM32G0xx_HAL_Driver/Src/stm32g0xx_ll_usb.c ****     }
1226:Drivers/STM32G0xx_HAL_Driver/Src/stm32g0xx_ll_usb.c **** #if (USE_USB_DOUBLE_BUFFER == 1U)
1227:Drivers/STM32G0xx_HAL_Driver/Src/stm32g0xx_ll_usb.c ****     else if (hc->ep_type == EP_TYPE_BULK)
1228:Drivers/STM32G0xx_HAL_Driver/Src/stm32g0xx_ll_usb.c ****     {
1229:Drivers/STM32G0xx_HAL_Driver/Src/stm32g0xx_ll_usb.c ****       /* Double buffer activated */
1230:Drivers/STM32G0xx_HAL_Driver/Src/stm32g0xx_ll_usb.c ****       if ((hc->xfer_len > hc->max_packet))
1231:Drivers/STM32G0xx_HAL_Driver/Src/stm32g0xx_ll_usb.c ****       {
1232:Drivers/STM32G0xx_HAL_Driver/Src/stm32g0xx_ll_usb.c ****         (void)USB_HC_DoubleBuffer(USBx, (uint8_t)phy_ch_num, USB_DRD_BULK_DBUFF_ENBALE);
1233:Drivers/STM32G0xx_HAL_Driver/Src/stm32g0xx_ll_usb.c **** 
1234:Drivers/STM32G0xx_HAL_Driver/Src/stm32g0xx_ll_usb.c ****         /* Set the Double buffer counter */
1235:Drivers/STM32G0xx_HAL_Driver/Src/stm32g0xx_ll_usb.c ****         USB_DRD_SET_CHEP_DBUF0_CNT(USBx, phy_ch_num, 0U, len);
1236:Drivers/STM32G0xx_HAL_Driver/Src/stm32g0xx_ll_usb.c ****         USB_DRD_SET_CHEP_DBUF1_CNT(USBx, phy_ch_num, 0U, len);
1237:Drivers/STM32G0xx_HAL_Driver/Src/stm32g0xx_ll_usb.c ****       }
1238:Drivers/STM32G0xx_HAL_Driver/Src/stm32g0xx_ll_usb.c ****       else  /* Switch to single buffer mode */
1239:Drivers/STM32G0xx_HAL_Driver/Src/stm32g0xx_ll_usb.c ****       {
1240:Drivers/STM32G0xx_HAL_Driver/Src/stm32g0xx_ll_usb.c ****         (void)USB_HC_DoubleBuffer(USBx, (uint8_t)phy_ch_num, USB_DRD_BULK_DBUFF_DISABLE);
1241:Drivers/STM32G0xx_HAL_Driver/Src/stm32g0xx_ll_usb.c **** 
1242:Drivers/STM32G0xx_HAL_Driver/Src/stm32g0xx_ll_usb.c ****         /* Set RX buffer count */
1243:Drivers/STM32G0xx_HAL_Driver/Src/stm32g0xx_ll_usb.c ****         USB_DRD_SET_CHEP_RX_CNT(USBx, phy_ch_num, len);
1244:Drivers/STM32G0xx_HAL_Driver/Src/stm32g0xx_ll_usb.c ****       }
1245:Drivers/STM32G0xx_HAL_Driver/Src/stm32g0xx_ll_usb.c ****     }
1246:Drivers/STM32G0xx_HAL_Driver/Src/stm32g0xx_ll_usb.c ****     else  /* Isochronous */
1247:Drivers/STM32G0xx_HAL_Driver/Src/stm32g0xx_ll_usb.c ****     {
ARM GAS  C:\Users\Domagoj\AppData\Local\Temp\ccdbAIX0.s 			page 111


1248:Drivers/STM32G0xx_HAL_Driver/Src/stm32g0xx_ll_usb.c ****       /* Set the Double buffer counter */
1249:Drivers/STM32G0xx_HAL_Driver/Src/stm32g0xx_ll_usb.c ****       USB_DRD_SET_CHEP_DBUF0_CNT(USBx, phy_ch_num, 0U, len);
1250:Drivers/STM32G0xx_HAL_Driver/Src/stm32g0xx_ll_usb.c ****       USB_DRD_SET_CHEP_DBUF1_CNT(USBx, phy_ch_num, 0U, len);
1251:Drivers/STM32G0xx_HAL_Driver/Src/stm32g0xx_ll_usb.c ****     }
1252:Drivers/STM32G0xx_HAL_Driver/Src/stm32g0xx_ll_usb.c **** #endif /* USE_USB_DOUBLE_BUFFER */
1253:Drivers/STM32G0xx_HAL_Driver/Src/stm32g0xx_ll_usb.c **** 
1254:Drivers/STM32G0xx_HAL_Driver/Src/stm32g0xx_ll_usb.c ****     /* Enable host channel */
1255:Drivers/STM32G0xx_HAL_Driver/Src/stm32g0xx_ll_usb.c ****     USB_DRD_SET_CHEP_RX_STATUS(USBx, phy_ch_num, USB_CH_RX_VALID);
1256:Drivers/STM32G0xx_HAL_Driver/Src/stm32g0xx_ll_usb.c ****   }
1257:Drivers/STM32G0xx_HAL_Driver/Src/stm32g0xx_ll_usb.c ****   else   /* Out Channel */
1258:Drivers/STM32G0xx_HAL_Driver/Src/stm32g0xx_ll_usb.c ****   {
1259:Drivers/STM32G0xx_HAL_Driver/Src/stm32g0xx_ll_usb.c ****     /* Multi packet transfer */
1260:Drivers/STM32G0xx_HAL_Driver/Src/stm32g0xx_ll_usb.c ****     if (hc->xfer_len > hc->max_packet)
1261:Drivers/STM32G0xx_HAL_Driver/Src/stm32g0xx_ll_usb.c ****     {
1262:Drivers/STM32G0xx_HAL_Driver/Src/stm32g0xx_ll_usb.c ****       len = hc->max_packet;
1263:Drivers/STM32G0xx_HAL_Driver/Src/stm32g0xx_ll_usb.c ****     }
1264:Drivers/STM32G0xx_HAL_Driver/Src/stm32g0xx_ll_usb.c ****     else
1265:Drivers/STM32G0xx_HAL_Driver/Src/stm32g0xx_ll_usb.c ****     {
1266:Drivers/STM32G0xx_HAL_Driver/Src/stm32g0xx_ll_usb.c ****       len = hc->xfer_len;
1267:Drivers/STM32G0xx_HAL_Driver/Src/stm32g0xx_ll_usb.c ****     }
1268:Drivers/STM32G0xx_HAL_Driver/Src/stm32g0xx_ll_usb.c **** 
1269:Drivers/STM32G0xx_HAL_Driver/Src/stm32g0xx_ll_usb.c ****     /* Configure and validate Tx endpoint */
1270:Drivers/STM32G0xx_HAL_Driver/Src/stm32g0xx_ll_usb.c ****     if (hc->doublebuffer == 0U)
1271:Drivers/STM32G0xx_HAL_Driver/Src/stm32g0xx_ll_usb.c ****     {
1272:Drivers/STM32G0xx_HAL_Driver/Src/stm32g0xx_ll_usb.c ****       USB_WritePMA(USBx, hc->xfer_buff, hc->pmaadress, (uint16_t)len);
1273:Drivers/STM32G0xx_HAL_Driver/Src/stm32g0xx_ll_usb.c ****       USB_DRD_SET_CHEP_TX_CNT(USBx, phy_ch_num, (uint16_t)len);
1274:Drivers/STM32G0xx_HAL_Driver/Src/stm32g0xx_ll_usb.c **** 
1275:Drivers/STM32G0xx_HAL_Driver/Src/stm32g0xx_ll_usb.c ****       /* SET PID SETUP  */
1276:Drivers/STM32G0xx_HAL_Driver/Src/stm32g0xx_ll_usb.c ****       if ((hc->data_pid) == HC_PID_SETUP)
1277:Drivers/STM32G0xx_HAL_Driver/Src/stm32g0xx_ll_usb.c ****       {
1278:Drivers/STM32G0xx_HAL_Driver/Src/stm32g0xx_ll_usb.c ****         USB_DRD_CHEP_TX_SETUP(USBx,  phy_ch_num);
1279:Drivers/STM32G0xx_HAL_Driver/Src/stm32g0xx_ll_usb.c ****       }
1280:Drivers/STM32G0xx_HAL_Driver/Src/stm32g0xx_ll_usb.c **** 
1281:Drivers/STM32G0xx_HAL_Driver/Src/stm32g0xx_ll_usb.c ****       if ((hc->ep_type == EP_TYPE_BULK) ||
1282:Drivers/STM32G0xx_HAL_Driver/Src/stm32g0xx_ll_usb.c ****           (hc->ep_type == EP_TYPE_INTR))
1283:Drivers/STM32G0xx_HAL_Driver/Src/stm32g0xx_ll_usb.c ****       {
1284:Drivers/STM32G0xx_HAL_Driver/Src/stm32g0xx_ll_usb.c ****         USB_DRD_CLEAR_TX_DTOG(USBx, phy_ch_num);
1285:Drivers/STM32G0xx_HAL_Driver/Src/stm32g0xx_ll_usb.c **** 
1286:Drivers/STM32G0xx_HAL_Driver/Src/stm32g0xx_ll_usb.c ****         /* Set Data PID */
1287:Drivers/STM32G0xx_HAL_Driver/Src/stm32g0xx_ll_usb.c ****         if (hc->data_pid == HC_PID_DATA1)
1288:Drivers/STM32G0xx_HAL_Driver/Src/stm32g0xx_ll_usb.c ****         {
1289:Drivers/STM32G0xx_HAL_Driver/Src/stm32g0xx_ll_usb.c ****           USB_DRD_TX_DTOG(USBx, phy_ch_num);
1290:Drivers/STM32G0xx_HAL_Driver/Src/stm32g0xx_ll_usb.c ****         }
1291:Drivers/STM32G0xx_HAL_Driver/Src/stm32g0xx_ll_usb.c ****       }
1292:Drivers/STM32G0xx_HAL_Driver/Src/stm32g0xx_ll_usb.c ****     }
1293:Drivers/STM32G0xx_HAL_Driver/Src/stm32g0xx_ll_usb.c **** #if (USE_USB_DOUBLE_BUFFER == 1U)
1294:Drivers/STM32G0xx_HAL_Driver/Src/stm32g0xx_ll_usb.c ****     else if (hc->ep_type == EP_TYPE_BULK)
1295:Drivers/STM32G0xx_HAL_Driver/Src/stm32g0xx_ll_usb.c ****     {
1296:Drivers/STM32G0xx_HAL_Driver/Src/stm32g0xx_ll_usb.c ****       (void)USB_HC_BULK_DB_StartXfer(USBx, hc, ch_reg, &len);
1297:Drivers/STM32G0xx_HAL_Driver/Src/stm32g0xx_ll_usb.c ****     }
1298:Drivers/STM32G0xx_HAL_Driver/Src/stm32g0xx_ll_usb.c ****     else
1299:Drivers/STM32G0xx_HAL_Driver/Src/stm32g0xx_ll_usb.c ****     {
1300:Drivers/STM32G0xx_HAL_Driver/Src/stm32g0xx_ll_usb.c ****       (void)USB_HC_ISO_DB_StartXfer(USBx, hc, len);
1301:Drivers/STM32G0xx_HAL_Driver/Src/stm32g0xx_ll_usb.c ****     }
1302:Drivers/STM32G0xx_HAL_Driver/Src/stm32g0xx_ll_usb.c **** #endif /* (USE_USB_DOUBLE_BUFFER == 1U) */
1303:Drivers/STM32G0xx_HAL_Driver/Src/stm32g0xx_ll_usb.c **** 
1304:Drivers/STM32G0xx_HAL_Driver/Src/stm32g0xx_ll_usb.c ****     /* Enable host channel */
ARM GAS  C:\Users\Domagoj\AppData\Local\Temp\ccdbAIX0.s 			page 112


1305:Drivers/STM32G0xx_HAL_Driver/Src/stm32g0xx_ll_usb.c ****     USB_DRD_SET_CHEP_TX_STATUS(USBx, hc->phy_ch_num, USB_CH_TX_VALID);
1306:Drivers/STM32G0xx_HAL_Driver/Src/stm32g0xx_ll_usb.c ****   }
1307:Drivers/STM32G0xx_HAL_Driver/Src/stm32g0xx_ll_usb.c **** 
1308:Drivers/STM32G0xx_HAL_Driver/Src/stm32g0xx_ll_usb.c ****   return HAL_OK;
1309:Drivers/STM32G0xx_HAL_Driver/Src/stm32g0xx_ll_usb.c **** }
1310:Drivers/STM32G0xx_HAL_Driver/Src/stm32g0xx_ll_usb.c **** 
1311:Drivers/STM32G0xx_HAL_Driver/Src/stm32g0xx_ll_usb.c **** #if (USE_USB_DOUBLE_BUFFER == 1U)
1312:Drivers/STM32G0xx_HAL_Driver/Src/stm32g0xx_ll_usb.c **** /**
1313:Drivers/STM32G0xx_HAL_Driver/Src/stm32g0xx_ll_usb.c ****   * @brief  Start Transfer of Channel isochronous out double buffer
1314:Drivers/STM32G0xx_HAL_Driver/Src/stm32g0xx_ll_usb.c ****   * @param  USBx Selected device
1315:Drivers/STM32G0xx_HAL_Driver/Src/stm32g0xx_ll_usb.c ****   * @param  hc_num Host Channel number
1316:Drivers/STM32G0xx_HAL_Driver/Src/stm32g0xx_ll_usb.c ****   *         This parameter can be a value from 1 to 15
1317:Drivers/STM32G0xx_HAL_Driver/Src/stm32g0xx_ll_usb.c ****   * @param  len Transfer Length
1318:Drivers/STM32G0xx_HAL_Driver/Src/stm32g0xx_ll_usb.c ****   * @retval HAL state
1319:Drivers/STM32G0xx_HAL_Driver/Src/stm32g0xx_ll_usb.c ****   */
1320:Drivers/STM32G0xx_HAL_Driver/Src/stm32g0xx_ll_usb.c **** static HAL_StatusTypeDef USB_HC_ISO_DB_StartXfer(USB_DRD_TypeDef *USBx,
1321:Drivers/STM32G0xx_HAL_Driver/Src/stm32g0xx_ll_usb.c ****                                                  USB_DRD_HCTypeDef *hc,
1322:Drivers/STM32G0xx_HAL_Driver/Src/stm32g0xx_ll_usb.c ****                                                  uint32_t len)
1323:Drivers/STM32G0xx_HAL_Driver/Src/stm32g0xx_ll_usb.c **** {
1324:Drivers/STM32G0xx_HAL_Driver/Src/stm32g0xx_ll_usb.c ****   uint32_t phy_ch_num = (uint32_t)hc->phy_ch_num;
1325:Drivers/STM32G0xx_HAL_Driver/Src/stm32g0xx_ll_usb.c **** 
1326:Drivers/STM32G0xx_HAL_Driver/Src/stm32g0xx_ll_usb.c ****   /* check the DTOG_TX to determine in which buffer we should write */
1327:Drivers/STM32G0xx_HAL_Driver/Src/stm32g0xx_ll_usb.c ****   if ((USB_DRD_GET_CHEP(USBx, phy_ch_num) & USB_CH_DTOG_TX) != 0U)
1328:Drivers/STM32G0xx_HAL_Driver/Src/stm32g0xx_ll_usb.c ****   {
1329:Drivers/STM32G0xx_HAL_Driver/Src/stm32g0xx_ll_usb.c ****     USB_DRD_SET_CHEP_DBUF0_CNT(USBx, phy_ch_num, 1U, len);
1330:Drivers/STM32G0xx_HAL_Driver/Src/stm32g0xx_ll_usb.c ****     USB_WritePMA(USBx, hc->xfer_buff, hc->pmaaddr0, (uint16_t)len);
1331:Drivers/STM32G0xx_HAL_Driver/Src/stm32g0xx_ll_usb.c ****   }
1332:Drivers/STM32G0xx_HAL_Driver/Src/stm32g0xx_ll_usb.c ****   else
1333:Drivers/STM32G0xx_HAL_Driver/Src/stm32g0xx_ll_usb.c ****   {
1334:Drivers/STM32G0xx_HAL_Driver/Src/stm32g0xx_ll_usb.c ****     /* DTOGTX=0 */
1335:Drivers/STM32G0xx_HAL_Driver/Src/stm32g0xx_ll_usb.c ****     /* Set the Double buffer counter for pmabuffer0 */
1336:Drivers/STM32G0xx_HAL_Driver/Src/stm32g0xx_ll_usb.c ****     USB_DRD_SET_CHEP_DBUF1_CNT(USBx, phy_ch_num, 1U, len);
1337:Drivers/STM32G0xx_HAL_Driver/Src/stm32g0xx_ll_usb.c ****     USB_WritePMA(USBx, hc->xfer_buff, hc->pmaaddr1, (uint16_t)len);
1338:Drivers/STM32G0xx_HAL_Driver/Src/stm32g0xx_ll_usb.c ****   }
1339:Drivers/STM32G0xx_HAL_Driver/Src/stm32g0xx_ll_usb.c **** 
1340:Drivers/STM32G0xx_HAL_Driver/Src/stm32g0xx_ll_usb.c ****   return HAL_OK;
1341:Drivers/STM32G0xx_HAL_Driver/Src/stm32g0xx_ll_usb.c **** }
1342:Drivers/STM32G0xx_HAL_Driver/Src/stm32g0xx_ll_usb.c **** 
1343:Drivers/STM32G0xx_HAL_Driver/Src/stm32g0xx_ll_usb.c **** /**
1344:Drivers/STM32G0xx_HAL_Driver/Src/stm32g0xx_ll_usb.c ****   * @brief  Start Transfer of Channel bulk out double buffer
1345:Drivers/STM32G0xx_HAL_Driver/Src/stm32g0xx_ll_usb.c ****   * @param  USBx Selected device
1346:Drivers/STM32G0xx_HAL_Driver/Src/stm32g0xx_ll_usb.c ****   * @param  hc_num Host Channel number
1347:Drivers/STM32G0xx_HAL_Driver/Src/stm32g0xx_ll_usb.c ****   *         This parameter can be a value from 1 to 15
1348:Drivers/STM32G0xx_HAL_Driver/Src/stm32g0xx_ll_usb.c ****   * @param  ch_reg snapshot of the CHEPR register
1349:Drivers/STM32G0xx_HAL_Driver/Src/stm32g0xx_ll_usb.c ****   * @param  len Transfer Length
1350:Drivers/STM32G0xx_HAL_Driver/Src/stm32g0xx_ll_usb.c ****   * @retval HAL state
1351:Drivers/STM32G0xx_HAL_Driver/Src/stm32g0xx_ll_usb.c ****   */
1352:Drivers/STM32G0xx_HAL_Driver/Src/stm32g0xx_ll_usb.c **** static HAL_StatusTypeDef USB_HC_BULK_DB_StartXfer(USB_DRD_TypeDef *USBx,
1353:Drivers/STM32G0xx_HAL_Driver/Src/stm32g0xx_ll_usb.c ****                                                   USB_DRD_HCTypeDef *hc,
1354:Drivers/STM32G0xx_HAL_Driver/Src/stm32g0xx_ll_usb.c ****                                                   uint32_t ch_reg,
1355:Drivers/STM32G0xx_HAL_Driver/Src/stm32g0xx_ll_usb.c ****                                                   uint32_t *len)
1356:Drivers/STM32G0xx_HAL_Driver/Src/stm32g0xx_ll_usb.c **** {
1357:Drivers/STM32G0xx_HAL_Driver/Src/stm32g0xx_ll_usb.c ****   uint32_t phy_ch_num = (uint32_t)hc->phy_ch_num;
1358:Drivers/STM32G0xx_HAL_Driver/Src/stm32g0xx_ll_usb.c **** 
1359:Drivers/STM32G0xx_HAL_Driver/Src/stm32g0xx_ll_usb.c ****   /* -Double Buffer Mangement- */
1360:Drivers/STM32G0xx_HAL_Driver/Src/stm32g0xx_ll_usb.c ****   if (hc->xfer_len_db > hc->max_packet)
1361:Drivers/STM32G0xx_HAL_Driver/Src/stm32g0xx_ll_usb.c ****   {
ARM GAS  C:\Users\Domagoj\AppData\Local\Temp\ccdbAIX0.s 			page 113


1362:Drivers/STM32G0xx_HAL_Driver/Src/stm32g0xx_ll_usb.c ****     /* enable double buffer mode */
1363:Drivers/STM32G0xx_HAL_Driver/Src/stm32g0xx_ll_usb.c ****     (void)USB_HC_DoubleBuffer(USBx, (uint8_t)phy_ch_num, USB_DRD_BULK_DBUFF_ENBALE);
1364:Drivers/STM32G0xx_HAL_Driver/Src/stm32g0xx_ll_usb.c ****     *len = hc->max_packet;
1365:Drivers/STM32G0xx_HAL_Driver/Src/stm32g0xx_ll_usb.c ****     hc->xfer_len_db -= *len;
1366:Drivers/STM32G0xx_HAL_Driver/Src/stm32g0xx_ll_usb.c **** 
1367:Drivers/STM32G0xx_HAL_Driver/Src/stm32g0xx_ll_usb.c ****     /* Prepare two buffer before enabling host */
1368:Drivers/STM32G0xx_HAL_Driver/Src/stm32g0xx_ll_usb.c ****     if ((ch_reg & USB_CH_DTOG_TX) == 0U)
1369:Drivers/STM32G0xx_HAL_Driver/Src/stm32g0xx_ll_usb.c ****     {
1370:Drivers/STM32G0xx_HAL_Driver/Src/stm32g0xx_ll_usb.c ****       /* Write Buffer0 */
1371:Drivers/STM32G0xx_HAL_Driver/Src/stm32g0xx_ll_usb.c ****       USB_DRD_SET_CHEP_DBUF0_CNT(USBx, phy_ch_num, 1U, (uint16_t)*len);
1372:Drivers/STM32G0xx_HAL_Driver/Src/stm32g0xx_ll_usb.c ****       USB_WritePMA(USBx, hc->xfer_buff, hc->pmaaddr0, (uint16_t)*len);
1373:Drivers/STM32G0xx_HAL_Driver/Src/stm32g0xx_ll_usb.c ****     }
1374:Drivers/STM32G0xx_HAL_Driver/Src/stm32g0xx_ll_usb.c ****     else
1375:Drivers/STM32G0xx_HAL_Driver/Src/stm32g0xx_ll_usb.c ****     {
1376:Drivers/STM32G0xx_HAL_Driver/Src/stm32g0xx_ll_usb.c ****       /* Write Buffer1 */
1377:Drivers/STM32G0xx_HAL_Driver/Src/stm32g0xx_ll_usb.c ****       USB_DRD_SET_CHEP_DBUF1_CNT(USBx, phy_ch_num, 1U, (uint16_t)*len);
1378:Drivers/STM32G0xx_HAL_Driver/Src/stm32g0xx_ll_usb.c ****       USB_WritePMA(USBx, hc->xfer_buff, hc->pmaaddr1, (uint16_t)*len);
1379:Drivers/STM32G0xx_HAL_Driver/Src/stm32g0xx_ll_usb.c ****     }
1380:Drivers/STM32G0xx_HAL_Driver/Src/stm32g0xx_ll_usb.c **** 
1381:Drivers/STM32G0xx_HAL_Driver/Src/stm32g0xx_ll_usb.c ****     hc->xfer_buff += *len;
1382:Drivers/STM32G0xx_HAL_Driver/Src/stm32g0xx_ll_usb.c **** 
1383:Drivers/STM32G0xx_HAL_Driver/Src/stm32g0xx_ll_usb.c ****     /* Multi packet transfer */
1384:Drivers/STM32G0xx_HAL_Driver/Src/stm32g0xx_ll_usb.c ****     if (hc->xfer_len_db > hc->max_packet)
1385:Drivers/STM32G0xx_HAL_Driver/Src/stm32g0xx_ll_usb.c ****     {
1386:Drivers/STM32G0xx_HAL_Driver/Src/stm32g0xx_ll_usb.c ****       hc->xfer_len_db -= *len;
1387:Drivers/STM32G0xx_HAL_Driver/Src/stm32g0xx_ll_usb.c ****     }
1388:Drivers/STM32G0xx_HAL_Driver/Src/stm32g0xx_ll_usb.c ****     else
1389:Drivers/STM32G0xx_HAL_Driver/Src/stm32g0xx_ll_usb.c ****     {
1390:Drivers/STM32G0xx_HAL_Driver/Src/stm32g0xx_ll_usb.c ****       *len = hc->xfer_len_db;
1391:Drivers/STM32G0xx_HAL_Driver/Src/stm32g0xx_ll_usb.c ****       hc->xfer_len_db = 0U;
1392:Drivers/STM32G0xx_HAL_Driver/Src/stm32g0xx_ll_usb.c ****     }
1393:Drivers/STM32G0xx_HAL_Driver/Src/stm32g0xx_ll_usb.c **** 
1394:Drivers/STM32G0xx_HAL_Driver/Src/stm32g0xx_ll_usb.c ****     if ((ch_reg & USB_CH_DTOG_TX) == 0U)
1395:Drivers/STM32G0xx_HAL_Driver/Src/stm32g0xx_ll_usb.c ****     {
1396:Drivers/STM32G0xx_HAL_Driver/Src/stm32g0xx_ll_usb.c ****       /* Write Buffer1 */
1397:Drivers/STM32G0xx_HAL_Driver/Src/stm32g0xx_ll_usb.c ****       USB_DRD_SET_CHEP_DBUF1_CNT(USBx, phy_ch_num, 1U, (uint16_t)*len);
1398:Drivers/STM32G0xx_HAL_Driver/Src/stm32g0xx_ll_usb.c ****       USB_WritePMA(USBx, hc->xfer_buff, hc->pmaaddr1, (uint16_t)*len);
1399:Drivers/STM32G0xx_HAL_Driver/Src/stm32g0xx_ll_usb.c ****     }
1400:Drivers/STM32G0xx_HAL_Driver/Src/stm32g0xx_ll_usb.c ****     else
1401:Drivers/STM32G0xx_HAL_Driver/Src/stm32g0xx_ll_usb.c ****     {
1402:Drivers/STM32G0xx_HAL_Driver/Src/stm32g0xx_ll_usb.c ****       /* Write Buffer0 */
1403:Drivers/STM32G0xx_HAL_Driver/Src/stm32g0xx_ll_usb.c ****       USB_DRD_SET_CHEP_DBUF0_CNT(USBx, phy_ch_num, 1U, (uint16_t)*len);
1404:Drivers/STM32G0xx_HAL_Driver/Src/stm32g0xx_ll_usb.c ****       USB_WritePMA(USBx, hc->xfer_buff, hc->pmaaddr0, (uint16_t)*len);
1405:Drivers/STM32G0xx_HAL_Driver/Src/stm32g0xx_ll_usb.c ****     }
1406:Drivers/STM32G0xx_HAL_Driver/Src/stm32g0xx_ll_usb.c ****   }
1407:Drivers/STM32G0xx_HAL_Driver/Src/stm32g0xx_ll_usb.c ****   else
1408:Drivers/STM32G0xx_HAL_Driver/Src/stm32g0xx_ll_usb.c ****   {
1409:Drivers/STM32G0xx_HAL_Driver/Src/stm32g0xx_ll_usb.c ****     /* Disable bulk double buffer mode */
1410:Drivers/STM32G0xx_HAL_Driver/Src/stm32g0xx_ll_usb.c ****     (void)USB_HC_DoubleBuffer(USBx, (uint8_t)phy_ch_num, USB_DRD_BULK_DBUFF_DISABLE);
1411:Drivers/STM32G0xx_HAL_Driver/Src/stm32g0xx_ll_usb.c ****     USB_WritePMA(USBx, hc->xfer_buff, hc->pmaaddr0, (uint16_t)*len);
1412:Drivers/STM32G0xx_HAL_Driver/Src/stm32g0xx_ll_usb.c ****     USB_DRD_SET_CHEP_TX_CNT(USBx, phy_ch_num, (uint16_t)*len);
1413:Drivers/STM32G0xx_HAL_Driver/Src/stm32g0xx_ll_usb.c ****   }
1414:Drivers/STM32G0xx_HAL_Driver/Src/stm32g0xx_ll_usb.c **** 
1415:Drivers/STM32G0xx_HAL_Driver/Src/stm32g0xx_ll_usb.c ****   return HAL_OK;
1416:Drivers/STM32G0xx_HAL_Driver/Src/stm32g0xx_ll_usb.c **** }
1417:Drivers/STM32G0xx_HAL_Driver/Src/stm32g0xx_ll_usb.c **** #endif /* (USE_USB_DOUBLE_BUFFER == 1U) */
1418:Drivers/STM32G0xx_HAL_Driver/Src/stm32g0xx_ll_usb.c **** 
ARM GAS  C:\Users\Domagoj\AppData\Local\Temp\ccdbAIX0.s 			page 114


1419:Drivers/STM32G0xx_HAL_Driver/Src/stm32g0xx_ll_usb.c **** 
1420:Drivers/STM32G0xx_HAL_Driver/Src/stm32g0xx_ll_usb.c **** /**
1421:Drivers/STM32G0xx_HAL_Driver/Src/stm32g0xx_ll_usb.c ****   * @brief  Halt a host channel in
1422:Drivers/STM32G0xx_HAL_Driver/Src/stm32g0xx_ll_usb.c ****   * @param  USBx Selected device
1423:Drivers/STM32G0xx_HAL_Driver/Src/stm32g0xx_ll_usb.c ****   * @param  phy_ch_num Host Channel number
1424:Drivers/STM32G0xx_HAL_Driver/Src/stm32g0xx_ll_usb.c ****   * @retval HAL state
1425:Drivers/STM32G0xx_HAL_Driver/Src/stm32g0xx_ll_usb.c ****   */
1426:Drivers/STM32G0xx_HAL_Driver/Src/stm32g0xx_ll_usb.c **** HAL_StatusTypeDef USB_HC_IN_Halt(USB_DRD_TypeDef *USBx, uint8_t phy_ch_num)
1427:Drivers/STM32G0xx_HAL_Driver/Src/stm32g0xx_ll_usb.c **** {
1428:Drivers/STM32G0xx_HAL_Driver/Src/stm32g0xx_ll_usb.c ****   /* Set disable to Channel */
1429:Drivers/STM32G0xx_HAL_Driver/Src/stm32g0xx_ll_usb.c ****   USB_DRD_SET_CHEP_RX_STATUS(USBx, phy_ch_num, USB_CH_RX_DIS);
1430:Drivers/STM32G0xx_HAL_Driver/Src/stm32g0xx_ll_usb.c **** 
1431:Drivers/STM32G0xx_HAL_Driver/Src/stm32g0xx_ll_usb.c ****   return HAL_OK;
1432:Drivers/STM32G0xx_HAL_Driver/Src/stm32g0xx_ll_usb.c **** }
1433:Drivers/STM32G0xx_HAL_Driver/Src/stm32g0xx_ll_usb.c **** 
1434:Drivers/STM32G0xx_HAL_Driver/Src/stm32g0xx_ll_usb.c **** 
1435:Drivers/STM32G0xx_HAL_Driver/Src/stm32g0xx_ll_usb.c **** /**
1436:Drivers/STM32G0xx_HAL_Driver/Src/stm32g0xx_ll_usb.c ****   * @brief  Halt a host channel out
1437:Drivers/STM32G0xx_HAL_Driver/Src/stm32g0xx_ll_usb.c ****   * @param  USBx Selected device
1438:Drivers/STM32G0xx_HAL_Driver/Src/stm32g0xx_ll_usb.c ****   * @param  phy_ch_num Host Channel number
1439:Drivers/STM32G0xx_HAL_Driver/Src/stm32g0xx_ll_usb.c ****   * @retval HAL state
1440:Drivers/STM32G0xx_HAL_Driver/Src/stm32g0xx_ll_usb.c ****   */
1441:Drivers/STM32G0xx_HAL_Driver/Src/stm32g0xx_ll_usb.c **** HAL_StatusTypeDef USB_HC_OUT_Halt(USB_DRD_TypeDef *USBx, uint8_t phy_ch_num)
1442:Drivers/STM32G0xx_HAL_Driver/Src/stm32g0xx_ll_usb.c **** {
1443:Drivers/STM32G0xx_HAL_Driver/Src/stm32g0xx_ll_usb.c ****   /* Set disable to Channel */
1444:Drivers/STM32G0xx_HAL_Driver/Src/stm32g0xx_ll_usb.c ****   USB_DRD_SET_CHEP_TX_STATUS(USBx, phy_ch_num, USB_CH_TX_DIS);
1445:Drivers/STM32G0xx_HAL_Driver/Src/stm32g0xx_ll_usb.c **** 
1446:Drivers/STM32G0xx_HAL_Driver/Src/stm32g0xx_ll_usb.c ****   return HAL_OK;
1447:Drivers/STM32G0xx_HAL_Driver/Src/stm32g0xx_ll_usb.c **** }
1448:Drivers/STM32G0xx_HAL_Driver/Src/stm32g0xx_ll_usb.c **** 
1449:Drivers/STM32G0xx_HAL_Driver/Src/stm32g0xx_ll_usb.c **** /**
1450:Drivers/STM32G0xx_HAL_Driver/Src/stm32g0xx_ll_usb.c ****   * @brief  Activate a host channel
1451:Drivers/STM32G0xx_HAL_Driver/Src/stm32g0xx_ll_usb.c ****   * @param  USBx  Selected device
1452:Drivers/STM32G0xx_HAL_Driver/Src/stm32g0xx_ll_usb.c ****   * @param  phy_ch_num  Host Channel number
1453:Drivers/STM32G0xx_HAL_Driver/Src/stm32g0xx_ll_usb.c ****   * @param  ch_dir  Host Channel direction
1454:Drivers/STM32G0xx_HAL_Driver/Src/stm32g0xx_ll_usb.c ****   * @retval HAL state
1455:Drivers/STM32G0xx_HAL_Driver/Src/stm32g0xx_ll_usb.c ****   */
1456:Drivers/STM32G0xx_HAL_Driver/Src/stm32g0xx_ll_usb.c **** HAL_StatusTypeDef USB_HC_Activate(USB_DRD_TypeDef *USBx, uint8_t phy_ch_num, uint8_t ch_dir)
1457:Drivers/STM32G0xx_HAL_Driver/Src/stm32g0xx_ll_usb.c **** {
1458:Drivers/STM32G0xx_HAL_Driver/Src/stm32g0xx_ll_usb.c ****   if (ch_dir == CH_IN_DIR)
1459:Drivers/STM32G0xx_HAL_Driver/Src/stm32g0xx_ll_usb.c ****   {
1460:Drivers/STM32G0xx_HAL_Driver/Src/stm32g0xx_ll_usb.c ****     /* Enable TX host Channel */
1461:Drivers/STM32G0xx_HAL_Driver/Src/stm32g0xx_ll_usb.c ****     USB_DRD_SET_CHEP_TX_STATUS(USBx, phy_ch_num, USB_CH_TX_VALID);
1462:Drivers/STM32G0xx_HAL_Driver/Src/stm32g0xx_ll_usb.c ****   }
1463:Drivers/STM32G0xx_HAL_Driver/Src/stm32g0xx_ll_usb.c ****   else
1464:Drivers/STM32G0xx_HAL_Driver/Src/stm32g0xx_ll_usb.c ****   {
1465:Drivers/STM32G0xx_HAL_Driver/Src/stm32g0xx_ll_usb.c ****     /* Enable RX host Channel */
1466:Drivers/STM32G0xx_HAL_Driver/Src/stm32g0xx_ll_usb.c ****     USB_DRD_SET_CHEP_RX_STATUS(USBx, phy_ch_num, USB_CH_RX_VALID);
1467:Drivers/STM32G0xx_HAL_Driver/Src/stm32g0xx_ll_usb.c ****   }
1468:Drivers/STM32G0xx_HAL_Driver/Src/stm32g0xx_ll_usb.c **** 
1469:Drivers/STM32G0xx_HAL_Driver/Src/stm32g0xx_ll_usb.c ****   return HAL_OK;
1470:Drivers/STM32G0xx_HAL_Driver/Src/stm32g0xx_ll_usb.c **** }
1471:Drivers/STM32G0xx_HAL_Driver/Src/stm32g0xx_ll_usb.c **** #endif /* defined (HAL_HCD_MODULE_ENABLED) */
1472:Drivers/STM32G0xx_HAL_Driver/Src/stm32g0xx_ll_usb.c **** 
1473:Drivers/STM32G0xx_HAL_Driver/Src/stm32g0xx_ll_usb.c **** /**
1474:Drivers/STM32G0xx_HAL_Driver/Src/stm32g0xx_ll_usb.c ****   * @brief  Stop Host Core
1475:Drivers/STM32G0xx_HAL_Driver/Src/stm32g0xx_ll_usb.c ****   * @param  USBx Selected device
ARM GAS  C:\Users\Domagoj\AppData\Local\Temp\ccdbAIX0.s 			page 115


1476:Drivers/STM32G0xx_HAL_Driver/Src/stm32g0xx_ll_usb.c ****   * @retval HAL state
1477:Drivers/STM32G0xx_HAL_Driver/Src/stm32g0xx_ll_usb.c ****   */
1478:Drivers/STM32G0xx_HAL_Driver/Src/stm32g0xx_ll_usb.c **** HAL_StatusTypeDef USB_StopHost(USB_DRD_TypeDef *USBx)
1479:Drivers/STM32G0xx_HAL_Driver/Src/stm32g0xx_ll_usb.c **** {
 4430              		.loc 1 1479 1 is_stmt 1 view -0
 4431              		.cfi_startproc
 4432              		@ args = 0, pretend = 0, frame = 0
 4433              		@ frame_needed = 0, uses_anonymous_args = 0
 4434              		@ link register save eliminated.
1480:Drivers/STM32G0xx_HAL_Driver/Src/stm32g0xx_ll_usb.c ****   USBx->ISTR &= ~(USB_ISTR_DIR | USB_ISTR_L1REQ |
 4435              		.loc 1 1480 3 view .LVU1296
 4436              		.loc 1 1480 7 is_stmt 0 view .LVU1297
 4437 0000 436C     		ldr	r3, [r0, #68]
 4438              		.loc 1 1480 14 view .LVU1298
 4439 0002 064A     		ldr	r2, .L241
 4440 0004 1340     		ands	r3, r2
 4441 0006 4364     		str	r3, [r0, #68]
1481:Drivers/STM32G0xx_HAL_Driver/Src/stm32g0xx_ll_usb.c ****                   USB_ISTR_ESOF | USB_ISTR_SOF |
1482:Drivers/STM32G0xx_HAL_Driver/Src/stm32g0xx_ll_usb.c ****                   USB_ISTR_RESET | USB_ISTR_DCON |
1483:Drivers/STM32G0xx_HAL_Driver/Src/stm32g0xx_ll_usb.c ****                   USB_ISTR_SUSP | USB_ISTR_WKUP |
1484:Drivers/STM32G0xx_HAL_Driver/Src/stm32g0xx_ll_usb.c ****                   USB_ISTR_ERR | USB_ISTR_PMAOVR |
1485:Drivers/STM32G0xx_HAL_Driver/Src/stm32g0xx_ll_usb.c ****                   USB_ISTR_CTR);
1486:Drivers/STM32G0xx_HAL_Driver/Src/stm32g0xx_ll_usb.c **** 
1487:Drivers/STM32G0xx_HAL_Driver/Src/stm32g0xx_ll_usb.c ****   /* Set PowerDown */
1488:Drivers/STM32G0xx_HAL_Driver/Src/stm32g0xx_ll_usb.c ****   USBx->CNTR |= USB_CNTR_PDWN;
 4442              		.loc 1 1488 3 is_stmt 1 view .LVU1299
 4443              		.loc 1 1488 7 is_stmt 0 view .LVU1300
 4444 0008 036C     		ldr	r3, [r0, #64]
 4445              		.loc 1 1488 14 view .LVU1301
 4446 000a 0222     		movs	r2, #2
 4447 000c 1343     		orrs	r3, r2
 4448 000e 0364     		str	r3, [r0, #64]
1489:Drivers/STM32G0xx_HAL_Driver/Src/stm32g0xx_ll_usb.c **** 
1490:Drivers/STM32G0xx_HAL_Driver/Src/stm32g0xx_ll_usb.c ****   /* Force a Reset */
1491:Drivers/STM32G0xx_HAL_Driver/Src/stm32g0xx_ll_usb.c ****   USBx->CNTR |= USB_CNTR_USBRST;
 4449              		.loc 1 1491 3 is_stmt 1 view .LVU1302
 4450              		.loc 1 1491 7 is_stmt 0 view .LVU1303
 4451 0010 036C     		ldr	r3, [r0, #64]
 4452              		.loc 1 1491 14 view .LVU1304
 4453 0012 013A     		subs	r2, r2, #1
 4454 0014 1343     		orrs	r3, r2
 4455 0016 0364     		str	r3, [r0, #64]
1492:Drivers/STM32G0xx_HAL_Driver/Src/stm32g0xx_ll_usb.c **** 
1493:Drivers/STM32G0xx_HAL_Driver/Src/stm32g0xx_ll_usb.c ****   return HAL_OK;
 4456              		.loc 1 1493 3 is_stmt 1 view .LVU1305
1494:Drivers/STM32G0xx_HAL_Driver/Src/stm32g0xx_ll_usb.c **** }
 4457              		.loc 1 1494 1 is_stmt 0 view .LVU1306
 4458 0018 0020     		movs	r0, #0
 4459              	.LVL410:
 4460              		.loc 1 1494 1 view .LVU1307
 4461              		@ sp needed
 4462 001a 7047     		bx	lr
 4463              	.L242:
 4464              		.align	2
 4465              	.L241:
 4466 001c 6F00FFFF 		.word	-65425
 4467              		.cfi_endproc
ARM GAS  C:\Users\Domagoj\AppData\Local\Temp\ccdbAIX0.s 			page 116


 4468              	.LFE393:
 4470              		.text
 4471              	.Letext0:
 4472              		.file 2 "C:\\ST\\STM32CubeIDE_2.2.0\\STM32CubeIDE\\plugins\\com.st.stm32cube.ide.mcu.externaltools
 4473              		.file 3 "C:\\ST\\STM32CubeIDE_2.2.0\\STM32CubeIDE\\plugins\\com.st.stm32cube.ide.mcu.externaltools
 4474              		.file 4 "Drivers/CMSIS/Include/cmsis_gcc.h"
 4475              		.file 5 "Drivers/CMSIS/Device/ST/STM32G0xx/Include/stm32g0b1xx.h"
 4476              		.file 6 "Drivers/STM32G0xx_HAL_Driver/Inc/stm32g0xx_hal_def.h"
 4477              		.file 7 "Drivers/STM32G0xx_HAL_Driver/Inc/stm32g0xx_ll_usb.h"
 4478              		.file 8 "Drivers/STM32G0xx_HAL_Driver/Inc/stm32g0xx_ll_dma.h"
 4479              		.file 9 "Drivers/STM32G0xx_HAL_Driver/Inc/stm32g0xx_hal.h"
ARM GAS  C:\Users\Domagoj\AppData\Local\Temp\ccdbAIX0.s 			page 117


DEFINED SYMBOLS
                            *ABS*:00000000 stm32g0xx_ll_usb.c
C:\Users\Domagoj\AppData\Local\Temp\ccdbAIX0.s:19     .text.USB_CoreReset:00000000 $t
C:\Users\Domagoj\AppData\Local\Temp\ccdbAIX0.s:24     .text.USB_CoreReset:00000000 USB_CoreReset
C:\Users\Domagoj\AppData\Local\Temp\ccdbAIX0.s:57     .text.USB_CoreInit:00000000 $t
C:\Users\Domagoj\AppData\Local\Temp\ccdbAIX0.s:63     .text.USB_CoreInit:00000000 USB_CoreInit
C:\Users\Domagoj\AppData\Local\Temp\ccdbAIX0.s:118    .text.USB_EnableGlobalInt:00000000 $t
C:\Users\Domagoj\AppData\Local\Temp\ccdbAIX0.s:124    .text.USB_EnableGlobalInt:00000000 USB_EnableGlobalInt
C:\Users\Domagoj\AppData\Local\Temp\ccdbAIX0.s:153    .text.USB_EnableGlobalInt:0000000c $d
C:\Users\Domagoj\AppData\Local\Temp\ccdbAIX0.s:158    .text.USB_DisableGlobalInt:00000000 $t
C:\Users\Domagoj\AppData\Local\Temp\ccdbAIX0.s:164    .text.USB_DisableGlobalInt:00000000 USB_DisableGlobalInt
C:\Users\Domagoj\AppData\Local\Temp\ccdbAIX0.s:191    .text.USB_DisableGlobalInt:0000000c $d
C:\Users\Domagoj\AppData\Local\Temp\ccdbAIX0.s:196    .text.USB_SetCurrentMode:00000000 $t
C:\Users\Domagoj\AppData\Local\Temp\ccdbAIX0.s:202    .text.USB_SetCurrentMode:00000000 USB_SetCurrentMode
C:\Users\Domagoj\AppData\Local\Temp\ccdbAIX0.s:258    .text.USB_DevInit:00000000 $t
C:\Users\Domagoj\AppData\Local\Temp\ccdbAIX0.s:264    .text.USB_DevInit:00000000 USB_DevInit
C:\Users\Domagoj\AppData\Local\Temp\ccdbAIX0.s:318    .text.USB_FlushTxFifo:00000000 $t
C:\Users\Domagoj\AppData\Local\Temp\ccdbAIX0.s:324    .text.USB_FlushTxFifo:00000000 USB_FlushTxFifo
C:\Users\Domagoj\AppData\Local\Temp\ccdbAIX0.s:345    .text.USB_FlushRxFifo:00000000 $t
C:\Users\Domagoj\AppData\Local\Temp\ccdbAIX0.s:351    .text.USB_FlushRxFifo:00000000 USB_FlushRxFifo
C:\Users\Domagoj\AppData\Local\Temp\ccdbAIX0.s:371    .text.USB_ActivateEndpoint:00000000 $t
C:\Users\Domagoj\AppData\Local\Temp\ccdbAIX0.s:377    .text.USB_ActivateEndpoint:00000000 USB_ActivateEndpoint
C:\Users\Domagoj\AppData\Local\Temp\ccdbAIX0.s:1210   .text.USB_ActivateEndpoint:00000348 $d
C:\Users\Domagoj\AppData\Local\Temp\ccdbAIX0.s:1224   .text.USB_ActivateEndpoint:00000370 $t
C:\Users\Domagoj\AppData\Local\Temp\ccdbAIX0.s:1488   .text.USB_ActivateEndpoint:00000458 $d
C:\Users\Domagoj\AppData\Local\Temp\ccdbAIX0.s:1500   .text.USB_DeactivateEndpoint:00000000 $t
C:\Users\Domagoj\AppData\Local\Temp\ccdbAIX0.s:1506   .text.USB_DeactivateEndpoint:00000000 USB_DeactivateEndpoint
C:\Users\Domagoj\AppData\Local\Temp\ccdbAIX0.s:1915   .text.USB_DeactivateEndpoint:0000013c $d
C:\Users\Domagoj\AppData\Local\Temp\ccdbAIX0.s:1926   .text.USB_EPSetStall:00000000 $t
C:\Users\Domagoj\AppData\Local\Temp\ccdbAIX0.s:1932   .text.USB_EPSetStall:00000000 USB_EPSetStall
C:\Users\Domagoj\AppData\Local\Temp\ccdbAIX0.s:2011   .text.USB_EPSetStall:0000003c $d
C:\Users\Domagoj\AppData\Local\Temp\ccdbAIX0.s:2019   .text.USB_EPClearStall:00000000 $t
C:\Users\Domagoj\AppData\Local\Temp\ccdbAIX0.s:2025   .text.USB_EPClearStall:00000000 USB_EPClearStall
C:\Users\Domagoj\AppData\Local\Temp\ccdbAIX0.s:2184   .text.USB_EPClearStall:00000074 $d
C:\Users\Domagoj\AppData\Local\Temp\ccdbAIX0.s:2194   .text.USB_EPStopXfer:00000000 $t
C:\Users\Domagoj\AppData\Local\Temp\ccdbAIX0.s:2200   .text.USB_EPStopXfer:00000000 USB_EPStopXfer
C:\Users\Domagoj\AppData\Local\Temp\ccdbAIX0.s:2351   .text.USB_EPStopXfer:0000007c $d
C:\Users\Domagoj\AppData\Local\Temp\ccdbAIX0.s:2359   .text.USB_StopDevice:00000000 $t
C:\Users\Domagoj\AppData\Local\Temp\ccdbAIX0.s:2365   .text.USB_StopDevice:00000000 USB_StopDevice
C:\Users\Domagoj\AppData\Local\Temp\ccdbAIX0.s:2396   .text.USB_SetDevAddress:00000000 $t
C:\Users\Domagoj\AppData\Local\Temp\ccdbAIX0.s:2402   .text.USB_SetDevAddress:00000000 USB_SetDevAddress
C:\Users\Domagoj\AppData\Local\Temp\ccdbAIX0.s:2430   .text.USB_DevConnect:00000000 $t
C:\Users\Domagoj\AppData\Local\Temp\ccdbAIX0.s:2436   .text.USB_DevConnect:00000000 USB_DevConnect
C:\Users\Domagoj\AppData\Local\Temp\ccdbAIX0.s:2463   .text.USB_DevDisconnect:00000000 $t
C:\Users\Domagoj\AppData\Local\Temp\ccdbAIX0.s:2469   .text.USB_DevDisconnect:00000000 USB_DevDisconnect
C:\Users\Domagoj\AppData\Local\Temp\ccdbAIX0.s:2494   .text.USB_DevDisconnect:0000000c $d
C:\Users\Domagoj\AppData\Local\Temp\ccdbAIX0.s:2499   .text.USB_ReadInterrupts:00000000 $t
C:\Users\Domagoj\AppData\Local\Temp\ccdbAIX0.s:2505   .text.USB_ReadInterrupts:00000000 USB_ReadInterrupts
C:\Users\Domagoj\AppData\Local\Temp\ccdbAIX0.s:2526   .text.USB_ActivateRemoteWakeup:00000000 $t
C:\Users\Domagoj\AppData\Local\Temp\ccdbAIX0.s:2532   .text.USB_ActivateRemoteWakeup:00000000 USB_ActivateRemoteWakeup
C:\Users\Domagoj\AppData\Local\Temp\ccdbAIX0.s:2558   .text.USB_DeActivateRemoteWakeup:00000000 $t
C:\Users\Domagoj\AppData\Local\Temp\ccdbAIX0.s:2564   .text.USB_DeActivateRemoteWakeup:00000000 USB_DeActivateRemoteWakeup
C:\Users\Domagoj\AppData\Local\Temp\ccdbAIX0.s:2590   .text.USB_WritePMA:00000000 $t
C:\Users\Domagoj\AppData\Local\Temp\ccdbAIX0.s:2596   .text.USB_WritePMA:00000000 USB_WritePMA
C:\Users\Domagoj\AppData\Local\Temp\ccdbAIX0.s:2731   .text.USB_WritePMA:00000058 $d
C:\Users\Domagoj\AppData\Local\Temp\ccdbAIX0.s:2736   .text.USB_EPStartXfer:00000000 $t
C:\Users\Domagoj\AppData\Local\Temp\ccdbAIX0.s:2742   .text.USB_EPStartXfer:00000000 USB_EPStartXfer
ARM GAS  C:\Users\Domagoj\AppData\Local\Temp\ccdbAIX0.s 			page 118


C:\Users\Domagoj\AppData\Local\Temp\ccdbAIX0.s:3555   .text.USB_EPStartXfer:00000368 $d
C:\Users\Domagoj\AppData\Local\Temp\ccdbAIX0.s:3564   .text.USB_EPStartXfer:0000037c $t
C:\Users\Domagoj\AppData\Local\Temp\ccdbAIX0.s:4078   .text.USB_EPStartXfer:00000598 $d
C:\Users\Domagoj\AppData\Local\Temp\ccdbAIX0.s:4088   .text.USB_ReadPMA:00000000 $t
C:\Users\Domagoj\AppData\Local\Temp\ccdbAIX0.s:4094   .text.USB_ReadPMA:00000000 USB_ReadPMA
C:\Users\Domagoj\AppData\Local\Temp\ccdbAIX0.s:4220   .text.USB_ReadPMA:00000054 $d
C:\Users\Domagoj\AppData\Local\Temp\ccdbAIX0.s:4225   .text.USB_HostInit:00000000 $t
C:\Users\Domagoj\AppData\Local\Temp\ccdbAIX0.s:4231   .text.USB_HostInit:00000000 USB_HostInit
C:\Users\Domagoj\AppData\Local\Temp\ccdbAIX0.s:4293   .text.USB_HostInit:00000034 $d
C:\Users\Domagoj\AppData\Local\Temp\ccdbAIX0.s:4299   .text.USB_ResetPort:00000000 $t
C:\Users\Domagoj\AppData\Local\Temp\ccdbAIX0.s:4305   .text.USB_ResetPort:00000000 USB_ResetPort
C:\Users\Domagoj\AppData\Local\Temp\ccdbAIX0.s:4355   .text.USB_GetHostSpeed:00000000 $t
C:\Users\Domagoj\AppData\Local\Temp\ccdbAIX0.s:4361   .text.USB_GetHostSpeed:00000000 USB_GetHostSpeed
C:\Users\Domagoj\AppData\Local\Temp\ccdbAIX0.s:4393   .text.USB_GetCurrentFrame:00000000 $t
C:\Users\Domagoj\AppData\Local\Temp\ccdbAIX0.s:4399   .text.USB_GetCurrentFrame:00000000 USB_GetCurrentFrame
C:\Users\Domagoj\AppData\Local\Temp\ccdbAIX0.s:4421   .text.USB_StopHost:00000000 $t
C:\Users\Domagoj\AppData\Local\Temp\ccdbAIX0.s:4427   .text.USB_StopHost:00000000 USB_StopHost
C:\Users\Domagoj\AppData\Local\Temp\ccdbAIX0.s:4466   .text.USB_StopHost:0000001c $d

UNDEFINED SYMBOLS
HAL_Delay
