ARM GAS  C:\Users\Domagoj\AppData\Local\Temp\ccmJ3wLi.s 			page 1


   1              		.cpu cortex-m0plus
   2              		.arch armv6s-m
   3              		.fpu softvfp
   4              		.eabi_attribute 20, 1
   5              		.eabi_attribute 21, 1
   6              		.eabi_attribute 23, 3
   7              		.eabi_attribute 24, 1
   8              		.eabi_attribute 25, 1
   9              		.eabi_attribute 26, 1
  10              		.eabi_attribute 30, 1
  11              		.eabi_attribute 34, 0
  12              		.eabi_attribute 18, 4
  13              		.file	"usbd_conf.c"
  14              		.text
  15              	.Ltext0:
  16              		.cfi_sections	.debug_frame
  17              		.file 1 "USB_Device/Target/usbd_conf.c"
  18              		.section	.text.USBD_Get_USB_Status,"ax",%progbits
  19              		.align	1
  20              		.syntax unified
  21              		.code	16
  22              		.thumb_func
  24              	USBD_Get_USB_Status:
  25              	.LVL0:
  26              	.LFB402:
   1:USB_Device/Target/usbd_conf.c **** /* USER CODE BEGIN Header */
   2:USB_Device/Target/usbd_conf.c **** /**
   3:USB_Device/Target/usbd_conf.c ****   ******************************************************************************
   4:USB_Device/Target/usbd_conf.c ****   * @file           : Target/usbd_conf.c
   5:USB_Device/Target/usbd_conf.c ****   * @version        : v3.0_Cube
   6:USB_Device/Target/usbd_conf.c ****   * @brief          : This file implements the board support package for the USB device library
   7:USB_Device/Target/usbd_conf.c ****   ******************************************************************************
   8:USB_Device/Target/usbd_conf.c ****   * @attention
   9:USB_Device/Target/usbd_conf.c ****   *
  10:USB_Device/Target/usbd_conf.c ****   * Copyright (c) 2026 STMicroelectronics.
  11:USB_Device/Target/usbd_conf.c ****   * All rights reserved.
  12:USB_Device/Target/usbd_conf.c ****   *
  13:USB_Device/Target/usbd_conf.c ****   * This software is licensed under terms that can be found in the LICENSE file
  14:USB_Device/Target/usbd_conf.c ****   * in the root directory of this software component.
  15:USB_Device/Target/usbd_conf.c ****   * If no LICENSE file comes with this software, it is provided AS-IS.
  16:USB_Device/Target/usbd_conf.c ****   *
  17:USB_Device/Target/usbd_conf.c ****   ******************************************************************************
  18:USB_Device/Target/usbd_conf.c ****   */
  19:USB_Device/Target/usbd_conf.c **** /* USER CODE END Header */
  20:USB_Device/Target/usbd_conf.c **** 
  21:USB_Device/Target/usbd_conf.c **** /* Includes ------------------------------------------------------------------*/
  22:USB_Device/Target/usbd_conf.c **** #include "stm32g0xx.h"
  23:USB_Device/Target/usbd_conf.c **** #include "stm32g0xx_hal.h"
  24:USB_Device/Target/usbd_conf.c **** #include "usbd_def.h"
  25:USB_Device/Target/usbd_conf.c **** #include "usbd_core.h"
  26:USB_Device/Target/usbd_conf.c **** 
  27:USB_Device/Target/usbd_conf.c **** #include "usbd_cdc.h"
  28:USB_Device/Target/usbd_conf.c **** 
  29:USB_Device/Target/usbd_conf.c **** /* USER CODE BEGIN Includes */
  30:USB_Device/Target/usbd_conf.c **** 
  31:USB_Device/Target/usbd_conf.c **** /* USER CODE END Includes */
  32:USB_Device/Target/usbd_conf.c **** 
ARM GAS  C:\Users\Domagoj\AppData\Local\Temp\ccmJ3wLi.s 			page 2


  33:USB_Device/Target/usbd_conf.c **** /* Private typedef -----------------------------------------------------------*/
  34:USB_Device/Target/usbd_conf.c **** /* Private define ------------------------------------------------------------*/
  35:USB_Device/Target/usbd_conf.c **** /* Private macro -------------------------------------------------------------*/
  36:USB_Device/Target/usbd_conf.c **** 
  37:USB_Device/Target/usbd_conf.c **** /* Private variables ---------------------------------------------------------*/
  38:USB_Device/Target/usbd_conf.c **** /* USER CODE BEGIN PV */
  39:USB_Device/Target/usbd_conf.c **** 
  40:USB_Device/Target/usbd_conf.c **** /* USER CODE END PV */
  41:USB_Device/Target/usbd_conf.c **** 
  42:USB_Device/Target/usbd_conf.c **** PCD_HandleTypeDef hpcd_USB_DRD_FS;
  43:USB_Device/Target/usbd_conf.c **** void Error_Handler(void);
  44:USB_Device/Target/usbd_conf.c **** 
  45:USB_Device/Target/usbd_conf.c **** /* USER CODE BEGIN 0 */
  46:USB_Device/Target/usbd_conf.c **** 
  47:USB_Device/Target/usbd_conf.c **** /* USER CODE END 0 */
  48:USB_Device/Target/usbd_conf.c **** 
  49:USB_Device/Target/usbd_conf.c **** /* Exported function prototypes ----------------------------------------------*/
  50:USB_Device/Target/usbd_conf.c **** 
  51:USB_Device/Target/usbd_conf.c **** /* USER CODE BEGIN PFP */
  52:USB_Device/Target/usbd_conf.c **** /* Private function prototypes -----------------------------------------------*/
  53:USB_Device/Target/usbd_conf.c **** 
  54:USB_Device/Target/usbd_conf.c **** /* USER CODE END PFP */
  55:USB_Device/Target/usbd_conf.c **** 
  56:USB_Device/Target/usbd_conf.c **** /* Private functions ---------------------------------------------------------*/
  57:USB_Device/Target/usbd_conf.c **** static USBD_StatusTypeDef USBD_Get_USB_Status(HAL_StatusTypeDef hal_status);
  58:USB_Device/Target/usbd_conf.c **** /* USER CODE BEGIN 1 */
  59:USB_Device/Target/usbd_conf.c **** static void SystemClockConfig_Resume(void);
  60:USB_Device/Target/usbd_conf.c **** 
  61:USB_Device/Target/usbd_conf.c **** /* USER CODE END 1 */
  62:USB_Device/Target/usbd_conf.c **** extern void SystemClock_Config(void);
  63:USB_Device/Target/usbd_conf.c **** 
  64:USB_Device/Target/usbd_conf.c **** /*******************************************************************************
  65:USB_Device/Target/usbd_conf.c ****                        LL Driver Callbacks (PCD -> USB Device Library)
  66:USB_Device/Target/usbd_conf.c **** *******************************************************************************/
  67:USB_Device/Target/usbd_conf.c **** /* MSP Init */
  68:USB_Device/Target/usbd_conf.c **** 
  69:USB_Device/Target/usbd_conf.c **** void HAL_PCD_MspInit(PCD_HandleTypeDef* pcdHandle)
  70:USB_Device/Target/usbd_conf.c **** {
  71:USB_Device/Target/usbd_conf.c ****   RCC_PeriphCLKInitTypeDef PeriphClkInit = {0};
  72:USB_Device/Target/usbd_conf.c ****   if(pcdHandle->Instance==USB_DRD_FS)
  73:USB_Device/Target/usbd_conf.c ****   {
  74:USB_Device/Target/usbd_conf.c ****   /* USER CODE BEGIN USB_DRD_FS_MspInit 0 */
  75:USB_Device/Target/usbd_conf.c **** 
  76:USB_Device/Target/usbd_conf.c ****   /* USER CODE END USB_DRD_FS_MspInit 0 */
  77:USB_Device/Target/usbd_conf.c **** 
  78:USB_Device/Target/usbd_conf.c ****   /** Initializes the peripherals clocks
  79:USB_Device/Target/usbd_conf.c ****   */
  80:USB_Device/Target/usbd_conf.c ****     PeriphClkInit.PeriphClockSelection = RCC_PERIPHCLK_USB;
  81:USB_Device/Target/usbd_conf.c ****     PeriphClkInit.UsbClockSelection = RCC_USBCLKSOURCE_HSI48;
  82:USB_Device/Target/usbd_conf.c ****     if (HAL_RCCEx_PeriphCLKConfig(&PeriphClkInit) != HAL_OK)
  83:USB_Device/Target/usbd_conf.c ****     {
  84:USB_Device/Target/usbd_conf.c ****       Error_Handler();
  85:USB_Device/Target/usbd_conf.c ****     }
  86:USB_Device/Target/usbd_conf.c **** 
  87:USB_Device/Target/usbd_conf.c ****     /* Peripheral clock enable */
  88:USB_Device/Target/usbd_conf.c ****     __HAL_RCC_USB_CLK_ENABLE();
  89:USB_Device/Target/usbd_conf.c **** 
ARM GAS  C:\Users\Domagoj\AppData\Local\Temp\ccmJ3wLi.s 			page 3


  90:USB_Device/Target/usbd_conf.c ****     /* Enable VDDUSB */
  91:USB_Device/Target/usbd_conf.c ****     if(__HAL_RCC_PWR_IS_CLK_DISABLED())
  92:USB_Device/Target/usbd_conf.c ****     {
  93:USB_Device/Target/usbd_conf.c ****       __HAL_RCC_PWR_CLK_ENABLE();
  94:USB_Device/Target/usbd_conf.c ****       HAL_PWREx_EnableVddUSB();
  95:USB_Device/Target/usbd_conf.c ****       __HAL_RCC_PWR_CLK_DISABLE();
  96:USB_Device/Target/usbd_conf.c ****     }
  97:USB_Device/Target/usbd_conf.c ****     else
  98:USB_Device/Target/usbd_conf.c ****     {
  99:USB_Device/Target/usbd_conf.c ****       HAL_PWREx_EnableVddUSB();
 100:USB_Device/Target/usbd_conf.c ****     }
 101:USB_Device/Target/usbd_conf.c **** 
 102:USB_Device/Target/usbd_conf.c ****     /* Peripheral interrupt init */
 103:USB_Device/Target/usbd_conf.c ****     HAL_NVIC_SetPriority(USB_UCPD1_2_IRQn, 0, 0);
 104:USB_Device/Target/usbd_conf.c ****     HAL_NVIC_EnableIRQ(USB_UCPD1_2_IRQn);
 105:USB_Device/Target/usbd_conf.c ****   /* USER CODE BEGIN USB_DRD_FS_MspInit 1 */
 106:USB_Device/Target/usbd_conf.c **** 
 107:USB_Device/Target/usbd_conf.c ****   /* USER CODE END USB_DRD_FS_MspInit 1 */
 108:USB_Device/Target/usbd_conf.c ****   }
 109:USB_Device/Target/usbd_conf.c **** }
 110:USB_Device/Target/usbd_conf.c **** 
 111:USB_Device/Target/usbd_conf.c **** void HAL_PCD_MspDeInit(PCD_HandleTypeDef* pcdHandle)
 112:USB_Device/Target/usbd_conf.c **** {
 113:USB_Device/Target/usbd_conf.c ****   if(pcdHandle->Instance==USB_DRD_FS)
 114:USB_Device/Target/usbd_conf.c ****   {
 115:USB_Device/Target/usbd_conf.c ****   /* USER CODE BEGIN USB_DRD_FS_MspDeInit 0 */
 116:USB_Device/Target/usbd_conf.c **** 
 117:USB_Device/Target/usbd_conf.c ****   /* USER CODE END USB_DRD_FS_MspDeInit 0 */
 118:USB_Device/Target/usbd_conf.c ****     /* Disable Peripheral clock */
 119:USB_Device/Target/usbd_conf.c ****     __HAL_RCC_USB_CLK_DISABLE();
 120:USB_Device/Target/usbd_conf.c **** 
 121:USB_Device/Target/usbd_conf.c ****     /* Peripheral interrupt Deinit*/
 122:USB_Device/Target/usbd_conf.c ****     HAL_NVIC_DisableIRQ(USB_UCPD1_2_IRQn);
 123:USB_Device/Target/usbd_conf.c **** 
 124:USB_Device/Target/usbd_conf.c ****   /* USER CODE BEGIN USB_DRD_FS_MspDeInit 1 */
 125:USB_Device/Target/usbd_conf.c **** 
 126:USB_Device/Target/usbd_conf.c ****   /* USER CODE END USB_DRD_FS_MspDeInit 1 */
 127:USB_Device/Target/usbd_conf.c ****   }
 128:USB_Device/Target/usbd_conf.c **** }
 129:USB_Device/Target/usbd_conf.c **** 
 130:USB_Device/Target/usbd_conf.c **** /**
 131:USB_Device/Target/usbd_conf.c ****   * @brief  Setup stage callback
 132:USB_Device/Target/usbd_conf.c ****   * @param  hpcd: PCD handle
 133:USB_Device/Target/usbd_conf.c ****   * @retval None
 134:USB_Device/Target/usbd_conf.c ****   */
 135:USB_Device/Target/usbd_conf.c **** #if (USE_HAL_PCD_REGISTER_CALLBACKS == 1U)
 136:USB_Device/Target/usbd_conf.c **** static void PCD_SetupStageCallback(PCD_HandleTypeDef *hpcd)
 137:USB_Device/Target/usbd_conf.c **** #else
 138:USB_Device/Target/usbd_conf.c **** void HAL_PCD_SetupStageCallback(PCD_HandleTypeDef *hpcd)
 139:USB_Device/Target/usbd_conf.c **** #endif /* USE_HAL_PCD_REGISTER_CALLBACKS */
 140:USB_Device/Target/usbd_conf.c **** {
 141:USB_Device/Target/usbd_conf.c ****   /* USER CODE BEGIN HAL_PCD_SetupStageCallback_PreTreatment */
 142:USB_Device/Target/usbd_conf.c **** 
 143:USB_Device/Target/usbd_conf.c ****   /* USER CODE END  HAL_PCD_SetupStageCallback_PreTreatment */
 144:USB_Device/Target/usbd_conf.c ****   USBD_LL_SetupStage((USBD_HandleTypeDef*)hpcd->pData, (uint8_t *)hpcd->Setup);
 145:USB_Device/Target/usbd_conf.c ****   /* USER CODE BEGIN HAL_PCD_SetupStageCallback_PostTreatment */
 146:USB_Device/Target/usbd_conf.c **** 
ARM GAS  C:\Users\Domagoj\AppData\Local\Temp\ccmJ3wLi.s 			page 4


 147:USB_Device/Target/usbd_conf.c ****   /* USER CODE END  HAL_PCD_SetupStageCallback_PostTreatment */
 148:USB_Device/Target/usbd_conf.c **** }
 149:USB_Device/Target/usbd_conf.c **** 
 150:USB_Device/Target/usbd_conf.c **** /**
 151:USB_Device/Target/usbd_conf.c ****   * @brief  Data Out stage callback.
 152:USB_Device/Target/usbd_conf.c ****   * @param  hpcd: PCD handle
 153:USB_Device/Target/usbd_conf.c ****   * @param  epnum: Endpoint number
 154:USB_Device/Target/usbd_conf.c ****   * @retval None
 155:USB_Device/Target/usbd_conf.c ****   */
 156:USB_Device/Target/usbd_conf.c **** #if (USE_HAL_PCD_REGISTER_CALLBACKS == 1U)
 157:USB_Device/Target/usbd_conf.c **** static void PCD_DataOutStageCallback(PCD_HandleTypeDef *hpcd, uint8_t epnum)
 158:USB_Device/Target/usbd_conf.c **** #else
 159:USB_Device/Target/usbd_conf.c **** void HAL_PCD_DataOutStageCallback(PCD_HandleTypeDef *hpcd, uint8_t epnum)
 160:USB_Device/Target/usbd_conf.c **** #endif /* USE_HAL_PCD_REGISTER_CALLBACKS */
 161:USB_Device/Target/usbd_conf.c **** {
 162:USB_Device/Target/usbd_conf.c ****   /* USER CODE BEGIN HAL_PCD_DataOutStageCallback_PreTreatment */
 163:USB_Device/Target/usbd_conf.c **** 
 164:USB_Device/Target/usbd_conf.c ****   /* USER CODE END HAL_PCD_DataOutStageCallback_PreTreatment */
 165:USB_Device/Target/usbd_conf.c ****   USBD_LL_DataOutStage((USBD_HandleTypeDef*)hpcd->pData, epnum, hpcd->OUT_ep[epnum].xfer_buff);
 166:USB_Device/Target/usbd_conf.c ****   /* USER CODE BEGIN HAL_PCD_DataOutStageCallback_PostTreatment */
 167:USB_Device/Target/usbd_conf.c **** 
 168:USB_Device/Target/usbd_conf.c ****   /* USER CODE END HAL_PCD_DataOutStageCallback_PostTreatment */
 169:USB_Device/Target/usbd_conf.c **** }
 170:USB_Device/Target/usbd_conf.c **** 
 171:USB_Device/Target/usbd_conf.c **** /**
 172:USB_Device/Target/usbd_conf.c ****   * @brief  Data In stage callback.
 173:USB_Device/Target/usbd_conf.c ****   * @param  hpcd: PCD handle
 174:USB_Device/Target/usbd_conf.c ****   * @param  epnum: Endpoint number
 175:USB_Device/Target/usbd_conf.c ****   * @retval None
 176:USB_Device/Target/usbd_conf.c ****   */
 177:USB_Device/Target/usbd_conf.c **** #if (USE_HAL_PCD_REGISTER_CALLBACKS == 1U)
 178:USB_Device/Target/usbd_conf.c **** static void PCD_DataInStageCallback(PCD_HandleTypeDef *hpcd, uint8_t epnum)
 179:USB_Device/Target/usbd_conf.c **** #else
 180:USB_Device/Target/usbd_conf.c **** void HAL_PCD_DataInStageCallback(PCD_HandleTypeDef *hpcd, uint8_t epnum)
 181:USB_Device/Target/usbd_conf.c **** #endif /* USE_HAL_PCD_REGISTER_CALLBACKS */
 182:USB_Device/Target/usbd_conf.c **** {
 183:USB_Device/Target/usbd_conf.c ****   /* USER CODE BEGIN HAL_PCD_DataInStageCallback_PreTreatment */
 184:USB_Device/Target/usbd_conf.c **** 
 185:USB_Device/Target/usbd_conf.c ****   /* USER CODE END HAL_PCD_DataInStageCallback_PreTreatment */
 186:USB_Device/Target/usbd_conf.c ****   USBD_LL_DataInStage((USBD_HandleTypeDef*)hpcd->pData, epnum, hpcd->IN_ep[epnum].xfer_buff);
 187:USB_Device/Target/usbd_conf.c ****   /* USER CODE BEGIN HAL_PCD_DataInStageCallback_PostTreatment  */
 188:USB_Device/Target/usbd_conf.c **** 
 189:USB_Device/Target/usbd_conf.c ****   /* USER CODE END HAL_PCD_DataInStageCallback_PostTreatment */
 190:USB_Device/Target/usbd_conf.c **** }
 191:USB_Device/Target/usbd_conf.c **** 
 192:USB_Device/Target/usbd_conf.c **** /**
 193:USB_Device/Target/usbd_conf.c ****   * @brief  SOF callback.
 194:USB_Device/Target/usbd_conf.c ****   * @param  hpcd: PCD handle
 195:USB_Device/Target/usbd_conf.c ****   * @retval None
 196:USB_Device/Target/usbd_conf.c ****   */
 197:USB_Device/Target/usbd_conf.c **** #if (USE_HAL_PCD_REGISTER_CALLBACKS == 1U)
 198:USB_Device/Target/usbd_conf.c **** static void PCD_SOFCallback(PCD_HandleTypeDef *hpcd)
 199:USB_Device/Target/usbd_conf.c **** #else
 200:USB_Device/Target/usbd_conf.c **** void HAL_PCD_SOFCallback(PCD_HandleTypeDef *hpcd)
 201:USB_Device/Target/usbd_conf.c **** #endif /* USE_HAL_PCD_REGISTER_CALLBACKS */
 202:USB_Device/Target/usbd_conf.c **** {
 203:USB_Device/Target/usbd_conf.c ****   /* USER CODE BEGIN HAL_PCD_SOFCallback_PreTreatment */
ARM GAS  C:\Users\Domagoj\AppData\Local\Temp\ccmJ3wLi.s 			page 5


 204:USB_Device/Target/usbd_conf.c **** 
 205:USB_Device/Target/usbd_conf.c ****   /* USER CODE END HAL_PCD_SOFCallback_PreTreatment */
 206:USB_Device/Target/usbd_conf.c ****   USBD_LL_SOF((USBD_HandleTypeDef*)hpcd->pData);
 207:USB_Device/Target/usbd_conf.c ****   /* USER CODE BEGIN HAL_PCD_SOFCallback_PostTreatment */
 208:USB_Device/Target/usbd_conf.c **** 
 209:USB_Device/Target/usbd_conf.c ****   /* USER CODE END HAL_PCD_SOFCallback_PostTreatment */
 210:USB_Device/Target/usbd_conf.c **** }
 211:USB_Device/Target/usbd_conf.c **** 
 212:USB_Device/Target/usbd_conf.c **** /**
 213:USB_Device/Target/usbd_conf.c ****   * @brief  Reset callback.
 214:USB_Device/Target/usbd_conf.c ****   * @param  hpcd: PCD handle
 215:USB_Device/Target/usbd_conf.c ****   * @retval None
 216:USB_Device/Target/usbd_conf.c ****   */
 217:USB_Device/Target/usbd_conf.c **** #if (USE_HAL_PCD_REGISTER_CALLBACKS == 1U)
 218:USB_Device/Target/usbd_conf.c **** static void PCD_ResetCallback(PCD_HandleTypeDef *hpcd)
 219:USB_Device/Target/usbd_conf.c **** #else
 220:USB_Device/Target/usbd_conf.c **** void HAL_PCD_ResetCallback(PCD_HandleTypeDef *hpcd)
 221:USB_Device/Target/usbd_conf.c **** #endif /* USE_HAL_PCD_REGISTER_CALLBACKS */
 222:USB_Device/Target/usbd_conf.c **** {
 223:USB_Device/Target/usbd_conf.c ****   /* USER CODE BEGIN HAL_PCD_ResetCallback_PreTreatment */
 224:USB_Device/Target/usbd_conf.c **** 
 225:USB_Device/Target/usbd_conf.c ****   /* USER CODE END HAL_PCD_ResetCallback_PreTreatment */
 226:USB_Device/Target/usbd_conf.c ****   USBD_SpeedTypeDef speed = USBD_SPEED_FULL;
 227:USB_Device/Target/usbd_conf.c ****   if (hpcd->Init.speed != USBD_FS_SPEED)
 228:USB_Device/Target/usbd_conf.c ****   {
 229:USB_Device/Target/usbd_conf.c ****     Error_Handler();
 230:USB_Device/Target/usbd_conf.c ****   }
 231:USB_Device/Target/usbd_conf.c ****     /* Set Speed. */
 232:USB_Device/Target/usbd_conf.c ****   USBD_LL_SetSpeed((USBD_HandleTypeDef*)hpcd->pData, speed);
 233:USB_Device/Target/usbd_conf.c **** 
 234:USB_Device/Target/usbd_conf.c ****   /* Reset Device. */
 235:USB_Device/Target/usbd_conf.c ****   USBD_LL_Reset((USBD_HandleTypeDef*)hpcd->pData);
 236:USB_Device/Target/usbd_conf.c ****   /* USER CODE BEGIN HAL_PCD_ResetCallback_PostTreatment */
 237:USB_Device/Target/usbd_conf.c **** 
 238:USB_Device/Target/usbd_conf.c ****   /* USER CODE END HAL_PCD_ResetCallback_PostTreatment */
 239:USB_Device/Target/usbd_conf.c **** }
 240:USB_Device/Target/usbd_conf.c **** 
 241:USB_Device/Target/usbd_conf.c **** /**
 242:USB_Device/Target/usbd_conf.c ****   * @brief  Suspend callback.
 243:USB_Device/Target/usbd_conf.c ****   * When Low power mode is enabled the debug cannot be used (IAR, Keil doesn't support it)
 244:USB_Device/Target/usbd_conf.c ****   * @param  hpcd: PCD handle
 245:USB_Device/Target/usbd_conf.c ****   * @retval None
 246:USB_Device/Target/usbd_conf.c ****   */
 247:USB_Device/Target/usbd_conf.c **** #if (USE_HAL_PCD_REGISTER_CALLBACKS == 1U)
 248:USB_Device/Target/usbd_conf.c **** static void PCD_SuspendCallback(PCD_HandleTypeDef *hpcd)
 249:USB_Device/Target/usbd_conf.c **** #else
 250:USB_Device/Target/usbd_conf.c **** void HAL_PCD_SuspendCallback(PCD_HandleTypeDef *hpcd)
 251:USB_Device/Target/usbd_conf.c **** #endif /* USE_HAL_PCD_REGISTER_CALLBACKS */
 252:USB_Device/Target/usbd_conf.c **** {
 253:USB_Device/Target/usbd_conf.c ****   /* USER CODE BEGIN HAL_PCD_SuspendCallback_PreTreatment */
 254:USB_Device/Target/usbd_conf.c **** 
 255:USB_Device/Target/usbd_conf.c ****   /* USER CODE END HAL_PCD_SuspendCallback_PreTreatment */
 256:USB_Device/Target/usbd_conf.c ****  /* __HAL_PCD_GATE_PHYCLOCK(hpcd);*/
 257:USB_Device/Target/usbd_conf.c ****   /* Inform USB library that core enters in suspend Mode. */
 258:USB_Device/Target/usbd_conf.c ****   USBD_LL_Suspend((USBD_HandleTypeDef*)hpcd->pData);
 259:USB_Device/Target/usbd_conf.c ****   /* Enter in STOP mode. */
 260:USB_Device/Target/usbd_conf.c ****   /* USER CODE BEGIN 2 */
ARM GAS  C:\Users\Domagoj\AppData\Local\Temp\ccmJ3wLi.s 			page 6


 261:USB_Device/Target/usbd_conf.c ****   if (hpcd->Init.low_power_enable)
 262:USB_Device/Target/usbd_conf.c ****   {
 263:USB_Device/Target/usbd_conf.c ****     /* Set SLEEPDEEP bit and SleepOnExit of Cortex System Control Register. */
 264:USB_Device/Target/usbd_conf.c ****     SCB->SCR |= (uint32_t)((uint32_t)(SCB_SCR_SLEEPDEEP_Msk | SCB_SCR_SLEEPONEXIT_Msk));
 265:USB_Device/Target/usbd_conf.c ****   }
 266:USB_Device/Target/usbd_conf.c ****   /* USER CODE END 2 */
 267:USB_Device/Target/usbd_conf.c ****   /* USER CODE BEGIN HAL_PCD_SuspendCallback_PostTreatment */
 268:USB_Device/Target/usbd_conf.c **** 
 269:USB_Device/Target/usbd_conf.c ****   /* USER CODE END HAL_PCD_SuspendCallback_PostTreatment */
 270:USB_Device/Target/usbd_conf.c **** }
 271:USB_Device/Target/usbd_conf.c **** 
 272:USB_Device/Target/usbd_conf.c **** /**
 273:USB_Device/Target/usbd_conf.c ****   * @brief  Resume callback.
 274:USB_Device/Target/usbd_conf.c ****   * When Low power mode is enabled the debug cannot be used (IAR, Keil doesn't support it)
 275:USB_Device/Target/usbd_conf.c ****   * @param  hpcd: PCD handle
 276:USB_Device/Target/usbd_conf.c ****   * @retval None
 277:USB_Device/Target/usbd_conf.c ****   */
 278:USB_Device/Target/usbd_conf.c **** #if (USE_HAL_PCD_REGISTER_CALLBACKS == 1U)
 279:USB_Device/Target/usbd_conf.c **** static void PCD_ResumeCallback(PCD_HandleTypeDef *hpcd)
 280:USB_Device/Target/usbd_conf.c **** #else
 281:USB_Device/Target/usbd_conf.c **** void HAL_PCD_ResumeCallback(PCD_HandleTypeDef *hpcd)
 282:USB_Device/Target/usbd_conf.c **** #endif /* USE_HAL_PCD_REGISTER_CALLBACKS */
 283:USB_Device/Target/usbd_conf.c **** {
 284:USB_Device/Target/usbd_conf.c ****   /* USER CODE BEGIN HAL_PCD_ResumeCallback_PreTreatment */
 285:USB_Device/Target/usbd_conf.c **** 
 286:USB_Device/Target/usbd_conf.c ****   /* USER CODE END HAL_PCD_ResumeCallback_PreTreatment */
 287:USB_Device/Target/usbd_conf.c ****  /* __HAL_PCD_UNGATE_PHYCLOCK(hpcd);*/
 288:USB_Device/Target/usbd_conf.c **** 
 289:USB_Device/Target/usbd_conf.c ****   /* USER CODE BEGIN 3 */
 290:USB_Device/Target/usbd_conf.c ****   if (hpcd->Init.low_power_enable)
 291:USB_Device/Target/usbd_conf.c ****   {
 292:USB_Device/Target/usbd_conf.c ****     /* Reset SLEEPDEEP bit of Cortex System Control Register. */
 293:USB_Device/Target/usbd_conf.c ****     SCB->SCR &= (uint32_t)~((uint32_t)(SCB_SCR_SLEEPDEEP_Msk | SCB_SCR_SLEEPONEXIT_Msk));
 294:USB_Device/Target/usbd_conf.c ****     SystemClockConfig_Resume();
 295:USB_Device/Target/usbd_conf.c ****   }
 296:USB_Device/Target/usbd_conf.c ****   /* USER CODE END 3 */
 297:USB_Device/Target/usbd_conf.c **** 
 298:USB_Device/Target/usbd_conf.c ****   USBD_LL_Resume((USBD_HandleTypeDef*)hpcd->pData);
 299:USB_Device/Target/usbd_conf.c ****   /* USER CODE BEGIN HAL_PCD_ResumeCallback_PostTreatment */
 300:USB_Device/Target/usbd_conf.c **** 
 301:USB_Device/Target/usbd_conf.c ****   /* USER CODE END HAL_PCD_ResumeCallback_PostTreatment */
 302:USB_Device/Target/usbd_conf.c **** }
 303:USB_Device/Target/usbd_conf.c **** 
 304:USB_Device/Target/usbd_conf.c **** /**
 305:USB_Device/Target/usbd_conf.c ****   * @brief  ISOOUTIncomplete callback.
 306:USB_Device/Target/usbd_conf.c ****   * @param  hpcd: PCD handle
 307:USB_Device/Target/usbd_conf.c ****   * @param  epnum: Endpoint number
 308:USB_Device/Target/usbd_conf.c ****   * @retval None
 309:USB_Device/Target/usbd_conf.c ****   */
 310:USB_Device/Target/usbd_conf.c **** #if (USE_HAL_PCD_REGISTER_CALLBACKS == 1U)
 311:USB_Device/Target/usbd_conf.c **** static void PCD_ISOOUTIncompleteCallback(PCD_HandleTypeDef *hpcd, uint8_t epnum)
 312:USB_Device/Target/usbd_conf.c **** #else
 313:USB_Device/Target/usbd_conf.c **** void HAL_PCD_ISOOUTIncompleteCallback(PCD_HandleTypeDef *hpcd, uint8_t epnum)
 314:USB_Device/Target/usbd_conf.c **** #endif /* USE_HAL_PCD_REGISTER_CALLBACKS */
 315:USB_Device/Target/usbd_conf.c **** {
 316:USB_Device/Target/usbd_conf.c ****   /* USER CODE BEGIN HAL_PCD_ISOOUTIncompleteCallback_PreTreatment */
 317:USB_Device/Target/usbd_conf.c **** 
ARM GAS  C:\Users\Domagoj\AppData\Local\Temp\ccmJ3wLi.s 			page 7


 318:USB_Device/Target/usbd_conf.c ****   /* USER CODE END HAL_PCD_ISOOUTIncompleteCallback_PreTreatment */
 319:USB_Device/Target/usbd_conf.c ****   USBD_LL_IsoOUTIncomplete((USBD_HandleTypeDef*)hpcd->pData, epnum);
 320:USB_Device/Target/usbd_conf.c ****   /* USER CODE BEGIN HAL_PCD_ISOOUTIncompleteCallback_PostTreatment */
 321:USB_Device/Target/usbd_conf.c **** 
 322:USB_Device/Target/usbd_conf.c ****   /* USER CODE END HAL_PCD_ISOOUTIncompleteCallback_PostTreatment */
 323:USB_Device/Target/usbd_conf.c **** }
 324:USB_Device/Target/usbd_conf.c **** 
 325:USB_Device/Target/usbd_conf.c **** /**
 326:USB_Device/Target/usbd_conf.c ****   * @brief  ISOINIncomplete callback.
 327:USB_Device/Target/usbd_conf.c ****   * @param  hpcd: PCD handle
 328:USB_Device/Target/usbd_conf.c ****   * @param  epnum: Endpoint number
 329:USB_Device/Target/usbd_conf.c ****   * @retval None
 330:USB_Device/Target/usbd_conf.c ****   */
 331:USB_Device/Target/usbd_conf.c **** #if (USE_HAL_PCD_REGISTER_CALLBACKS == 1U)
 332:USB_Device/Target/usbd_conf.c **** static void PCD_ISOINIncompleteCallback(PCD_HandleTypeDef *hpcd, uint8_t epnum)
 333:USB_Device/Target/usbd_conf.c **** #else
 334:USB_Device/Target/usbd_conf.c **** void HAL_PCD_ISOINIncompleteCallback(PCD_HandleTypeDef *hpcd, uint8_t epnum)
 335:USB_Device/Target/usbd_conf.c **** #endif /* USE_HAL_PCD_REGISTER_CALLBACKS */
 336:USB_Device/Target/usbd_conf.c **** {
 337:USB_Device/Target/usbd_conf.c ****   /* USER CODE BEGIN HAL_PCD_ISOINIncompleteCallback_PreTreatment */
 338:USB_Device/Target/usbd_conf.c **** 
 339:USB_Device/Target/usbd_conf.c ****   /* USER CODE END HAL_PCD_ISOINIncompleteCallback_PreTreatment */
 340:USB_Device/Target/usbd_conf.c ****   USBD_LL_IsoINIncomplete((USBD_HandleTypeDef*)hpcd->pData, epnum);
 341:USB_Device/Target/usbd_conf.c ****   /* USER CODE BEGIN HAL_PCD_ISOINIncompleteCallback_PostTreatment */
 342:USB_Device/Target/usbd_conf.c **** 
 343:USB_Device/Target/usbd_conf.c ****   /* USER CODE END HAL_PCD_ISOINIncompleteCallback_PostTreatment */
 344:USB_Device/Target/usbd_conf.c **** }
 345:USB_Device/Target/usbd_conf.c **** 
 346:USB_Device/Target/usbd_conf.c **** /**
 347:USB_Device/Target/usbd_conf.c ****   * @brief  Connect callback.
 348:USB_Device/Target/usbd_conf.c ****   * @param  hpcd: PCD handle
 349:USB_Device/Target/usbd_conf.c ****   * @retval None
 350:USB_Device/Target/usbd_conf.c ****   */
 351:USB_Device/Target/usbd_conf.c **** #if (USE_HAL_PCD_REGISTER_CALLBACKS == 1U)
 352:USB_Device/Target/usbd_conf.c **** static void PCD_ConnectCallback(PCD_HandleTypeDef *hpcd)
 353:USB_Device/Target/usbd_conf.c **** #else
 354:USB_Device/Target/usbd_conf.c **** void HAL_PCD_ConnectCallback(PCD_HandleTypeDef *hpcd)
 355:USB_Device/Target/usbd_conf.c **** #endif /* USE_HAL_PCD_REGISTER_CALLBACKS */
 356:USB_Device/Target/usbd_conf.c **** {
 357:USB_Device/Target/usbd_conf.c ****   /* USER CODE BEGIN HAL_PCD_ConnectCallback_PreTreatment */
 358:USB_Device/Target/usbd_conf.c **** 
 359:USB_Device/Target/usbd_conf.c ****   /* USER CODE END HAL_PCD_ConnectCallback_PreTreatment */
 360:USB_Device/Target/usbd_conf.c ****   USBD_LL_DevConnected((USBD_HandleTypeDef*)hpcd->pData);
 361:USB_Device/Target/usbd_conf.c ****   /* USER CODE BEGIN HAL_PCD_ConnectCallback_PostTreatment */
 362:USB_Device/Target/usbd_conf.c **** 
 363:USB_Device/Target/usbd_conf.c ****   /* USER CODE END HAL_PCD_ConnectCallback_PostTreatment */
 364:USB_Device/Target/usbd_conf.c **** }
 365:USB_Device/Target/usbd_conf.c **** 
 366:USB_Device/Target/usbd_conf.c **** /**
 367:USB_Device/Target/usbd_conf.c ****   * @brief  Disconnect callback.
 368:USB_Device/Target/usbd_conf.c ****   * @param  hpcd: PCD handle
 369:USB_Device/Target/usbd_conf.c ****   * @retval None
 370:USB_Device/Target/usbd_conf.c ****   */
 371:USB_Device/Target/usbd_conf.c **** #if (USE_HAL_PCD_REGISTER_CALLBACKS == 1U)
 372:USB_Device/Target/usbd_conf.c **** static void PCD_DisconnectCallback(PCD_HandleTypeDef *hpcd)
 373:USB_Device/Target/usbd_conf.c **** #else
 374:USB_Device/Target/usbd_conf.c **** void HAL_PCD_DisconnectCallback(PCD_HandleTypeDef *hpcd)
ARM GAS  C:\Users\Domagoj\AppData\Local\Temp\ccmJ3wLi.s 			page 8


 375:USB_Device/Target/usbd_conf.c **** #endif /* USE_HAL_PCD_REGISTER_CALLBACKS */
 376:USB_Device/Target/usbd_conf.c **** {
 377:USB_Device/Target/usbd_conf.c ****   /* USER CODE BEGIN HAL_PCD_DisconnectCallback_PreTreatment */
 378:USB_Device/Target/usbd_conf.c **** 
 379:USB_Device/Target/usbd_conf.c ****   /* USER CODE END HAL_PCD_DisconnectCallback_PreTreatment */
 380:USB_Device/Target/usbd_conf.c ****   USBD_LL_DevDisconnected((USBD_HandleTypeDef*)hpcd->pData);
 381:USB_Device/Target/usbd_conf.c ****   /* USER CODE BEGIN HAL_PCD_DisconnectCallback_PostTreatment */
 382:USB_Device/Target/usbd_conf.c **** 
 383:USB_Device/Target/usbd_conf.c ****   /* USER CODE END HAL_PCD_DisconnectCallback_PostTreatment */
 384:USB_Device/Target/usbd_conf.c **** }
 385:USB_Device/Target/usbd_conf.c **** 
 386:USB_Device/Target/usbd_conf.c ****   /* USER CODE BEGIN LowLevelInterface */
 387:USB_Device/Target/usbd_conf.c **** 
 388:USB_Device/Target/usbd_conf.c ****   /* USER CODE END LowLevelInterface */
 389:USB_Device/Target/usbd_conf.c **** 
 390:USB_Device/Target/usbd_conf.c **** /*******************************************************************************
 391:USB_Device/Target/usbd_conf.c ****                        LL Driver Interface (USB Device Library --> PCD)
 392:USB_Device/Target/usbd_conf.c **** *******************************************************************************/
 393:USB_Device/Target/usbd_conf.c **** 
 394:USB_Device/Target/usbd_conf.c **** /**
 395:USB_Device/Target/usbd_conf.c ****   * @brief  Initializes the low level portion of the device driver.
 396:USB_Device/Target/usbd_conf.c ****   * @param  pdev: Device handle
 397:USB_Device/Target/usbd_conf.c ****   * @retval USBD status
 398:USB_Device/Target/usbd_conf.c ****   */
 399:USB_Device/Target/usbd_conf.c **** USBD_StatusTypeDef USBD_LL_Init(USBD_HandleTypeDef *pdev)
 400:USB_Device/Target/usbd_conf.c **** {
 401:USB_Device/Target/usbd_conf.c ****   /* Init USB Ip. */
 402:USB_Device/Target/usbd_conf.c ****   hpcd_USB_DRD_FS.pData = pdev;
 403:USB_Device/Target/usbd_conf.c ****   /* Link the driver to the stack. */
 404:USB_Device/Target/usbd_conf.c ****   pdev->pData = &hpcd_USB_DRD_FS;
 405:USB_Device/Target/usbd_conf.c **** 
 406:USB_Device/Target/usbd_conf.c ****   hpcd_USB_DRD_FS.Instance = USB_DRD_FS;
 407:USB_Device/Target/usbd_conf.c ****   hpcd_USB_DRD_FS.Init.dev_endpoints = 8;
 408:USB_Device/Target/usbd_conf.c ****   hpcd_USB_DRD_FS.Init.Host_channels = 8;
 409:USB_Device/Target/usbd_conf.c ****   hpcd_USB_DRD_FS.Init.speed = PCD_SPEED_FULL;
 410:USB_Device/Target/usbd_conf.c ****   hpcd_USB_DRD_FS.Init.phy_itface = PCD_PHY_EMBEDDED;
 411:USB_Device/Target/usbd_conf.c ****   hpcd_USB_DRD_FS.Init.Sof_enable = DISABLE;
 412:USB_Device/Target/usbd_conf.c ****   hpcd_USB_DRD_FS.Init.low_power_enable = DISABLE;
 413:USB_Device/Target/usbd_conf.c ****   hpcd_USB_DRD_FS.Init.lpm_enable = DISABLE;
 414:USB_Device/Target/usbd_conf.c ****   hpcd_USB_DRD_FS.Init.battery_charging_enable = DISABLE;
 415:USB_Device/Target/usbd_conf.c ****   hpcd_USB_DRD_FS.Init.vbus_sensing_enable = DISABLE;
 416:USB_Device/Target/usbd_conf.c ****   hpcd_USB_DRD_FS.Init.bulk_doublebuffer_enable = DISABLE;
 417:USB_Device/Target/usbd_conf.c ****   hpcd_USB_DRD_FS.Init.iso_singlebuffer_enable = DISABLE;
 418:USB_Device/Target/usbd_conf.c ****   if (HAL_PCD_Init(&hpcd_USB_DRD_FS) != HAL_OK)
 419:USB_Device/Target/usbd_conf.c ****   {
 420:USB_Device/Target/usbd_conf.c ****     Error_Handler( );
 421:USB_Device/Target/usbd_conf.c ****   }
 422:USB_Device/Target/usbd_conf.c **** 
 423:USB_Device/Target/usbd_conf.c **** #if (USE_HAL_PCD_REGISTER_CALLBACKS == 1U)
 424:USB_Device/Target/usbd_conf.c ****   /* Register USB PCD CallBacks */
 425:USB_Device/Target/usbd_conf.c ****   HAL_PCD_RegisterCallback(&hpcd_USB_DRD_FS, HAL_PCD_SOF_CB_ID, PCD_SOFCallback);
 426:USB_Device/Target/usbd_conf.c ****   HAL_PCD_RegisterCallback(&hpcd_USB_DRD_FS, HAL_PCD_SETUPSTAGE_CB_ID, PCD_SetupStageCallback);
 427:USB_Device/Target/usbd_conf.c ****   HAL_PCD_RegisterCallback(&hpcd_USB_DRD_FS, HAL_PCD_RESET_CB_ID, PCD_ResetCallback);
 428:USB_Device/Target/usbd_conf.c ****   HAL_PCD_RegisterCallback(&hpcd_USB_DRD_FS, HAL_PCD_SUSPEND_CB_ID, PCD_SuspendCallback);
 429:USB_Device/Target/usbd_conf.c ****   HAL_PCD_RegisterCallback(&hpcd_USB_DRD_FS, HAL_PCD_RESUME_CB_ID, PCD_ResumeCallback);
 430:USB_Device/Target/usbd_conf.c ****   HAL_PCD_RegisterCallback(&hpcd_USB_DRD_FS, HAL_PCD_CONNECT_CB_ID, PCD_ConnectCallback);
 431:USB_Device/Target/usbd_conf.c ****   HAL_PCD_RegisterCallback(&hpcd_USB_DRD_FS, HAL_PCD_DISCONNECT_CB_ID, PCD_DisconnectCallback);
ARM GAS  C:\Users\Domagoj\AppData\Local\Temp\ccmJ3wLi.s 			page 9


 432:USB_Device/Target/usbd_conf.c ****   /* USER CODE BEGIN RegisterCallBackFirstPart */
 433:USB_Device/Target/usbd_conf.c **** 
 434:USB_Device/Target/usbd_conf.c ****   /* USER CODE END RegisterCallBackFirstPart */
 435:USB_Device/Target/usbd_conf.c ****   HAL_PCD_RegisterLpmCallback(&hpcd_USB_DRD_FS, PCDEx_LPM_Callback);
 436:USB_Device/Target/usbd_conf.c ****   HAL_PCD_RegisterDataOutStageCallback(&hpcd_USB_DRD_FS, PCD_DataOutStageCallback);
 437:USB_Device/Target/usbd_conf.c ****   HAL_PCD_RegisterDataInStageCallback(&hpcd_USB_DRD_FS, PCD_DataInStageCallback);
 438:USB_Device/Target/usbd_conf.c ****   HAL_PCD_RegisterIsoOutIncpltCallback(&hpcd_USB_DRD_FS, PCD_ISOOUTIncompleteCallback);
 439:USB_Device/Target/usbd_conf.c ****   HAL_PCD_RegisterIsoInIncpltCallback(&hpcd_USB_DRD_FS, PCD_ISOINIncompleteCallback);
 440:USB_Device/Target/usbd_conf.c ****   /* USER CODE BEGIN RegisterCallBackSecondPart */
 441:USB_Device/Target/usbd_conf.c **** 
 442:USB_Device/Target/usbd_conf.c ****   /* USER CODE END RegisterCallBackSecondPart */
 443:USB_Device/Target/usbd_conf.c **** #endif /* USE_HAL_PCD_REGISTER_CALLBACKS */
 444:USB_Device/Target/usbd_conf.c ****   /* USER CODE BEGIN EndPoint_Configuration */
 445:USB_Device/Target/usbd_conf.c ****   HAL_PCDEx_PMAConfig((PCD_HandleTypeDef*)pdev->pData , 0x00 , PCD_SNG_BUF, 0x18);
 446:USB_Device/Target/usbd_conf.c ****   HAL_PCDEx_PMAConfig((PCD_HandleTypeDef*)pdev->pData , 0x80 , PCD_SNG_BUF, 0x58);
 447:USB_Device/Target/usbd_conf.c ****   /* USER CODE END EndPoint_Configuration */
 448:USB_Device/Target/usbd_conf.c ****   /* USER CODE BEGIN EndPoint_Configuration_CDC */
 449:USB_Device/Target/usbd_conf.c ****   HAL_PCDEx_PMAConfig((PCD_HandleTypeDef*)pdev->pData , 0x81 , PCD_SNG_BUF, 0xC0);
 450:USB_Device/Target/usbd_conf.c ****   HAL_PCDEx_PMAConfig((PCD_HandleTypeDef*)pdev->pData , 0x01 , PCD_SNG_BUF, 0x110);
 451:USB_Device/Target/usbd_conf.c ****   HAL_PCDEx_PMAConfig((PCD_HandleTypeDef*)pdev->pData , 0x82 , PCD_SNG_BUF, 0x100);
 452:USB_Device/Target/usbd_conf.c ****   /* USER CODE END EndPoint_Configuration_CDC */
 453:USB_Device/Target/usbd_conf.c **** 
 454:USB_Device/Target/usbd_conf.c ****   return USBD_OK;
 455:USB_Device/Target/usbd_conf.c **** }
 456:USB_Device/Target/usbd_conf.c **** 
 457:USB_Device/Target/usbd_conf.c **** /**
 458:USB_Device/Target/usbd_conf.c ****   * @brief  De-Initializes the low level portion of the device driver.
 459:USB_Device/Target/usbd_conf.c ****   * @param  pdev: Device handle
 460:USB_Device/Target/usbd_conf.c ****   * @retval USBD status
 461:USB_Device/Target/usbd_conf.c ****   */
 462:USB_Device/Target/usbd_conf.c **** USBD_StatusTypeDef USBD_LL_DeInit(USBD_HandleTypeDef *pdev)
 463:USB_Device/Target/usbd_conf.c **** {
 464:USB_Device/Target/usbd_conf.c ****   HAL_StatusTypeDef hal_status = HAL_OK;
 465:USB_Device/Target/usbd_conf.c ****   USBD_StatusTypeDef usb_status = USBD_OK;
 466:USB_Device/Target/usbd_conf.c **** 
 467:USB_Device/Target/usbd_conf.c ****   hal_status = HAL_PCD_DeInit(pdev->pData);
 468:USB_Device/Target/usbd_conf.c **** 
 469:USB_Device/Target/usbd_conf.c ****   usb_status =  USBD_Get_USB_Status(hal_status);
 470:USB_Device/Target/usbd_conf.c **** 
 471:USB_Device/Target/usbd_conf.c ****   return usb_status;
 472:USB_Device/Target/usbd_conf.c **** }
 473:USB_Device/Target/usbd_conf.c **** 
 474:USB_Device/Target/usbd_conf.c **** /**
 475:USB_Device/Target/usbd_conf.c ****   * @brief  Starts the low level portion of the device driver.
 476:USB_Device/Target/usbd_conf.c ****   * @param  pdev: Device handle
 477:USB_Device/Target/usbd_conf.c ****   * @retval USBD status
 478:USB_Device/Target/usbd_conf.c ****   */
 479:USB_Device/Target/usbd_conf.c **** USBD_StatusTypeDef USBD_LL_Start(USBD_HandleTypeDef *pdev)
 480:USB_Device/Target/usbd_conf.c **** {
 481:USB_Device/Target/usbd_conf.c ****   HAL_StatusTypeDef hal_status = HAL_OK;
 482:USB_Device/Target/usbd_conf.c ****   USBD_StatusTypeDef usb_status = USBD_OK;
 483:USB_Device/Target/usbd_conf.c **** 
 484:USB_Device/Target/usbd_conf.c ****   hal_status = HAL_PCD_Start(pdev->pData);
 485:USB_Device/Target/usbd_conf.c **** 
 486:USB_Device/Target/usbd_conf.c ****   usb_status =  USBD_Get_USB_Status(hal_status);
 487:USB_Device/Target/usbd_conf.c **** 
 488:USB_Device/Target/usbd_conf.c ****   return usb_status;
ARM GAS  C:\Users\Domagoj\AppData\Local\Temp\ccmJ3wLi.s 			page 10


 489:USB_Device/Target/usbd_conf.c **** }
 490:USB_Device/Target/usbd_conf.c **** 
 491:USB_Device/Target/usbd_conf.c **** /**
 492:USB_Device/Target/usbd_conf.c ****   * @brief  Stops the low level portion of the device driver.
 493:USB_Device/Target/usbd_conf.c ****   * @param  pdev: Device handle
 494:USB_Device/Target/usbd_conf.c ****   * @retval USBD status
 495:USB_Device/Target/usbd_conf.c ****   */
 496:USB_Device/Target/usbd_conf.c **** USBD_StatusTypeDef USBD_LL_Stop(USBD_HandleTypeDef *pdev)
 497:USB_Device/Target/usbd_conf.c **** {
 498:USB_Device/Target/usbd_conf.c ****   HAL_StatusTypeDef hal_status = HAL_OK;
 499:USB_Device/Target/usbd_conf.c ****   USBD_StatusTypeDef usb_status = USBD_OK;
 500:USB_Device/Target/usbd_conf.c **** 
 501:USB_Device/Target/usbd_conf.c ****   hal_status = HAL_PCD_Stop(pdev->pData);
 502:USB_Device/Target/usbd_conf.c **** 
 503:USB_Device/Target/usbd_conf.c ****   usb_status =  USBD_Get_USB_Status(hal_status);
 504:USB_Device/Target/usbd_conf.c **** 
 505:USB_Device/Target/usbd_conf.c ****   return usb_status;
 506:USB_Device/Target/usbd_conf.c **** }
 507:USB_Device/Target/usbd_conf.c **** 
 508:USB_Device/Target/usbd_conf.c **** /**
 509:USB_Device/Target/usbd_conf.c ****   * @brief  Opens an endpoint of the low level driver.
 510:USB_Device/Target/usbd_conf.c ****   * @param  pdev: Device handle
 511:USB_Device/Target/usbd_conf.c ****   * @param  ep_addr: Endpoint number
 512:USB_Device/Target/usbd_conf.c ****   * @param  ep_type: Endpoint type
 513:USB_Device/Target/usbd_conf.c ****   * @param  ep_mps: Endpoint max packet size
 514:USB_Device/Target/usbd_conf.c ****   * @retval USBD status
 515:USB_Device/Target/usbd_conf.c ****   */
 516:USB_Device/Target/usbd_conf.c **** USBD_StatusTypeDef USBD_LL_OpenEP(USBD_HandleTypeDef *pdev, uint8_t ep_addr, uint8_t ep_type, uint1
 517:USB_Device/Target/usbd_conf.c **** {
 518:USB_Device/Target/usbd_conf.c ****   HAL_StatusTypeDef hal_status = HAL_OK;
 519:USB_Device/Target/usbd_conf.c ****   USBD_StatusTypeDef usb_status = USBD_OK;
 520:USB_Device/Target/usbd_conf.c **** 
 521:USB_Device/Target/usbd_conf.c ****   hal_status = HAL_PCD_EP_Open(pdev->pData, ep_addr, ep_mps, ep_type);
 522:USB_Device/Target/usbd_conf.c **** 
 523:USB_Device/Target/usbd_conf.c ****   usb_status =  USBD_Get_USB_Status(hal_status);
 524:USB_Device/Target/usbd_conf.c **** 
 525:USB_Device/Target/usbd_conf.c ****   return usb_status;
 526:USB_Device/Target/usbd_conf.c **** }
 527:USB_Device/Target/usbd_conf.c **** 
 528:USB_Device/Target/usbd_conf.c **** /**
 529:USB_Device/Target/usbd_conf.c ****   * @brief  Closes an endpoint of the low level driver.
 530:USB_Device/Target/usbd_conf.c ****   * @param  pdev: Device handle
 531:USB_Device/Target/usbd_conf.c ****   * @param  ep_addr: Endpoint number
 532:USB_Device/Target/usbd_conf.c ****   * @retval USBD status
 533:USB_Device/Target/usbd_conf.c ****   */
 534:USB_Device/Target/usbd_conf.c **** USBD_StatusTypeDef USBD_LL_CloseEP(USBD_HandleTypeDef *pdev, uint8_t ep_addr)
 535:USB_Device/Target/usbd_conf.c **** {
 536:USB_Device/Target/usbd_conf.c ****   HAL_StatusTypeDef hal_status = HAL_OK;
 537:USB_Device/Target/usbd_conf.c ****   USBD_StatusTypeDef usb_status = USBD_OK;
 538:USB_Device/Target/usbd_conf.c **** 
 539:USB_Device/Target/usbd_conf.c ****   hal_status = HAL_PCD_EP_Close(pdev->pData, ep_addr);
 540:USB_Device/Target/usbd_conf.c **** 
 541:USB_Device/Target/usbd_conf.c ****   usb_status =  USBD_Get_USB_Status(hal_status);
 542:USB_Device/Target/usbd_conf.c **** 
 543:USB_Device/Target/usbd_conf.c ****   return usb_status;
 544:USB_Device/Target/usbd_conf.c **** }
 545:USB_Device/Target/usbd_conf.c **** 
ARM GAS  C:\Users\Domagoj\AppData\Local\Temp\ccmJ3wLi.s 			page 11


 546:USB_Device/Target/usbd_conf.c **** /**
 547:USB_Device/Target/usbd_conf.c ****   * @brief  Flushes an endpoint of the Low Level Driver.
 548:USB_Device/Target/usbd_conf.c ****   * @param  pdev: Device handle
 549:USB_Device/Target/usbd_conf.c ****   * @param  ep_addr: Endpoint number
 550:USB_Device/Target/usbd_conf.c ****   * @retval USBD status
 551:USB_Device/Target/usbd_conf.c ****   */
 552:USB_Device/Target/usbd_conf.c **** USBD_StatusTypeDef USBD_LL_FlushEP(USBD_HandleTypeDef *pdev, uint8_t ep_addr)
 553:USB_Device/Target/usbd_conf.c **** {
 554:USB_Device/Target/usbd_conf.c ****   HAL_StatusTypeDef hal_status = HAL_OK;
 555:USB_Device/Target/usbd_conf.c ****   USBD_StatusTypeDef usb_status = USBD_OK;
 556:USB_Device/Target/usbd_conf.c **** 
 557:USB_Device/Target/usbd_conf.c ****   hal_status = HAL_PCD_EP_Flush(pdev->pData, ep_addr);
 558:USB_Device/Target/usbd_conf.c **** 
 559:USB_Device/Target/usbd_conf.c ****   usb_status =  USBD_Get_USB_Status(hal_status);
 560:USB_Device/Target/usbd_conf.c **** 
 561:USB_Device/Target/usbd_conf.c ****   return usb_status;
 562:USB_Device/Target/usbd_conf.c **** }
 563:USB_Device/Target/usbd_conf.c **** 
 564:USB_Device/Target/usbd_conf.c **** /**
 565:USB_Device/Target/usbd_conf.c ****   * @brief  Sets a Stall condition on an endpoint of the Low Level Driver.
 566:USB_Device/Target/usbd_conf.c ****   * @param  pdev: Device handle
 567:USB_Device/Target/usbd_conf.c ****   * @param  ep_addr: Endpoint number
 568:USB_Device/Target/usbd_conf.c ****   * @retval USBD status
 569:USB_Device/Target/usbd_conf.c ****   */
 570:USB_Device/Target/usbd_conf.c **** USBD_StatusTypeDef USBD_LL_StallEP(USBD_HandleTypeDef *pdev, uint8_t ep_addr)
 571:USB_Device/Target/usbd_conf.c **** {
 572:USB_Device/Target/usbd_conf.c ****   HAL_StatusTypeDef hal_status = HAL_OK;
 573:USB_Device/Target/usbd_conf.c ****   USBD_StatusTypeDef usb_status = USBD_OK;
 574:USB_Device/Target/usbd_conf.c **** 
 575:USB_Device/Target/usbd_conf.c ****   hal_status = HAL_PCD_EP_SetStall(pdev->pData, ep_addr);
 576:USB_Device/Target/usbd_conf.c **** 
 577:USB_Device/Target/usbd_conf.c ****   usb_status =  USBD_Get_USB_Status(hal_status);
 578:USB_Device/Target/usbd_conf.c **** 
 579:USB_Device/Target/usbd_conf.c ****   return usb_status;
 580:USB_Device/Target/usbd_conf.c **** }
 581:USB_Device/Target/usbd_conf.c **** 
 582:USB_Device/Target/usbd_conf.c **** /**
 583:USB_Device/Target/usbd_conf.c ****   * @brief  Clears a Stall condition on an endpoint of the Low Level Driver.
 584:USB_Device/Target/usbd_conf.c ****   * @param  pdev: Device handle
 585:USB_Device/Target/usbd_conf.c ****   * @param  ep_addr: Endpoint number
 586:USB_Device/Target/usbd_conf.c ****   * @retval USBD status
 587:USB_Device/Target/usbd_conf.c ****   */
 588:USB_Device/Target/usbd_conf.c **** USBD_StatusTypeDef USBD_LL_ClearStallEP(USBD_HandleTypeDef *pdev, uint8_t ep_addr)
 589:USB_Device/Target/usbd_conf.c **** {
 590:USB_Device/Target/usbd_conf.c ****   HAL_StatusTypeDef hal_status = HAL_OK;
 591:USB_Device/Target/usbd_conf.c ****   USBD_StatusTypeDef usb_status = USBD_OK;
 592:USB_Device/Target/usbd_conf.c **** 
 593:USB_Device/Target/usbd_conf.c ****   hal_status = HAL_PCD_EP_ClrStall(pdev->pData, ep_addr);
 594:USB_Device/Target/usbd_conf.c **** 
 595:USB_Device/Target/usbd_conf.c ****   usb_status =  USBD_Get_USB_Status(hal_status);
 596:USB_Device/Target/usbd_conf.c **** 
 597:USB_Device/Target/usbd_conf.c ****   return usb_status;
 598:USB_Device/Target/usbd_conf.c **** }
 599:USB_Device/Target/usbd_conf.c **** 
 600:USB_Device/Target/usbd_conf.c **** /**
 601:USB_Device/Target/usbd_conf.c ****   * @brief  Returns Stall condition.
 602:USB_Device/Target/usbd_conf.c ****   * @param  pdev: Device handle
ARM GAS  C:\Users\Domagoj\AppData\Local\Temp\ccmJ3wLi.s 			page 12


 603:USB_Device/Target/usbd_conf.c ****   * @param  ep_addr: Endpoint number
 604:USB_Device/Target/usbd_conf.c ****   * @retval Stall (1: Yes, 0: No)
 605:USB_Device/Target/usbd_conf.c ****   */
 606:USB_Device/Target/usbd_conf.c **** uint8_t USBD_LL_IsStallEP(USBD_HandleTypeDef *pdev, uint8_t ep_addr)
 607:USB_Device/Target/usbd_conf.c **** {
 608:USB_Device/Target/usbd_conf.c ****   PCD_HandleTypeDef *hpcd = (PCD_HandleTypeDef*) pdev->pData;
 609:USB_Device/Target/usbd_conf.c **** 
 610:USB_Device/Target/usbd_conf.c ****   if((ep_addr & 0x80) == 0x80)
 611:USB_Device/Target/usbd_conf.c ****   {
 612:USB_Device/Target/usbd_conf.c ****     return hpcd->IN_ep[ep_addr & 0x7F].is_stall;
 613:USB_Device/Target/usbd_conf.c ****   }
 614:USB_Device/Target/usbd_conf.c ****   else
 615:USB_Device/Target/usbd_conf.c ****   {
 616:USB_Device/Target/usbd_conf.c ****     return hpcd->OUT_ep[ep_addr & 0x7F].is_stall;
 617:USB_Device/Target/usbd_conf.c ****   }
 618:USB_Device/Target/usbd_conf.c **** }
 619:USB_Device/Target/usbd_conf.c **** 
 620:USB_Device/Target/usbd_conf.c **** /**
 621:USB_Device/Target/usbd_conf.c ****   * @brief  Assigns a USB address to the device.
 622:USB_Device/Target/usbd_conf.c ****   * @param  pdev: Device handle
 623:USB_Device/Target/usbd_conf.c ****   * @param  dev_addr: Device address
 624:USB_Device/Target/usbd_conf.c ****   * @retval USBD status
 625:USB_Device/Target/usbd_conf.c ****   */
 626:USB_Device/Target/usbd_conf.c **** USBD_StatusTypeDef USBD_LL_SetUSBAddress(USBD_HandleTypeDef *pdev, uint8_t dev_addr)
 627:USB_Device/Target/usbd_conf.c **** {
 628:USB_Device/Target/usbd_conf.c ****   HAL_StatusTypeDef hal_status = HAL_OK;
 629:USB_Device/Target/usbd_conf.c ****   USBD_StatusTypeDef usb_status = USBD_OK;
 630:USB_Device/Target/usbd_conf.c **** 
 631:USB_Device/Target/usbd_conf.c ****   hal_status = HAL_PCD_SetAddress(pdev->pData, dev_addr);
 632:USB_Device/Target/usbd_conf.c **** 
 633:USB_Device/Target/usbd_conf.c ****   usb_status =  USBD_Get_USB_Status(hal_status);
 634:USB_Device/Target/usbd_conf.c **** 
 635:USB_Device/Target/usbd_conf.c ****   return usb_status;
 636:USB_Device/Target/usbd_conf.c **** }
 637:USB_Device/Target/usbd_conf.c **** 
 638:USB_Device/Target/usbd_conf.c **** /**
 639:USB_Device/Target/usbd_conf.c ****   * @brief  Transmits data over an endpoint.
 640:USB_Device/Target/usbd_conf.c ****   * @param  pdev: Device handle
 641:USB_Device/Target/usbd_conf.c ****   * @param  ep_addr: Endpoint number
 642:USB_Device/Target/usbd_conf.c ****   * @param  pbuf: Pointer to data to be sent
 643:USB_Device/Target/usbd_conf.c ****   * @param  size: Data size
 644:USB_Device/Target/usbd_conf.c ****   * @retval USBD status
 645:USB_Device/Target/usbd_conf.c ****   */
 646:USB_Device/Target/usbd_conf.c **** USBD_StatusTypeDef USBD_LL_Transmit(USBD_HandleTypeDef *pdev, uint8_t ep_addr, uint8_t *pbuf, uint3
 647:USB_Device/Target/usbd_conf.c **** {
 648:USB_Device/Target/usbd_conf.c ****   HAL_StatusTypeDef hal_status = HAL_OK;
 649:USB_Device/Target/usbd_conf.c ****   USBD_StatusTypeDef usb_status = USBD_OK;
 650:USB_Device/Target/usbd_conf.c **** 
 651:USB_Device/Target/usbd_conf.c ****   hal_status = HAL_PCD_EP_Transmit(pdev->pData, ep_addr, pbuf, size);
 652:USB_Device/Target/usbd_conf.c **** 
 653:USB_Device/Target/usbd_conf.c ****   usb_status =  USBD_Get_USB_Status(hal_status);
 654:USB_Device/Target/usbd_conf.c **** 
 655:USB_Device/Target/usbd_conf.c ****   return usb_status;
 656:USB_Device/Target/usbd_conf.c **** }
 657:USB_Device/Target/usbd_conf.c **** 
 658:USB_Device/Target/usbd_conf.c **** /**
 659:USB_Device/Target/usbd_conf.c ****   * @brief  Prepares an endpoint for reception.
ARM GAS  C:\Users\Domagoj\AppData\Local\Temp\ccmJ3wLi.s 			page 13


 660:USB_Device/Target/usbd_conf.c ****   * @param  pdev: Device handle
 661:USB_Device/Target/usbd_conf.c ****   * @param  ep_addr: Endpoint number
 662:USB_Device/Target/usbd_conf.c ****   * @param  pbuf: Pointer to data to be received
 663:USB_Device/Target/usbd_conf.c ****   * @param  size: Data size
 664:USB_Device/Target/usbd_conf.c ****   * @retval USBD status
 665:USB_Device/Target/usbd_conf.c ****   */
 666:USB_Device/Target/usbd_conf.c **** USBD_StatusTypeDef USBD_LL_PrepareReceive(USBD_HandleTypeDef *pdev, uint8_t ep_addr, uint8_t *pbuf,
 667:USB_Device/Target/usbd_conf.c **** {
 668:USB_Device/Target/usbd_conf.c ****   HAL_StatusTypeDef hal_status = HAL_OK;
 669:USB_Device/Target/usbd_conf.c ****   USBD_StatusTypeDef usb_status = USBD_OK;
 670:USB_Device/Target/usbd_conf.c **** 
 671:USB_Device/Target/usbd_conf.c ****   hal_status = HAL_PCD_EP_Receive(pdev->pData, ep_addr, pbuf, size);
 672:USB_Device/Target/usbd_conf.c **** 
 673:USB_Device/Target/usbd_conf.c ****   usb_status =  USBD_Get_USB_Status(hal_status);
 674:USB_Device/Target/usbd_conf.c **** 
 675:USB_Device/Target/usbd_conf.c ****   return usb_status;
 676:USB_Device/Target/usbd_conf.c **** }
 677:USB_Device/Target/usbd_conf.c **** 
 678:USB_Device/Target/usbd_conf.c **** /**
 679:USB_Device/Target/usbd_conf.c ****   * @brief  Returns the last transferred packet size.
 680:USB_Device/Target/usbd_conf.c ****   * @param  pdev: Device handle
 681:USB_Device/Target/usbd_conf.c ****   * @param  ep_addr: Endpoint number
 682:USB_Device/Target/usbd_conf.c ****   * @retval Received Data Size
 683:USB_Device/Target/usbd_conf.c ****   */
 684:USB_Device/Target/usbd_conf.c **** uint32_t USBD_LL_GetRxDataSize(USBD_HandleTypeDef *pdev, uint8_t ep_addr)
 685:USB_Device/Target/usbd_conf.c **** {
 686:USB_Device/Target/usbd_conf.c ****   return HAL_PCD_EP_GetRxCount((PCD_HandleTypeDef*) pdev->pData, ep_addr);
 687:USB_Device/Target/usbd_conf.c **** }
 688:USB_Device/Target/usbd_conf.c **** 
 689:USB_Device/Target/usbd_conf.c **** /**
 690:USB_Device/Target/usbd_conf.c ****   * @brief  Send LPM message to user layer
 691:USB_Device/Target/usbd_conf.c ****   * @param  hpcd: PCD handle
 692:USB_Device/Target/usbd_conf.c ****   * @param  msg: LPM message
 693:USB_Device/Target/usbd_conf.c ****   * @retval None
 694:USB_Device/Target/usbd_conf.c ****   */
 695:USB_Device/Target/usbd_conf.c **** #if (USE_HAL_PCD_REGISTER_CALLBACKS == 1U)
 696:USB_Device/Target/usbd_conf.c **** static void PCDEx_LPM_Callback(PCD_HandleTypeDef *hpcd, PCD_LPM_MsgTypeDef msg)
 697:USB_Device/Target/usbd_conf.c **** #else
 698:USB_Device/Target/usbd_conf.c **** void HAL_PCDEx_LPM_Callback(PCD_HandleTypeDef *hpcd, PCD_LPM_MsgTypeDef msg)
 699:USB_Device/Target/usbd_conf.c **** #endif /* USE_HAL_PCD_REGISTER_CALLBACKS */
 700:USB_Device/Target/usbd_conf.c **** {
 701:USB_Device/Target/usbd_conf.c ****   /* USER CODE BEGIN LPM_Callback */
 702:USB_Device/Target/usbd_conf.c ****   switch (msg)
 703:USB_Device/Target/usbd_conf.c ****   {
 704:USB_Device/Target/usbd_conf.c ****   case PCD_LPM_L0_ACTIVE:
 705:USB_Device/Target/usbd_conf.c ****     if (hpcd->Init.low_power_enable)
 706:USB_Device/Target/usbd_conf.c ****     {
 707:USB_Device/Target/usbd_conf.c ****       SystemClockConfig_Resume();
 708:USB_Device/Target/usbd_conf.c **** 
 709:USB_Device/Target/usbd_conf.c ****       /* Reset SLEEPDEEP bit of Cortex System Control Register. */
 710:USB_Device/Target/usbd_conf.c ****       SCB->SCR &= (uint32_t)~((uint32_t)(SCB_SCR_SLEEPDEEP_Msk | SCB_SCR_SLEEPONEXIT_Msk));
 711:USB_Device/Target/usbd_conf.c ****     }
 712:USB_Device/Target/usbd_conf.c ****     /*__HAL_PCD_UNGATE_PHYCLOCK(hpcd);*/
 713:USB_Device/Target/usbd_conf.c ****     USBD_LL_Resume(hpcd->pData);
 714:USB_Device/Target/usbd_conf.c ****     break;
 715:USB_Device/Target/usbd_conf.c **** 
 716:USB_Device/Target/usbd_conf.c ****   case PCD_LPM_L1_ACTIVE:
ARM GAS  C:\Users\Domagoj\AppData\Local\Temp\ccmJ3wLi.s 			page 14


 717:USB_Device/Target/usbd_conf.c ****     /*__HAL_PCD_GATE_PHYCLOCK(hpcd);*/
 718:USB_Device/Target/usbd_conf.c ****     USBD_LL_Suspend(hpcd->pData);
 719:USB_Device/Target/usbd_conf.c **** 
 720:USB_Device/Target/usbd_conf.c ****     /* Enter in STOP mode. */
 721:USB_Device/Target/usbd_conf.c ****     if (hpcd->Init.low_power_enable)
 722:USB_Device/Target/usbd_conf.c ****     {
 723:USB_Device/Target/usbd_conf.c ****       /* Set SLEEPDEEP bit and SleepOnExit of Cortex System Control Register. */
 724:USB_Device/Target/usbd_conf.c ****       SCB->SCR |= (uint32_t)((uint32_t)(SCB_SCR_SLEEPDEEP_Msk | SCB_SCR_SLEEPONEXIT_Msk));
 725:USB_Device/Target/usbd_conf.c ****     }
 726:USB_Device/Target/usbd_conf.c ****     break;
 727:USB_Device/Target/usbd_conf.c ****   }
 728:USB_Device/Target/usbd_conf.c ****   /* USER CODE END LPM_Callback */
 729:USB_Device/Target/usbd_conf.c **** }
 730:USB_Device/Target/usbd_conf.c **** 
 731:USB_Device/Target/usbd_conf.c **** /**
 732:USB_Device/Target/usbd_conf.c ****   * @brief  Static single allocation.
 733:USB_Device/Target/usbd_conf.c ****   * @param  size: Size of allocated memory
 734:USB_Device/Target/usbd_conf.c ****   * @retval None
 735:USB_Device/Target/usbd_conf.c ****   */
 736:USB_Device/Target/usbd_conf.c **** void *USBD_static_malloc(uint32_t size)
 737:USB_Device/Target/usbd_conf.c **** {
 738:USB_Device/Target/usbd_conf.c ****   static uint32_t mem[(sizeof(USBD_CDC_HandleTypeDef)/4)+1];/* On 32-bit boundary */
 739:USB_Device/Target/usbd_conf.c ****   return mem;
 740:USB_Device/Target/usbd_conf.c **** }
 741:USB_Device/Target/usbd_conf.c **** 
 742:USB_Device/Target/usbd_conf.c **** /**
 743:USB_Device/Target/usbd_conf.c ****   * @brief  Dummy memory free
 744:USB_Device/Target/usbd_conf.c ****   * @param  p: Pointer to allocated  memory address
 745:USB_Device/Target/usbd_conf.c ****   * @retval None
 746:USB_Device/Target/usbd_conf.c ****   */
 747:USB_Device/Target/usbd_conf.c **** void USBD_static_free(void *p)
 748:USB_Device/Target/usbd_conf.c **** {
 749:USB_Device/Target/usbd_conf.c **** 
 750:USB_Device/Target/usbd_conf.c **** }
 751:USB_Device/Target/usbd_conf.c **** 
 752:USB_Device/Target/usbd_conf.c **** /**
 753:USB_Device/Target/usbd_conf.c ****   * @brief  Delays routine for the USB Device Library.
 754:USB_Device/Target/usbd_conf.c ****   * @param  Delay: Delay in ms
 755:USB_Device/Target/usbd_conf.c ****   * @retval None
 756:USB_Device/Target/usbd_conf.c ****   */
 757:USB_Device/Target/usbd_conf.c **** void USBD_LL_Delay(uint32_t Delay)
 758:USB_Device/Target/usbd_conf.c **** {
 759:USB_Device/Target/usbd_conf.c ****   HAL_Delay(Delay);
 760:USB_Device/Target/usbd_conf.c **** }
 761:USB_Device/Target/usbd_conf.c **** 
 762:USB_Device/Target/usbd_conf.c **** /* USER CODE BEGIN 5 */
 763:USB_Device/Target/usbd_conf.c **** /**
 764:USB_Device/Target/usbd_conf.c ****   * @brief  Configures system clock after wake-up from USB resume callBack:
 765:USB_Device/Target/usbd_conf.c ****   *         enable HSI, PLL and select PLL as system clock source.
 766:USB_Device/Target/usbd_conf.c ****   * @retval None
 767:USB_Device/Target/usbd_conf.c ****   */
 768:USB_Device/Target/usbd_conf.c **** static void SystemClockConfig_Resume(void)
 769:USB_Device/Target/usbd_conf.c **** {
 770:USB_Device/Target/usbd_conf.c ****   SystemClock_Config();
 771:USB_Device/Target/usbd_conf.c **** }
 772:USB_Device/Target/usbd_conf.c **** /* USER CODE END 5 */
 773:USB_Device/Target/usbd_conf.c **** 
ARM GAS  C:\Users\Domagoj\AppData\Local\Temp\ccmJ3wLi.s 			page 15


 774:USB_Device/Target/usbd_conf.c **** /**
 775:USB_Device/Target/usbd_conf.c ****   * @brief  Returns the USB status depending on the HAL status:
 776:USB_Device/Target/usbd_conf.c ****   * @param  hal_status: HAL status
 777:USB_Device/Target/usbd_conf.c ****   * @retval USB status
 778:USB_Device/Target/usbd_conf.c ****   */
 779:USB_Device/Target/usbd_conf.c **** USBD_StatusTypeDef USBD_Get_USB_Status(HAL_StatusTypeDef hal_status)
 780:USB_Device/Target/usbd_conf.c **** {
  27              		.loc 1 780 1 view -0
  28              		.cfi_startproc
  29              		@ args = 0, pretend = 0, frame = 0
  30              		@ frame_needed = 0, uses_anonymous_args = 0
  31              		@ link register save eliminated.
 781:USB_Device/Target/usbd_conf.c ****   USBD_StatusTypeDef usb_status = USBD_OK;
  32              		.loc 1 781 3 view .LVU1
 782:USB_Device/Target/usbd_conf.c **** 
 783:USB_Device/Target/usbd_conf.c ****   switch (hal_status)
  33              		.loc 1 783 3 view .LVU2
  34 0000 0228     		cmp	r0, #2
  35 0002 04D0     		beq	.L3
  36 0004 05D8     		bhi	.L4
  37 0006 0028     		cmp	r0, #0
  38 0008 00D0     		beq	.L2
 784:USB_Device/Target/usbd_conf.c ****   {
 785:USB_Device/Target/usbd_conf.c ****     case HAL_OK :
 786:USB_Device/Target/usbd_conf.c ****       usb_status = USBD_OK;
 787:USB_Device/Target/usbd_conf.c ****     break;
 788:USB_Device/Target/usbd_conf.c ****     case HAL_ERROR :
 789:USB_Device/Target/usbd_conf.c ****       usb_status = USBD_FAIL;
  39              		.loc 1 789 18 is_stmt 0 view .LVU3
  40 000a 0320     		movs	r0, #3
  41              	.LVL1:
  42              	.L2:
 790:USB_Device/Target/usbd_conf.c ****     break;
 791:USB_Device/Target/usbd_conf.c ****     case HAL_BUSY :
 792:USB_Device/Target/usbd_conf.c ****       usb_status = USBD_BUSY;
 793:USB_Device/Target/usbd_conf.c ****     break;
 794:USB_Device/Target/usbd_conf.c ****     case HAL_TIMEOUT :
 795:USB_Device/Target/usbd_conf.c ****       usb_status = USBD_FAIL;
 796:USB_Device/Target/usbd_conf.c ****     break;
 797:USB_Device/Target/usbd_conf.c ****     default :
 798:USB_Device/Target/usbd_conf.c ****       usb_status = USBD_FAIL;
 799:USB_Device/Target/usbd_conf.c ****     break;
 800:USB_Device/Target/usbd_conf.c ****   }
 801:USB_Device/Target/usbd_conf.c ****   return usb_status;
  43              		.loc 1 801 3 is_stmt 1 view .LVU4
 802:USB_Device/Target/usbd_conf.c **** }
  44              		.loc 1 802 1 is_stmt 0 view .LVU5
  45              		@ sp needed
  46 000c 7047     		bx	lr
  47              	.LVL2:
  48              	.L3:
 792:USB_Device/Target/usbd_conf.c ****     break;
  49              		.loc 1 792 18 view .LVU6
  50 000e 0120     		movs	r0, #1
  51              	.LVL3:
 792:USB_Device/Target/usbd_conf.c ****     break;
  52              		.loc 1 792 18 view .LVU7
ARM GAS  C:\Users\Domagoj\AppData\Local\Temp\ccmJ3wLi.s 			page 16


  53 0010 FCE7     		b	.L2
  54              	.LVL4:
  55              	.L4:
 795:USB_Device/Target/usbd_conf.c ****     break;
  56              		.loc 1 795 18 view .LVU8
  57 0012 0320     		movs	r0, #3
  58              	.LVL5:
 795:USB_Device/Target/usbd_conf.c ****     break;
  59              		.loc 1 795 18 view .LVU9
  60 0014 FAE7     		b	.L2
  61              		.cfi_endproc
  62              	.LFE402:
  64              		.section	.text.SystemClockConfig_Resume,"ax",%progbits
  65              		.align	1
  66              		.syntax unified
  67              		.code	16
  68              		.thumb_func
  70              	SystemClockConfig_Resume:
  71              	.LFB401:
 769:USB_Device/Target/usbd_conf.c ****   SystemClock_Config();
  72              		.loc 1 769 1 is_stmt 1 view -0
  73              		.cfi_startproc
  74              		@ args = 0, pretend = 0, frame = 0
  75              		@ frame_needed = 0, uses_anonymous_args = 0
  76 0000 10B5     		push	{r4, lr}
  77              	.LCFI0:
  78              		.cfi_def_cfa_offset 8
  79              		.cfi_offset 4, -8
  80              		.cfi_offset 14, -4
 770:USB_Device/Target/usbd_conf.c **** }
  81              		.loc 1 770 3 view .LVU11
  82 0002 FFF7FEFF 		bl	SystemClock_Config
  83              	.LVL6:
 771:USB_Device/Target/usbd_conf.c **** /* USER CODE END 5 */
  84              		.loc 1 771 1 is_stmt 0 view .LVU12
  85              		@ sp needed
  86 0006 10BD     		pop	{r4, pc}
  87              		.cfi_endproc
  88              	.LFE401:
  90              		.section	.text.HAL_PCD_MspInit,"ax",%progbits
  91              		.align	1
  92              		.global	HAL_PCD_MspInit
  93              		.syntax unified
  94              		.code	16
  95              		.thumb_func
  97              	HAL_PCD_MspInit:
  98              	.LVL7:
  99              	.LFB370:
  70:USB_Device/Target/usbd_conf.c ****   RCC_PeriphCLKInitTypeDef PeriphClkInit = {0};
 100              		.loc 1 70 1 is_stmt 1 view -0
 101              		.cfi_startproc
 102              		@ args = 0, pretend = 0, frame = 88
 103              		@ frame_needed = 0, uses_anonymous_args = 0
  70:USB_Device/Target/usbd_conf.c ****   RCC_PeriphCLKInitTypeDef PeriphClkInit = {0};
 104              		.loc 1 70 1 is_stmt 0 view .LVU14
 105 0000 10B5     		push	{r4, lr}
 106              	.LCFI1:
ARM GAS  C:\Users\Domagoj\AppData\Local\Temp\ccmJ3wLi.s 			page 17


 107              		.cfi_def_cfa_offset 8
 108              		.cfi_offset 4, -8
 109              		.cfi_offset 14, -4
 110 0002 96B0     		sub	sp, sp, #88
 111              	.LCFI2:
 112              		.cfi_def_cfa_offset 96
 113 0004 0400     		movs	r4, r0
  71:USB_Device/Target/usbd_conf.c ****   if(pcdHandle->Instance==USB_DRD_FS)
 114              		.loc 1 71 3 is_stmt 1 view .LVU15
  71:USB_Device/Target/usbd_conf.c ****   if(pcdHandle->Instance==USB_DRD_FS)
 115              		.loc 1 71 28 is_stmt 0 view .LVU16
 116 0006 4C22     		movs	r2, #76
 117 0008 0021     		movs	r1, #0
 118 000a 03A8     		add	r0, sp, #12
 119              	.LVL8:
  71:USB_Device/Target/usbd_conf.c ****   if(pcdHandle->Instance==USB_DRD_FS)
 120              		.loc 1 71 28 view .LVU17
 121 000c FFF7FEFF 		bl	memset
 122              	.LVL9:
  72:USB_Device/Target/usbd_conf.c ****   {
 123              		.loc 1 72 3 is_stmt 1 view .LVU18
  72:USB_Device/Target/usbd_conf.c ****   {
 124              		.loc 1 72 15 is_stmt 0 view .LVU19
 125 0010 2268     		ldr	r2, [r4]
  72:USB_Device/Target/usbd_conf.c ****   {
 126              		.loc 1 72 5 view .LVU20
 127 0012 1C4B     		ldr	r3, .L14
 128 0014 9A42     		cmp	r2, r3
 129 0016 01D0     		beq	.L12
 130              	.LVL10:
 131              	.L7:
 109:USB_Device/Target/usbd_conf.c **** 
 132              		.loc 1 109 1 view .LVU21
 133 0018 16B0     		add	sp, sp, #88
 134              		@ sp needed
 135 001a 10BD     		pop	{r4, pc}
 136              	.LVL11:
 137              	.L12:
  80:USB_Device/Target/usbd_conf.c ****     PeriphClkInit.UsbClockSelection = RCC_USBCLKSOURCE_HSI48;
 138              		.loc 1 80 5 is_stmt 1 view .LVU22
  80:USB_Device/Target/usbd_conf.c ****     PeriphClkInit.UsbClockSelection = RCC_USBCLKSOURCE_HSI48;
 139              		.loc 1 80 40 is_stmt 0 view .LVU23
 140 001c 8023     		movs	r3, #128
 141 001e 5B04     		lsls	r3, r3, #17
 142 0020 0393     		str	r3, [sp, #12]
  81:USB_Device/Target/usbd_conf.c ****     if (HAL_RCCEx_PeriphCLKConfig(&PeriphClkInit) != HAL_OK)
 143              		.loc 1 81 5 is_stmt 1 view .LVU24
  82:USB_Device/Target/usbd_conf.c ****     {
 144              		.loc 1 82 5 view .LVU25
  82:USB_Device/Target/usbd_conf.c ****     {
 145              		.loc 1 82 9 is_stmt 0 view .LVU26
 146 0022 03A8     		add	r0, sp, #12
 147 0024 FFF7FEFF 		bl	HAL_RCCEx_PeriphCLKConfig
 148              	.LVL12:
  82:USB_Device/Target/usbd_conf.c ****     {
 149              		.loc 1 82 8 discriminator 1 view .LVU27
 150 0028 0028     		cmp	r0, #0
ARM GAS  C:\Users\Domagoj\AppData\Local\Temp\ccmJ3wLi.s 			page 18


 151 002a 25D1     		bne	.L13
 152              	.L9:
  88:USB_Device/Target/usbd_conf.c **** 
 153              		.loc 1 88 5 is_stmt 1 view .LVU28
 154              	.LBB2:
  88:USB_Device/Target/usbd_conf.c **** 
 155              		.loc 1 88 5 view .LVU29
  88:USB_Device/Target/usbd_conf.c **** 
 156              		.loc 1 88 5 view .LVU30
 157 002c 164B     		ldr	r3, .L14+4
 158 002e DA6B     		ldr	r2, [r3, #60]
 159 0030 8021     		movs	r1, #128
 160 0032 8901     		lsls	r1, r1, #6
 161 0034 0A43     		orrs	r2, r1
 162 0036 DA63     		str	r2, [r3, #60]
  88:USB_Device/Target/usbd_conf.c **** 
 163              		.loc 1 88 5 view .LVU31
 164 0038 DA6B     		ldr	r2, [r3, #60]
 165 003a 0A40     		ands	r2, r1
 166 003c 0192     		str	r2, [sp, #4]
  88:USB_Device/Target/usbd_conf.c **** 
 167              		.loc 1 88 5 view .LVU32
 168 003e 019A     		ldr	r2, [sp, #4]
 169              	.LBE2:
  88:USB_Device/Target/usbd_conf.c **** 
 170              		.loc 1 88 5 view .LVU33
  91:USB_Device/Target/usbd_conf.c ****     {
 171              		.loc 1 91 5 view .LVU34
  91:USB_Device/Target/usbd_conf.c ****     {
 172              		.loc 1 91 8 is_stmt 0 view .LVU35
 173 0040 DB6B     		ldr	r3, [r3, #60]
  91:USB_Device/Target/usbd_conf.c ****     {
 174              		.loc 1 91 7 view .LVU36
 175 0042 DB00     		lsls	r3, r3, #3
 176 0044 1BD4     		bmi	.L10
  93:USB_Device/Target/usbd_conf.c ****       HAL_PWREx_EnableVddUSB();
 177              		.loc 1 93 7 is_stmt 1 view .LVU37
 178              	.LBB3:
  93:USB_Device/Target/usbd_conf.c ****       HAL_PWREx_EnableVddUSB();
 179              		.loc 1 93 7 view .LVU38
  93:USB_Device/Target/usbd_conf.c ****       HAL_PWREx_EnableVddUSB();
 180              		.loc 1 93 7 view .LVU39
 181 0046 104C     		ldr	r4, .L14+4
 182              	.LVL13:
  93:USB_Device/Target/usbd_conf.c ****       HAL_PWREx_EnableVddUSB();
 183              		.loc 1 93 7 is_stmt 0 view .LVU40
 184 0048 E36B     		ldr	r3, [r4, #60]
 185 004a 8022     		movs	r2, #128
 186 004c 5205     		lsls	r2, r2, #21
 187 004e 1343     		orrs	r3, r2
 188 0050 E363     		str	r3, [r4, #60]
  93:USB_Device/Target/usbd_conf.c ****       HAL_PWREx_EnableVddUSB();
 189              		.loc 1 93 7 is_stmt 1 view .LVU41
 190 0052 E36B     		ldr	r3, [r4, #60]
 191 0054 1340     		ands	r3, r2
 192 0056 0293     		str	r3, [sp, #8]
  93:USB_Device/Target/usbd_conf.c ****       HAL_PWREx_EnableVddUSB();
ARM GAS  C:\Users\Domagoj\AppData\Local\Temp\ccmJ3wLi.s 			page 19


 193              		.loc 1 93 7 view .LVU42
 194 0058 029B     		ldr	r3, [sp, #8]
 195              	.LBE3:
  93:USB_Device/Target/usbd_conf.c ****       HAL_PWREx_EnableVddUSB();
 196              		.loc 1 93 7 view .LVU43
  94:USB_Device/Target/usbd_conf.c ****       __HAL_RCC_PWR_CLK_DISABLE();
 197              		.loc 1 94 7 view .LVU44
 198 005a FFF7FEFF 		bl	HAL_PWREx_EnableVddUSB
 199              	.LVL14:
  95:USB_Device/Target/usbd_conf.c ****     }
 200              		.loc 1 95 7 view .LVU45
 201 005e E36B     		ldr	r3, [r4, #60]
 202 0060 0A4A     		ldr	r2, .L14+8
 203 0062 1340     		ands	r3, r2
 204 0064 E363     		str	r3, [r4, #60]
 205              	.L11:
 103:USB_Device/Target/usbd_conf.c ****     HAL_NVIC_EnableIRQ(USB_UCPD1_2_IRQn);
 206              		.loc 1 103 5 view .LVU46
 207 0066 0022     		movs	r2, #0
 208 0068 0021     		movs	r1, #0
 209 006a 0820     		movs	r0, #8
 210 006c FFF7FEFF 		bl	HAL_NVIC_SetPriority
 211              	.LVL15:
 104:USB_Device/Target/usbd_conf.c ****   /* USER CODE BEGIN USB_DRD_FS_MspInit 1 */
 212              		.loc 1 104 5 view .LVU47
 213 0070 0820     		movs	r0, #8
 214 0072 FFF7FEFF 		bl	HAL_NVIC_EnableIRQ
 215              	.LVL16:
 109:USB_Device/Target/usbd_conf.c **** 
 216              		.loc 1 109 1 is_stmt 0 view .LVU48
 217 0076 CFE7     		b	.L7
 218              	.LVL17:
 219              	.L13:
  84:USB_Device/Target/usbd_conf.c ****     }
 220              		.loc 1 84 7 is_stmt 1 view .LVU49
 221 0078 FFF7FEFF 		bl	Error_Handler
 222              	.LVL18:
 223 007c D6E7     		b	.L9
 224              	.L10:
  99:USB_Device/Target/usbd_conf.c ****     }
 225              		.loc 1 99 7 view .LVU50
 226 007e FFF7FEFF 		bl	HAL_PWREx_EnableVddUSB
 227              	.LVL19:
 228 0082 F0E7     		b	.L11
 229              	.L15:
 230              		.align	2
 231              	.L14:
 232 0084 005C0040 		.word	1073765376
 233 0088 00100240 		.word	1073876992
 234 008c FFFFFFEF 		.word	-268435457
 235              		.cfi_endproc
 236              	.LFE370:
 238              		.section	.text.HAL_PCD_MspDeInit,"ax",%progbits
 239              		.align	1
 240              		.global	HAL_PCD_MspDeInit
 241              		.syntax unified
 242              		.code	16
ARM GAS  C:\Users\Domagoj\AppData\Local\Temp\ccmJ3wLi.s 			page 20


 243              		.thumb_func
 245              	HAL_PCD_MspDeInit:
 246              	.LVL20:
 247              	.LFB371:
 112:USB_Device/Target/usbd_conf.c ****   if(pcdHandle->Instance==USB_DRD_FS)
 248              		.loc 1 112 1 view -0
 249              		.cfi_startproc
 250              		@ args = 0, pretend = 0, frame = 0
 251              		@ frame_needed = 0, uses_anonymous_args = 0
 112:USB_Device/Target/usbd_conf.c ****   if(pcdHandle->Instance==USB_DRD_FS)
 252              		.loc 1 112 1 is_stmt 0 view .LVU52
 253 0000 10B5     		push	{r4, lr}
 254              	.LCFI3:
 255              		.cfi_def_cfa_offset 8
 256              		.cfi_offset 4, -8
 257              		.cfi_offset 14, -4
 113:USB_Device/Target/usbd_conf.c ****   {
 258              		.loc 1 113 3 is_stmt 1 view .LVU53
 113:USB_Device/Target/usbd_conf.c ****   {
 259              		.loc 1 113 15 is_stmt 0 view .LVU54
 260 0002 0268     		ldr	r2, [r0]
 113:USB_Device/Target/usbd_conf.c ****   {
 261              		.loc 1 113 5 view .LVU55
 262 0004 064B     		ldr	r3, .L19
 263 0006 9A42     		cmp	r2, r3
 264 0008 00D0     		beq	.L18
 265              	.LVL21:
 266              	.L16:
 128:USB_Device/Target/usbd_conf.c **** 
 267              		.loc 1 128 1 view .LVU56
 268              		@ sp needed
 269 000a 10BD     		pop	{r4, pc}
 270              	.LVL22:
 271              	.L18:
 119:USB_Device/Target/usbd_conf.c **** 
 272              		.loc 1 119 5 is_stmt 1 view .LVU57
 273 000c 054A     		ldr	r2, .L19+4
 274 000e D36B     		ldr	r3, [r2, #60]
 275 0010 0549     		ldr	r1, .L19+8
 276 0012 0B40     		ands	r3, r1
 277 0014 D363     		str	r3, [r2, #60]
 122:USB_Device/Target/usbd_conf.c **** 
 278              		.loc 1 122 5 view .LVU58
 279 0016 0820     		movs	r0, #8
 280              	.LVL23:
 122:USB_Device/Target/usbd_conf.c **** 
 281              		.loc 1 122 5 is_stmt 0 view .LVU59
 282 0018 FFF7FEFF 		bl	HAL_NVIC_DisableIRQ
 283              	.LVL24:
 128:USB_Device/Target/usbd_conf.c **** 
 284              		.loc 1 128 1 view .LVU60
 285 001c F5E7     		b	.L16
 286              	.L20:
 287 001e C046     		.align	2
 288              	.L19:
 289 0020 005C0040 		.word	1073765376
 290 0024 00100240 		.word	1073876992
ARM GAS  C:\Users\Domagoj\AppData\Local\Temp\ccmJ3wLi.s 			page 21


 291 0028 FFDFFFFF 		.word	-8193
 292              		.cfi_endproc
 293              	.LFE371:
 295              		.section	.text.HAL_PCD_SetupStageCallback,"ax",%progbits
 296              		.align	1
 297              		.global	HAL_PCD_SetupStageCallback
 298              		.syntax unified
 299              		.code	16
 300              		.thumb_func
 302              	HAL_PCD_SetupStageCallback:
 303              	.LVL25:
 304              	.LFB372:
 140:USB_Device/Target/usbd_conf.c ****   /* USER CODE BEGIN HAL_PCD_SetupStageCallback_PreTreatment */
 305              		.loc 1 140 1 is_stmt 1 view -0
 306              		.cfi_startproc
 307              		@ args = 0, pretend = 0, frame = 0
 308              		@ frame_needed = 0, uses_anonymous_args = 0
 140:USB_Device/Target/usbd_conf.c ****   /* USER CODE BEGIN HAL_PCD_SetupStageCallback_PreTreatment */
 309              		.loc 1 140 1 is_stmt 0 view .LVU62
 310 0000 10B5     		push	{r4, lr}
 311              	.LCFI4:
 312              		.cfi_def_cfa_offset 8
 313              		.cfi_offset 4, -8
 314              		.cfi_offset 14, -4
 315 0002 0100     		movs	r1, r0
 144:USB_Device/Target/usbd_conf.c ****   /* USER CODE BEGIN HAL_PCD_SetupStageCallback_PostTreatment */
 316              		.loc 1 144 3 is_stmt 1 view .LVU63
 144:USB_Device/Target/usbd_conf.c ****   /* USER CODE BEGIN HAL_PCD_SetupStageCallback_PostTreatment */
 317              		.loc 1 144 47 is_stmt 0 view .LVU64
 318 0004 B723     		movs	r3, #183
 319 0006 9B00     		lsls	r3, r3, #2
 320 0008 C058     		ldr	r0, [r0, r3]
 321              	.LVL26:
 144:USB_Device/Target/usbd_conf.c ****   /* USER CODE BEGIN HAL_PCD_SetupStageCallback_PostTreatment */
 322              		.loc 1 144 67 view .LVU65
 323 000a 403B     		subs	r3, r3, #64
 324 000c 9C46     		mov	ip, r3
 325 000e 6144     		add	r1, r1, ip
 326              	.LVL27:
 144:USB_Device/Target/usbd_conf.c ****   /* USER CODE BEGIN HAL_PCD_SetupStageCallback_PostTreatment */
 327              		.loc 1 144 3 view .LVU66
 328 0010 FFF7FEFF 		bl	USBD_LL_SetupStage
 329              	.LVL28:
 148:USB_Device/Target/usbd_conf.c **** 
 330              		.loc 1 148 1 view .LVU67
 331              		@ sp needed
 332 0014 10BD     		pop	{r4, pc}
 333              		.cfi_endproc
 334              	.LFE372:
 336              		.section	.text.HAL_PCD_DataOutStageCallback,"ax",%progbits
 337              		.align	1
 338              		.global	HAL_PCD_DataOutStageCallback
 339              		.syntax unified
 340              		.code	16
 341              		.thumb_func
 343              	HAL_PCD_DataOutStageCallback:
 344              	.LVL29:
ARM GAS  C:\Users\Domagoj\AppData\Local\Temp\ccmJ3wLi.s 			page 22


 345              	.LFB373:
 161:USB_Device/Target/usbd_conf.c ****   /* USER CODE BEGIN HAL_PCD_DataOutStageCallback_PreTreatment */
 346              		.loc 1 161 1 is_stmt 1 view -0
 347              		.cfi_startproc
 348              		@ args = 0, pretend = 0, frame = 0
 349              		@ frame_needed = 0, uses_anonymous_args = 0
 161:USB_Device/Target/usbd_conf.c ****   /* USER CODE BEGIN HAL_PCD_DataOutStageCallback_PreTreatment */
 350              		.loc 1 161 1 is_stmt 0 view .LVU69
 351 0000 10B5     		push	{r4, lr}
 352              	.LCFI5:
 353              		.cfi_def_cfa_offset 8
 354              		.cfi_offset 4, -8
 355              		.cfi_offset 14, -4
 356 0002 0300     		movs	r3, r0
 165:USB_Device/Target/usbd_conf.c ****   /* USER CODE BEGIN HAL_PCD_DataOutStageCallback_PostTreatment */
 357              		.loc 1 165 3 is_stmt 1 view .LVU70
 165:USB_Device/Target/usbd_conf.c ****   /* USER CODE BEGIN HAL_PCD_DataOutStageCallback_PostTreatment */
 358              		.loc 1 165 49 is_stmt 0 view .LVU71
 359 0004 B722     		movs	r2, #183
 360 0006 9200     		lsls	r2, r2, #2
 361 0008 8058     		ldr	r0, [r0, r2]
 362              	.LVL30:
 165:USB_Device/Target/usbd_conf.c ****   /* USER CODE BEGIN HAL_PCD_DataOutStageCallback_PostTreatment */
 363              		.loc 1 165 3 view .LVU72
 364 000a 8A00     		lsls	r2, r1, #2
 365 000c 5218     		adds	r2, r2, r1
 366 000e D200     		lsls	r2, r2, #3
 367 0010 9B18     		adds	r3, r3, r2
 368              	.LVL31:
 165:USB_Device/Target/usbd_conf.c ****   /* USER CODE BEGIN HAL_PCD_DataOutStageCallback_PostTreatment */
 369              		.loc 1 165 3 view .LVU73
 370 0012 6933     		adds	r3, r3, #105
 371 0014 FF33     		adds	r3, r3, #255
 372 0016 1A68     		ldr	r2, [r3]
 373 0018 FFF7FEFF 		bl	USBD_LL_DataOutStage
 374              	.LVL32:
 169:USB_Device/Target/usbd_conf.c **** 
 375              		.loc 1 169 1 view .LVU74
 376              		@ sp needed
 377 001c 10BD     		pop	{r4, pc}
 378              		.cfi_endproc
 379              	.LFE373:
 381              		.section	.text.HAL_PCD_DataInStageCallback,"ax",%progbits
 382              		.align	1
 383              		.global	HAL_PCD_DataInStageCallback
 384              		.syntax unified
 385              		.code	16
 386              		.thumb_func
 388              	HAL_PCD_DataInStageCallback:
 389              	.LVL33:
 390              	.LFB374:
 182:USB_Device/Target/usbd_conf.c ****   /* USER CODE BEGIN HAL_PCD_DataInStageCallback_PreTreatment */
 391              		.loc 1 182 1 is_stmt 1 view -0
 392              		.cfi_startproc
 393              		@ args = 0, pretend = 0, frame = 0
 394              		@ frame_needed = 0, uses_anonymous_args = 0
 182:USB_Device/Target/usbd_conf.c ****   /* USER CODE BEGIN HAL_PCD_DataInStageCallback_PreTreatment */
ARM GAS  C:\Users\Domagoj\AppData\Local\Temp\ccmJ3wLi.s 			page 23


 395              		.loc 1 182 1 is_stmt 0 view .LVU76
 396 0000 10B5     		push	{r4, lr}
 397              	.LCFI6:
 398              		.cfi_def_cfa_offset 8
 399              		.cfi_offset 4, -8
 400              		.cfi_offset 14, -4
 401 0002 0300     		movs	r3, r0
 186:USB_Device/Target/usbd_conf.c ****   /* USER CODE BEGIN HAL_PCD_DataInStageCallback_PostTreatment  */
 402              		.loc 1 186 3 is_stmt 1 view .LVU77
 186:USB_Device/Target/usbd_conf.c ****   /* USER CODE BEGIN HAL_PCD_DataInStageCallback_PostTreatment  */
 403              		.loc 1 186 48 is_stmt 0 view .LVU78
 404 0004 B722     		movs	r2, #183
 405 0006 9200     		lsls	r2, r2, #2
 406 0008 8058     		ldr	r0, [r0, r2]
 407              	.LVL34:
 186:USB_Device/Target/usbd_conf.c ****   /* USER CODE BEGIN HAL_PCD_DataInStageCallback_PostTreatment  */
 408              		.loc 1 186 3 view .LVU79
 409 000a 8A00     		lsls	r2, r1, #2
 410 000c 5218     		adds	r2, r2, r1
 411 000e D200     		lsls	r2, r2, #3
 412 0010 9B18     		adds	r3, r3, r2
 413              	.LVL35:
 186:USB_Device/Target/usbd_conf.c ****   /* USER CODE BEGIN HAL_PCD_DataInStageCallback_PostTreatment  */
 414              		.loc 1 186 3 view .LVU80
 415 0012 9A6A     		ldr	r2, [r3, #40]
 416 0014 FFF7FEFF 		bl	USBD_LL_DataInStage
 417              	.LVL36:
 190:USB_Device/Target/usbd_conf.c **** 
 418              		.loc 1 190 1 view .LVU81
 419              		@ sp needed
 420 0018 10BD     		pop	{r4, pc}
 421              		.cfi_endproc
 422              	.LFE374:
 424              		.section	.text.HAL_PCD_SOFCallback,"ax",%progbits
 425              		.align	1
 426              		.global	HAL_PCD_SOFCallback
 427              		.syntax unified
 428              		.code	16
 429              		.thumb_func
 431              	HAL_PCD_SOFCallback:
 432              	.LVL37:
 433              	.LFB375:
 202:USB_Device/Target/usbd_conf.c ****   /* USER CODE BEGIN HAL_PCD_SOFCallback_PreTreatment */
 434              		.loc 1 202 1 is_stmt 1 view -0
 435              		.cfi_startproc
 436              		@ args = 0, pretend = 0, frame = 0
 437              		@ frame_needed = 0, uses_anonymous_args = 0
 202:USB_Device/Target/usbd_conf.c ****   /* USER CODE BEGIN HAL_PCD_SOFCallback_PreTreatment */
 438              		.loc 1 202 1 is_stmt 0 view .LVU83
 439 0000 10B5     		push	{r4, lr}
 440              	.LCFI7:
 441              		.cfi_def_cfa_offset 8
 442              		.cfi_offset 4, -8
 443              		.cfi_offset 14, -4
 206:USB_Device/Target/usbd_conf.c ****   /* USER CODE BEGIN HAL_PCD_SOFCallback_PostTreatment */
 444              		.loc 1 206 3 is_stmt 1 view .LVU84
 206:USB_Device/Target/usbd_conf.c ****   /* USER CODE BEGIN HAL_PCD_SOFCallback_PostTreatment */
ARM GAS  C:\Users\Domagoj\AppData\Local\Temp\ccmJ3wLi.s 			page 24


 445              		.loc 1 206 40 is_stmt 0 view .LVU85
 446 0002 B723     		movs	r3, #183
 447 0004 9B00     		lsls	r3, r3, #2
 448 0006 C058     		ldr	r0, [r0, r3]
 449              	.LVL38:
 206:USB_Device/Target/usbd_conf.c ****   /* USER CODE BEGIN HAL_PCD_SOFCallback_PostTreatment */
 450              		.loc 1 206 3 view .LVU86
 451 0008 FFF7FEFF 		bl	USBD_LL_SOF
 452              	.LVL39:
 210:USB_Device/Target/usbd_conf.c **** 
 453              		.loc 1 210 1 view .LVU87
 454              		@ sp needed
 455 000c 10BD     		pop	{r4, pc}
 456              		.cfi_endproc
 457              	.LFE375:
 459              		.section	.text.HAL_PCD_ResetCallback,"ax",%progbits
 460              		.align	1
 461              		.global	HAL_PCD_ResetCallback
 462              		.syntax unified
 463              		.code	16
 464              		.thumb_func
 466              	HAL_PCD_ResetCallback:
 467              	.LVL40:
 468              	.LFB376:
 222:USB_Device/Target/usbd_conf.c ****   /* USER CODE BEGIN HAL_PCD_ResetCallback_PreTreatment */
 469              		.loc 1 222 1 is_stmt 1 view -0
 470              		.cfi_startproc
 471              		@ args = 0, pretend = 0, frame = 0
 472              		@ frame_needed = 0, uses_anonymous_args = 0
 222:USB_Device/Target/usbd_conf.c ****   /* USER CODE BEGIN HAL_PCD_ResetCallback_PreTreatment */
 473              		.loc 1 222 1 is_stmt 0 view .LVU89
 474 0000 70B5     		push	{r4, r5, r6, lr}
 475              	.LCFI8:
 476              		.cfi_def_cfa_offset 16
 477              		.cfi_offset 4, -16
 478              		.cfi_offset 5, -12
 479              		.cfi_offset 6, -8
 480              		.cfi_offset 14, -4
 481 0002 0400     		movs	r4, r0
 226:USB_Device/Target/usbd_conf.c ****   if (hpcd->Init.speed != USBD_FS_SPEED)
 482              		.loc 1 226 3 is_stmt 1 view .LVU90
 483              	.LVL41:
 227:USB_Device/Target/usbd_conf.c ****   {
 484              		.loc 1 227 3 view .LVU91
 227:USB_Device/Target/usbd_conf.c ****   {
 485              		.loc 1 227 17 is_stmt 0 view .LVU92
 486 0004 C379     		ldrb	r3, [r0, #7]
 227:USB_Device/Target/usbd_conf.c ****   {
 487              		.loc 1 227 6 view .LVU93
 488 0006 022B     		cmp	r3, #2
 489 0008 09D1     		bne	.L27
 490              	.LVL42:
 491              	.L26:
 232:USB_Device/Target/usbd_conf.c **** 
 492              		.loc 1 232 3 is_stmt 1 view .LVU94
 232:USB_Device/Target/usbd_conf.c **** 
 493              		.loc 1 232 45 is_stmt 0 view .LVU95
ARM GAS  C:\Users\Domagoj\AppData\Local\Temp\ccmJ3wLi.s 			page 25


 494 000a B725     		movs	r5, #183
 495 000c AD00     		lsls	r5, r5, #2
 496 000e 6059     		ldr	r0, [r4, r5]
 232:USB_Device/Target/usbd_conf.c **** 
 497              		.loc 1 232 3 view .LVU96
 498 0010 0121     		movs	r1, #1
 499 0012 FFF7FEFF 		bl	USBD_LL_SetSpeed
 500              	.LVL43:
 235:USB_Device/Target/usbd_conf.c ****   /* USER CODE BEGIN HAL_PCD_ResetCallback_PostTreatment */
 501              		.loc 1 235 3 is_stmt 1 view .LVU97
 235:USB_Device/Target/usbd_conf.c ****   /* USER CODE BEGIN HAL_PCD_ResetCallback_PostTreatment */
 502              		.loc 1 235 42 is_stmt 0 view .LVU98
 503 0016 6059     		ldr	r0, [r4, r5]
 235:USB_Device/Target/usbd_conf.c ****   /* USER CODE BEGIN HAL_PCD_ResetCallback_PostTreatment */
 504              		.loc 1 235 3 view .LVU99
 505 0018 FFF7FEFF 		bl	USBD_LL_Reset
 506              	.LVL44:
 239:USB_Device/Target/usbd_conf.c **** 
 507              		.loc 1 239 1 view .LVU100
 508              		@ sp needed
 509              	.LVL45:
 239:USB_Device/Target/usbd_conf.c **** 
 510              		.loc 1 239 1 view .LVU101
 511 001c 70BD     		pop	{r4, r5, r6, pc}
 512              	.LVL46:
 513              	.L27:
 229:USB_Device/Target/usbd_conf.c ****   }
 514              		.loc 1 229 5 is_stmt 1 view .LVU102
 515 001e FFF7FEFF 		bl	Error_Handler
 516              	.LVL47:
 229:USB_Device/Target/usbd_conf.c ****   }
 517              		.loc 1 229 5 is_stmt 0 view .LVU103
 518 0022 F2E7     		b	.L26
 519              		.cfi_endproc
 520              	.LFE376:
 522              		.section	.text.HAL_PCD_SuspendCallback,"ax",%progbits
 523              		.align	1
 524              		.global	HAL_PCD_SuspendCallback
 525              		.syntax unified
 526              		.code	16
 527              		.thumb_func
 529              	HAL_PCD_SuspendCallback:
 530              	.LVL48:
 531              	.LFB377:
 252:USB_Device/Target/usbd_conf.c ****   /* USER CODE BEGIN HAL_PCD_SuspendCallback_PreTreatment */
 532              		.loc 1 252 1 is_stmt 1 view -0
 533              		.cfi_startproc
 534              		@ args = 0, pretend = 0, frame = 0
 535              		@ frame_needed = 0, uses_anonymous_args = 0
 252:USB_Device/Target/usbd_conf.c ****   /* USER CODE BEGIN HAL_PCD_SuspendCallback_PreTreatment */
 536              		.loc 1 252 1 is_stmt 0 view .LVU105
 537 0000 10B5     		push	{r4, lr}
 538              	.LCFI9:
 539              		.cfi_def_cfa_offset 8
 540              		.cfi_offset 4, -8
 541              		.cfi_offset 14, -4
 542 0002 0400     		movs	r4, r0
ARM GAS  C:\Users\Domagoj\AppData\Local\Temp\ccmJ3wLi.s 			page 26


 258:USB_Device/Target/usbd_conf.c ****   /* Enter in STOP mode. */
 543              		.loc 1 258 3 is_stmt 1 view .LVU106
 258:USB_Device/Target/usbd_conf.c ****   /* Enter in STOP mode. */
 544              		.loc 1 258 44 is_stmt 0 view .LVU107
 545 0004 B723     		movs	r3, #183
 546 0006 9B00     		lsls	r3, r3, #2
 547 0008 C058     		ldr	r0, [r0, r3]
 548              	.LVL49:
 258:USB_Device/Target/usbd_conf.c ****   /* Enter in STOP mode. */
 549              		.loc 1 258 3 view .LVU108
 550 000a FFF7FEFF 		bl	USBD_LL_Suspend
 551              	.LVL50:
 261:USB_Device/Target/usbd_conf.c ****   {
 552              		.loc 1 261 3 is_stmt 1 view .LVU109
 261:USB_Device/Target/usbd_conf.c ****   {
 553              		.loc 1 261 17 is_stmt 0 view .LVU110
 554 000e E37A     		ldrb	r3, [r4, #11]
 261:USB_Device/Target/usbd_conf.c ****   {
 555              		.loc 1 261 6 view .LVU111
 556 0010 002B     		cmp	r3, #0
 557 0012 04D0     		beq	.L28
 264:USB_Device/Target/usbd_conf.c ****   }
 558              		.loc 1 264 5 is_stmt 1 view .LVU112
 264:USB_Device/Target/usbd_conf.c ****   }
 559              		.loc 1 264 8 is_stmt 0 view .LVU113
 560 0014 024A     		ldr	r2, .L30
 561 0016 1369     		ldr	r3, [r2, #16]
 264:USB_Device/Target/usbd_conf.c ****   }
 562              		.loc 1 264 14 view .LVU114
 563 0018 0621     		movs	r1, #6
 564 001a 0B43     		orrs	r3, r1
 565 001c 1361     		str	r3, [r2, #16]
 566              	.L28:
 270:USB_Device/Target/usbd_conf.c **** 
 567              		.loc 1 270 1 view .LVU115
 568              		@ sp needed
 569              	.LVL51:
 270:USB_Device/Target/usbd_conf.c **** 
 570              		.loc 1 270 1 view .LVU116
 571 001e 10BD     		pop	{r4, pc}
 572              	.L31:
 573              		.align	2
 574              	.L30:
 575 0020 00ED00E0 		.word	-536810240
 576              		.cfi_endproc
 577              	.LFE377:
 579              		.section	.text.HAL_PCD_ResumeCallback,"ax",%progbits
 580              		.align	1
 581              		.global	HAL_PCD_ResumeCallback
 582              		.syntax unified
 583              		.code	16
 584              		.thumb_func
 586              	HAL_PCD_ResumeCallback:
 587              	.LVL52:
 588              	.LFB378:
 283:USB_Device/Target/usbd_conf.c ****   /* USER CODE BEGIN HAL_PCD_ResumeCallback_PreTreatment */
 589              		.loc 1 283 1 is_stmt 1 view -0
ARM GAS  C:\Users\Domagoj\AppData\Local\Temp\ccmJ3wLi.s 			page 27


 590              		.cfi_startproc
 591              		@ args = 0, pretend = 0, frame = 0
 592              		@ frame_needed = 0, uses_anonymous_args = 0
 283:USB_Device/Target/usbd_conf.c ****   /* USER CODE BEGIN HAL_PCD_ResumeCallback_PreTreatment */
 593              		.loc 1 283 1 is_stmt 0 view .LVU118
 594 0000 10B5     		push	{r4, lr}
 595              	.LCFI10:
 596              		.cfi_def_cfa_offset 8
 597              		.cfi_offset 4, -8
 598              		.cfi_offset 14, -4
 599 0002 0400     		movs	r4, r0
 290:USB_Device/Target/usbd_conf.c ****   {
 600              		.loc 1 290 3 is_stmt 1 view .LVU119
 290:USB_Device/Target/usbd_conf.c ****   {
 601              		.loc 1 290 17 is_stmt 0 view .LVU120
 602 0004 C37A     		ldrb	r3, [r0, #11]
 290:USB_Device/Target/usbd_conf.c ****   {
 603              		.loc 1 290 6 view .LVU121
 604 0006 002B     		cmp	r3, #0
 605 0008 05D1     		bne	.L34
 606              	.LVL53:
 607              	.L33:
 298:USB_Device/Target/usbd_conf.c ****   /* USER CODE BEGIN HAL_PCD_ResumeCallback_PostTreatment */
 608              		.loc 1 298 3 is_stmt 1 view .LVU122
 298:USB_Device/Target/usbd_conf.c ****   /* USER CODE BEGIN HAL_PCD_ResumeCallback_PostTreatment */
 609              		.loc 1 298 43 is_stmt 0 view .LVU123
 610 000a B723     		movs	r3, #183
 611 000c 9B00     		lsls	r3, r3, #2
 612 000e E058     		ldr	r0, [r4, r3]
 298:USB_Device/Target/usbd_conf.c ****   /* USER CODE BEGIN HAL_PCD_ResumeCallback_PostTreatment */
 613              		.loc 1 298 3 view .LVU124
 614 0010 FFF7FEFF 		bl	USBD_LL_Resume
 615              	.LVL54:
 302:USB_Device/Target/usbd_conf.c **** 
 616              		.loc 1 302 1 view .LVU125
 617              		@ sp needed
 618              	.LVL55:
 302:USB_Device/Target/usbd_conf.c **** 
 619              		.loc 1 302 1 view .LVU126
 620 0014 10BD     		pop	{r4, pc}
 621              	.LVL56:
 622              	.L34:
 293:USB_Device/Target/usbd_conf.c ****     SystemClockConfig_Resume();
 623              		.loc 1 293 5 is_stmt 1 view .LVU127
 293:USB_Device/Target/usbd_conf.c ****     SystemClockConfig_Resume();
 624              		.loc 1 293 8 is_stmt 0 view .LVU128
 625 0016 044A     		ldr	r2, .L35
 626 0018 1369     		ldr	r3, [r2, #16]
 293:USB_Device/Target/usbd_conf.c ****     SystemClockConfig_Resume();
 627              		.loc 1 293 14 view .LVU129
 628 001a 0621     		movs	r1, #6
 629 001c 8B43     		bics	r3, r1
 630 001e 1361     		str	r3, [r2, #16]
 294:USB_Device/Target/usbd_conf.c ****   }
 631              		.loc 1 294 5 is_stmt 1 view .LVU130
 632 0020 FFF7FEFF 		bl	SystemClockConfig_Resume
 633              	.LVL57:
ARM GAS  C:\Users\Domagoj\AppData\Local\Temp\ccmJ3wLi.s 			page 28


 294:USB_Device/Target/usbd_conf.c ****   }
 634              		.loc 1 294 5 is_stmt 0 view .LVU131
 635 0024 F1E7     		b	.L33
 636              	.L36:
 637 0026 C046     		.align	2
 638              	.L35:
 639 0028 00ED00E0 		.word	-536810240
 640              		.cfi_endproc
 641              	.LFE378:
 643              		.section	.text.HAL_PCD_ISOOUTIncompleteCallback,"ax",%progbits
 644              		.align	1
 645              		.global	HAL_PCD_ISOOUTIncompleteCallback
 646              		.syntax unified
 647              		.code	16
 648              		.thumb_func
 650              	HAL_PCD_ISOOUTIncompleteCallback:
 651              	.LVL58:
 652              	.LFB379:
 315:USB_Device/Target/usbd_conf.c ****   /* USER CODE BEGIN HAL_PCD_ISOOUTIncompleteCallback_PreTreatment */
 653              		.loc 1 315 1 is_stmt 1 view -0
 654              		.cfi_startproc
 655              		@ args = 0, pretend = 0, frame = 0
 656              		@ frame_needed = 0, uses_anonymous_args = 0
 315:USB_Device/Target/usbd_conf.c ****   /* USER CODE BEGIN HAL_PCD_ISOOUTIncompleteCallback_PreTreatment */
 657              		.loc 1 315 1 is_stmt 0 view .LVU133
 658 0000 10B5     		push	{r4, lr}
 659              	.LCFI11:
 660              		.cfi_def_cfa_offset 8
 661              		.cfi_offset 4, -8
 662              		.cfi_offset 14, -4
 319:USB_Device/Target/usbd_conf.c ****   /* USER CODE BEGIN HAL_PCD_ISOOUTIncompleteCallback_PostTreatment */
 663              		.loc 1 319 3 is_stmt 1 view .LVU134
 319:USB_Device/Target/usbd_conf.c ****   /* USER CODE BEGIN HAL_PCD_ISOOUTIncompleteCallback_PostTreatment */
 664              		.loc 1 319 53 is_stmt 0 view .LVU135
 665 0002 B723     		movs	r3, #183
 666 0004 9B00     		lsls	r3, r3, #2
 667 0006 C058     		ldr	r0, [r0, r3]
 668              	.LVL59:
 319:USB_Device/Target/usbd_conf.c ****   /* USER CODE BEGIN HAL_PCD_ISOOUTIncompleteCallback_PostTreatment */
 669              		.loc 1 319 3 view .LVU136
 670 0008 FFF7FEFF 		bl	USBD_LL_IsoOUTIncomplete
 671              	.LVL60:
 323:USB_Device/Target/usbd_conf.c **** 
 672              		.loc 1 323 1 view .LVU137
 673              		@ sp needed
 674 000c 10BD     		pop	{r4, pc}
 675              		.cfi_endproc
 676              	.LFE379:
 678              		.section	.text.HAL_PCD_ISOINIncompleteCallback,"ax",%progbits
 679              		.align	1
 680              		.global	HAL_PCD_ISOINIncompleteCallback
 681              		.syntax unified
 682              		.code	16
 683              		.thumb_func
 685              	HAL_PCD_ISOINIncompleteCallback:
 686              	.LVL61:
 687              	.LFB380:
ARM GAS  C:\Users\Domagoj\AppData\Local\Temp\ccmJ3wLi.s 			page 29


 336:USB_Device/Target/usbd_conf.c ****   /* USER CODE BEGIN HAL_PCD_ISOINIncompleteCallback_PreTreatment */
 688              		.loc 1 336 1 is_stmt 1 view -0
 689              		.cfi_startproc
 690              		@ args = 0, pretend = 0, frame = 0
 691              		@ frame_needed = 0, uses_anonymous_args = 0
 336:USB_Device/Target/usbd_conf.c ****   /* USER CODE BEGIN HAL_PCD_ISOINIncompleteCallback_PreTreatment */
 692              		.loc 1 336 1 is_stmt 0 view .LVU139
 693 0000 10B5     		push	{r4, lr}
 694              	.LCFI12:
 695              		.cfi_def_cfa_offset 8
 696              		.cfi_offset 4, -8
 697              		.cfi_offset 14, -4
 340:USB_Device/Target/usbd_conf.c ****   /* USER CODE BEGIN HAL_PCD_ISOINIncompleteCallback_PostTreatment */
 698              		.loc 1 340 3 is_stmt 1 view .LVU140
 340:USB_Device/Target/usbd_conf.c ****   /* USER CODE BEGIN HAL_PCD_ISOINIncompleteCallback_PostTreatment */
 699              		.loc 1 340 52 is_stmt 0 view .LVU141
 700 0002 B723     		movs	r3, #183
 701 0004 9B00     		lsls	r3, r3, #2
 702 0006 C058     		ldr	r0, [r0, r3]
 703              	.LVL62:
 340:USB_Device/Target/usbd_conf.c ****   /* USER CODE BEGIN HAL_PCD_ISOINIncompleteCallback_PostTreatment */
 704              		.loc 1 340 3 view .LVU142
 705 0008 FFF7FEFF 		bl	USBD_LL_IsoINIncomplete
 706              	.LVL63:
 344:USB_Device/Target/usbd_conf.c **** 
 707              		.loc 1 344 1 view .LVU143
 708              		@ sp needed
 709 000c 10BD     		pop	{r4, pc}
 710              		.cfi_endproc
 711              	.LFE380:
 713              		.section	.text.HAL_PCD_ConnectCallback,"ax",%progbits
 714              		.align	1
 715              		.global	HAL_PCD_ConnectCallback
 716              		.syntax unified
 717              		.code	16
 718              		.thumb_func
 720              	HAL_PCD_ConnectCallback:
 721              	.LVL64:
 722              	.LFB381:
 356:USB_Device/Target/usbd_conf.c ****   /* USER CODE BEGIN HAL_PCD_ConnectCallback_PreTreatment */
 723              		.loc 1 356 1 is_stmt 1 view -0
 724              		.cfi_startproc
 725              		@ args = 0, pretend = 0, frame = 0
 726              		@ frame_needed = 0, uses_anonymous_args = 0
 356:USB_Device/Target/usbd_conf.c ****   /* USER CODE BEGIN HAL_PCD_ConnectCallback_PreTreatment */
 727              		.loc 1 356 1 is_stmt 0 view .LVU145
 728 0000 10B5     		push	{r4, lr}
 729              	.LCFI13:
 730              		.cfi_def_cfa_offset 8
 731              		.cfi_offset 4, -8
 732              		.cfi_offset 14, -4
 360:USB_Device/Target/usbd_conf.c ****   /* USER CODE BEGIN HAL_PCD_ConnectCallback_PostTreatment */
 733              		.loc 1 360 3 is_stmt 1 view .LVU146
 360:USB_Device/Target/usbd_conf.c ****   /* USER CODE BEGIN HAL_PCD_ConnectCallback_PostTreatment */
 734              		.loc 1 360 49 is_stmt 0 view .LVU147
 735 0002 B723     		movs	r3, #183
 736 0004 9B00     		lsls	r3, r3, #2
ARM GAS  C:\Users\Domagoj\AppData\Local\Temp\ccmJ3wLi.s 			page 30


 737 0006 C058     		ldr	r0, [r0, r3]
 738              	.LVL65:
 360:USB_Device/Target/usbd_conf.c ****   /* USER CODE BEGIN HAL_PCD_ConnectCallback_PostTreatment */
 739              		.loc 1 360 3 view .LVU148
 740 0008 FFF7FEFF 		bl	USBD_LL_DevConnected
 741              	.LVL66:
 364:USB_Device/Target/usbd_conf.c **** 
 742              		.loc 1 364 1 view .LVU149
 743              		@ sp needed
 744 000c 10BD     		pop	{r4, pc}
 745              		.cfi_endproc
 746              	.LFE381:
 748              		.section	.text.HAL_PCD_DisconnectCallback,"ax",%progbits
 749              		.align	1
 750              		.global	HAL_PCD_DisconnectCallback
 751              		.syntax unified
 752              		.code	16
 753              		.thumb_func
 755              	HAL_PCD_DisconnectCallback:
 756              	.LVL67:
 757              	.LFB382:
 376:USB_Device/Target/usbd_conf.c ****   /* USER CODE BEGIN HAL_PCD_DisconnectCallback_PreTreatment */
 758              		.loc 1 376 1 is_stmt 1 view -0
 759              		.cfi_startproc
 760              		@ args = 0, pretend = 0, frame = 0
 761              		@ frame_needed = 0, uses_anonymous_args = 0
 376:USB_Device/Target/usbd_conf.c ****   /* USER CODE BEGIN HAL_PCD_DisconnectCallback_PreTreatment */
 762              		.loc 1 376 1 is_stmt 0 view .LVU151
 763 0000 10B5     		push	{r4, lr}
 764              	.LCFI14:
 765              		.cfi_def_cfa_offset 8
 766              		.cfi_offset 4, -8
 767              		.cfi_offset 14, -4
 380:USB_Device/Target/usbd_conf.c ****   /* USER CODE BEGIN HAL_PCD_DisconnectCallback_PostTreatment */
 768              		.loc 1 380 3 is_stmt 1 view .LVU152
 380:USB_Device/Target/usbd_conf.c ****   /* USER CODE BEGIN HAL_PCD_DisconnectCallback_PostTreatment */
 769              		.loc 1 380 52 is_stmt 0 view .LVU153
 770 0002 B723     		movs	r3, #183
 771 0004 9B00     		lsls	r3, r3, #2
 772 0006 C058     		ldr	r0, [r0, r3]
 773              	.LVL68:
 380:USB_Device/Target/usbd_conf.c ****   /* USER CODE BEGIN HAL_PCD_DisconnectCallback_PostTreatment */
 774              		.loc 1 380 3 view .LVU154
 775 0008 FFF7FEFF 		bl	USBD_LL_DevDisconnected
 776              	.LVL69:
 384:USB_Device/Target/usbd_conf.c **** 
 777              		.loc 1 384 1 view .LVU155
 778              		@ sp needed
 779 000c 10BD     		pop	{r4, pc}
 780              		.cfi_endproc
 781              	.LFE382:
 783              		.section	.text.USBD_LL_Init,"ax",%progbits
 784              		.align	1
 785              		.global	USBD_LL_Init
 786              		.syntax unified
 787              		.code	16
 788              		.thumb_func
ARM GAS  C:\Users\Domagoj\AppData\Local\Temp\ccmJ3wLi.s 			page 31


 790              	USBD_LL_Init:
 791              	.LVL70:
 792              	.LFB383:
 400:USB_Device/Target/usbd_conf.c ****   /* Init USB Ip. */
 793              		.loc 1 400 1 is_stmt 1 view -0
 794              		.cfi_startproc
 795              		@ args = 0, pretend = 0, frame = 0
 796              		@ frame_needed = 0, uses_anonymous_args = 0
 400:USB_Device/Target/usbd_conf.c ****   /* Init USB Ip. */
 797              		.loc 1 400 1 is_stmt 0 view .LVU157
 798 0000 70B5     		push	{r4, r5, r6, lr}
 799              	.LCFI15:
 800              		.cfi_def_cfa_offset 16
 801              		.cfi_offset 4, -16
 802              		.cfi_offset 5, -12
 803              		.cfi_offset 6, -8
 804              		.cfi_offset 14, -4
 805 0002 0400     		movs	r4, r0
 402:USB_Device/Target/usbd_conf.c ****   /* Link the driver to the stack. */
 806              		.loc 1 402 3 is_stmt 1 view .LVU158
 402:USB_Device/Target/usbd_conf.c ****   /* Link the driver to the stack. */
 807              		.loc 1 402 25 is_stmt 0 view .LVU159
 808 0004 2048     		ldr	r0, .L44
 809              	.LVL71:
 402:USB_Device/Target/usbd_conf.c ****   /* Link the driver to the stack. */
 810              		.loc 1 402 25 view .LVU160
 811 0006 B723     		movs	r3, #183
 812 0008 9B00     		lsls	r3, r3, #2
 813 000a C450     		str	r4, [r0, r3]
 404:USB_Device/Target/usbd_conf.c **** 
 814              		.loc 1 404 3 is_stmt 1 view .LVU161
 404:USB_Device/Target/usbd_conf.c **** 
 815              		.loc 1 404 15 is_stmt 0 view .LVU162
 816 000c 143B     		subs	r3, r3, #20
 817 000e E050     		str	r0, [r4, r3]
 406:USB_Device/Target/usbd_conf.c ****   hpcd_USB_DRD_FS.Init.dev_endpoints = 8;
 818              		.loc 1 406 3 is_stmt 1 view .LVU163
 406:USB_Device/Target/usbd_conf.c ****   hpcd_USB_DRD_FS.Init.dev_endpoints = 8;
 819              		.loc 1 406 28 is_stmt 0 view .LVU164
 820 0010 1E4B     		ldr	r3, .L44+4
 821 0012 0360     		str	r3, [r0]
 407:USB_Device/Target/usbd_conf.c ****   hpcd_USB_DRD_FS.Init.Host_channels = 8;
 822              		.loc 1 407 3 is_stmt 1 view .LVU165
 407:USB_Device/Target/usbd_conf.c ****   hpcd_USB_DRD_FS.Init.Host_channels = 8;
 823              		.loc 1 407 38 is_stmt 0 view .LVU166
 824 0014 0823     		movs	r3, #8
 825 0016 0371     		strb	r3, [r0, #4]
 408:USB_Device/Target/usbd_conf.c ****   hpcd_USB_DRD_FS.Init.speed = PCD_SPEED_FULL;
 826              		.loc 1 408 3 is_stmt 1 view .LVU167
 408:USB_Device/Target/usbd_conf.c ****   hpcd_USB_DRD_FS.Init.speed = PCD_SPEED_FULL;
 827              		.loc 1 408 38 is_stmt 0 view .LVU168
 828 0018 4371     		strb	r3, [r0, #5]
 409:USB_Device/Target/usbd_conf.c ****   hpcd_USB_DRD_FS.Init.phy_itface = PCD_PHY_EMBEDDED;
 829              		.loc 1 409 3 is_stmt 1 view .LVU169
 409:USB_Device/Target/usbd_conf.c ****   hpcd_USB_DRD_FS.Init.phy_itface = PCD_PHY_EMBEDDED;
 830              		.loc 1 409 30 is_stmt 0 view .LVU170
 831 001a 063B     		subs	r3, r3, #6
ARM GAS  C:\Users\Domagoj\AppData\Local\Temp\ccmJ3wLi.s 			page 32


 832 001c C371     		strb	r3, [r0, #7]
 410:USB_Device/Target/usbd_conf.c ****   hpcd_USB_DRD_FS.Init.Sof_enable = DISABLE;
 833              		.loc 1 410 3 is_stmt 1 view .LVU171
 410:USB_Device/Target/usbd_conf.c ****   hpcd_USB_DRD_FS.Init.Sof_enable = DISABLE;
 834              		.loc 1 410 35 is_stmt 0 view .LVU172
 835 001e 4372     		strb	r3, [r0, #9]
 411:USB_Device/Target/usbd_conf.c ****   hpcd_USB_DRD_FS.Init.low_power_enable = DISABLE;
 836              		.loc 1 411 3 is_stmt 1 view .LVU173
 411:USB_Device/Target/usbd_conf.c ****   hpcd_USB_DRD_FS.Init.low_power_enable = DISABLE;
 837              		.loc 1 411 35 is_stmt 0 view .LVU174
 838 0020 0023     		movs	r3, #0
 839 0022 8372     		strb	r3, [r0, #10]
 412:USB_Device/Target/usbd_conf.c ****   hpcd_USB_DRD_FS.Init.lpm_enable = DISABLE;
 840              		.loc 1 412 3 is_stmt 1 view .LVU175
 412:USB_Device/Target/usbd_conf.c ****   hpcd_USB_DRD_FS.Init.lpm_enable = DISABLE;
 841              		.loc 1 412 41 is_stmt 0 view .LVU176
 842 0024 C372     		strb	r3, [r0, #11]
 413:USB_Device/Target/usbd_conf.c ****   hpcd_USB_DRD_FS.Init.battery_charging_enable = DISABLE;
 843              		.loc 1 413 3 is_stmt 1 view .LVU177
 413:USB_Device/Target/usbd_conf.c ****   hpcd_USB_DRD_FS.Init.battery_charging_enable = DISABLE;
 844              		.loc 1 413 35 is_stmt 0 view .LVU178
 845 0026 0373     		strb	r3, [r0, #12]
 414:USB_Device/Target/usbd_conf.c ****   hpcd_USB_DRD_FS.Init.vbus_sensing_enable = DISABLE;
 846              		.loc 1 414 3 is_stmt 1 view .LVU179
 414:USB_Device/Target/usbd_conf.c ****   hpcd_USB_DRD_FS.Init.vbus_sensing_enable = DISABLE;
 847              		.loc 1 414 48 is_stmt 0 view .LVU180
 848 0028 4373     		strb	r3, [r0, #13]
 415:USB_Device/Target/usbd_conf.c ****   hpcd_USB_DRD_FS.Init.bulk_doublebuffer_enable = DISABLE;
 849              		.loc 1 415 3 is_stmt 1 view .LVU181
 415:USB_Device/Target/usbd_conf.c ****   hpcd_USB_DRD_FS.Init.bulk_doublebuffer_enable = DISABLE;
 850              		.loc 1 415 44 is_stmt 0 view .LVU182
 851 002a 8373     		strb	r3, [r0, #14]
 416:USB_Device/Target/usbd_conf.c ****   hpcd_USB_DRD_FS.Init.iso_singlebuffer_enable = DISABLE;
 852              		.loc 1 416 3 is_stmt 1 view .LVU183
 416:USB_Device/Target/usbd_conf.c ****   hpcd_USB_DRD_FS.Init.iso_singlebuffer_enable = DISABLE;
 853              		.loc 1 416 49 is_stmt 0 view .LVU184
 854 002c C373     		strb	r3, [r0, #15]
 417:USB_Device/Target/usbd_conf.c ****   if (HAL_PCD_Init(&hpcd_USB_DRD_FS) != HAL_OK)
 855              		.loc 1 417 3 is_stmt 1 view .LVU185
 417:USB_Device/Target/usbd_conf.c ****   if (HAL_PCD_Init(&hpcd_USB_DRD_FS) != HAL_OK)
 856              		.loc 1 417 48 is_stmt 0 view .LVU186
 857 002e 0374     		strb	r3, [r0, #16]
 418:USB_Device/Target/usbd_conf.c ****   {
 858              		.loc 1 418 3 is_stmt 1 view .LVU187
 418:USB_Device/Target/usbd_conf.c ****   {
 859              		.loc 1 418 7 is_stmt 0 view .LVU188
 860 0030 FFF7FEFF 		bl	HAL_PCD_Init
 861              	.LVL72:
 418:USB_Device/Target/usbd_conf.c ****   {
 862              		.loc 1 418 6 discriminator 1 view .LVU189
 863 0034 0028     		cmp	r0, #0
 864 0036 23D1     		bne	.L43
 865              	.L42:
 445:USB_Device/Target/usbd_conf.c ****   HAL_PCDEx_PMAConfig((PCD_HandleTypeDef*)pdev->pData , 0x80 , PCD_SNG_BUF, 0x58);
 866              		.loc 1 445 3 is_stmt 1 view .LVU190
 445:USB_Device/Target/usbd_conf.c ****   HAL_PCDEx_PMAConfig((PCD_HandleTypeDef*)pdev->pData , 0x80 , PCD_SNG_BUF, 0x58);
 867              		.loc 1 445 47 is_stmt 0 view .LVU191
ARM GAS  C:\Users\Domagoj\AppData\Local\Temp\ccmJ3wLi.s 			page 33


 868 0038 B225     		movs	r5, #178
 869 003a AD00     		lsls	r5, r5, #2
 870 003c 6059     		ldr	r0, [r4, r5]
 445:USB_Device/Target/usbd_conf.c ****   HAL_PCDEx_PMAConfig((PCD_HandleTypeDef*)pdev->pData , 0x80 , PCD_SNG_BUF, 0x58);
 871              		.loc 1 445 3 view .LVU192
 872 003e 1823     		movs	r3, #24
 873 0040 0022     		movs	r2, #0
 874 0042 0021     		movs	r1, #0
 875 0044 FFF7FEFF 		bl	HAL_PCDEx_PMAConfig
 876              	.LVL73:
 446:USB_Device/Target/usbd_conf.c ****   /* USER CODE END EndPoint_Configuration */
 877              		.loc 1 446 3 is_stmt 1 view .LVU193
 446:USB_Device/Target/usbd_conf.c ****   /* USER CODE END EndPoint_Configuration */
 878              		.loc 1 446 47 is_stmt 0 view .LVU194
 879 0048 6059     		ldr	r0, [r4, r5]
 446:USB_Device/Target/usbd_conf.c ****   /* USER CODE END EndPoint_Configuration */
 880              		.loc 1 446 3 view .LVU195
 881 004a 5823     		movs	r3, #88
 882 004c 0022     		movs	r2, #0
 883 004e 8021     		movs	r1, #128
 884 0050 FFF7FEFF 		bl	HAL_PCDEx_PMAConfig
 885              	.LVL74:
 449:USB_Device/Target/usbd_conf.c ****   HAL_PCDEx_PMAConfig((PCD_HandleTypeDef*)pdev->pData , 0x01 , PCD_SNG_BUF, 0x110);
 886              		.loc 1 449 3 is_stmt 1 view .LVU196
 449:USB_Device/Target/usbd_conf.c ****   HAL_PCDEx_PMAConfig((PCD_HandleTypeDef*)pdev->pData , 0x01 , PCD_SNG_BUF, 0x110);
 887              		.loc 1 449 47 is_stmt 0 view .LVU197
 888 0054 6059     		ldr	r0, [r4, r5]
 449:USB_Device/Target/usbd_conf.c ****   HAL_PCDEx_PMAConfig((PCD_HandleTypeDef*)pdev->pData , 0x01 , PCD_SNG_BUF, 0x110);
 889              		.loc 1 449 3 view .LVU198
 890 0056 C023     		movs	r3, #192
 891 0058 0022     		movs	r2, #0
 892 005a 8121     		movs	r1, #129
 893 005c FFF7FEFF 		bl	HAL_PCDEx_PMAConfig
 894              	.LVL75:
 450:USB_Device/Target/usbd_conf.c ****   HAL_PCDEx_PMAConfig((PCD_HandleTypeDef*)pdev->pData , 0x82 , PCD_SNG_BUF, 0x100);
 895              		.loc 1 450 3 is_stmt 1 view .LVU199
 450:USB_Device/Target/usbd_conf.c ****   HAL_PCDEx_PMAConfig((PCD_HandleTypeDef*)pdev->pData , 0x82 , PCD_SNG_BUF, 0x100);
 896              		.loc 1 450 47 is_stmt 0 view .LVU200
 897 0060 6059     		ldr	r0, [r4, r5]
 450:USB_Device/Target/usbd_conf.c ****   HAL_PCDEx_PMAConfig((PCD_HandleTypeDef*)pdev->pData , 0x82 , PCD_SNG_BUF, 0x100);
 898              		.loc 1 450 3 view .LVU201
 899 0062 8823     		movs	r3, #136
 900 0064 5B00     		lsls	r3, r3, #1
 901 0066 0022     		movs	r2, #0
 902 0068 0121     		movs	r1, #1
 903 006a FFF7FEFF 		bl	HAL_PCDEx_PMAConfig
 904              	.LVL76:
 451:USB_Device/Target/usbd_conf.c ****   /* USER CODE END EndPoint_Configuration_CDC */
 905              		.loc 1 451 3 is_stmt 1 view .LVU202
 451:USB_Device/Target/usbd_conf.c ****   /* USER CODE END EndPoint_Configuration_CDC */
 906              		.loc 1 451 47 is_stmt 0 view .LVU203
 907 006e 6059     		ldr	r0, [r4, r5]
 451:USB_Device/Target/usbd_conf.c ****   /* USER CODE END EndPoint_Configuration_CDC */
 908              		.loc 1 451 3 view .LVU204
 909 0070 8023     		movs	r3, #128
 910 0072 5B00     		lsls	r3, r3, #1
 911 0074 0022     		movs	r2, #0
ARM GAS  C:\Users\Domagoj\AppData\Local\Temp\ccmJ3wLi.s 			page 34


 912 0076 8221     		movs	r1, #130
 913 0078 FFF7FEFF 		bl	HAL_PCDEx_PMAConfig
 914              	.LVL77:
 454:USB_Device/Target/usbd_conf.c **** }
 915              		.loc 1 454 3 is_stmt 1 view .LVU205
 455:USB_Device/Target/usbd_conf.c **** 
 916              		.loc 1 455 1 is_stmt 0 view .LVU206
 917 007c 0020     		movs	r0, #0
 918              		@ sp needed
 919              	.LVL78:
 455:USB_Device/Target/usbd_conf.c **** 
 920              		.loc 1 455 1 view .LVU207
 921 007e 70BD     		pop	{r4, r5, r6, pc}
 922              	.LVL79:
 923              	.L43:
 420:USB_Device/Target/usbd_conf.c ****   }
 924              		.loc 1 420 5 is_stmt 1 view .LVU208
 925 0080 FFF7FEFF 		bl	Error_Handler
 926              	.LVL80:
 927 0084 D8E7     		b	.L42
 928              	.L45:
 929 0086 C046     		.align	2
 930              	.L44:
 931 0088 00000000 		.word	hpcd_USB_DRD_FS
 932 008c 005C0040 		.word	1073765376
 933              		.cfi_endproc
 934              	.LFE383:
 936              		.section	.text.USBD_LL_DeInit,"ax",%progbits
 937              		.align	1
 938              		.global	USBD_LL_DeInit
 939              		.syntax unified
 940              		.code	16
 941              		.thumb_func
 943              	USBD_LL_DeInit:
 944              	.LVL81:
 945              	.LFB384:
 463:USB_Device/Target/usbd_conf.c ****   HAL_StatusTypeDef hal_status = HAL_OK;
 946              		.loc 1 463 1 view -0
 947              		.cfi_startproc
 948              		@ args = 0, pretend = 0, frame = 0
 949              		@ frame_needed = 0, uses_anonymous_args = 0
 463:USB_Device/Target/usbd_conf.c ****   HAL_StatusTypeDef hal_status = HAL_OK;
 950              		.loc 1 463 1 is_stmt 0 view .LVU210
 951 0000 10B5     		push	{r4, lr}
 952              	.LCFI16:
 953              		.cfi_def_cfa_offset 8
 954              		.cfi_offset 4, -8
 955              		.cfi_offset 14, -4
 464:USB_Device/Target/usbd_conf.c ****   USBD_StatusTypeDef usb_status = USBD_OK;
 956              		.loc 1 464 3 is_stmt 1 view .LVU211
 957              	.LVL82:
 465:USB_Device/Target/usbd_conf.c **** 
 958              		.loc 1 465 3 view .LVU212
 467:USB_Device/Target/usbd_conf.c **** 
 959              		.loc 1 467 3 view .LVU213
 467:USB_Device/Target/usbd_conf.c **** 
 960              		.loc 1 467 35 is_stmt 0 view .LVU214
ARM GAS  C:\Users\Domagoj\AppData\Local\Temp\ccmJ3wLi.s 			page 35


 961 0002 B223     		movs	r3, #178
 962 0004 9B00     		lsls	r3, r3, #2
 963 0006 C058     		ldr	r0, [r0, r3]
 964              	.LVL83:
 467:USB_Device/Target/usbd_conf.c **** 
 965              		.loc 1 467 16 view .LVU215
 966 0008 FFF7FEFF 		bl	HAL_PCD_DeInit
 967              	.LVL84:
 469:USB_Device/Target/usbd_conf.c **** 
 968              		.loc 1 469 3 is_stmt 1 view .LVU216
 469:USB_Device/Target/usbd_conf.c **** 
 969              		.loc 1 469 17 is_stmt 0 view .LVU217
 970 000c FFF7FEFF 		bl	USBD_Get_USB_Status
 971              	.LVL85:
 471:USB_Device/Target/usbd_conf.c **** }
 972              		.loc 1 471 3 is_stmt 1 view .LVU218
 472:USB_Device/Target/usbd_conf.c **** 
 973              		.loc 1 472 1 is_stmt 0 view .LVU219
 974              		@ sp needed
 975 0010 10BD     		pop	{r4, pc}
 976              		.cfi_endproc
 977              	.LFE384:
 979              		.section	.text.USBD_LL_Start,"ax",%progbits
 980              		.align	1
 981              		.global	USBD_LL_Start
 982              		.syntax unified
 983              		.code	16
 984              		.thumb_func
 986              	USBD_LL_Start:
 987              	.LVL86:
 988              	.LFB385:
 480:USB_Device/Target/usbd_conf.c ****   HAL_StatusTypeDef hal_status = HAL_OK;
 989              		.loc 1 480 1 is_stmt 1 view -0
 990              		.cfi_startproc
 991              		@ args = 0, pretend = 0, frame = 0
 992              		@ frame_needed = 0, uses_anonymous_args = 0
 480:USB_Device/Target/usbd_conf.c ****   HAL_StatusTypeDef hal_status = HAL_OK;
 993              		.loc 1 480 1 is_stmt 0 view .LVU221
 994 0000 10B5     		push	{r4, lr}
 995              	.LCFI17:
 996              		.cfi_def_cfa_offset 8
 997              		.cfi_offset 4, -8
 998              		.cfi_offset 14, -4
 481:USB_Device/Target/usbd_conf.c ****   USBD_StatusTypeDef usb_status = USBD_OK;
 999              		.loc 1 481 3 is_stmt 1 view .LVU222
 1000              	.LVL87:
 482:USB_Device/Target/usbd_conf.c **** 
 1001              		.loc 1 482 3 view .LVU223
 484:USB_Device/Target/usbd_conf.c **** 
 1002              		.loc 1 484 3 view .LVU224
 484:USB_Device/Target/usbd_conf.c **** 
 1003              		.loc 1 484 34 is_stmt 0 view .LVU225
 1004 0002 B223     		movs	r3, #178
 1005 0004 9B00     		lsls	r3, r3, #2
 1006 0006 C058     		ldr	r0, [r0, r3]
 1007              	.LVL88:
 484:USB_Device/Target/usbd_conf.c **** 
ARM GAS  C:\Users\Domagoj\AppData\Local\Temp\ccmJ3wLi.s 			page 36


 1008              		.loc 1 484 16 view .LVU226
 1009 0008 FFF7FEFF 		bl	HAL_PCD_Start
 1010              	.LVL89:
 486:USB_Device/Target/usbd_conf.c **** 
 1011              		.loc 1 486 3 is_stmt 1 view .LVU227
 486:USB_Device/Target/usbd_conf.c **** 
 1012              		.loc 1 486 17 is_stmt 0 view .LVU228
 1013 000c FFF7FEFF 		bl	USBD_Get_USB_Status
 1014              	.LVL90:
 488:USB_Device/Target/usbd_conf.c **** }
 1015              		.loc 1 488 3 is_stmt 1 view .LVU229
 489:USB_Device/Target/usbd_conf.c **** 
 1016              		.loc 1 489 1 is_stmt 0 view .LVU230
 1017              		@ sp needed
 1018 0010 10BD     		pop	{r4, pc}
 1019              		.cfi_endproc
 1020              	.LFE385:
 1022              		.section	.text.USBD_LL_Stop,"ax",%progbits
 1023              		.align	1
 1024              		.global	USBD_LL_Stop
 1025              		.syntax unified
 1026              		.code	16
 1027              		.thumb_func
 1029              	USBD_LL_Stop:
 1030              	.LVL91:
 1031              	.LFB386:
 497:USB_Device/Target/usbd_conf.c ****   HAL_StatusTypeDef hal_status = HAL_OK;
 1032              		.loc 1 497 1 is_stmt 1 view -0
 1033              		.cfi_startproc
 1034              		@ args = 0, pretend = 0, frame = 0
 1035              		@ frame_needed = 0, uses_anonymous_args = 0
 497:USB_Device/Target/usbd_conf.c ****   HAL_StatusTypeDef hal_status = HAL_OK;
 1036              		.loc 1 497 1 is_stmt 0 view .LVU232
 1037 0000 10B5     		push	{r4, lr}
 1038              	.LCFI18:
 1039              		.cfi_def_cfa_offset 8
 1040              		.cfi_offset 4, -8
 1041              		.cfi_offset 14, -4
 498:USB_Device/Target/usbd_conf.c ****   USBD_StatusTypeDef usb_status = USBD_OK;
 1042              		.loc 1 498 3 is_stmt 1 view .LVU233
 1043              	.LVL92:
 499:USB_Device/Target/usbd_conf.c **** 
 1044              		.loc 1 499 3 view .LVU234
 501:USB_Device/Target/usbd_conf.c **** 
 1045              		.loc 1 501 3 view .LVU235
 501:USB_Device/Target/usbd_conf.c **** 
 1046              		.loc 1 501 33 is_stmt 0 view .LVU236
 1047 0002 B223     		movs	r3, #178
 1048 0004 9B00     		lsls	r3, r3, #2
 1049 0006 C058     		ldr	r0, [r0, r3]
 1050              	.LVL93:
 501:USB_Device/Target/usbd_conf.c **** 
 1051              		.loc 1 501 16 view .LVU237
 1052 0008 FFF7FEFF 		bl	HAL_PCD_Stop
 1053              	.LVL94:
 503:USB_Device/Target/usbd_conf.c **** 
 1054              		.loc 1 503 3 is_stmt 1 view .LVU238
ARM GAS  C:\Users\Domagoj\AppData\Local\Temp\ccmJ3wLi.s 			page 37


 503:USB_Device/Target/usbd_conf.c **** 
 1055              		.loc 1 503 17 is_stmt 0 view .LVU239
 1056 000c FFF7FEFF 		bl	USBD_Get_USB_Status
 1057              	.LVL95:
 505:USB_Device/Target/usbd_conf.c **** }
 1058              		.loc 1 505 3 is_stmt 1 view .LVU240
 506:USB_Device/Target/usbd_conf.c **** 
 1059              		.loc 1 506 1 is_stmt 0 view .LVU241
 1060              		@ sp needed
 1061 0010 10BD     		pop	{r4, pc}
 1062              		.cfi_endproc
 1063              	.LFE386:
 1065              		.section	.text.USBD_LL_OpenEP,"ax",%progbits
 1066              		.align	1
 1067              		.global	USBD_LL_OpenEP
 1068              		.syntax unified
 1069              		.code	16
 1070              		.thumb_func
 1072              	USBD_LL_OpenEP:
 1073              	.LVL96:
 1074              	.LFB387:
 517:USB_Device/Target/usbd_conf.c ****   HAL_StatusTypeDef hal_status = HAL_OK;
 1075              		.loc 1 517 1 is_stmt 1 view -0
 1076              		.cfi_startproc
 1077              		@ args = 0, pretend = 0, frame = 0
 1078              		@ frame_needed = 0, uses_anonymous_args = 0
 517:USB_Device/Target/usbd_conf.c ****   HAL_StatusTypeDef hal_status = HAL_OK;
 1079              		.loc 1 517 1 is_stmt 0 view .LVU243
 1080 0000 10B5     		push	{r4, lr}
 1081              	.LCFI19:
 1082              		.cfi_def_cfa_offset 8
 1083              		.cfi_offset 4, -8
 1084              		.cfi_offset 14, -4
 1085 0002 1400     		movs	r4, r2
 1086 0004 1A00     		movs	r2, r3
 1087              	.LVL97:
 518:USB_Device/Target/usbd_conf.c ****   USBD_StatusTypeDef usb_status = USBD_OK;
 1088              		.loc 1 518 3 is_stmt 1 view .LVU244
 519:USB_Device/Target/usbd_conf.c **** 
 1089              		.loc 1 519 3 view .LVU245
 521:USB_Device/Target/usbd_conf.c **** 
 1090              		.loc 1 521 3 view .LVU246
 521:USB_Device/Target/usbd_conf.c **** 
 1091              		.loc 1 521 36 is_stmt 0 view .LVU247
 1092 0006 B223     		movs	r3, #178
 1093              	.LVL98:
 521:USB_Device/Target/usbd_conf.c **** 
 1094              		.loc 1 521 36 view .LVU248
 1095 0008 9B00     		lsls	r3, r3, #2
 1096 000a C058     		ldr	r0, [r0, r3]
 1097              	.LVL99:
 521:USB_Device/Target/usbd_conf.c **** 
 1098              		.loc 1 521 16 view .LVU249
 1099 000c 2300     		movs	r3, r4
 1100 000e FFF7FEFF 		bl	HAL_PCD_EP_Open
 1101              	.LVL100:
 523:USB_Device/Target/usbd_conf.c **** 
ARM GAS  C:\Users\Domagoj\AppData\Local\Temp\ccmJ3wLi.s 			page 38


 1102              		.loc 1 523 3 is_stmt 1 view .LVU250
 523:USB_Device/Target/usbd_conf.c **** 
 1103              		.loc 1 523 17 is_stmt 0 view .LVU251
 1104 0012 FFF7FEFF 		bl	USBD_Get_USB_Status
 1105              	.LVL101:
 525:USB_Device/Target/usbd_conf.c **** }
 1106              		.loc 1 525 3 is_stmt 1 view .LVU252
 526:USB_Device/Target/usbd_conf.c **** 
 1107              		.loc 1 526 1 is_stmt 0 view .LVU253
 1108              		@ sp needed
 1109              	.LVL102:
 526:USB_Device/Target/usbd_conf.c **** 
 1110              		.loc 1 526 1 view .LVU254
 1111 0016 10BD     		pop	{r4, pc}
 1112              		.cfi_endproc
 1113              	.LFE387:
 1115              		.section	.text.USBD_LL_CloseEP,"ax",%progbits
 1116              		.align	1
 1117              		.global	USBD_LL_CloseEP
 1118              		.syntax unified
 1119              		.code	16
 1120              		.thumb_func
 1122              	USBD_LL_CloseEP:
 1123              	.LVL103:
 1124              	.LFB388:
 535:USB_Device/Target/usbd_conf.c ****   HAL_StatusTypeDef hal_status = HAL_OK;
 1125              		.loc 1 535 1 is_stmt 1 view -0
 1126              		.cfi_startproc
 1127              		@ args = 0, pretend = 0, frame = 0
 1128              		@ frame_needed = 0, uses_anonymous_args = 0
 535:USB_Device/Target/usbd_conf.c ****   HAL_StatusTypeDef hal_status = HAL_OK;
 1129              		.loc 1 535 1 is_stmt 0 view .LVU256
 1130 0000 10B5     		push	{r4, lr}
 1131              	.LCFI20:
 1132              		.cfi_def_cfa_offset 8
 1133              		.cfi_offset 4, -8
 1134              		.cfi_offset 14, -4
 536:USB_Device/Target/usbd_conf.c ****   USBD_StatusTypeDef usb_status = USBD_OK;
 1135              		.loc 1 536 3 is_stmt 1 view .LVU257
 1136              	.LVL104:
 537:USB_Device/Target/usbd_conf.c **** 
 1137              		.loc 1 537 3 view .LVU258
 539:USB_Device/Target/usbd_conf.c **** 
 1138              		.loc 1 539 3 view .LVU259
 539:USB_Device/Target/usbd_conf.c **** 
 1139              		.loc 1 539 37 is_stmt 0 view .LVU260
 1140 0002 B223     		movs	r3, #178
 1141 0004 9B00     		lsls	r3, r3, #2
 1142 0006 C058     		ldr	r0, [r0, r3]
 1143              	.LVL105:
 539:USB_Device/Target/usbd_conf.c **** 
 1144              		.loc 1 539 16 view .LVU261
 1145 0008 FFF7FEFF 		bl	HAL_PCD_EP_Close
 1146              	.LVL106:
 541:USB_Device/Target/usbd_conf.c **** 
 1147              		.loc 1 541 3 is_stmt 1 view .LVU262
 541:USB_Device/Target/usbd_conf.c **** 
ARM GAS  C:\Users\Domagoj\AppData\Local\Temp\ccmJ3wLi.s 			page 39


 1148              		.loc 1 541 17 is_stmt 0 view .LVU263
 1149 000c FFF7FEFF 		bl	USBD_Get_USB_Status
 1150              	.LVL107:
 543:USB_Device/Target/usbd_conf.c **** }
 1151              		.loc 1 543 3 is_stmt 1 view .LVU264
 544:USB_Device/Target/usbd_conf.c **** 
 1152              		.loc 1 544 1 is_stmt 0 view .LVU265
 1153              		@ sp needed
 1154 0010 10BD     		pop	{r4, pc}
 1155              		.cfi_endproc
 1156              	.LFE388:
 1158              		.section	.text.USBD_LL_FlushEP,"ax",%progbits
 1159              		.align	1
 1160              		.global	USBD_LL_FlushEP
 1161              		.syntax unified
 1162              		.code	16
 1163              		.thumb_func
 1165              	USBD_LL_FlushEP:
 1166              	.LVL108:
 1167              	.LFB389:
 553:USB_Device/Target/usbd_conf.c ****   HAL_StatusTypeDef hal_status = HAL_OK;
 1168              		.loc 1 553 1 is_stmt 1 view -0
 1169              		.cfi_startproc
 1170              		@ args = 0, pretend = 0, frame = 0
 1171              		@ frame_needed = 0, uses_anonymous_args = 0
 553:USB_Device/Target/usbd_conf.c ****   HAL_StatusTypeDef hal_status = HAL_OK;
 1172              		.loc 1 553 1 is_stmt 0 view .LVU267
 1173 0000 10B5     		push	{r4, lr}
 1174              	.LCFI21:
 1175              		.cfi_def_cfa_offset 8
 1176              		.cfi_offset 4, -8
 1177              		.cfi_offset 14, -4
 554:USB_Device/Target/usbd_conf.c ****   USBD_StatusTypeDef usb_status = USBD_OK;
 1178              		.loc 1 554 3 is_stmt 1 view .LVU268
 1179              	.LVL109:
 555:USB_Device/Target/usbd_conf.c **** 
 1180              		.loc 1 555 3 view .LVU269
 557:USB_Device/Target/usbd_conf.c **** 
 1181              		.loc 1 557 3 view .LVU270
 557:USB_Device/Target/usbd_conf.c **** 
 1182              		.loc 1 557 37 is_stmt 0 view .LVU271
 1183 0002 B223     		movs	r3, #178
 1184 0004 9B00     		lsls	r3, r3, #2
 1185 0006 C058     		ldr	r0, [r0, r3]
 1186              	.LVL110:
 557:USB_Device/Target/usbd_conf.c **** 
 1187              		.loc 1 557 16 view .LVU272
 1188 0008 FFF7FEFF 		bl	HAL_PCD_EP_Flush
 1189              	.LVL111:
 559:USB_Device/Target/usbd_conf.c **** 
 1190              		.loc 1 559 3 is_stmt 1 view .LVU273
 559:USB_Device/Target/usbd_conf.c **** 
 1191              		.loc 1 559 17 is_stmt 0 view .LVU274
 1192 000c FFF7FEFF 		bl	USBD_Get_USB_Status
 1193              	.LVL112:
 561:USB_Device/Target/usbd_conf.c **** }
 1194              		.loc 1 561 3 is_stmt 1 view .LVU275
ARM GAS  C:\Users\Domagoj\AppData\Local\Temp\ccmJ3wLi.s 			page 40


 562:USB_Device/Target/usbd_conf.c **** 
 1195              		.loc 1 562 1 is_stmt 0 view .LVU276
 1196              		@ sp needed
 1197 0010 10BD     		pop	{r4, pc}
 1198              		.cfi_endproc
 1199              	.LFE389:
 1201              		.section	.text.USBD_LL_StallEP,"ax",%progbits
 1202              		.align	1
 1203              		.global	USBD_LL_StallEP
 1204              		.syntax unified
 1205              		.code	16
 1206              		.thumb_func
 1208              	USBD_LL_StallEP:
 1209              	.LVL113:
 1210              	.LFB390:
 571:USB_Device/Target/usbd_conf.c ****   HAL_StatusTypeDef hal_status = HAL_OK;
 1211              		.loc 1 571 1 is_stmt 1 view -0
 1212              		.cfi_startproc
 1213              		@ args = 0, pretend = 0, frame = 0
 1214              		@ frame_needed = 0, uses_anonymous_args = 0
 571:USB_Device/Target/usbd_conf.c ****   HAL_StatusTypeDef hal_status = HAL_OK;
 1215              		.loc 1 571 1 is_stmt 0 view .LVU278
 1216 0000 10B5     		push	{r4, lr}
 1217              	.LCFI22:
 1218              		.cfi_def_cfa_offset 8
 1219              		.cfi_offset 4, -8
 1220              		.cfi_offset 14, -4
 572:USB_Device/Target/usbd_conf.c ****   USBD_StatusTypeDef usb_status = USBD_OK;
 1221              		.loc 1 572 3 is_stmt 1 view .LVU279
 1222              	.LVL114:
 573:USB_Device/Target/usbd_conf.c **** 
 1223              		.loc 1 573 3 view .LVU280
 575:USB_Device/Target/usbd_conf.c **** 
 1224              		.loc 1 575 3 view .LVU281
 575:USB_Device/Target/usbd_conf.c **** 
 1225              		.loc 1 575 40 is_stmt 0 view .LVU282
 1226 0002 B223     		movs	r3, #178
 1227 0004 9B00     		lsls	r3, r3, #2
 1228 0006 C058     		ldr	r0, [r0, r3]
 1229              	.LVL115:
 575:USB_Device/Target/usbd_conf.c **** 
 1230              		.loc 1 575 16 view .LVU283
 1231 0008 FFF7FEFF 		bl	HAL_PCD_EP_SetStall
 1232              	.LVL116:
 577:USB_Device/Target/usbd_conf.c **** 
 1233              		.loc 1 577 3 is_stmt 1 view .LVU284
 577:USB_Device/Target/usbd_conf.c **** 
 1234              		.loc 1 577 17 is_stmt 0 view .LVU285
 1235 000c FFF7FEFF 		bl	USBD_Get_USB_Status
 1236              	.LVL117:
 579:USB_Device/Target/usbd_conf.c **** }
 1237              		.loc 1 579 3 is_stmt 1 view .LVU286
 580:USB_Device/Target/usbd_conf.c **** 
 1238              		.loc 1 580 1 is_stmt 0 view .LVU287
 1239              		@ sp needed
 1240 0010 10BD     		pop	{r4, pc}
 1241              		.cfi_endproc
ARM GAS  C:\Users\Domagoj\AppData\Local\Temp\ccmJ3wLi.s 			page 41


 1242              	.LFE390:
 1244              		.section	.text.USBD_LL_ClearStallEP,"ax",%progbits
 1245              		.align	1
 1246              		.global	USBD_LL_ClearStallEP
 1247              		.syntax unified
 1248              		.code	16
 1249              		.thumb_func
 1251              	USBD_LL_ClearStallEP:
 1252              	.LVL118:
 1253              	.LFB391:
 589:USB_Device/Target/usbd_conf.c ****   HAL_StatusTypeDef hal_status = HAL_OK;
 1254              		.loc 1 589 1 is_stmt 1 view -0
 1255              		.cfi_startproc
 1256              		@ args = 0, pretend = 0, frame = 0
 1257              		@ frame_needed = 0, uses_anonymous_args = 0
 589:USB_Device/Target/usbd_conf.c ****   HAL_StatusTypeDef hal_status = HAL_OK;
 1258              		.loc 1 589 1 is_stmt 0 view .LVU289
 1259 0000 10B5     		push	{r4, lr}
 1260              	.LCFI23:
 1261              		.cfi_def_cfa_offset 8
 1262              		.cfi_offset 4, -8
 1263              		.cfi_offset 14, -4
 590:USB_Device/Target/usbd_conf.c ****   USBD_StatusTypeDef usb_status = USBD_OK;
 1264              		.loc 1 590 3 is_stmt 1 view .LVU290
 1265              	.LVL119:
 591:USB_Device/Target/usbd_conf.c **** 
 1266              		.loc 1 591 3 view .LVU291
 593:USB_Device/Target/usbd_conf.c **** 
 1267              		.loc 1 593 3 view .LVU292
 593:USB_Device/Target/usbd_conf.c **** 
 1268              		.loc 1 593 40 is_stmt 0 view .LVU293
 1269 0002 B223     		movs	r3, #178
 1270 0004 9B00     		lsls	r3, r3, #2
 1271 0006 C058     		ldr	r0, [r0, r3]
 1272              	.LVL120:
 593:USB_Device/Target/usbd_conf.c **** 
 1273              		.loc 1 593 16 view .LVU294
 1274 0008 FFF7FEFF 		bl	HAL_PCD_EP_ClrStall
 1275              	.LVL121:
 595:USB_Device/Target/usbd_conf.c **** 
 1276              		.loc 1 595 3 is_stmt 1 view .LVU295
 595:USB_Device/Target/usbd_conf.c **** 
 1277              		.loc 1 595 17 is_stmt 0 view .LVU296
 1278 000c FFF7FEFF 		bl	USBD_Get_USB_Status
 1279              	.LVL122:
 597:USB_Device/Target/usbd_conf.c **** }
 1280              		.loc 1 597 3 is_stmt 1 view .LVU297
 598:USB_Device/Target/usbd_conf.c **** 
 1281              		.loc 1 598 1 is_stmt 0 view .LVU298
 1282              		@ sp needed
 1283 0010 10BD     		pop	{r4, pc}
 1284              		.cfi_endproc
 1285              	.LFE391:
 1287              		.section	.text.USBD_LL_IsStallEP,"ax",%progbits
 1288              		.align	1
 1289              		.global	USBD_LL_IsStallEP
 1290              		.syntax unified
ARM GAS  C:\Users\Domagoj\AppData\Local\Temp\ccmJ3wLi.s 			page 42


 1291              		.code	16
 1292              		.thumb_func
 1294              	USBD_LL_IsStallEP:
 1295              	.LVL123:
 1296              	.LFB392:
 607:USB_Device/Target/usbd_conf.c ****   PCD_HandleTypeDef *hpcd = (PCD_HandleTypeDef*) pdev->pData;
 1297              		.loc 1 607 1 is_stmt 1 view -0
 1298              		.cfi_startproc
 1299              		@ args = 0, pretend = 0, frame = 0
 1300              		@ frame_needed = 0, uses_anonymous_args = 0
 1301              		@ link register save eliminated.
 608:USB_Device/Target/usbd_conf.c **** 
 1302              		.loc 1 608 3 view .LVU300
 608:USB_Device/Target/usbd_conf.c **** 
 1303              		.loc 1 608 22 is_stmt 0 view .LVU301
 1304 0000 B223     		movs	r3, #178
 1305 0002 9B00     		lsls	r3, r3, #2
 1306 0004 C358     		ldr	r3, [r0, r3]
 1307              	.LVL124:
 610:USB_Device/Target/usbd_conf.c ****   {
 1308              		.loc 1 610 3 is_stmt 1 view .LVU302
 610:USB_Device/Target/usbd_conf.c ****   {
 1309              		.loc 1 610 23 is_stmt 0 view .LVU303
 1310 0006 4AB2     		sxtb	r2, r1
 610:USB_Device/Target/usbd_conf.c ****   {
 1311              		.loc 1 610 5 view .LVU304
 1312 0008 002A     		cmp	r2, #0
 1313 000a 09DB     		blt	.L57
 616:USB_Device/Target/usbd_conf.c ****   }
 1314              		.loc 1 616 5 is_stmt 1 view .LVU305
 616:USB_Device/Target/usbd_conf.c ****   }
 1315              		.loc 1 616 33 is_stmt 0 view .LVU306
 1316 000c 7F22     		movs	r2, #127
 1317 000e 1140     		ands	r1, r2
 1318              	.LVL125:
 616:USB_Device/Target/usbd_conf.c ****   }
 1319              		.loc 1 616 40 view .LVU307
 1320 0010 8A00     		lsls	r2, r1, #2
 1321 0012 5218     		adds	r2, r2, r1
 1322 0014 D200     		lsls	r2, r2, #3
 1323 0016 9B18     		adds	r3, r3, r2
 1324              	.LVL126:
 616:USB_Device/Target/usbd_conf.c ****   }
 1325              		.loc 1 616 40 view .LVU308
 1326 0018 5733     		adds	r3, r3, #87
 1327 001a FF33     		adds	r3, r3, #255
 1328 001c 1878     		ldrb	r0, [r3]
 1329              	.LVL127:
 1330              	.L56:
 618:USB_Device/Target/usbd_conf.c **** 
 1331              		.loc 1 618 1 view .LVU309
 1332              		@ sp needed
 1333 001e 7047     		bx	lr
 1334              	.LVL128:
 1335              	.L57:
 612:USB_Device/Target/usbd_conf.c ****   }
 1336              		.loc 1 612 5 is_stmt 1 view .LVU310
ARM GAS  C:\Users\Domagoj\AppData\Local\Temp\ccmJ3wLi.s 			page 43


 612:USB_Device/Target/usbd_conf.c ****   }
 1337              		.loc 1 612 32 is_stmt 0 view .LVU311
 1338 0020 7F22     		movs	r2, #127
 1339 0022 1140     		ands	r1, r2
 1340              	.LVL129:
 612:USB_Device/Target/usbd_conf.c ****   }
 1341              		.loc 1 612 39 view .LVU312
 1342 0024 8A00     		lsls	r2, r1, #2
 1343 0026 5218     		adds	r2, r2, r1
 1344 0028 D200     		lsls	r2, r2, #3
 1345 002a 9B18     		adds	r3, r3, r2
 1346              	.LVL130:
 612:USB_Device/Target/usbd_conf.c ****   }
 1347              		.loc 1 612 39 view .LVU313
 1348 002c 987D     		ldrb	r0, [r3, #22]
 1349              	.LVL131:
 612:USB_Device/Target/usbd_conf.c ****   }
 1350              		.loc 1 612 39 view .LVU314
 1351 002e F6E7     		b	.L56
 1352              		.cfi_endproc
 1353              	.LFE392:
 1355              		.section	.text.USBD_LL_SetUSBAddress,"ax",%progbits
 1356              		.align	1
 1357              		.global	USBD_LL_SetUSBAddress
 1358              		.syntax unified
 1359              		.code	16
 1360              		.thumb_func
 1362              	USBD_LL_SetUSBAddress:
 1363              	.LVL132:
 1364              	.LFB393:
 627:USB_Device/Target/usbd_conf.c ****   HAL_StatusTypeDef hal_status = HAL_OK;
 1365              		.loc 1 627 1 is_stmt 1 view -0
 1366              		.cfi_startproc
 1367              		@ args = 0, pretend = 0, frame = 0
 1368              		@ frame_needed = 0, uses_anonymous_args = 0
 627:USB_Device/Target/usbd_conf.c ****   HAL_StatusTypeDef hal_status = HAL_OK;
 1369              		.loc 1 627 1 is_stmt 0 view .LVU316
 1370 0000 10B5     		push	{r4, lr}
 1371              	.LCFI24:
 1372              		.cfi_def_cfa_offset 8
 1373              		.cfi_offset 4, -8
 1374              		.cfi_offset 14, -4
 628:USB_Device/Target/usbd_conf.c ****   USBD_StatusTypeDef usb_status = USBD_OK;
 1375              		.loc 1 628 3 is_stmt 1 view .LVU317
 1376              	.LVL133:
 629:USB_Device/Target/usbd_conf.c **** 
 1377              		.loc 1 629 3 view .LVU318
 631:USB_Device/Target/usbd_conf.c **** 
 1378              		.loc 1 631 3 view .LVU319
 631:USB_Device/Target/usbd_conf.c **** 
 1379              		.loc 1 631 39 is_stmt 0 view .LVU320
 1380 0002 B223     		movs	r3, #178
 1381 0004 9B00     		lsls	r3, r3, #2
 1382 0006 C058     		ldr	r0, [r0, r3]
 1383              	.LVL134:
 631:USB_Device/Target/usbd_conf.c **** 
 1384              		.loc 1 631 16 view .LVU321
ARM GAS  C:\Users\Domagoj\AppData\Local\Temp\ccmJ3wLi.s 			page 44


 1385 0008 FFF7FEFF 		bl	HAL_PCD_SetAddress
 1386              	.LVL135:
 633:USB_Device/Target/usbd_conf.c **** 
 1387              		.loc 1 633 3 is_stmt 1 view .LVU322
 633:USB_Device/Target/usbd_conf.c **** 
 1388              		.loc 1 633 17 is_stmt 0 view .LVU323
 1389 000c FFF7FEFF 		bl	USBD_Get_USB_Status
 1390              	.LVL136:
 635:USB_Device/Target/usbd_conf.c **** }
 1391              		.loc 1 635 3 is_stmt 1 view .LVU324
 636:USB_Device/Target/usbd_conf.c **** 
 1392              		.loc 1 636 1 is_stmt 0 view .LVU325
 1393              		@ sp needed
 1394 0010 10BD     		pop	{r4, pc}
 1395              		.cfi_endproc
 1396              	.LFE393:
 1398              		.section	.text.USBD_LL_Transmit,"ax",%progbits
 1399              		.align	1
 1400              		.global	USBD_LL_Transmit
 1401              		.syntax unified
 1402              		.code	16
 1403              		.thumb_func
 1405              	USBD_LL_Transmit:
 1406              	.LVL137:
 1407              	.LFB394:
 647:USB_Device/Target/usbd_conf.c ****   HAL_StatusTypeDef hal_status = HAL_OK;
 1408              		.loc 1 647 1 is_stmt 1 view -0
 1409              		.cfi_startproc
 1410              		@ args = 0, pretend = 0, frame = 0
 1411              		@ frame_needed = 0, uses_anonymous_args = 0
 647:USB_Device/Target/usbd_conf.c ****   HAL_StatusTypeDef hal_status = HAL_OK;
 1412              		.loc 1 647 1 is_stmt 0 view .LVU327
 1413 0000 10B5     		push	{r4, lr}
 1414              	.LCFI25:
 1415              		.cfi_def_cfa_offset 8
 1416              		.cfi_offset 4, -8
 1417              		.cfi_offset 14, -4
 648:USB_Device/Target/usbd_conf.c ****   USBD_StatusTypeDef usb_status = USBD_OK;
 1418              		.loc 1 648 3 is_stmt 1 view .LVU328
 1419              	.LVL138:
 649:USB_Device/Target/usbd_conf.c **** 
 1420              		.loc 1 649 3 view .LVU329
 651:USB_Device/Target/usbd_conf.c **** 
 1421              		.loc 1 651 3 view .LVU330
 651:USB_Device/Target/usbd_conf.c **** 
 1422              		.loc 1 651 40 is_stmt 0 view .LVU331
 1423 0002 B224     		movs	r4, #178
 1424 0004 A400     		lsls	r4, r4, #2
 1425 0006 0059     		ldr	r0, [r0, r4]
 1426              	.LVL139:
 651:USB_Device/Target/usbd_conf.c **** 
 1427              		.loc 1 651 16 view .LVU332
 1428 0008 FFF7FEFF 		bl	HAL_PCD_EP_Transmit
 1429              	.LVL140:
 653:USB_Device/Target/usbd_conf.c **** 
 1430              		.loc 1 653 3 is_stmt 1 view .LVU333
 653:USB_Device/Target/usbd_conf.c **** 
ARM GAS  C:\Users\Domagoj\AppData\Local\Temp\ccmJ3wLi.s 			page 45


 1431              		.loc 1 653 17 is_stmt 0 view .LVU334
 1432 000c FFF7FEFF 		bl	USBD_Get_USB_Status
 1433              	.LVL141:
 655:USB_Device/Target/usbd_conf.c **** }
 1434              		.loc 1 655 3 is_stmt 1 view .LVU335
 656:USB_Device/Target/usbd_conf.c **** 
 1435              		.loc 1 656 1 is_stmt 0 view .LVU336
 1436              		@ sp needed
 1437 0010 10BD     		pop	{r4, pc}
 1438              		.cfi_endproc
 1439              	.LFE394:
 1441              		.section	.text.USBD_LL_PrepareReceive,"ax",%progbits
 1442              		.align	1
 1443              		.global	USBD_LL_PrepareReceive
 1444              		.syntax unified
 1445              		.code	16
 1446              		.thumb_func
 1448              	USBD_LL_PrepareReceive:
 1449              	.LVL142:
 1450              	.LFB395:
 667:USB_Device/Target/usbd_conf.c ****   HAL_StatusTypeDef hal_status = HAL_OK;
 1451              		.loc 1 667 1 is_stmt 1 view -0
 1452              		.cfi_startproc
 1453              		@ args = 0, pretend = 0, frame = 0
 1454              		@ frame_needed = 0, uses_anonymous_args = 0
 667:USB_Device/Target/usbd_conf.c ****   HAL_StatusTypeDef hal_status = HAL_OK;
 1455              		.loc 1 667 1 is_stmt 0 view .LVU338
 1456 0000 10B5     		push	{r4, lr}
 1457              	.LCFI26:
 1458              		.cfi_def_cfa_offset 8
 1459              		.cfi_offset 4, -8
 1460              		.cfi_offset 14, -4
 668:USB_Device/Target/usbd_conf.c ****   USBD_StatusTypeDef usb_status = USBD_OK;
 1461              		.loc 1 668 3 is_stmt 1 view .LVU339
 1462              	.LVL143:
 669:USB_Device/Target/usbd_conf.c **** 
 1463              		.loc 1 669 3 view .LVU340
 671:USB_Device/Target/usbd_conf.c **** 
 1464              		.loc 1 671 3 view .LVU341
 671:USB_Device/Target/usbd_conf.c **** 
 1465              		.loc 1 671 39 is_stmt 0 view .LVU342
 1466 0002 B224     		movs	r4, #178
 1467 0004 A400     		lsls	r4, r4, #2
 1468 0006 0059     		ldr	r0, [r0, r4]
 1469              	.LVL144:
 671:USB_Device/Target/usbd_conf.c **** 
 1470              		.loc 1 671 16 view .LVU343
 1471 0008 FFF7FEFF 		bl	HAL_PCD_EP_Receive
 1472              	.LVL145:
 673:USB_Device/Target/usbd_conf.c **** 
 1473              		.loc 1 673 3 is_stmt 1 view .LVU344
 673:USB_Device/Target/usbd_conf.c **** 
 1474              		.loc 1 673 17 is_stmt 0 view .LVU345
 1475 000c FFF7FEFF 		bl	USBD_Get_USB_Status
 1476              	.LVL146:
 675:USB_Device/Target/usbd_conf.c **** }
 1477              		.loc 1 675 3 is_stmt 1 view .LVU346
ARM GAS  C:\Users\Domagoj\AppData\Local\Temp\ccmJ3wLi.s 			page 46


 676:USB_Device/Target/usbd_conf.c **** 
 1478              		.loc 1 676 1 is_stmt 0 view .LVU347
 1479              		@ sp needed
 1480 0010 10BD     		pop	{r4, pc}
 1481              		.cfi_endproc
 1482              	.LFE395:
 1484              		.section	.text.USBD_LL_GetRxDataSize,"ax",%progbits
 1485              		.align	1
 1486              		.global	USBD_LL_GetRxDataSize
 1487              		.syntax unified
 1488              		.code	16
 1489              		.thumb_func
 1491              	USBD_LL_GetRxDataSize:
 1492              	.LVL147:
 1493              	.LFB396:
 685:USB_Device/Target/usbd_conf.c ****   return HAL_PCD_EP_GetRxCount((PCD_HandleTypeDef*) pdev->pData, ep_addr);
 1494              		.loc 1 685 1 is_stmt 1 view -0
 1495              		.cfi_startproc
 1496              		@ args = 0, pretend = 0, frame = 0
 1497              		@ frame_needed = 0, uses_anonymous_args = 0
 685:USB_Device/Target/usbd_conf.c ****   return HAL_PCD_EP_GetRxCount((PCD_HandleTypeDef*) pdev->pData, ep_addr);
 1498              		.loc 1 685 1 is_stmt 0 view .LVU349
 1499 0000 10B5     		push	{r4, lr}
 1500              	.LCFI27:
 1501              		.cfi_def_cfa_offset 8
 1502              		.cfi_offset 4, -8
 1503              		.cfi_offset 14, -4
 686:USB_Device/Target/usbd_conf.c **** }
 1504              		.loc 1 686 3 is_stmt 1 view .LVU350
 686:USB_Device/Target/usbd_conf.c **** }
 1505              		.loc 1 686 57 is_stmt 0 view .LVU351
 1506 0002 B223     		movs	r3, #178
 1507 0004 9B00     		lsls	r3, r3, #2
 1508 0006 C058     		ldr	r0, [r0, r3]
 1509              	.LVL148:
 686:USB_Device/Target/usbd_conf.c **** }
 1510              		.loc 1 686 10 view .LVU352
 1511 0008 FFF7FEFF 		bl	HAL_PCD_EP_GetRxCount
 1512              	.LVL149:
 687:USB_Device/Target/usbd_conf.c **** 
 1513              		.loc 1 687 1 view .LVU353
 1514              		@ sp needed
 1515 000c 10BD     		pop	{r4, pc}
 1516              		.cfi_endproc
 1517              	.LFE396:
 1519              		.section	.text.HAL_PCDEx_LPM_Callback,"ax",%progbits
 1520              		.align	1
 1521              		.global	HAL_PCDEx_LPM_Callback
 1522              		.syntax unified
 1523              		.code	16
 1524              		.thumb_func
 1526              	HAL_PCDEx_LPM_Callback:
 1527              	.LVL150:
 1528              	.LFB397:
 700:USB_Device/Target/usbd_conf.c ****   /* USER CODE BEGIN LPM_Callback */
 1529              		.loc 1 700 1 is_stmt 1 view -0
 1530              		.cfi_startproc
ARM GAS  C:\Users\Domagoj\AppData\Local\Temp\ccmJ3wLi.s 			page 47


 1531              		@ args = 0, pretend = 0, frame = 0
 1532              		@ frame_needed = 0, uses_anonymous_args = 0
 700:USB_Device/Target/usbd_conf.c ****   /* USER CODE BEGIN LPM_Callback */
 1533              		.loc 1 700 1 is_stmt 0 view .LVU355
 1534 0000 10B5     		push	{r4, lr}
 1535              	.LCFI28:
 1536              		.cfi_def_cfa_offset 8
 1537              		.cfi_offset 4, -8
 1538              		.cfi_offset 14, -4
 1539 0002 0400     		movs	r4, r0
 702:USB_Device/Target/usbd_conf.c ****   {
 1540              		.loc 1 702 3 is_stmt 1 view .LVU356
 1541 0004 0029     		cmp	r1, #0
 1542 0006 0FD0     		beq	.L63
 1543 0008 0129     		cmp	r1, #1
 1544 000a 15D1     		bne	.L62
 718:USB_Device/Target/usbd_conf.c **** 
 1545              		.loc 1 718 5 view .LVU357
 718:USB_Device/Target/usbd_conf.c **** 
 1546              		.loc 1 718 25 is_stmt 0 view .LVU358
 1547 000c B723     		movs	r3, #183
 1548 000e 9B00     		lsls	r3, r3, #2
 1549 0010 C058     		ldr	r0, [r0, r3]
 1550              	.LVL151:
 718:USB_Device/Target/usbd_conf.c **** 
 1551              		.loc 1 718 5 view .LVU359
 1552 0012 FFF7FEFF 		bl	USBD_LL_Suspend
 1553              	.LVL152:
 721:USB_Device/Target/usbd_conf.c ****     {
 1554              		.loc 1 721 5 is_stmt 1 view .LVU360
 721:USB_Device/Target/usbd_conf.c ****     {
 1555              		.loc 1 721 19 is_stmt 0 view .LVU361
 1556 0016 E37A     		ldrb	r3, [r4, #11]
 721:USB_Device/Target/usbd_conf.c ****     {
 1557              		.loc 1 721 8 view .LVU362
 1558 0018 002B     		cmp	r3, #0
 1559 001a 0DD0     		beq	.L62
 724:USB_Device/Target/usbd_conf.c ****     }
 1560              		.loc 1 724 7 is_stmt 1 view .LVU363
 724:USB_Device/Target/usbd_conf.c ****     }
 1561              		.loc 1 724 10 is_stmt 0 view .LVU364
 1562 001c 0B4A     		ldr	r2, .L68
 1563 001e 1369     		ldr	r3, [r2, #16]
 724:USB_Device/Target/usbd_conf.c ****     }
 1564              		.loc 1 724 16 view .LVU365
 1565 0020 0621     		movs	r1, #6
 1566 0022 0B43     		orrs	r3, r1
 1567 0024 1361     		str	r3, [r2, #16]
 729:USB_Device/Target/usbd_conf.c **** 
 1568              		.loc 1 729 1 view .LVU366
 1569 0026 07E0     		b	.L62
 1570              	.LVL153:
 1571              	.L63:
 705:USB_Device/Target/usbd_conf.c ****     {
 1572              		.loc 1 705 5 is_stmt 1 view .LVU367
 705:USB_Device/Target/usbd_conf.c ****     {
 1573              		.loc 1 705 19 is_stmt 0 view .LVU368
ARM GAS  C:\Users\Domagoj\AppData\Local\Temp\ccmJ3wLi.s 			page 48


 1574 0028 C37A     		ldrb	r3, [r0, #11]
 705:USB_Device/Target/usbd_conf.c ****     {
 1575              		.loc 1 705 8 view .LVU369
 1576 002a 002B     		cmp	r3, #0
 1577 002c 05D1     		bne	.L67
 1578              	.LVL154:
 1579              	.L66:
 713:USB_Device/Target/usbd_conf.c ****     break;
 1580              		.loc 1 713 5 is_stmt 1 view .LVU370
 713:USB_Device/Target/usbd_conf.c ****     break;
 1581              		.loc 1 713 24 is_stmt 0 view .LVU371
 1582 002e B723     		movs	r3, #183
 1583 0030 9B00     		lsls	r3, r3, #2
 1584 0032 E058     		ldr	r0, [r4, r3]
 713:USB_Device/Target/usbd_conf.c ****     break;
 1585              		.loc 1 713 5 view .LVU372
 1586 0034 FFF7FEFF 		bl	USBD_LL_Resume
 1587              	.LVL155:
 714:USB_Device/Target/usbd_conf.c **** 
 1588              		.loc 1 714 5 is_stmt 1 view .LVU373
 1589              	.L62:
 729:USB_Device/Target/usbd_conf.c **** 
 1590              		.loc 1 729 1 is_stmt 0 view .LVU374
 1591              		@ sp needed
 1592              	.LVL156:
 729:USB_Device/Target/usbd_conf.c **** 
 1593              		.loc 1 729 1 view .LVU375
 1594 0038 10BD     		pop	{r4, pc}
 1595              	.LVL157:
 1596              	.L67:
 707:USB_Device/Target/usbd_conf.c **** 
 1597              		.loc 1 707 7 is_stmt 1 view .LVU376
 1598 003a FFF7FEFF 		bl	SystemClockConfig_Resume
 1599              	.LVL158:
 710:USB_Device/Target/usbd_conf.c ****     }
 1600              		.loc 1 710 7 view .LVU377
 710:USB_Device/Target/usbd_conf.c ****     }
 1601              		.loc 1 710 10 is_stmt 0 view .LVU378
 1602 003e 034A     		ldr	r2, .L68
 1603 0040 1369     		ldr	r3, [r2, #16]
 710:USB_Device/Target/usbd_conf.c ****     }
 1604              		.loc 1 710 16 view .LVU379
 1605 0042 0621     		movs	r1, #6
 1606 0044 8B43     		bics	r3, r1
 1607 0046 1361     		str	r3, [r2, #16]
 1608 0048 F1E7     		b	.L66
 1609              	.L69:
 1610 004a C046     		.align	2
 1611              	.L68:
 1612 004c 00ED00E0 		.word	-536810240
 1613              		.cfi_endproc
 1614              	.LFE397:
 1616              		.section	.text.USBD_static_malloc,"ax",%progbits
 1617              		.align	1
 1618              		.global	USBD_static_malloc
 1619              		.syntax unified
 1620              		.code	16
ARM GAS  C:\Users\Domagoj\AppData\Local\Temp\ccmJ3wLi.s 			page 49


 1621              		.thumb_func
 1623              	USBD_static_malloc:
 1624              	.LVL159:
 1625              	.LFB398:
 737:USB_Device/Target/usbd_conf.c ****   static uint32_t mem[(sizeof(USBD_CDC_HandleTypeDef)/4)+1];/* On 32-bit boundary */
 1626              		.loc 1 737 1 is_stmt 1 view -0
 1627              		.cfi_startproc
 1628              		@ args = 0, pretend = 0, frame = 0
 1629              		@ frame_needed = 0, uses_anonymous_args = 0
 1630              		@ link register save eliminated.
 738:USB_Device/Target/usbd_conf.c ****   return mem;
 1631              		.loc 1 738 3 view .LVU381
 739:USB_Device/Target/usbd_conf.c **** }
 1632              		.loc 1 739 3 view .LVU382
 739:USB_Device/Target/usbd_conf.c **** }
 1633              		.loc 1 739 10 is_stmt 0 discriminator 1 view .LVU383
 1634 0000 0048     		ldr	r0, .L71
 1635              	.LVL160:
 740:USB_Device/Target/usbd_conf.c **** 
 1636              		.loc 1 740 1 view .LVU384
 1637              		@ sp needed
 1638 0002 7047     		bx	lr
 1639              	.L72:
 1640              		.align	2
 1641              	.L71:
 1642 0004 00000000 		.word	mem.0
 1643              		.cfi_endproc
 1644              	.LFE398:
 1646              		.section	.text.USBD_static_free,"ax",%progbits
 1647              		.align	1
 1648              		.global	USBD_static_free
 1649              		.syntax unified
 1650              		.code	16
 1651              		.thumb_func
 1653              	USBD_static_free:
 1654              	.LVL161:
 1655              	.LFB399:
 748:USB_Device/Target/usbd_conf.c **** 
 1656              		.loc 1 748 1 is_stmt 1 view -0
 1657              		.cfi_startproc
 1658              		@ args = 0, pretend = 0, frame = 0
 1659              		@ frame_needed = 0, uses_anonymous_args = 0
 1660              		@ link register save eliminated.
 750:USB_Device/Target/usbd_conf.c **** 
 1661              		.loc 1 750 1 view .LVU386
 1662              		@ sp needed
 1663 0000 7047     		bx	lr
 1664              		.cfi_endproc
 1665              	.LFE399:
 1667              		.section	.text.USBD_LL_Delay,"ax",%progbits
 1668              		.align	1
 1669              		.global	USBD_LL_Delay
 1670              		.syntax unified
 1671              		.code	16
 1672              		.thumb_func
 1674              	USBD_LL_Delay:
 1675              	.LVL162:
ARM GAS  C:\Users\Domagoj\AppData\Local\Temp\ccmJ3wLi.s 			page 50


 1676              	.LFB400:
 758:USB_Device/Target/usbd_conf.c ****   HAL_Delay(Delay);
 1677              		.loc 1 758 1 view -0
 1678              		.cfi_startproc
 1679              		@ args = 0, pretend = 0, frame = 0
 1680              		@ frame_needed = 0, uses_anonymous_args = 0
 758:USB_Device/Target/usbd_conf.c ****   HAL_Delay(Delay);
 1681              		.loc 1 758 1 is_stmt 0 view .LVU388
 1682 0000 10B5     		push	{r4, lr}
 1683              	.LCFI29:
 1684              		.cfi_def_cfa_offset 8
 1685              		.cfi_offset 4, -8
 1686              		.cfi_offset 14, -4
 759:USB_Device/Target/usbd_conf.c **** }
 1687              		.loc 1 759 3 is_stmt 1 view .LVU389
 1688 0002 FFF7FEFF 		bl	HAL_Delay
 1689              	.LVL163:
 760:USB_Device/Target/usbd_conf.c **** 
 1690              		.loc 1 760 1 is_stmt 0 view .LVU390
 1691              		@ sp needed
 1692 0006 10BD     		pop	{r4, pc}
 1693              		.cfi_endproc
 1694              	.LFE400:
 1696              		.section	.bss.mem.0,"aw",%nobits
 1697              		.align	2
 1700              	mem.0:
 1701 0000 00000000 		.space	544
 1701      00000000 
 1701      00000000 
 1701      00000000 
 1701      00000000 
 1702              		.global	hpcd_USB_DRD_FS
 1703              		.section	.bss.hpcd_USB_DRD_FS,"aw",%nobits
 1704              		.align	2
 1707              	hpcd_USB_DRD_FS:
 1708 0000 00000000 		.space	736
 1708      00000000 
 1708      00000000 
 1708      00000000 
 1708      00000000 
 1709              		.text
 1710              	.Letext0:
 1711              		.file 2 "Drivers/CMSIS/Device/ST/STM32G0xx/Include/stm32g0b1xx.h"
 1712              		.file 3 "C:\\ST\\STM32CubeIDE_2.2.0\\STM32CubeIDE\\plugins\\com.st.stm32cube.ide.mcu.externaltools
 1713              		.file 4 "C:\\ST\\STM32CubeIDE_2.2.0\\STM32CubeIDE\\plugins\\com.st.stm32cube.ide.mcu.externaltools
 1714              		.file 5 "Drivers/CMSIS/Include/core_cm0plus.h"
 1715              		.file 6 "Drivers/CMSIS/Device/ST/STM32G0xx/Include/stm32g0xx.h"
 1716              		.file 7 "Drivers/STM32G0xx_HAL_Driver/Inc/stm32g0xx_hal_def.h"
 1717              		.file 8 "Drivers/STM32G0xx_HAL_Driver/Inc/stm32g0xx_hal_rcc_ex.h"
 1718              		.file 9 "Drivers/STM32G0xx_HAL_Driver/Inc/stm32g0xx_ll_usb.h"
 1719              		.file 10 "Drivers/STM32G0xx_HAL_Driver/Inc/stm32g0xx_hal_pcd.h"
 1720              		.file 11 "Middlewares/ST/STM32_USB_Device_Library/Core/Inc/usbd_def.h"
 1721              		.file 12 "Drivers/STM32G0xx_HAL_Driver/Inc/stm32g0xx_hal_pcd_ex.h"
 1722              		.file 13 "Middlewares/ST/STM32_USB_Device_Library/Core/Inc/usbd_core.h"
 1723              		.file 14 "Drivers/STM32G0xx_HAL_Driver/Inc/stm32g0xx_hal.h"
 1724              		.file 15 "Drivers/STM32G0xx_HAL_Driver/Inc/stm32g0xx_hal_cortex.h"
 1725              		.file 16 "Drivers/STM32G0xx_HAL_Driver/Inc/stm32g0xx_hal_pwr_ex.h"
ARM GAS  C:\Users\Domagoj\AppData\Local\Temp\ccmJ3wLi.s 			page 51


 1726              		.file 17 "Drivers/STM32G0xx_HAL_Driver/Inc/stm32g0xx_ll_dma.h"
 1727              		.file 18 "<built-in>"
ARM GAS  C:\Users\Domagoj\AppData\Local\Temp\ccmJ3wLi.s 			page 52


DEFINED SYMBOLS
                            *ABS*:00000000 usbd_conf.c
C:\Users\Domagoj\AppData\Local\Temp\ccmJ3wLi.s:19     .text.USBD_Get_USB_Status:00000000 $t
C:\Users\Domagoj\AppData\Local\Temp\ccmJ3wLi.s:24     .text.USBD_Get_USB_Status:00000000 USBD_Get_USB_Status
C:\Users\Domagoj\AppData\Local\Temp\ccmJ3wLi.s:65     .text.SystemClockConfig_Resume:00000000 $t
C:\Users\Domagoj\AppData\Local\Temp\ccmJ3wLi.s:70     .text.SystemClockConfig_Resume:00000000 SystemClockConfig_Resume
C:\Users\Domagoj\AppData\Local\Temp\ccmJ3wLi.s:91     .text.HAL_PCD_MspInit:00000000 $t
C:\Users\Domagoj\AppData\Local\Temp\ccmJ3wLi.s:97     .text.HAL_PCD_MspInit:00000000 HAL_PCD_MspInit
C:\Users\Domagoj\AppData\Local\Temp\ccmJ3wLi.s:232    .text.HAL_PCD_MspInit:00000084 $d
C:\Users\Domagoj\AppData\Local\Temp\ccmJ3wLi.s:239    .text.HAL_PCD_MspDeInit:00000000 $t
C:\Users\Domagoj\AppData\Local\Temp\ccmJ3wLi.s:245    .text.HAL_PCD_MspDeInit:00000000 HAL_PCD_MspDeInit
C:\Users\Domagoj\AppData\Local\Temp\ccmJ3wLi.s:289    .text.HAL_PCD_MspDeInit:00000020 $d
C:\Users\Domagoj\AppData\Local\Temp\ccmJ3wLi.s:296    .text.HAL_PCD_SetupStageCallback:00000000 $t
C:\Users\Domagoj\AppData\Local\Temp\ccmJ3wLi.s:302    .text.HAL_PCD_SetupStageCallback:00000000 HAL_PCD_SetupStageCallback
C:\Users\Domagoj\AppData\Local\Temp\ccmJ3wLi.s:337    .text.HAL_PCD_DataOutStageCallback:00000000 $t
C:\Users\Domagoj\AppData\Local\Temp\ccmJ3wLi.s:343    .text.HAL_PCD_DataOutStageCallback:00000000 HAL_PCD_DataOutStageCallback
C:\Users\Domagoj\AppData\Local\Temp\ccmJ3wLi.s:382    .text.HAL_PCD_DataInStageCallback:00000000 $t
C:\Users\Domagoj\AppData\Local\Temp\ccmJ3wLi.s:388    .text.HAL_PCD_DataInStageCallback:00000000 HAL_PCD_DataInStageCallback
C:\Users\Domagoj\AppData\Local\Temp\ccmJ3wLi.s:425    .text.HAL_PCD_SOFCallback:00000000 $t
C:\Users\Domagoj\AppData\Local\Temp\ccmJ3wLi.s:431    .text.HAL_PCD_SOFCallback:00000000 HAL_PCD_SOFCallback
C:\Users\Domagoj\AppData\Local\Temp\ccmJ3wLi.s:460    .text.HAL_PCD_ResetCallback:00000000 $t
C:\Users\Domagoj\AppData\Local\Temp\ccmJ3wLi.s:466    .text.HAL_PCD_ResetCallback:00000000 HAL_PCD_ResetCallback
C:\Users\Domagoj\AppData\Local\Temp\ccmJ3wLi.s:523    .text.HAL_PCD_SuspendCallback:00000000 $t
C:\Users\Domagoj\AppData\Local\Temp\ccmJ3wLi.s:529    .text.HAL_PCD_SuspendCallback:00000000 HAL_PCD_SuspendCallback
C:\Users\Domagoj\AppData\Local\Temp\ccmJ3wLi.s:575    .text.HAL_PCD_SuspendCallback:00000020 $d
C:\Users\Domagoj\AppData\Local\Temp\ccmJ3wLi.s:580    .text.HAL_PCD_ResumeCallback:00000000 $t
C:\Users\Domagoj\AppData\Local\Temp\ccmJ3wLi.s:586    .text.HAL_PCD_ResumeCallback:00000000 HAL_PCD_ResumeCallback
C:\Users\Domagoj\AppData\Local\Temp\ccmJ3wLi.s:639    .text.HAL_PCD_ResumeCallback:00000028 $d
C:\Users\Domagoj\AppData\Local\Temp\ccmJ3wLi.s:644    .text.HAL_PCD_ISOOUTIncompleteCallback:00000000 $t
C:\Users\Domagoj\AppData\Local\Temp\ccmJ3wLi.s:650    .text.HAL_PCD_ISOOUTIncompleteCallback:00000000 HAL_PCD_ISOOUTIncompleteCallback
C:\Users\Domagoj\AppData\Local\Temp\ccmJ3wLi.s:679    .text.HAL_PCD_ISOINIncompleteCallback:00000000 $t
C:\Users\Domagoj\AppData\Local\Temp\ccmJ3wLi.s:685    .text.HAL_PCD_ISOINIncompleteCallback:00000000 HAL_PCD_ISOINIncompleteCallback
C:\Users\Domagoj\AppData\Local\Temp\ccmJ3wLi.s:714    .text.HAL_PCD_ConnectCallback:00000000 $t
C:\Users\Domagoj\AppData\Local\Temp\ccmJ3wLi.s:720    .text.HAL_PCD_ConnectCallback:00000000 HAL_PCD_ConnectCallback
C:\Users\Domagoj\AppData\Local\Temp\ccmJ3wLi.s:749    .text.HAL_PCD_DisconnectCallback:00000000 $t
C:\Users\Domagoj\AppData\Local\Temp\ccmJ3wLi.s:755    .text.HAL_PCD_DisconnectCallback:00000000 HAL_PCD_DisconnectCallback
C:\Users\Domagoj\AppData\Local\Temp\ccmJ3wLi.s:784    .text.USBD_LL_Init:00000000 $t
C:\Users\Domagoj\AppData\Local\Temp\ccmJ3wLi.s:790    .text.USBD_LL_Init:00000000 USBD_LL_Init
C:\Users\Domagoj\AppData\Local\Temp\ccmJ3wLi.s:931    .text.USBD_LL_Init:00000088 $d
C:\Users\Domagoj\AppData\Local\Temp\ccmJ3wLi.s:1707   .bss.hpcd_USB_DRD_FS:00000000 hpcd_USB_DRD_FS
C:\Users\Domagoj\AppData\Local\Temp\ccmJ3wLi.s:937    .text.USBD_LL_DeInit:00000000 $t
C:\Users\Domagoj\AppData\Local\Temp\ccmJ3wLi.s:943    .text.USBD_LL_DeInit:00000000 USBD_LL_DeInit
C:\Users\Domagoj\AppData\Local\Temp\ccmJ3wLi.s:980    .text.USBD_LL_Start:00000000 $t
C:\Users\Domagoj\AppData\Local\Temp\ccmJ3wLi.s:986    .text.USBD_LL_Start:00000000 USBD_LL_Start
C:\Users\Domagoj\AppData\Local\Temp\ccmJ3wLi.s:1023   .text.USBD_LL_Stop:00000000 $t
C:\Users\Domagoj\AppData\Local\Temp\ccmJ3wLi.s:1029   .text.USBD_LL_Stop:00000000 USBD_LL_Stop
C:\Users\Domagoj\AppData\Local\Temp\ccmJ3wLi.s:1066   .text.USBD_LL_OpenEP:00000000 $t
C:\Users\Domagoj\AppData\Local\Temp\ccmJ3wLi.s:1072   .text.USBD_LL_OpenEP:00000000 USBD_LL_OpenEP
C:\Users\Domagoj\AppData\Local\Temp\ccmJ3wLi.s:1116   .text.USBD_LL_CloseEP:00000000 $t
C:\Users\Domagoj\AppData\Local\Temp\ccmJ3wLi.s:1122   .text.USBD_LL_CloseEP:00000000 USBD_LL_CloseEP
C:\Users\Domagoj\AppData\Local\Temp\ccmJ3wLi.s:1159   .text.USBD_LL_FlushEP:00000000 $t
C:\Users\Domagoj\AppData\Local\Temp\ccmJ3wLi.s:1165   .text.USBD_LL_FlushEP:00000000 USBD_LL_FlushEP
C:\Users\Domagoj\AppData\Local\Temp\ccmJ3wLi.s:1202   .text.USBD_LL_StallEP:00000000 $t
C:\Users\Domagoj\AppData\Local\Temp\ccmJ3wLi.s:1208   .text.USBD_LL_StallEP:00000000 USBD_LL_StallEP
C:\Users\Domagoj\AppData\Local\Temp\ccmJ3wLi.s:1245   .text.USBD_LL_ClearStallEP:00000000 $t
C:\Users\Domagoj\AppData\Local\Temp\ccmJ3wLi.s:1251   .text.USBD_LL_ClearStallEP:00000000 USBD_LL_ClearStallEP
C:\Users\Domagoj\AppData\Local\Temp\ccmJ3wLi.s:1288   .text.USBD_LL_IsStallEP:00000000 $t
ARM GAS  C:\Users\Domagoj\AppData\Local\Temp\ccmJ3wLi.s 			page 53


C:\Users\Domagoj\AppData\Local\Temp\ccmJ3wLi.s:1294   .text.USBD_LL_IsStallEP:00000000 USBD_LL_IsStallEP
C:\Users\Domagoj\AppData\Local\Temp\ccmJ3wLi.s:1356   .text.USBD_LL_SetUSBAddress:00000000 $t
C:\Users\Domagoj\AppData\Local\Temp\ccmJ3wLi.s:1362   .text.USBD_LL_SetUSBAddress:00000000 USBD_LL_SetUSBAddress
C:\Users\Domagoj\AppData\Local\Temp\ccmJ3wLi.s:1399   .text.USBD_LL_Transmit:00000000 $t
C:\Users\Domagoj\AppData\Local\Temp\ccmJ3wLi.s:1405   .text.USBD_LL_Transmit:00000000 USBD_LL_Transmit
C:\Users\Domagoj\AppData\Local\Temp\ccmJ3wLi.s:1442   .text.USBD_LL_PrepareReceive:00000000 $t
C:\Users\Domagoj\AppData\Local\Temp\ccmJ3wLi.s:1448   .text.USBD_LL_PrepareReceive:00000000 USBD_LL_PrepareReceive
C:\Users\Domagoj\AppData\Local\Temp\ccmJ3wLi.s:1485   .text.USBD_LL_GetRxDataSize:00000000 $t
C:\Users\Domagoj\AppData\Local\Temp\ccmJ3wLi.s:1491   .text.USBD_LL_GetRxDataSize:00000000 USBD_LL_GetRxDataSize
C:\Users\Domagoj\AppData\Local\Temp\ccmJ3wLi.s:1520   .text.HAL_PCDEx_LPM_Callback:00000000 $t
C:\Users\Domagoj\AppData\Local\Temp\ccmJ3wLi.s:1526   .text.HAL_PCDEx_LPM_Callback:00000000 HAL_PCDEx_LPM_Callback
C:\Users\Domagoj\AppData\Local\Temp\ccmJ3wLi.s:1612   .text.HAL_PCDEx_LPM_Callback:0000004c $d
C:\Users\Domagoj\AppData\Local\Temp\ccmJ3wLi.s:1617   .text.USBD_static_malloc:00000000 $t
C:\Users\Domagoj\AppData\Local\Temp\ccmJ3wLi.s:1623   .text.USBD_static_malloc:00000000 USBD_static_malloc
C:\Users\Domagoj\AppData\Local\Temp\ccmJ3wLi.s:1642   .text.USBD_static_malloc:00000004 $d
C:\Users\Domagoj\AppData\Local\Temp\ccmJ3wLi.s:1700   .bss.mem.0:00000000 mem.0
C:\Users\Domagoj\AppData\Local\Temp\ccmJ3wLi.s:1647   .text.USBD_static_free:00000000 $t
C:\Users\Domagoj\AppData\Local\Temp\ccmJ3wLi.s:1653   .text.USBD_static_free:00000000 USBD_static_free
C:\Users\Domagoj\AppData\Local\Temp\ccmJ3wLi.s:1668   .text.USBD_LL_Delay:00000000 $t
C:\Users\Domagoj\AppData\Local\Temp\ccmJ3wLi.s:1674   .text.USBD_LL_Delay:00000000 USBD_LL_Delay
C:\Users\Domagoj\AppData\Local\Temp\ccmJ3wLi.s:1697   .bss.mem.0:00000000 $d
C:\Users\Domagoj\AppData\Local\Temp\ccmJ3wLi.s:1704   .bss.hpcd_USB_DRD_FS:00000000 $d

UNDEFINED SYMBOLS
SystemClock_Config
memset
HAL_RCCEx_PeriphCLKConfig
HAL_PWREx_EnableVddUSB
HAL_NVIC_SetPriority
HAL_NVIC_EnableIRQ
Error_Handler
HAL_NVIC_DisableIRQ
USBD_LL_SetupStage
USBD_LL_DataOutStage
USBD_LL_DataInStage
USBD_LL_SOF
USBD_LL_SetSpeed
USBD_LL_Reset
USBD_LL_Suspend
USBD_LL_Resume
USBD_LL_IsoOUTIncomplete
USBD_LL_IsoINIncomplete
USBD_LL_DevConnected
USBD_LL_DevDisconnected
HAL_PCD_Init
HAL_PCDEx_PMAConfig
HAL_PCD_DeInit
HAL_PCD_Start
HAL_PCD_Stop
HAL_PCD_EP_Open
HAL_PCD_EP_Close
HAL_PCD_EP_Flush
HAL_PCD_EP_SetStall
HAL_PCD_EP_ClrStall
HAL_PCD_SetAddress
HAL_PCD_EP_Transmit
HAL_PCD_EP_Receive
ARM GAS  C:\Users\Domagoj\AppData\Local\Temp\ccmJ3wLi.s 			page 54


HAL_PCD_EP_GetRxCount
HAL_Delay
