ARM GAS  C:\Users\Domagoj\AppData\Local\Temp\ccBZxoYs.s 			page 1


   1              		.cpu cortex-m0plus
   2              		.arch armv6s-m
   3              		.fpu softvfp
   4              		.eabi_attribute 20, 1
   5              		.eabi_attribute 21, 1
   6              		.eabi_attribute 23, 3
   7              		.eabi_attribute 24, 1
   8              		.eabi_attribute 25, 1
   9              		.eabi_attribute 26, 1
  10              		.eabi_attribute 30, 1
  11              		.eabi_attribute 34, 0
  12              		.eabi_attribute 18, 4
  13              		.file	"usbd_core.c"
  14              		.text
  15              	.Ltext0:
  16              		.cfi_sections	.debug_frame
  17              		.file 1 "Middlewares/ST/STM32_USB_Device_Library/Core/Src/usbd_core.c"
  18              		.section	.text.USBD_Init,"ax",%progbits
  19              		.align	1
  20              		.global	USBD_Init
  21              		.syntax unified
  22              		.code	16
  23              		.thumb_func
  25              	USBD_Init:
  26              	.LVL0:
  27              	.LFB370:
   1:Middlewares/ST/STM32_USB_Device_Library/Core/Src/usbd_core.c **** /**
   2:Middlewares/ST/STM32_USB_Device_Library/Core/Src/usbd_core.c ****   ******************************************************************************
   3:Middlewares/ST/STM32_USB_Device_Library/Core/Src/usbd_core.c ****   * @file    usbd_core.c
   4:Middlewares/ST/STM32_USB_Device_Library/Core/Src/usbd_core.c ****   * @author  MCD Application Team
   5:Middlewares/ST/STM32_USB_Device_Library/Core/Src/usbd_core.c ****   * @brief   This file provides all the USBD core functions.
   6:Middlewares/ST/STM32_USB_Device_Library/Core/Src/usbd_core.c ****   ******************************************************************************
   7:Middlewares/ST/STM32_USB_Device_Library/Core/Src/usbd_core.c ****   * @attention
   8:Middlewares/ST/STM32_USB_Device_Library/Core/Src/usbd_core.c ****   *
   9:Middlewares/ST/STM32_USB_Device_Library/Core/Src/usbd_core.c ****   * Copyright (c) 2015 STMicroelectronics.
  10:Middlewares/ST/STM32_USB_Device_Library/Core/Src/usbd_core.c ****   * All rights reserved.
  11:Middlewares/ST/STM32_USB_Device_Library/Core/Src/usbd_core.c ****   *
  12:Middlewares/ST/STM32_USB_Device_Library/Core/Src/usbd_core.c ****   * This software is licensed under terms that can be found in the LICENSE file
  13:Middlewares/ST/STM32_USB_Device_Library/Core/Src/usbd_core.c ****   * in the root directory of this software component.
  14:Middlewares/ST/STM32_USB_Device_Library/Core/Src/usbd_core.c ****   * If no LICENSE file comes with this software, it is provided AS-IS.
  15:Middlewares/ST/STM32_USB_Device_Library/Core/Src/usbd_core.c ****   *
  16:Middlewares/ST/STM32_USB_Device_Library/Core/Src/usbd_core.c ****   ******************************************************************************
  17:Middlewares/ST/STM32_USB_Device_Library/Core/Src/usbd_core.c ****   */
  18:Middlewares/ST/STM32_USB_Device_Library/Core/Src/usbd_core.c **** 
  19:Middlewares/ST/STM32_USB_Device_Library/Core/Src/usbd_core.c **** /* Includes ------------------------------------------------------------------*/
  20:Middlewares/ST/STM32_USB_Device_Library/Core/Src/usbd_core.c **** #include "usbd_core.h"
  21:Middlewares/ST/STM32_USB_Device_Library/Core/Src/usbd_core.c **** 
  22:Middlewares/ST/STM32_USB_Device_Library/Core/Src/usbd_core.c **** #ifdef USE_USBD_COMPOSITE
  23:Middlewares/ST/STM32_USB_Device_Library/Core/Src/usbd_core.c **** #include "usbd_composite_builder.h"
  24:Middlewares/ST/STM32_USB_Device_Library/Core/Src/usbd_core.c **** #endif /* USE_USBD_COMPOSITE */
  25:Middlewares/ST/STM32_USB_Device_Library/Core/Src/usbd_core.c **** 
  26:Middlewares/ST/STM32_USB_Device_Library/Core/Src/usbd_core.c **** /** @addtogroup STM32_USBD_DEVICE_LIBRARY
  27:Middlewares/ST/STM32_USB_Device_Library/Core/Src/usbd_core.c ****   * @{
  28:Middlewares/ST/STM32_USB_Device_Library/Core/Src/usbd_core.c ****   */
  29:Middlewares/ST/STM32_USB_Device_Library/Core/Src/usbd_core.c **** 
  30:Middlewares/ST/STM32_USB_Device_Library/Core/Src/usbd_core.c **** 
  31:Middlewares/ST/STM32_USB_Device_Library/Core/Src/usbd_core.c **** /** @defgroup USBD_CORE
ARM GAS  C:\Users\Domagoj\AppData\Local\Temp\ccBZxoYs.s 			page 2


  32:Middlewares/ST/STM32_USB_Device_Library/Core/Src/usbd_core.c ****   * @brief usbd core module
  33:Middlewares/ST/STM32_USB_Device_Library/Core/Src/usbd_core.c ****   * @{
  34:Middlewares/ST/STM32_USB_Device_Library/Core/Src/usbd_core.c ****   */
  35:Middlewares/ST/STM32_USB_Device_Library/Core/Src/usbd_core.c **** 
  36:Middlewares/ST/STM32_USB_Device_Library/Core/Src/usbd_core.c **** /** @defgroup USBD_CORE_Private_TypesDefinitions
  37:Middlewares/ST/STM32_USB_Device_Library/Core/Src/usbd_core.c ****   * @{
  38:Middlewares/ST/STM32_USB_Device_Library/Core/Src/usbd_core.c ****   */
  39:Middlewares/ST/STM32_USB_Device_Library/Core/Src/usbd_core.c **** 
  40:Middlewares/ST/STM32_USB_Device_Library/Core/Src/usbd_core.c **** /**
  41:Middlewares/ST/STM32_USB_Device_Library/Core/Src/usbd_core.c ****   * @}
  42:Middlewares/ST/STM32_USB_Device_Library/Core/Src/usbd_core.c ****   */
  43:Middlewares/ST/STM32_USB_Device_Library/Core/Src/usbd_core.c **** 
  44:Middlewares/ST/STM32_USB_Device_Library/Core/Src/usbd_core.c **** 
  45:Middlewares/ST/STM32_USB_Device_Library/Core/Src/usbd_core.c **** /** @defgroup USBD_CORE_Private_Defines
  46:Middlewares/ST/STM32_USB_Device_Library/Core/Src/usbd_core.c ****   * @{
  47:Middlewares/ST/STM32_USB_Device_Library/Core/Src/usbd_core.c ****   */
  48:Middlewares/ST/STM32_USB_Device_Library/Core/Src/usbd_core.c **** 
  49:Middlewares/ST/STM32_USB_Device_Library/Core/Src/usbd_core.c **** /**
  50:Middlewares/ST/STM32_USB_Device_Library/Core/Src/usbd_core.c ****   * @}
  51:Middlewares/ST/STM32_USB_Device_Library/Core/Src/usbd_core.c ****   */
  52:Middlewares/ST/STM32_USB_Device_Library/Core/Src/usbd_core.c **** 
  53:Middlewares/ST/STM32_USB_Device_Library/Core/Src/usbd_core.c **** 
  54:Middlewares/ST/STM32_USB_Device_Library/Core/Src/usbd_core.c **** /** @defgroup USBD_CORE_Private_Macros
  55:Middlewares/ST/STM32_USB_Device_Library/Core/Src/usbd_core.c ****   * @{
  56:Middlewares/ST/STM32_USB_Device_Library/Core/Src/usbd_core.c ****   */
  57:Middlewares/ST/STM32_USB_Device_Library/Core/Src/usbd_core.c **** 
  58:Middlewares/ST/STM32_USB_Device_Library/Core/Src/usbd_core.c **** /**
  59:Middlewares/ST/STM32_USB_Device_Library/Core/Src/usbd_core.c ****   * @}
  60:Middlewares/ST/STM32_USB_Device_Library/Core/Src/usbd_core.c ****   */
  61:Middlewares/ST/STM32_USB_Device_Library/Core/Src/usbd_core.c **** 
  62:Middlewares/ST/STM32_USB_Device_Library/Core/Src/usbd_core.c **** 
  63:Middlewares/ST/STM32_USB_Device_Library/Core/Src/usbd_core.c **** /** @defgroup USBD_CORE_Private_FunctionPrototypes
  64:Middlewares/ST/STM32_USB_Device_Library/Core/Src/usbd_core.c ****   * @{
  65:Middlewares/ST/STM32_USB_Device_Library/Core/Src/usbd_core.c ****   */
  66:Middlewares/ST/STM32_USB_Device_Library/Core/Src/usbd_core.c **** 
  67:Middlewares/ST/STM32_USB_Device_Library/Core/Src/usbd_core.c **** /**
  68:Middlewares/ST/STM32_USB_Device_Library/Core/Src/usbd_core.c ****   * @}
  69:Middlewares/ST/STM32_USB_Device_Library/Core/Src/usbd_core.c ****   */
  70:Middlewares/ST/STM32_USB_Device_Library/Core/Src/usbd_core.c **** 
  71:Middlewares/ST/STM32_USB_Device_Library/Core/Src/usbd_core.c **** /** @defgroup USBD_CORE_Private_Variables
  72:Middlewares/ST/STM32_USB_Device_Library/Core/Src/usbd_core.c ****   * @{
  73:Middlewares/ST/STM32_USB_Device_Library/Core/Src/usbd_core.c ****   */
  74:Middlewares/ST/STM32_USB_Device_Library/Core/Src/usbd_core.c **** 
  75:Middlewares/ST/STM32_USB_Device_Library/Core/Src/usbd_core.c **** /**
  76:Middlewares/ST/STM32_USB_Device_Library/Core/Src/usbd_core.c ****   * @}
  77:Middlewares/ST/STM32_USB_Device_Library/Core/Src/usbd_core.c ****   */
  78:Middlewares/ST/STM32_USB_Device_Library/Core/Src/usbd_core.c **** 
  79:Middlewares/ST/STM32_USB_Device_Library/Core/Src/usbd_core.c **** 
  80:Middlewares/ST/STM32_USB_Device_Library/Core/Src/usbd_core.c **** /** @defgroup USBD_CORE_Private_Functions
  81:Middlewares/ST/STM32_USB_Device_Library/Core/Src/usbd_core.c ****   * @{
  82:Middlewares/ST/STM32_USB_Device_Library/Core/Src/usbd_core.c ****   */
  83:Middlewares/ST/STM32_USB_Device_Library/Core/Src/usbd_core.c **** 
  84:Middlewares/ST/STM32_USB_Device_Library/Core/Src/usbd_core.c **** /**
  85:Middlewares/ST/STM32_USB_Device_Library/Core/Src/usbd_core.c ****   * @brief  USBD_Init
  86:Middlewares/ST/STM32_USB_Device_Library/Core/Src/usbd_core.c ****   *         Initializes the device stack and load the class driver
  87:Middlewares/ST/STM32_USB_Device_Library/Core/Src/usbd_core.c ****   * @param  pdev: device instance
  88:Middlewares/ST/STM32_USB_Device_Library/Core/Src/usbd_core.c ****   * @param  pdesc: Descriptor structure address
ARM GAS  C:\Users\Domagoj\AppData\Local\Temp\ccBZxoYs.s 			page 3


  89:Middlewares/ST/STM32_USB_Device_Library/Core/Src/usbd_core.c ****   * @param  id: Low level core index
  90:Middlewares/ST/STM32_USB_Device_Library/Core/Src/usbd_core.c ****   * @retval None
  91:Middlewares/ST/STM32_USB_Device_Library/Core/Src/usbd_core.c ****   */
  92:Middlewares/ST/STM32_USB_Device_Library/Core/Src/usbd_core.c **** USBD_StatusTypeDef USBD_Init(USBD_HandleTypeDef *pdev,
  93:Middlewares/ST/STM32_USB_Device_Library/Core/Src/usbd_core.c ****                              USBD_DescriptorsTypeDef *pdesc, uint8_t id)
  94:Middlewares/ST/STM32_USB_Device_Library/Core/Src/usbd_core.c **** {
  28              		.loc 1 94 1 view -0
  29              		.cfi_startproc
  30              		@ args = 0, pretend = 0, frame = 0
  31              		@ frame_needed = 0, uses_anonymous_args = 0
  32              		.loc 1 94 1 is_stmt 0 view .LVU1
  33 0000 10B5     		push	{r4, lr}
  34              	.LCFI0:
  35              		.cfi_def_cfa_offset 8
  36              		.cfi_offset 4, -8
  37              		.cfi_offset 14, -4
  95:Middlewares/ST/STM32_USB_Device_Library/Core/Src/usbd_core.c ****   USBD_StatusTypeDef ret;
  38              		.loc 1 95 3 is_stmt 1 view .LVU2
  96:Middlewares/ST/STM32_USB_Device_Library/Core/Src/usbd_core.c **** 
  97:Middlewares/ST/STM32_USB_Device_Library/Core/Src/usbd_core.c ****   /* Check whether the USB Host handle is valid */
  98:Middlewares/ST/STM32_USB_Device_Library/Core/Src/usbd_core.c ****   if (pdev == NULL)
  39              		.loc 1 98 3 view .LVU3
  40              		.loc 1 98 6 is_stmt 0 view .LVU4
  41 0002 0028     		cmp	r0, #0
  42 0004 14D0     		beq	.L4
  99:Middlewares/ST/STM32_USB_Device_Library/Core/Src/usbd_core.c ****   {
 100:Middlewares/ST/STM32_USB_Device_Library/Core/Src/usbd_core.c **** #if (USBD_DEBUG_LEVEL > 1U)
 101:Middlewares/ST/STM32_USB_Device_Library/Core/Src/usbd_core.c ****     USBD_ErrLog("Invalid Device handle");
 102:Middlewares/ST/STM32_USB_Device_Library/Core/Src/usbd_core.c **** #endif /* (USBD_DEBUG_LEVEL > 1U) */
 103:Middlewares/ST/STM32_USB_Device_Library/Core/Src/usbd_core.c ****     return USBD_FAIL;
 104:Middlewares/ST/STM32_USB_Device_Library/Core/Src/usbd_core.c ****   }
 105:Middlewares/ST/STM32_USB_Device_Library/Core/Src/usbd_core.c **** 
 106:Middlewares/ST/STM32_USB_Device_Library/Core/Src/usbd_core.c **** #ifdef USE_USBD_COMPOSITE
 107:Middlewares/ST/STM32_USB_Device_Library/Core/Src/usbd_core.c ****   /* Parse the table of classes in use */
 108:Middlewares/ST/STM32_USB_Device_Library/Core/Src/usbd_core.c ****   for (uint32_t i = 0; i < USBD_MAX_SUPPORTED_CLASS; i++)
 109:Middlewares/ST/STM32_USB_Device_Library/Core/Src/usbd_core.c ****   {
 110:Middlewares/ST/STM32_USB_Device_Library/Core/Src/usbd_core.c ****     /* Unlink previous class*/
 111:Middlewares/ST/STM32_USB_Device_Library/Core/Src/usbd_core.c ****     pdev->pClass[i] = NULL;
 112:Middlewares/ST/STM32_USB_Device_Library/Core/Src/usbd_core.c ****     pdev->pUserData[i] = NULL;
 113:Middlewares/ST/STM32_USB_Device_Library/Core/Src/usbd_core.c **** 
 114:Middlewares/ST/STM32_USB_Device_Library/Core/Src/usbd_core.c ****     /* Set class as inactive */
 115:Middlewares/ST/STM32_USB_Device_Library/Core/Src/usbd_core.c ****     pdev->tclasslist[i].Active = 0;
 116:Middlewares/ST/STM32_USB_Device_Library/Core/Src/usbd_core.c ****     pdev->NumClasses = 0;
 117:Middlewares/ST/STM32_USB_Device_Library/Core/Src/usbd_core.c ****     pdev->classId = 0;
 118:Middlewares/ST/STM32_USB_Device_Library/Core/Src/usbd_core.c ****   }
 119:Middlewares/ST/STM32_USB_Device_Library/Core/Src/usbd_core.c **** #else
 120:Middlewares/ST/STM32_USB_Device_Library/Core/Src/usbd_core.c ****   /* Unlink previous class*/
 121:Middlewares/ST/STM32_USB_Device_Library/Core/Src/usbd_core.c ****   pdev->pClass[0] = NULL;
  43              		.loc 1 121 3 is_stmt 1 view .LVU5
  44              		.loc 1 121 19 is_stmt 0 view .LVU6
  45 0006 0023     		movs	r3, #0
  46 0008 AE24     		movs	r4, #174
  47 000a A400     		lsls	r4, r4, #2
  48 000c 0351     		str	r3, [r0, r4]
 122:Middlewares/ST/STM32_USB_Device_Library/Core/Src/usbd_core.c ****   pdev->pUserData[0] = NULL;
  49              		.loc 1 122 3 is_stmt 1 view .LVU7
  50              		.loc 1 122 22 is_stmt 0 view .LVU8
ARM GAS  C:\Users\Domagoj\AppData\Local\Temp\ccBZxoYs.s 			page 4


  51 000e 0C34     		adds	r4, r4, #12
  52 0010 0351     		str	r3, [r0, r4]
 123:Middlewares/ST/STM32_USB_Device_Library/Core/Src/usbd_core.c **** #endif /* USE_USBD_COMPOSITE */
 124:Middlewares/ST/STM32_USB_Device_Library/Core/Src/usbd_core.c **** 
 125:Middlewares/ST/STM32_USB_Device_Library/Core/Src/usbd_core.c ****   pdev->pConfDesc = NULL;
  53              		.loc 1 125 3 is_stmt 1 view .LVU9
  54              		.loc 1 125 19 is_stmt 0 view .LVU10
  55 0012 0C34     		adds	r4, r4, #12
  56 0014 0351     		str	r3, [r0, r4]
 126:Middlewares/ST/STM32_USB_Device_Library/Core/Src/usbd_core.c **** 
 127:Middlewares/ST/STM32_USB_Device_Library/Core/Src/usbd_core.c ****   /* Assign USBD Descriptors */
 128:Middlewares/ST/STM32_USB_Device_Library/Core/Src/usbd_core.c ****   if (pdesc != NULL)
  57              		.loc 1 128 3 is_stmt 1 view .LVU11
  58              		.loc 1 128 6 is_stmt 0 view .LVU12
  59 0016 0029     		cmp	r1, #0
  60 0018 02D0     		beq	.L3
 129:Middlewares/ST/STM32_USB_Device_Library/Core/Src/usbd_core.c ****   {
 130:Middlewares/ST/STM32_USB_Device_Library/Core/Src/usbd_core.c ****     pdev->pDesc = pdesc;
  61              		.loc 1 130 5 is_stmt 1 view .LVU13
  62              		.loc 1 130 17 is_stmt 0 view .LVU14
  63 001a AD23     		movs	r3, #173
  64 001c 9B00     		lsls	r3, r3, #2
  65 001e C150     		str	r1, [r0, r3]
  66              	.L3:
 131:Middlewares/ST/STM32_USB_Device_Library/Core/Src/usbd_core.c ****   }
 132:Middlewares/ST/STM32_USB_Device_Library/Core/Src/usbd_core.c **** 
 133:Middlewares/ST/STM32_USB_Device_Library/Core/Src/usbd_core.c ****   /* Set Device initial State */
 134:Middlewares/ST/STM32_USB_Device_Library/Core/Src/usbd_core.c ****   pdev->dev_state = USBD_STATE_DEFAULT;
  67              		.loc 1 134 3 is_stmt 1 view .LVU15
  68              		.loc 1 134 19 is_stmt 0 view .LVU16
  69 0020 A723     		movs	r3, #167
  70 0022 9B00     		lsls	r3, r3, #2
  71 0024 0121     		movs	r1, #1
  72              	.LVL1:
  73              		.loc 1 134 19 view .LVU17
  74 0026 C154     		strb	r1, [r0, r3]
 135:Middlewares/ST/STM32_USB_Device_Library/Core/Src/usbd_core.c ****   pdev->id = id;
  75              		.loc 1 135 3 is_stmt 1 view .LVU18
  76              		.loc 1 135 12 is_stmt 0 view .LVU19
  77 0028 0270     		strb	r2, [r0]
 136:Middlewares/ST/STM32_USB_Device_Library/Core/Src/usbd_core.c **** 
 137:Middlewares/ST/STM32_USB_Device_Library/Core/Src/usbd_core.c ****   /* Initialize low level driver */
 138:Middlewares/ST/STM32_USB_Device_Library/Core/Src/usbd_core.c ****   ret = USBD_LL_Init(pdev);
  78              		.loc 1 138 3 is_stmt 1 view .LVU20
  79              		.loc 1 138 9 is_stmt 0 view .LVU21
  80 002a FFF7FEFF 		bl	USBD_LL_Init
  81              	.LVL2:
 139:Middlewares/ST/STM32_USB_Device_Library/Core/Src/usbd_core.c **** 
 140:Middlewares/ST/STM32_USB_Device_Library/Core/Src/usbd_core.c ****   return ret;
  82              		.loc 1 140 3 is_stmt 1 view .LVU22
  83              	.L2:
 141:Middlewares/ST/STM32_USB_Device_Library/Core/Src/usbd_core.c **** }
  84              		.loc 1 141 1 is_stmt 0 view .LVU23
  85              		@ sp needed
  86 002e 10BD     		pop	{r4, pc}
  87              	.LVL3:
  88              	.L4:
ARM GAS  C:\Users\Domagoj\AppData\Local\Temp\ccBZxoYs.s 			page 5


 103:Middlewares/ST/STM32_USB_Device_Library/Core/Src/usbd_core.c ****   }
  89              		.loc 1 103 12 view .LVU24
  90 0030 0320     		movs	r0, #3
  91              	.LVL4:
 103:Middlewares/ST/STM32_USB_Device_Library/Core/Src/usbd_core.c ****   }
  92              		.loc 1 103 12 view .LVU25
  93 0032 FCE7     		b	.L2
  94              		.cfi_endproc
  95              	.LFE370:
  97              		.section	.text.USBD_DeInit,"ax",%progbits
  98              		.align	1
  99              		.global	USBD_DeInit
 100              		.syntax unified
 101              		.code	16
 102              		.thumb_func
 104              	USBD_DeInit:
 105              	.LVL5:
 106              	.LFB371:
 142:Middlewares/ST/STM32_USB_Device_Library/Core/Src/usbd_core.c **** 
 143:Middlewares/ST/STM32_USB_Device_Library/Core/Src/usbd_core.c **** /**
 144:Middlewares/ST/STM32_USB_Device_Library/Core/Src/usbd_core.c ****   * @brief  USBD_DeInit
 145:Middlewares/ST/STM32_USB_Device_Library/Core/Src/usbd_core.c ****   *         Re-Initialize the device library
 146:Middlewares/ST/STM32_USB_Device_Library/Core/Src/usbd_core.c ****   * @param  pdev: device instance
 147:Middlewares/ST/STM32_USB_Device_Library/Core/Src/usbd_core.c ****   * @retval status: status
 148:Middlewares/ST/STM32_USB_Device_Library/Core/Src/usbd_core.c ****   */
 149:Middlewares/ST/STM32_USB_Device_Library/Core/Src/usbd_core.c **** USBD_StatusTypeDef USBD_DeInit(USBD_HandleTypeDef *pdev)
 150:Middlewares/ST/STM32_USB_Device_Library/Core/Src/usbd_core.c **** {
 107              		.loc 1 150 1 is_stmt 1 view -0
 108              		.cfi_startproc
 109              		@ args = 0, pretend = 0, frame = 0
 110              		@ frame_needed = 0, uses_anonymous_args = 0
 111              		.loc 1 150 1 is_stmt 0 view .LVU27
 112 0000 10B5     		push	{r4, lr}
 113              	.LCFI1:
 114              		.cfi_def_cfa_offset 8
 115              		.cfi_offset 4, -8
 116              		.cfi_offset 14, -4
 117 0002 0400     		movs	r4, r0
 151:Middlewares/ST/STM32_USB_Device_Library/Core/Src/usbd_core.c ****   USBD_StatusTypeDef ret;
 118              		.loc 1 151 3 is_stmt 1 view .LVU28
 152:Middlewares/ST/STM32_USB_Device_Library/Core/Src/usbd_core.c **** 
 153:Middlewares/ST/STM32_USB_Device_Library/Core/Src/usbd_core.c ****   /* Disconnect the USB Device */
 154:Middlewares/ST/STM32_USB_Device_Library/Core/Src/usbd_core.c ****   (void)USBD_LL_Stop(pdev);
 119              		.loc 1 154 3 view .LVU29
 120              		.loc 1 154 9 is_stmt 0 view .LVU30
 121 0004 FFF7FEFF 		bl	USBD_LL_Stop
 122              	.LVL6:
 155:Middlewares/ST/STM32_USB_Device_Library/Core/Src/usbd_core.c **** 
 156:Middlewares/ST/STM32_USB_Device_Library/Core/Src/usbd_core.c ****   /* Set Default State */
 157:Middlewares/ST/STM32_USB_Device_Library/Core/Src/usbd_core.c ****   pdev->dev_state = USBD_STATE_DEFAULT;
 123              		.loc 1 157 3 is_stmt 1 view .LVU31
 124              		.loc 1 157 19 is_stmt 0 view .LVU32
 125 0008 A723     		movs	r3, #167
 126 000a 9B00     		lsls	r3, r3, #2
 127 000c 0122     		movs	r2, #1
 128 000e E254     		strb	r2, [r4, r3]
 158:Middlewares/ST/STM32_USB_Device_Library/Core/Src/usbd_core.c **** 
ARM GAS  C:\Users\Domagoj\AppData\Local\Temp\ccBZxoYs.s 			page 6


 159:Middlewares/ST/STM32_USB_Device_Library/Core/Src/usbd_core.c **** #ifdef USE_USBD_COMPOSITE
 160:Middlewares/ST/STM32_USB_Device_Library/Core/Src/usbd_core.c ****   /* Parse the table of classes in use */
 161:Middlewares/ST/STM32_USB_Device_Library/Core/Src/usbd_core.c ****   for (uint32_t i = 0; i < USBD_MAX_SUPPORTED_CLASS; i++)
 162:Middlewares/ST/STM32_USB_Device_Library/Core/Src/usbd_core.c ****   {
 163:Middlewares/ST/STM32_USB_Device_Library/Core/Src/usbd_core.c ****     /* Check if current class is in use */
 164:Middlewares/ST/STM32_USB_Device_Library/Core/Src/usbd_core.c ****     if ((pdev->tclasslist[i].Active) == 1U)
 165:Middlewares/ST/STM32_USB_Device_Library/Core/Src/usbd_core.c ****     {
 166:Middlewares/ST/STM32_USB_Device_Library/Core/Src/usbd_core.c ****       if (pdev->pClass[i] != NULL)
 167:Middlewares/ST/STM32_USB_Device_Library/Core/Src/usbd_core.c ****       {
 168:Middlewares/ST/STM32_USB_Device_Library/Core/Src/usbd_core.c ****         pdev->classId = i;
 169:Middlewares/ST/STM32_USB_Device_Library/Core/Src/usbd_core.c ****         /* Free Class Resources */
 170:Middlewares/ST/STM32_USB_Device_Library/Core/Src/usbd_core.c ****         pdev->pClass[i]->DeInit(pdev, (uint8_t)pdev->dev_config);
 171:Middlewares/ST/STM32_USB_Device_Library/Core/Src/usbd_core.c ****       }
 172:Middlewares/ST/STM32_USB_Device_Library/Core/Src/usbd_core.c ****     }
 173:Middlewares/ST/STM32_USB_Device_Library/Core/Src/usbd_core.c ****   }
 174:Middlewares/ST/STM32_USB_Device_Library/Core/Src/usbd_core.c **** #else
 175:Middlewares/ST/STM32_USB_Device_Library/Core/Src/usbd_core.c ****   /* Free Class Resources */
 176:Middlewares/ST/STM32_USB_Device_Library/Core/Src/usbd_core.c ****   if (pdev->pClass[0] != NULL)
 129              		.loc 1 176 3 is_stmt 1 view .LVU33
 130              		.loc 1 176 19 is_stmt 0 view .LVU34
 131 0010 1C33     		adds	r3, r3, #28
 132 0012 E358     		ldr	r3, [r4, r3]
 133              		.loc 1 176 6 view .LVU35
 134 0014 002B     		cmp	r3, #0
 135 0016 03D0     		beq	.L6
 177:Middlewares/ST/STM32_USB_Device_Library/Core/Src/usbd_core.c ****   {
 178:Middlewares/ST/STM32_USB_Device_Library/Core/Src/usbd_core.c ****     pdev->pClass[0]->DeInit(pdev, (uint8_t)pdev->dev_config);
 136              		.loc 1 178 5 is_stmt 1 view .LVU36
 137              		.loc 1 178 20 is_stmt 0 view .LVU37
 138 0018 5B68     		ldr	r3, [r3, #4]
 139              		.loc 1 178 5 view .LVU38
 140 001a 2179     		ldrb	r1, [r4, #4]
 141 001c 2000     		movs	r0, r4
 142 001e 9847     		blx	r3
 143              	.LVL7:
 144              	.L6:
 179:Middlewares/ST/STM32_USB_Device_Library/Core/Src/usbd_core.c ****   }
 180:Middlewares/ST/STM32_USB_Device_Library/Core/Src/usbd_core.c **** 
 181:Middlewares/ST/STM32_USB_Device_Library/Core/Src/usbd_core.c ****   pdev->pUserData[0] = NULL;
 145              		.loc 1 181 3 is_stmt 1 view .LVU39
 146              		.loc 1 181 22 is_stmt 0 view .LVU40
 147 0020 0023     		movs	r3, #0
 148 0022 B122     		movs	r2, #177
 149 0024 9200     		lsls	r2, r2, #2
 150 0026 A350     		str	r3, [r4, r2]
 182:Middlewares/ST/STM32_USB_Device_Library/Core/Src/usbd_core.c **** 
 183:Middlewares/ST/STM32_USB_Device_Library/Core/Src/usbd_core.c **** #endif /* USE_USBD_COMPOSITE */
 184:Middlewares/ST/STM32_USB_Device_Library/Core/Src/usbd_core.c **** 
 185:Middlewares/ST/STM32_USB_Device_Library/Core/Src/usbd_core.c ****   /* Free Device descriptors resources */
 186:Middlewares/ST/STM32_USB_Device_Library/Core/Src/usbd_core.c ****   pdev->pDesc = NULL;
 151              		.loc 1 186 3 is_stmt 1 view .LVU41
 152              		.loc 1 186 15 is_stmt 0 view .LVU42
 153 0028 103A     		subs	r2, r2, #16
 154 002a A350     		str	r3, [r4, r2]
 187:Middlewares/ST/STM32_USB_Device_Library/Core/Src/usbd_core.c ****   pdev->pConfDesc = NULL;
 155              		.loc 1 187 3 is_stmt 1 view .LVU43
 156              		.loc 1 187 19 is_stmt 0 view .LVU44
ARM GAS  C:\Users\Domagoj\AppData\Local\Temp\ccBZxoYs.s 			page 7


 157 002c 1C32     		adds	r2, r2, #28
 158 002e A350     		str	r3, [r4, r2]
 188:Middlewares/ST/STM32_USB_Device_Library/Core/Src/usbd_core.c **** 
 189:Middlewares/ST/STM32_USB_Device_Library/Core/Src/usbd_core.c ****   /* DeInitialize low level driver */
 190:Middlewares/ST/STM32_USB_Device_Library/Core/Src/usbd_core.c ****   ret = USBD_LL_DeInit(pdev);
 159              		.loc 1 190 3 is_stmt 1 view .LVU45
 160              		.loc 1 190 9 is_stmt 0 view .LVU46
 161 0030 2000     		movs	r0, r4
 162 0032 FFF7FEFF 		bl	USBD_LL_DeInit
 163              	.LVL8:
 191:Middlewares/ST/STM32_USB_Device_Library/Core/Src/usbd_core.c **** 
 192:Middlewares/ST/STM32_USB_Device_Library/Core/Src/usbd_core.c ****   return ret;
 164              		.loc 1 192 3 is_stmt 1 view .LVU47
 193:Middlewares/ST/STM32_USB_Device_Library/Core/Src/usbd_core.c **** }
 165              		.loc 1 193 1 is_stmt 0 view .LVU48
 166              		@ sp needed
 167              	.LVL9:
 168              		.loc 1 193 1 view .LVU49
 169 0036 10BD     		pop	{r4, pc}
 170              		.cfi_endproc
 171              	.LFE371:
 173              		.section	.text.USBD_RegisterClass,"ax",%progbits
 174              		.align	1
 175              		.global	USBD_RegisterClass
 176              		.syntax unified
 177              		.code	16
 178              		.thumb_func
 180              	USBD_RegisterClass:
 181              	.LVL10:
 182              	.LFB372:
 194:Middlewares/ST/STM32_USB_Device_Library/Core/Src/usbd_core.c **** 
 195:Middlewares/ST/STM32_USB_Device_Library/Core/Src/usbd_core.c **** /**
 196:Middlewares/ST/STM32_USB_Device_Library/Core/Src/usbd_core.c ****   * @brief  USBD_RegisterClass
 197:Middlewares/ST/STM32_USB_Device_Library/Core/Src/usbd_core.c ****   *         Link class driver to Device Core.
 198:Middlewares/ST/STM32_USB_Device_Library/Core/Src/usbd_core.c ****   * @param  pDevice : Device Handle
 199:Middlewares/ST/STM32_USB_Device_Library/Core/Src/usbd_core.c ****   * @param  pclass: Class handle
 200:Middlewares/ST/STM32_USB_Device_Library/Core/Src/usbd_core.c ****   * @retval USBD Status
 201:Middlewares/ST/STM32_USB_Device_Library/Core/Src/usbd_core.c ****   */
 202:Middlewares/ST/STM32_USB_Device_Library/Core/Src/usbd_core.c **** USBD_StatusTypeDef USBD_RegisterClass(USBD_HandleTypeDef *pdev, USBD_ClassTypeDef *pclass)
 203:Middlewares/ST/STM32_USB_Device_Library/Core/Src/usbd_core.c **** {
 183              		.loc 1 203 1 is_stmt 1 view -0
 184              		.cfi_startproc
 185              		@ args = 0, pretend = 0, frame = 8
 186              		@ frame_needed = 0, uses_anonymous_args = 0
 187              		.loc 1 203 1 is_stmt 0 view .LVU51
 188 0000 10B5     		push	{r4, lr}
 189              	.LCFI2:
 190              		.cfi_def_cfa_offset 8
 191              		.cfi_offset 4, -8
 192              		.cfi_offset 14, -4
 193 0002 82B0     		sub	sp, sp, #8
 194              	.LCFI3:
 195              		.cfi_def_cfa_offset 16
 196 0004 0400     		movs	r4, r0
 204:Middlewares/ST/STM32_USB_Device_Library/Core/Src/usbd_core.c ****   uint16_t len = 0U;
 197              		.loc 1 204 3 is_stmt 1 view .LVU52
 198              		.loc 1 204 12 is_stmt 0 view .LVU53
ARM GAS  C:\Users\Domagoj\AppData\Local\Temp\ccBZxoYs.s 			page 8


 199 0006 6B46     		mov	r3, sp
 200 0008 0022     		movs	r2, #0
 201 000a DA80     		strh	r2, [r3, #6]
 205:Middlewares/ST/STM32_USB_Device_Library/Core/Src/usbd_core.c **** 
 206:Middlewares/ST/STM32_USB_Device_Library/Core/Src/usbd_core.c ****   if (pclass == NULL)
 202              		.loc 1 206 3 is_stmt 1 view .LVU54
 203              		.loc 1 206 6 is_stmt 0 view .LVU55
 204 000c 0029     		cmp	r1, #0
 205 000e 19D0     		beq	.L10
 207:Middlewares/ST/STM32_USB_Device_Library/Core/Src/usbd_core.c ****   {
 208:Middlewares/ST/STM32_USB_Device_Library/Core/Src/usbd_core.c **** #if (USBD_DEBUG_LEVEL > 1U)
 209:Middlewares/ST/STM32_USB_Device_Library/Core/Src/usbd_core.c ****     USBD_ErrLog("Invalid Class handle");
 210:Middlewares/ST/STM32_USB_Device_Library/Core/Src/usbd_core.c **** #endif /* (USBD_DEBUG_LEVEL > 1U) */
 211:Middlewares/ST/STM32_USB_Device_Library/Core/Src/usbd_core.c ****     return USBD_FAIL;
 212:Middlewares/ST/STM32_USB_Device_Library/Core/Src/usbd_core.c ****   }
 213:Middlewares/ST/STM32_USB_Device_Library/Core/Src/usbd_core.c **** 
 214:Middlewares/ST/STM32_USB_Device_Library/Core/Src/usbd_core.c ****   /* link the class to the USB Device handle */
 215:Middlewares/ST/STM32_USB_Device_Library/Core/Src/usbd_core.c ****   pdev->pClass[0] = pclass;
 206              		.loc 1 215 3 is_stmt 1 view .LVU56
 207              		.loc 1 215 19 is_stmt 0 view .LVU57
 208 0010 AE23     		movs	r3, #174
 209 0012 9B00     		lsls	r3, r3, #2
 210 0014 C150     		str	r1, [r0, r3]
 216:Middlewares/ST/STM32_USB_Device_Library/Core/Src/usbd_core.c **** 
 217:Middlewares/ST/STM32_USB_Device_Library/Core/Src/usbd_core.c ****   /* Get Device Configuration Descriptor */
 218:Middlewares/ST/STM32_USB_Device_Library/Core/Src/usbd_core.c **** #ifdef USE_USB_HS
 219:Middlewares/ST/STM32_USB_Device_Library/Core/Src/usbd_core.c ****   if (pdev->pClass[pdev->classId]->GetHSConfigDescriptor != NULL)
 220:Middlewares/ST/STM32_USB_Device_Library/Core/Src/usbd_core.c ****   {
 221:Middlewares/ST/STM32_USB_Device_Library/Core/Src/usbd_core.c ****     pdev->pConfDesc = (void *)pdev->pClass[pdev->classId]->GetHSConfigDescriptor(&len);
 222:Middlewares/ST/STM32_USB_Device_Library/Core/Src/usbd_core.c ****   }
 223:Middlewares/ST/STM32_USB_Device_Library/Core/Src/usbd_core.c **** #else /* Default USE_USB_FS */
 224:Middlewares/ST/STM32_USB_Device_Library/Core/Src/usbd_core.c ****   if (pdev->pClass[pdev->classId]->GetFSConfigDescriptor != NULL)
 211              		.loc 1 224 3 is_stmt 1 view .LVU58
 212              		.loc 1 224 24 is_stmt 0 view .LVU59
 213 0016 1C33     		adds	r3, r3, #28
 214 0018 C358     		ldr	r3, [r0, r3]
 215              		.loc 1 224 34 view .LVU60
 216 001a CA6A     		ldr	r2, [r1, #44]
 217              		.loc 1 224 6 view .LVU61
 218 001c 002A     		cmp	r2, #0
 219 001e 09D0     		beq	.L9
 225:Middlewares/ST/STM32_USB_Device_Library/Core/Src/usbd_core.c ****   {
 226:Middlewares/ST/STM32_USB_Device_Library/Core/Src/usbd_core.c ****     pdev->pConfDesc = (void *)pdev->pClass[pdev->classId]->GetFSConfigDescriptor(&len);
 220              		.loc 1 226 5 is_stmt 1 view .LVU62
 221              		.loc 1 226 43 is_stmt 0 view .LVU63
 222 0020 AE33     		adds	r3, r3, #174
 223 0022 9B00     		lsls	r3, r3, #2
 224 0024 1B58     		ldr	r3, [r3, r0]
 225              		.loc 1 226 58 view .LVU64
 226 0026 DB6A     		ldr	r3, [r3, #44]
 227              		.loc 1 226 31 view .LVU65
 228 0028 6A46     		mov	r2, sp
 229 002a 901D     		adds	r0, r2, #6
 230              	.LVL11:
 231              		.loc 1 226 31 view .LVU66
 232 002c 9847     		blx	r3
 233              	.LVL12:
ARM GAS  C:\Users\Domagoj\AppData\Local\Temp\ccBZxoYs.s 			page 9


 234              		.loc 1 226 21 discriminator 1 view .LVU67
 235 002e B423     		movs	r3, #180
 236 0030 9B00     		lsls	r3, r3, #2
 237 0032 E050     		str	r0, [r4, r3]
 238              	.L9:
 227:Middlewares/ST/STM32_USB_Device_Library/Core/Src/usbd_core.c ****   }
 228:Middlewares/ST/STM32_USB_Device_Library/Core/Src/usbd_core.c **** #endif /* USE_USB_FS */
 229:Middlewares/ST/STM32_USB_Device_Library/Core/Src/usbd_core.c **** 
 230:Middlewares/ST/STM32_USB_Device_Library/Core/Src/usbd_core.c ****   /* Increment the NumClasses */
 231:Middlewares/ST/STM32_USB_Device_Library/Core/Src/usbd_core.c ****   pdev->NumClasses ++;
 239              		.loc 1 231 3 is_stmt 1 view .LVU68
 240              		.loc 1 231 7 is_stmt 0 view .LVU69
 241 0034 B622     		movs	r2, #182
 242 0036 9200     		lsls	r2, r2, #2
 243 0038 A358     		ldr	r3, [r4, r2]
 244              		.loc 1 231 20 view .LVU70
 245 003a 0133     		adds	r3, r3, #1
 246 003c A350     		str	r3, [r4, r2]
 232:Middlewares/ST/STM32_USB_Device_Library/Core/Src/usbd_core.c **** 
 233:Middlewares/ST/STM32_USB_Device_Library/Core/Src/usbd_core.c ****   return USBD_OK;
 247              		.loc 1 233 3 is_stmt 1 view .LVU71
 248              		.loc 1 233 10 is_stmt 0 view .LVU72
 249 003e 0020     		movs	r0, #0
 250              	.L8:
 234:Middlewares/ST/STM32_USB_Device_Library/Core/Src/usbd_core.c **** }
 251              		.loc 1 234 1 view .LVU73
 252 0040 02B0     		add	sp, sp, #8
 253              		@ sp needed
 254              	.LVL13:
 255              		.loc 1 234 1 view .LVU74
 256 0042 10BD     		pop	{r4, pc}
 257              	.LVL14:
 258              	.L10:
 211:Middlewares/ST/STM32_USB_Device_Library/Core/Src/usbd_core.c ****   }
 259              		.loc 1 211 12 view .LVU75
 260 0044 0320     		movs	r0, #3
 261              	.LVL15:
 211:Middlewares/ST/STM32_USB_Device_Library/Core/Src/usbd_core.c ****   }
 262              		.loc 1 211 12 view .LVU76
 263 0046 FBE7     		b	.L8
 264              		.cfi_endproc
 265              	.LFE372:
 267              		.section	.text.USBD_Start,"ax",%progbits
 268              		.align	1
 269              		.global	USBD_Start
 270              		.syntax unified
 271              		.code	16
 272              		.thumb_func
 274              	USBD_Start:
 275              	.LVL16:
 276              	.LFB373:
 235:Middlewares/ST/STM32_USB_Device_Library/Core/Src/usbd_core.c **** 
 236:Middlewares/ST/STM32_USB_Device_Library/Core/Src/usbd_core.c **** #ifdef USE_USBD_COMPOSITE
 237:Middlewares/ST/STM32_USB_Device_Library/Core/Src/usbd_core.c **** /**
 238:Middlewares/ST/STM32_USB_Device_Library/Core/Src/usbd_core.c ****   * @brief  USBD_RegisterClassComposite
 239:Middlewares/ST/STM32_USB_Device_Library/Core/Src/usbd_core.c ****   *         Link class driver to Device Core.
 240:Middlewares/ST/STM32_USB_Device_Library/Core/Src/usbd_core.c ****   * @param  pdev : Device Handle
ARM GAS  C:\Users\Domagoj\AppData\Local\Temp\ccBZxoYs.s 			page 10


 241:Middlewares/ST/STM32_USB_Device_Library/Core/Src/usbd_core.c ****   * @param  pclass: Class handle
 242:Middlewares/ST/STM32_USB_Device_Library/Core/Src/usbd_core.c ****   * @param  classtype: Class type
 243:Middlewares/ST/STM32_USB_Device_Library/Core/Src/usbd_core.c ****   * @param  EpAddr: Endpoint Address handle
 244:Middlewares/ST/STM32_USB_Device_Library/Core/Src/usbd_core.c ****   * @retval USBD Status
 245:Middlewares/ST/STM32_USB_Device_Library/Core/Src/usbd_core.c ****   */
 246:Middlewares/ST/STM32_USB_Device_Library/Core/Src/usbd_core.c **** USBD_StatusTypeDef  USBD_RegisterClassComposite(USBD_HandleTypeDef *pdev, USBD_ClassTypeDef *pclass
 247:Middlewares/ST/STM32_USB_Device_Library/Core/Src/usbd_core.c ****                                                 USBD_CompositeClassTypeDef classtype, uint8_t *EpAd
 248:Middlewares/ST/STM32_USB_Device_Library/Core/Src/usbd_core.c **** {
 249:Middlewares/ST/STM32_USB_Device_Library/Core/Src/usbd_core.c ****   USBD_StatusTypeDef   ret = USBD_OK;
 250:Middlewares/ST/STM32_USB_Device_Library/Core/Src/usbd_core.c ****   uint16_t len = 0U;
 251:Middlewares/ST/STM32_USB_Device_Library/Core/Src/usbd_core.c **** 
 252:Middlewares/ST/STM32_USB_Device_Library/Core/Src/usbd_core.c ****   if ((pdev->classId < USBD_MAX_SUPPORTED_CLASS) && (pdev->NumClasses < USBD_MAX_SUPPORTED_CLASS))
 253:Middlewares/ST/STM32_USB_Device_Library/Core/Src/usbd_core.c ****   {
 254:Middlewares/ST/STM32_USB_Device_Library/Core/Src/usbd_core.c ****     if ((uint32_t)pclass != 0U)
 255:Middlewares/ST/STM32_USB_Device_Library/Core/Src/usbd_core.c ****     {
 256:Middlewares/ST/STM32_USB_Device_Library/Core/Src/usbd_core.c ****       /* Link the class to the USB Device handle */
 257:Middlewares/ST/STM32_USB_Device_Library/Core/Src/usbd_core.c ****       pdev->pClass[pdev->classId] = pclass;
 258:Middlewares/ST/STM32_USB_Device_Library/Core/Src/usbd_core.c ****       ret = USBD_OK;
 259:Middlewares/ST/STM32_USB_Device_Library/Core/Src/usbd_core.c **** 
 260:Middlewares/ST/STM32_USB_Device_Library/Core/Src/usbd_core.c ****       pdev->tclasslist[pdev->classId].EpAdd = EpAddr;
 261:Middlewares/ST/STM32_USB_Device_Library/Core/Src/usbd_core.c **** 
 262:Middlewares/ST/STM32_USB_Device_Library/Core/Src/usbd_core.c ****       /* Call the composite class builder */
 263:Middlewares/ST/STM32_USB_Device_Library/Core/Src/usbd_core.c ****       (void)USBD_CMPSIT_AddClass(pdev, pclass, classtype, 0);
 264:Middlewares/ST/STM32_USB_Device_Library/Core/Src/usbd_core.c **** 
 265:Middlewares/ST/STM32_USB_Device_Library/Core/Src/usbd_core.c ****       /* Increment the ClassId for the next occurrence */
 266:Middlewares/ST/STM32_USB_Device_Library/Core/Src/usbd_core.c ****       pdev->classId ++;
 267:Middlewares/ST/STM32_USB_Device_Library/Core/Src/usbd_core.c ****       pdev->NumClasses ++;
 268:Middlewares/ST/STM32_USB_Device_Library/Core/Src/usbd_core.c ****     }
 269:Middlewares/ST/STM32_USB_Device_Library/Core/Src/usbd_core.c ****     else
 270:Middlewares/ST/STM32_USB_Device_Library/Core/Src/usbd_core.c ****     {
 271:Middlewares/ST/STM32_USB_Device_Library/Core/Src/usbd_core.c **** #if (USBD_DEBUG_LEVEL > 1U)
 272:Middlewares/ST/STM32_USB_Device_Library/Core/Src/usbd_core.c ****       USBD_ErrLog("Invalid Class handle");
 273:Middlewares/ST/STM32_USB_Device_Library/Core/Src/usbd_core.c **** #endif /* (USBD_DEBUG_LEVEL > 1U) */
 274:Middlewares/ST/STM32_USB_Device_Library/Core/Src/usbd_core.c ****       ret = USBD_FAIL;
 275:Middlewares/ST/STM32_USB_Device_Library/Core/Src/usbd_core.c ****     }
 276:Middlewares/ST/STM32_USB_Device_Library/Core/Src/usbd_core.c ****   }
 277:Middlewares/ST/STM32_USB_Device_Library/Core/Src/usbd_core.c **** 
 278:Middlewares/ST/STM32_USB_Device_Library/Core/Src/usbd_core.c ****   if (ret == USBD_OK)
 279:Middlewares/ST/STM32_USB_Device_Library/Core/Src/usbd_core.c ****   {
 280:Middlewares/ST/STM32_USB_Device_Library/Core/Src/usbd_core.c ****     /* Get Device Configuration Descriptor */
 281:Middlewares/ST/STM32_USB_Device_Library/Core/Src/usbd_core.c **** #ifdef USE_USB_HS
 282:Middlewares/ST/STM32_USB_Device_Library/Core/Src/usbd_core.c ****     pdev->pConfDesc = USBD_CMPSIT.GetHSConfigDescriptor(&len);
 283:Middlewares/ST/STM32_USB_Device_Library/Core/Src/usbd_core.c **** #else /* Default USE_USB_FS */
 284:Middlewares/ST/STM32_USB_Device_Library/Core/Src/usbd_core.c ****     pdev->pConfDesc = USBD_CMPSIT.GetFSConfigDescriptor(&len);
 285:Middlewares/ST/STM32_USB_Device_Library/Core/Src/usbd_core.c **** #endif /* USE_USB_FS */
 286:Middlewares/ST/STM32_USB_Device_Library/Core/Src/usbd_core.c ****   }
 287:Middlewares/ST/STM32_USB_Device_Library/Core/Src/usbd_core.c **** 
 288:Middlewares/ST/STM32_USB_Device_Library/Core/Src/usbd_core.c ****   return ret;
 289:Middlewares/ST/STM32_USB_Device_Library/Core/Src/usbd_core.c **** }
 290:Middlewares/ST/STM32_USB_Device_Library/Core/Src/usbd_core.c **** 
 291:Middlewares/ST/STM32_USB_Device_Library/Core/Src/usbd_core.c **** /**
 292:Middlewares/ST/STM32_USB_Device_Library/Core/Src/usbd_core.c ****   * @brief  USBD_UnRegisterClassComposite
 293:Middlewares/ST/STM32_USB_Device_Library/Core/Src/usbd_core.c ****   *         UnLink all composite class drivers from Device Core.
 294:Middlewares/ST/STM32_USB_Device_Library/Core/Src/usbd_core.c ****   * @param  pDevice : Device Handle
 295:Middlewares/ST/STM32_USB_Device_Library/Core/Src/usbd_core.c ****   * @retval USBD Status
 296:Middlewares/ST/STM32_USB_Device_Library/Core/Src/usbd_core.c ****   */
 297:Middlewares/ST/STM32_USB_Device_Library/Core/Src/usbd_core.c **** USBD_StatusTypeDef  USBD_UnRegisterClassComposite(USBD_HandleTypeDef *pdev)
ARM GAS  C:\Users\Domagoj\AppData\Local\Temp\ccBZxoYs.s 			page 11


 298:Middlewares/ST/STM32_USB_Device_Library/Core/Src/usbd_core.c **** {
 299:Middlewares/ST/STM32_USB_Device_Library/Core/Src/usbd_core.c ****   USBD_StatusTypeDef   ret = USBD_FAIL;
 300:Middlewares/ST/STM32_USB_Device_Library/Core/Src/usbd_core.c ****   uint8_t idx1;
 301:Middlewares/ST/STM32_USB_Device_Library/Core/Src/usbd_core.c ****   uint8_t idx2;
 302:Middlewares/ST/STM32_USB_Device_Library/Core/Src/usbd_core.c **** 
 303:Middlewares/ST/STM32_USB_Device_Library/Core/Src/usbd_core.c ****   /* Unroll all activated classes */
 304:Middlewares/ST/STM32_USB_Device_Library/Core/Src/usbd_core.c ****   for (idx1 = 0; idx1 < pdev->NumClasses; idx1++)
 305:Middlewares/ST/STM32_USB_Device_Library/Core/Src/usbd_core.c ****   {
 306:Middlewares/ST/STM32_USB_Device_Library/Core/Src/usbd_core.c ****     /* Check if the class correspond to the requested type and if it is active */
 307:Middlewares/ST/STM32_USB_Device_Library/Core/Src/usbd_core.c ****     if (pdev->tclasslist[idx1].Active == 1U)
 308:Middlewares/ST/STM32_USB_Device_Library/Core/Src/usbd_core.c ****     {
 309:Middlewares/ST/STM32_USB_Device_Library/Core/Src/usbd_core.c ****       /* Set the new class ID */
 310:Middlewares/ST/STM32_USB_Device_Library/Core/Src/usbd_core.c ****       pdev->classId = idx1;
 311:Middlewares/ST/STM32_USB_Device_Library/Core/Src/usbd_core.c **** 
 312:Middlewares/ST/STM32_USB_Device_Library/Core/Src/usbd_core.c ****       /* Free resources used by the selected class */
 313:Middlewares/ST/STM32_USB_Device_Library/Core/Src/usbd_core.c ****       if (pdev->pClass[pdev->classId] != NULL)
 314:Middlewares/ST/STM32_USB_Device_Library/Core/Src/usbd_core.c ****       {
 315:Middlewares/ST/STM32_USB_Device_Library/Core/Src/usbd_core.c ****         /* Free Class Resources */
 316:Middlewares/ST/STM32_USB_Device_Library/Core/Src/usbd_core.c ****         if (pdev->pClass[pdev->classId]->DeInit(pdev, (uint8_t)pdev->dev_config) != 0U)
 317:Middlewares/ST/STM32_USB_Device_Library/Core/Src/usbd_core.c ****         {
 318:Middlewares/ST/STM32_USB_Device_Library/Core/Src/usbd_core.c **** #if (USBD_DEBUG_LEVEL > 1U)
 319:Middlewares/ST/STM32_USB_Device_Library/Core/Src/usbd_core.c ****           USBD_ErrLog("Class DeInit didn't succeed!, can't unregister selected class");
 320:Middlewares/ST/STM32_USB_Device_Library/Core/Src/usbd_core.c **** #endif /* (USBD_DEBUG_LEVEL > 1U) */
 321:Middlewares/ST/STM32_USB_Device_Library/Core/Src/usbd_core.c **** 
 322:Middlewares/ST/STM32_USB_Device_Library/Core/Src/usbd_core.c ****           ret = USBD_FAIL;
 323:Middlewares/ST/STM32_USB_Device_Library/Core/Src/usbd_core.c ****         }
 324:Middlewares/ST/STM32_USB_Device_Library/Core/Src/usbd_core.c ****       }
 325:Middlewares/ST/STM32_USB_Device_Library/Core/Src/usbd_core.c **** 
 326:Middlewares/ST/STM32_USB_Device_Library/Core/Src/usbd_core.c ****       /* Free the class pointer */
 327:Middlewares/ST/STM32_USB_Device_Library/Core/Src/usbd_core.c ****       pdev->pClass[pdev->classId] = NULL;
 328:Middlewares/ST/STM32_USB_Device_Library/Core/Src/usbd_core.c **** 
 329:Middlewares/ST/STM32_USB_Device_Library/Core/Src/usbd_core.c ****       /* Free the class location in classes table and reset its parameters to zero */
 330:Middlewares/ST/STM32_USB_Device_Library/Core/Src/usbd_core.c ****       pdev->tclasslist[pdev->classId].ClassType = CLASS_TYPE_NONE;
 331:Middlewares/ST/STM32_USB_Device_Library/Core/Src/usbd_core.c ****       pdev->tclasslist[pdev->classId].ClassId = 0U;
 332:Middlewares/ST/STM32_USB_Device_Library/Core/Src/usbd_core.c ****       pdev->tclasslist[pdev->classId].Active = 0U;
 333:Middlewares/ST/STM32_USB_Device_Library/Core/Src/usbd_core.c ****       pdev->tclasslist[pdev->classId].NumEps = 0U;
 334:Middlewares/ST/STM32_USB_Device_Library/Core/Src/usbd_core.c ****       pdev->tclasslist[pdev->classId].NumIf = 0U;
 335:Middlewares/ST/STM32_USB_Device_Library/Core/Src/usbd_core.c ****       pdev->tclasslist[pdev->classId].CurrPcktSze = 0U;
 336:Middlewares/ST/STM32_USB_Device_Library/Core/Src/usbd_core.c **** 
 337:Middlewares/ST/STM32_USB_Device_Library/Core/Src/usbd_core.c ****       for (idx2 = 0U; idx2 < USBD_MAX_CLASS_ENDPOINTS; idx2++)
 338:Middlewares/ST/STM32_USB_Device_Library/Core/Src/usbd_core.c ****       {
 339:Middlewares/ST/STM32_USB_Device_Library/Core/Src/usbd_core.c ****         pdev->tclasslist[pdev->classId].Eps[idx2].add = 0U;
 340:Middlewares/ST/STM32_USB_Device_Library/Core/Src/usbd_core.c ****         pdev->tclasslist[pdev->classId].Eps[idx2].type = 0U;
 341:Middlewares/ST/STM32_USB_Device_Library/Core/Src/usbd_core.c ****         pdev->tclasslist[pdev->classId].Eps[idx2].size = 0U;
 342:Middlewares/ST/STM32_USB_Device_Library/Core/Src/usbd_core.c ****         pdev->tclasslist[pdev->classId].Eps[idx2].is_used = 0U;
 343:Middlewares/ST/STM32_USB_Device_Library/Core/Src/usbd_core.c ****       }
 344:Middlewares/ST/STM32_USB_Device_Library/Core/Src/usbd_core.c **** 
 345:Middlewares/ST/STM32_USB_Device_Library/Core/Src/usbd_core.c ****       for (idx2 = 0U; idx2 < USBD_MAX_CLASS_INTERFACES; idx2++)
 346:Middlewares/ST/STM32_USB_Device_Library/Core/Src/usbd_core.c ****       {
 347:Middlewares/ST/STM32_USB_Device_Library/Core/Src/usbd_core.c ****         pdev->tclasslist[pdev->classId].Ifs[idx2] = 0U;
 348:Middlewares/ST/STM32_USB_Device_Library/Core/Src/usbd_core.c ****       }
 349:Middlewares/ST/STM32_USB_Device_Library/Core/Src/usbd_core.c ****     }
 350:Middlewares/ST/STM32_USB_Device_Library/Core/Src/usbd_core.c ****   }
 351:Middlewares/ST/STM32_USB_Device_Library/Core/Src/usbd_core.c **** 
 352:Middlewares/ST/STM32_USB_Device_Library/Core/Src/usbd_core.c ****   /* Reset the configuration descriptor */
 353:Middlewares/ST/STM32_USB_Device_Library/Core/Src/usbd_core.c ****   (void)USBD_CMPST_ClearConfDesc(pdev);
 354:Middlewares/ST/STM32_USB_Device_Library/Core/Src/usbd_core.c **** 
ARM GAS  C:\Users\Domagoj\AppData\Local\Temp\ccBZxoYs.s 			page 12


 355:Middlewares/ST/STM32_USB_Device_Library/Core/Src/usbd_core.c ****   /* Reset the class ID and number of classes */
 356:Middlewares/ST/STM32_USB_Device_Library/Core/Src/usbd_core.c ****   pdev->classId = 0U;
 357:Middlewares/ST/STM32_USB_Device_Library/Core/Src/usbd_core.c ****   pdev->NumClasses = 0U;
 358:Middlewares/ST/STM32_USB_Device_Library/Core/Src/usbd_core.c **** 
 359:Middlewares/ST/STM32_USB_Device_Library/Core/Src/usbd_core.c ****   return ret;
 360:Middlewares/ST/STM32_USB_Device_Library/Core/Src/usbd_core.c **** }
 361:Middlewares/ST/STM32_USB_Device_Library/Core/Src/usbd_core.c **** #endif /* USE_USBD_COMPOSITE */
 362:Middlewares/ST/STM32_USB_Device_Library/Core/Src/usbd_core.c **** 
 363:Middlewares/ST/STM32_USB_Device_Library/Core/Src/usbd_core.c **** #if (USBD_USER_REGISTER_CALLBACK == 1U)
 364:Middlewares/ST/STM32_USB_Device_Library/Core/Src/usbd_core.c **** /**
 365:Middlewares/ST/STM32_USB_Device_Library/Core/Src/usbd_core.c ****   * @brief  USBD_RegisterDevStateCallback
 366:Middlewares/ST/STM32_USB_Device_Library/Core/Src/usbd_core.c ****   * @param  pdev : Device Handle
 367:Middlewares/ST/STM32_USB_Device_Library/Core/Src/usbd_core.c ****   * @param  pUserCallback: User Callback
 368:Middlewares/ST/STM32_USB_Device_Library/Core/Src/usbd_core.c ****   * @retval USBD Status
 369:Middlewares/ST/STM32_USB_Device_Library/Core/Src/usbd_core.c ****   */
 370:Middlewares/ST/STM32_USB_Device_Library/Core/Src/usbd_core.c **** USBD_StatusTypeDef USBD_RegisterDevStateCallback(USBD_HandleTypeDef *pdev, USBD_DevStateCallbackTyp
 371:Middlewares/ST/STM32_USB_Device_Library/Core/Src/usbd_core.c **** {
 372:Middlewares/ST/STM32_USB_Device_Library/Core/Src/usbd_core.c ****   pdev->DevStateCallback = pUserCallback;
 373:Middlewares/ST/STM32_USB_Device_Library/Core/Src/usbd_core.c **** 
 374:Middlewares/ST/STM32_USB_Device_Library/Core/Src/usbd_core.c ****   return USBD_OK;
 375:Middlewares/ST/STM32_USB_Device_Library/Core/Src/usbd_core.c **** }
 376:Middlewares/ST/STM32_USB_Device_Library/Core/Src/usbd_core.c **** #endif /* USBD_USER_REGISTER_CALLBACK */
 377:Middlewares/ST/STM32_USB_Device_Library/Core/Src/usbd_core.c **** /**
 378:Middlewares/ST/STM32_USB_Device_Library/Core/Src/usbd_core.c ****   * @brief  USBD_Start
 379:Middlewares/ST/STM32_USB_Device_Library/Core/Src/usbd_core.c ****   *         Start the USB Device Core.
 380:Middlewares/ST/STM32_USB_Device_Library/Core/Src/usbd_core.c ****   * @param  pdev: Device Handle
 381:Middlewares/ST/STM32_USB_Device_Library/Core/Src/usbd_core.c ****   * @retval USBD Status
 382:Middlewares/ST/STM32_USB_Device_Library/Core/Src/usbd_core.c ****   */
 383:Middlewares/ST/STM32_USB_Device_Library/Core/Src/usbd_core.c **** USBD_StatusTypeDef USBD_Start(USBD_HandleTypeDef *pdev)
 384:Middlewares/ST/STM32_USB_Device_Library/Core/Src/usbd_core.c **** {
 277              		.loc 1 384 1 is_stmt 1 view -0
 278              		.cfi_startproc
 279              		@ args = 0, pretend = 0, frame = 0
 280              		@ frame_needed = 0, uses_anonymous_args = 0
 281              		.loc 1 384 1 is_stmt 0 view .LVU78
 282 0000 10B5     		push	{r4, lr}
 283              	.LCFI4:
 284              		.cfi_def_cfa_offset 8
 285              		.cfi_offset 4, -8
 286              		.cfi_offset 14, -4
 385:Middlewares/ST/STM32_USB_Device_Library/Core/Src/usbd_core.c **** #ifdef USE_USBD_COMPOSITE
 386:Middlewares/ST/STM32_USB_Device_Library/Core/Src/usbd_core.c ****   pdev->classId = 0U;
 387:Middlewares/ST/STM32_USB_Device_Library/Core/Src/usbd_core.c **** #endif /* USE_USBD_COMPOSITE */
 388:Middlewares/ST/STM32_USB_Device_Library/Core/Src/usbd_core.c **** 
 389:Middlewares/ST/STM32_USB_Device_Library/Core/Src/usbd_core.c ****   /* Start the low level driver  */
 390:Middlewares/ST/STM32_USB_Device_Library/Core/Src/usbd_core.c ****   return USBD_LL_Start(pdev);
 287              		.loc 1 390 3 is_stmt 1 view .LVU79
 288              		.loc 1 390 10 is_stmt 0 view .LVU80
 289 0002 FFF7FEFF 		bl	USBD_LL_Start
 290              	.LVL17:
 391:Middlewares/ST/STM32_USB_Device_Library/Core/Src/usbd_core.c **** }
 291              		.loc 1 391 1 view .LVU81
 292              		@ sp needed
 293 0006 10BD     		pop	{r4, pc}
 294              		.cfi_endproc
 295              	.LFE373:
 297              		.section	.text.USBD_Stop,"ax",%progbits
ARM GAS  C:\Users\Domagoj\AppData\Local\Temp\ccBZxoYs.s 			page 13


 298              		.align	1
 299              		.global	USBD_Stop
 300              		.syntax unified
 301              		.code	16
 302              		.thumb_func
 304              	USBD_Stop:
 305              	.LVL18:
 306              	.LFB374:
 392:Middlewares/ST/STM32_USB_Device_Library/Core/Src/usbd_core.c **** 
 393:Middlewares/ST/STM32_USB_Device_Library/Core/Src/usbd_core.c **** /**
 394:Middlewares/ST/STM32_USB_Device_Library/Core/Src/usbd_core.c ****   * @brief  USBD_Stop
 395:Middlewares/ST/STM32_USB_Device_Library/Core/Src/usbd_core.c ****   *         Stop the USB Device Core.
 396:Middlewares/ST/STM32_USB_Device_Library/Core/Src/usbd_core.c ****   * @param  pdev: Device Handle
 397:Middlewares/ST/STM32_USB_Device_Library/Core/Src/usbd_core.c ****   * @retval USBD Status
 398:Middlewares/ST/STM32_USB_Device_Library/Core/Src/usbd_core.c ****   */
 399:Middlewares/ST/STM32_USB_Device_Library/Core/Src/usbd_core.c **** USBD_StatusTypeDef USBD_Stop(USBD_HandleTypeDef *pdev)
 400:Middlewares/ST/STM32_USB_Device_Library/Core/Src/usbd_core.c **** {
 307              		.loc 1 400 1 is_stmt 1 view -0
 308              		.cfi_startproc
 309              		@ args = 0, pretend = 0, frame = 0
 310              		@ frame_needed = 0, uses_anonymous_args = 0
 311              		.loc 1 400 1 is_stmt 0 view .LVU83
 312 0000 10B5     		push	{r4, lr}
 313              	.LCFI5:
 314              		.cfi_def_cfa_offset 8
 315              		.cfi_offset 4, -8
 316              		.cfi_offset 14, -4
 317 0002 0400     		movs	r4, r0
 401:Middlewares/ST/STM32_USB_Device_Library/Core/Src/usbd_core.c ****   /* Disconnect USB Device */
 402:Middlewares/ST/STM32_USB_Device_Library/Core/Src/usbd_core.c ****   (void)USBD_LL_Stop(pdev);
 318              		.loc 1 402 3 is_stmt 1 view .LVU84
 319              		.loc 1 402 9 is_stmt 0 view .LVU85
 320 0004 FFF7FEFF 		bl	USBD_LL_Stop
 321              	.LVL19:
 403:Middlewares/ST/STM32_USB_Device_Library/Core/Src/usbd_core.c **** 
 404:Middlewares/ST/STM32_USB_Device_Library/Core/Src/usbd_core.c ****   /* Free Class Resources */
 405:Middlewares/ST/STM32_USB_Device_Library/Core/Src/usbd_core.c **** #ifdef USE_USBD_COMPOSITE
 406:Middlewares/ST/STM32_USB_Device_Library/Core/Src/usbd_core.c ****   /* Parse the table of classes in use */
 407:Middlewares/ST/STM32_USB_Device_Library/Core/Src/usbd_core.c ****   for (uint32_t i = 0U; i < USBD_MAX_SUPPORTED_CLASS; i++)
 408:Middlewares/ST/STM32_USB_Device_Library/Core/Src/usbd_core.c ****   {
 409:Middlewares/ST/STM32_USB_Device_Library/Core/Src/usbd_core.c ****     /* Check if current class is in use */
 410:Middlewares/ST/STM32_USB_Device_Library/Core/Src/usbd_core.c ****     if ((pdev->tclasslist[i].Active) == 1U)
 411:Middlewares/ST/STM32_USB_Device_Library/Core/Src/usbd_core.c ****     {
 412:Middlewares/ST/STM32_USB_Device_Library/Core/Src/usbd_core.c ****       if (pdev->pClass[i] != NULL)
 413:Middlewares/ST/STM32_USB_Device_Library/Core/Src/usbd_core.c ****       {
 414:Middlewares/ST/STM32_USB_Device_Library/Core/Src/usbd_core.c ****         pdev->classId = i;
 415:Middlewares/ST/STM32_USB_Device_Library/Core/Src/usbd_core.c ****         /* Free Class Resources */
 416:Middlewares/ST/STM32_USB_Device_Library/Core/Src/usbd_core.c ****         (void)pdev->pClass[i]->DeInit(pdev, (uint8_t)pdev->dev_config);
 417:Middlewares/ST/STM32_USB_Device_Library/Core/Src/usbd_core.c ****       }
 418:Middlewares/ST/STM32_USB_Device_Library/Core/Src/usbd_core.c ****     }
 419:Middlewares/ST/STM32_USB_Device_Library/Core/Src/usbd_core.c ****   }
 420:Middlewares/ST/STM32_USB_Device_Library/Core/Src/usbd_core.c **** 
 421:Middlewares/ST/STM32_USB_Device_Library/Core/Src/usbd_core.c ****   /* Reset the class ID */
 422:Middlewares/ST/STM32_USB_Device_Library/Core/Src/usbd_core.c ****   pdev->classId = 0U;
 423:Middlewares/ST/STM32_USB_Device_Library/Core/Src/usbd_core.c **** #else
 424:Middlewares/ST/STM32_USB_Device_Library/Core/Src/usbd_core.c ****   if (pdev->pClass[0] != NULL)
 322              		.loc 1 424 3 is_stmt 1 view .LVU86
ARM GAS  C:\Users\Domagoj\AppData\Local\Temp\ccBZxoYs.s 			page 14


 323              		.loc 1 424 19 is_stmt 0 view .LVU87
 324 0008 AE23     		movs	r3, #174
 325 000a 9B00     		lsls	r3, r3, #2
 326 000c E358     		ldr	r3, [r4, r3]
 327              		.loc 1 424 6 view .LVU88
 328 000e 002B     		cmp	r3, #0
 329 0010 03D0     		beq	.L13
 425:Middlewares/ST/STM32_USB_Device_Library/Core/Src/usbd_core.c ****   {
 426:Middlewares/ST/STM32_USB_Device_Library/Core/Src/usbd_core.c ****     (void)pdev->pClass[0]->DeInit(pdev, (uint8_t)pdev->dev_config);
 330              		.loc 1 426 5 is_stmt 1 view .LVU89
 331              		.loc 1 426 26 is_stmt 0 view .LVU90
 332 0012 5B68     		ldr	r3, [r3, #4]
 333              		.loc 1 426 11 view .LVU91
 334 0014 2179     		ldrb	r1, [r4, #4]
 335 0016 2000     		movs	r0, r4
 336 0018 9847     		blx	r3
 337              	.LVL20:
 338              	.L13:
 427:Middlewares/ST/STM32_USB_Device_Library/Core/Src/usbd_core.c ****   }
 428:Middlewares/ST/STM32_USB_Device_Library/Core/Src/usbd_core.c **** #endif /* USE_USBD_COMPOSITE */
 429:Middlewares/ST/STM32_USB_Device_Library/Core/Src/usbd_core.c **** 
 430:Middlewares/ST/STM32_USB_Device_Library/Core/Src/usbd_core.c ****   return USBD_OK;
 339              		.loc 1 430 3 is_stmt 1 view .LVU92
 431:Middlewares/ST/STM32_USB_Device_Library/Core/Src/usbd_core.c **** }
 340              		.loc 1 431 1 is_stmt 0 view .LVU93
 341 001a 0020     		movs	r0, #0
 342              		@ sp needed
 343              	.LVL21:
 344              		.loc 1 431 1 view .LVU94
 345 001c 10BD     		pop	{r4, pc}
 346              		.cfi_endproc
 347              	.LFE374:
 349              		.section	.text.USBD_RunTestMode,"ax",%progbits
 350              		.align	1
 351              		.global	USBD_RunTestMode
 352              		.syntax unified
 353              		.code	16
 354              		.thumb_func
 356              	USBD_RunTestMode:
 357              	.LVL22:
 358              	.LFB375:
 432:Middlewares/ST/STM32_USB_Device_Library/Core/Src/usbd_core.c **** 
 433:Middlewares/ST/STM32_USB_Device_Library/Core/Src/usbd_core.c **** /**
 434:Middlewares/ST/STM32_USB_Device_Library/Core/Src/usbd_core.c ****   * @brief  USBD_RunTestMode
 435:Middlewares/ST/STM32_USB_Device_Library/Core/Src/usbd_core.c ****   *         Launch test mode process
 436:Middlewares/ST/STM32_USB_Device_Library/Core/Src/usbd_core.c ****   * @param  pdev: device instance
 437:Middlewares/ST/STM32_USB_Device_Library/Core/Src/usbd_core.c ****   * @retval status
 438:Middlewares/ST/STM32_USB_Device_Library/Core/Src/usbd_core.c ****   */
 439:Middlewares/ST/STM32_USB_Device_Library/Core/Src/usbd_core.c **** USBD_StatusTypeDef USBD_RunTestMode(USBD_HandleTypeDef *pdev)
 440:Middlewares/ST/STM32_USB_Device_Library/Core/Src/usbd_core.c **** {
 359              		.loc 1 440 1 is_stmt 1 view -0
 360              		.cfi_startproc
 361              		@ args = 0, pretend = 0, frame = 0
 362              		@ frame_needed = 0, uses_anonymous_args = 0
 363              		@ link register save eliminated.
 441:Middlewares/ST/STM32_USB_Device_Library/Core/Src/usbd_core.c **** #ifdef USBD_HS_TESTMODE_ENABLE
 442:Middlewares/ST/STM32_USB_Device_Library/Core/Src/usbd_core.c ****   USBD_StatusTypeDef ret;
ARM GAS  C:\Users\Domagoj\AppData\Local\Temp\ccBZxoYs.s 			page 15


 443:Middlewares/ST/STM32_USB_Device_Library/Core/Src/usbd_core.c **** 
 444:Middlewares/ST/STM32_USB_Device_Library/Core/Src/usbd_core.c ****   /* Run USB HS test mode */
 445:Middlewares/ST/STM32_USB_Device_Library/Core/Src/usbd_core.c ****   ret = USBD_LL_SetTestMode(pdev, pdev->dev_test_mode);
 446:Middlewares/ST/STM32_USB_Device_Library/Core/Src/usbd_core.c **** 
 447:Middlewares/ST/STM32_USB_Device_Library/Core/Src/usbd_core.c ****   return ret;
 448:Middlewares/ST/STM32_USB_Device_Library/Core/Src/usbd_core.c **** #else
 449:Middlewares/ST/STM32_USB_Device_Library/Core/Src/usbd_core.c ****   /* Prevent unused argument compilation warning */
 450:Middlewares/ST/STM32_USB_Device_Library/Core/Src/usbd_core.c ****   UNUSED(pdev);
 364              		.loc 1 450 3 view .LVU96
 451:Middlewares/ST/STM32_USB_Device_Library/Core/Src/usbd_core.c **** 
 452:Middlewares/ST/STM32_USB_Device_Library/Core/Src/usbd_core.c ****   return USBD_OK;
 365              		.loc 1 452 3 view .LVU97
 453:Middlewares/ST/STM32_USB_Device_Library/Core/Src/usbd_core.c **** #endif /* USBD_HS_TESTMODE_ENABLE */
 454:Middlewares/ST/STM32_USB_Device_Library/Core/Src/usbd_core.c **** }
 366              		.loc 1 454 1 is_stmt 0 view .LVU98
 367 0000 0020     		movs	r0, #0
 368              	.LVL23:
 369              		.loc 1 454 1 view .LVU99
 370              		@ sp needed
 371 0002 7047     		bx	lr
 372              		.cfi_endproc
 373              	.LFE375:
 375              		.section	.text.USBD_SetClassConfig,"ax",%progbits
 376              		.align	1
 377              		.global	USBD_SetClassConfig
 378              		.syntax unified
 379              		.code	16
 380              		.thumb_func
 382              	USBD_SetClassConfig:
 383              	.LVL24:
 384              	.LFB376:
 455:Middlewares/ST/STM32_USB_Device_Library/Core/Src/usbd_core.c **** 
 456:Middlewares/ST/STM32_USB_Device_Library/Core/Src/usbd_core.c **** /**
 457:Middlewares/ST/STM32_USB_Device_Library/Core/Src/usbd_core.c ****   * @brief  USBD_SetClassConfig
 458:Middlewares/ST/STM32_USB_Device_Library/Core/Src/usbd_core.c ****   *        Configure device and start the interface
 459:Middlewares/ST/STM32_USB_Device_Library/Core/Src/usbd_core.c ****   * @param  pdev: device instance
 460:Middlewares/ST/STM32_USB_Device_Library/Core/Src/usbd_core.c ****   * @param  cfgidx: configuration index
 461:Middlewares/ST/STM32_USB_Device_Library/Core/Src/usbd_core.c ****   * @retval status
 462:Middlewares/ST/STM32_USB_Device_Library/Core/Src/usbd_core.c ****   */
 463:Middlewares/ST/STM32_USB_Device_Library/Core/Src/usbd_core.c **** 
 464:Middlewares/ST/STM32_USB_Device_Library/Core/Src/usbd_core.c **** USBD_StatusTypeDef USBD_SetClassConfig(USBD_HandleTypeDef *pdev, uint8_t cfgidx)
 465:Middlewares/ST/STM32_USB_Device_Library/Core/Src/usbd_core.c **** {
 385              		.loc 1 465 1 is_stmt 1 view -0
 386              		.cfi_startproc
 387              		@ args = 0, pretend = 0, frame = 0
 388              		@ frame_needed = 0, uses_anonymous_args = 0
 389              		.loc 1 465 1 is_stmt 0 view .LVU101
 390 0000 10B5     		push	{r4, lr}
 391              	.LCFI6:
 392              		.cfi_def_cfa_offset 8
 393              		.cfi_offset 4, -8
 394              		.cfi_offset 14, -4
 466:Middlewares/ST/STM32_USB_Device_Library/Core/Src/usbd_core.c ****   USBD_StatusTypeDef ret = USBD_OK;
 395              		.loc 1 466 3 is_stmt 1 view .LVU102
 396              	.LVL25:
 467:Middlewares/ST/STM32_USB_Device_Library/Core/Src/usbd_core.c **** 
 468:Middlewares/ST/STM32_USB_Device_Library/Core/Src/usbd_core.c **** #ifdef USE_USBD_COMPOSITE
ARM GAS  C:\Users\Domagoj\AppData\Local\Temp\ccBZxoYs.s 			page 16


 469:Middlewares/ST/STM32_USB_Device_Library/Core/Src/usbd_core.c ****   /* Parse the table of classes in use */
 470:Middlewares/ST/STM32_USB_Device_Library/Core/Src/usbd_core.c ****   for (uint32_t i = 0U; i < USBD_MAX_SUPPORTED_CLASS; i++)
 471:Middlewares/ST/STM32_USB_Device_Library/Core/Src/usbd_core.c ****   {
 472:Middlewares/ST/STM32_USB_Device_Library/Core/Src/usbd_core.c ****     /* Check if current class is in use */
 473:Middlewares/ST/STM32_USB_Device_Library/Core/Src/usbd_core.c ****     if ((pdev->tclasslist[i].Active) == 1U)
 474:Middlewares/ST/STM32_USB_Device_Library/Core/Src/usbd_core.c ****     {
 475:Middlewares/ST/STM32_USB_Device_Library/Core/Src/usbd_core.c ****       if (pdev->pClass[i] != NULL)
 476:Middlewares/ST/STM32_USB_Device_Library/Core/Src/usbd_core.c ****       {
 477:Middlewares/ST/STM32_USB_Device_Library/Core/Src/usbd_core.c ****         pdev->classId = i;
 478:Middlewares/ST/STM32_USB_Device_Library/Core/Src/usbd_core.c ****         /* Set configuration  and Start the Class*/
 479:Middlewares/ST/STM32_USB_Device_Library/Core/Src/usbd_core.c ****         if (pdev->pClass[i]->Init(pdev, cfgidx) != 0U)
 480:Middlewares/ST/STM32_USB_Device_Library/Core/Src/usbd_core.c ****         {
 481:Middlewares/ST/STM32_USB_Device_Library/Core/Src/usbd_core.c ****           ret = USBD_FAIL;
 482:Middlewares/ST/STM32_USB_Device_Library/Core/Src/usbd_core.c ****         }
 483:Middlewares/ST/STM32_USB_Device_Library/Core/Src/usbd_core.c ****       }
 484:Middlewares/ST/STM32_USB_Device_Library/Core/Src/usbd_core.c ****     }
 485:Middlewares/ST/STM32_USB_Device_Library/Core/Src/usbd_core.c ****   }
 486:Middlewares/ST/STM32_USB_Device_Library/Core/Src/usbd_core.c **** #else
 487:Middlewares/ST/STM32_USB_Device_Library/Core/Src/usbd_core.c ****   if (pdev->pClass[0] != NULL)
 397              		.loc 1 487 3 view .LVU103
 398              		.loc 1 487 19 is_stmt 0 view .LVU104
 399 0002 AE23     		movs	r3, #174
 400 0004 9B00     		lsls	r3, r3, #2
 401 0006 C358     		ldr	r3, [r0, r3]
 402              		.loc 1 487 6 view .LVU105
 403 0008 002B     		cmp	r3, #0
 404 000a 02D0     		beq	.L17
 488:Middlewares/ST/STM32_USB_Device_Library/Core/Src/usbd_core.c ****   {
 489:Middlewares/ST/STM32_USB_Device_Library/Core/Src/usbd_core.c ****     /* Set configuration and Start the Class */
 490:Middlewares/ST/STM32_USB_Device_Library/Core/Src/usbd_core.c ****     ret = (USBD_StatusTypeDef)pdev->pClass[0]->Init(pdev, cfgidx);
 405              		.loc 1 490 5 is_stmt 1 view .LVU106
 406              		.loc 1 490 46 is_stmt 0 view .LVU107
 407 000c 1B68     		ldr	r3, [r3]
 408              		.loc 1 490 31 view .LVU108
 409 000e 9847     		blx	r3
 410              	.LVL26:
 411              	.L16:
 491:Middlewares/ST/STM32_USB_Device_Library/Core/Src/usbd_core.c ****   }
 492:Middlewares/ST/STM32_USB_Device_Library/Core/Src/usbd_core.c **** #endif /* USE_USBD_COMPOSITE */
 493:Middlewares/ST/STM32_USB_Device_Library/Core/Src/usbd_core.c **** 
 494:Middlewares/ST/STM32_USB_Device_Library/Core/Src/usbd_core.c ****   return ret;
 412              		.loc 1 494 3 is_stmt 1 view .LVU109
 495:Middlewares/ST/STM32_USB_Device_Library/Core/Src/usbd_core.c **** }
 413              		.loc 1 495 1 is_stmt 0 view .LVU110
 414              		@ sp needed
 415 0010 10BD     		pop	{r4, pc}
 416              	.LVL27:
 417              	.L17:
 466:Middlewares/ST/STM32_USB_Device_Library/Core/Src/usbd_core.c **** 
 418              		.loc 1 466 22 view .LVU111
 419 0012 0020     		movs	r0, #0
 420              	.LVL28:
 466:Middlewares/ST/STM32_USB_Device_Library/Core/Src/usbd_core.c **** 
 421              		.loc 1 466 22 view .LVU112
 422 0014 FCE7     		b	.L16
 423              		.cfi_endproc
 424              	.LFE376:
ARM GAS  C:\Users\Domagoj\AppData\Local\Temp\ccBZxoYs.s 			page 17


 426              		.section	.text.USBD_ClrClassConfig,"ax",%progbits
 427              		.align	1
 428              		.global	USBD_ClrClassConfig
 429              		.syntax unified
 430              		.code	16
 431              		.thumb_func
 433              	USBD_ClrClassConfig:
 434              	.LVL29:
 435              	.LFB377:
 496:Middlewares/ST/STM32_USB_Device_Library/Core/Src/usbd_core.c **** 
 497:Middlewares/ST/STM32_USB_Device_Library/Core/Src/usbd_core.c **** /**
 498:Middlewares/ST/STM32_USB_Device_Library/Core/Src/usbd_core.c ****   * @brief  USBD_ClrClassConfig
 499:Middlewares/ST/STM32_USB_Device_Library/Core/Src/usbd_core.c ****   *         Clear current configuration
 500:Middlewares/ST/STM32_USB_Device_Library/Core/Src/usbd_core.c ****   * @param  pdev: device instance
 501:Middlewares/ST/STM32_USB_Device_Library/Core/Src/usbd_core.c ****   * @param  cfgidx: configuration index
 502:Middlewares/ST/STM32_USB_Device_Library/Core/Src/usbd_core.c ****   * @retval status: USBD_StatusTypeDef
 503:Middlewares/ST/STM32_USB_Device_Library/Core/Src/usbd_core.c ****   */
 504:Middlewares/ST/STM32_USB_Device_Library/Core/Src/usbd_core.c **** USBD_StatusTypeDef USBD_ClrClassConfig(USBD_HandleTypeDef *pdev, uint8_t cfgidx)
 505:Middlewares/ST/STM32_USB_Device_Library/Core/Src/usbd_core.c **** {
 436              		.loc 1 505 1 is_stmt 1 view -0
 437              		.cfi_startproc
 438              		@ args = 0, pretend = 0, frame = 0
 439              		@ frame_needed = 0, uses_anonymous_args = 0
 440              		.loc 1 505 1 is_stmt 0 view .LVU114
 441 0000 10B5     		push	{r4, lr}
 442              	.LCFI7:
 443              		.cfi_def_cfa_offset 8
 444              		.cfi_offset 4, -8
 445              		.cfi_offset 14, -4
 506:Middlewares/ST/STM32_USB_Device_Library/Core/Src/usbd_core.c ****   USBD_StatusTypeDef ret = USBD_OK;
 446              		.loc 1 506 3 is_stmt 1 view .LVU115
 447              	.LVL30:
 507:Middlewares/ST/STM32_USB_Device_Library/Core/Src/usbd_core.c **** 
 508:Middlewares/ST/STM32_USB_Device_Library/Core/Src/usbd_core.c **** #ifdef USE_USBD_COMPOSITE
 509:Middlewares/ST/STM32_USB_Device_Library/Core/Src/usbd_core.c ****   /* Parse the table of classes in use */
 510:Middlewares/ST/STM32_USB_Device_Library/Core/Src/usbd_core.c ****   for (uint32_t i = 0U; i < USBD_MAX_SUPPORTED_CLASS; i++)
 511:Middlewares/ST/STM32_USB_Device_Library/Core/Src/usbd_core.c ****   {
 512:Middlewares/ST/STM32_USB_Device_Library/Core/Src/usbd_core.c ****     /* Check if current class is in use */
 513:Middlewares/ST/STM32_USB_Device_Library/Core/Src/usbd_core.c ****     if ((pdev->tclasslist[i].Active) == 1U)
 514:Middlewares/ST/STM32_USB_Device_Library/Core/Src/usbd_core.c ****     {
 515:Middlewares/ST/STM32_USB_Device_Library/Core/Src/usbd_core.c ****       if (pdev->pClass[i] != NULL)
 516:Middlewares/ST/STM32_USB_Device_Library/Core/Src/usbd_core.c ****       {
 517:Middlewares/ST/STM32_USB_Device_Library/Core/Src/usbd_core.c ****         pdev->classId = i;
 518:Middlewares/ST/STM32_USB_Device_Library/Core/Src/usbd_core.c ****         /* Clear configuration  and De-initialize the Class process */
 519:Middlewares/ST/STM32_USB_Device_Library/Core/Src/usbd_core.c ****         if (pdev->pClass[i]->DeInit(pdev, cfgidx) != 0U)
 520:Middlewares/ST/STM32_USB_Device_Library/Core/Src/usbd_core.c ****         {
 521:Middlewares/ST/STM32_USB_Device_Library/Core/Src/usbd_core.c ****           ret = USBD_FAIL;
 522:Middlewares/ST/STM32_USB_Device_Library/Core/Src/usbd_core.c ****         }
 523:Middlewares/ST/STM32_USB_Device_Library/Core/Src/usbd_core.c ****       }
 524:Middlewares/ST/STM32_USB_Device_Library/Core/Src/usbd_core.c ****     }
 525:Middlewares/ST/STM32_USB_Device_Library/Core/Src/usbd_core.c ****   }
 526:Middlewares/ST/STM32_USB_Device_Library/Core/Src/usbd_core.c **** #else
 527:Middlewares/ST/STM32_USB_Device_Library/Core/Src/usbd_core.c ****   /* Clear configuration  and De-initialize the Class process */
 528:Middlewares/ST/STM32_USB_Device_Library/Core/Src/usbd_core.c ****   if (pdev->pClass[0]->DeInit(pdev, cfgidx) != 0U)
 448              		.loc 1 528 3 view .LVU116
 449              		.loc 1 528 19 is_stmt 0 view .LVU117
 450 0002 AE23     		movs	r3, #174
ARM GAS  C:\Users\Domagoj\AppData\Local\Temp\ccBZxoYs.s 			page 18


 451 0004 9B00     		lsls	r3, r3, #2
 452 0006 C358     		ldr	r3, [r0, r3]
 453              		.loc 1 528 22 view .LVU118
 454 0008 5B68     		ldr	r3, [r3, #4]
 455              		.loc 1 528 7 view .LVU119
 456 000a 9847     		blx	r3
 457              	.LVL31:
 458              		.loc 1 528 6 discriminator 1 view .LVU120
 459 000c 0028     		cmp	r0, #0
 460 000e 00D1     		bne	.L21
 461              	.L19:
 462              	.LVL32:
 529:Middlewares/ST/STM32_USB_Device_Library/Core/Src/usbd_core.c ****   {
 530:Middlewares/ST/STM32_USB_Device_Library/Core/Src/usbd_core.c ****     ret = USBD_FAIL;
 531:Middlewares/ST/STM32_USB_Device_Library/Core/Src/usbd_core.c ****   }
 532:Middlewares/ST/STM32_USB_Device_Library/Core/Src/usbd_core.c **** #endif /* USE_USBD_COMPOSITE */
 533:Middlewares/ST/STM32_USB_Device_Library/Core/Src/usbd_core.c **** 
 534:Middlewares/ST/STM32_USB_Device_Library/Core/Src/usbd_core.c ****   return ret;
 463              		.loc 1 534 3 is_stmt 1 view .LVU121
 535:Middlewares/ST/STM32_USB_Device_Library/Core/Src/usbd_core.c **** }
 464              		.loc 1 535 1 is_stmt 0 view .LVU122
 465              		@ sp needed
 466 0010 10BD     		pop	{r4, pc}
 467              	.LVL33:
 468              	.L21:
 530:Middlewares/ST/STM32_USB_Device_Library/Core/Src/usbd_core.c ****   }
 469              		.loc 1 530 9 view .LVU123
 470 0012 0320     		movs	r0, #3
 471 0014 FCE7     		b	.L19
 472              		.cfi_endproc
 473              	.LFE377:
 475              		.section	.text.USBD_LL_SetupStage,"ax",%progbits
 476              		.align	1
 477              		.global	USBD_LL_SetupStage
 478              		.syntax unified
 479              		.code	16
 480              		.thumb_func
 482              	USBD_LL_SetupStage:
 483              	.LVL34:
 484              	.LFB378:
 536:Middlewares/ST/STM32_USB_Device_Library/Core/Src/usbd_core.c **** 
 537:Middlewares/ST/STM32_USB_Device_Library/Core/Src/usbd_core.c **** 
 538:Middlewares/ST/STM32_USB_Device_Library/Core/Src/usbd_core.c **** /**
 539:Middlewares/ST/STM32_USB_Device_Library/Core/Src/usbd_core.c ****   * @brief  USBD_LL_SetupStage
 540:Middlewares/ST/STM32_USB_Device_Library/Core/Src/usbd_core.c ****   *         Handle the setup stage
 541:Middlewares/ST/STM32_USB_Device_Library/Core/Src/usbd_core.c ****   * @param  pdev: device instance
 542:Middlewares/ST/STM32_USB_Device_Library/Core/Src/usbd_core.c ****   * @retval status
 543:Middlewares/ST/STM32_USB_Device_Library/Core/Src/usbd_core.c ****   */
 544:Middlewares/ST/STM32_USB_Device_Library/Core/Src/usbd_core.c **** USBD_StatusTypeDef USBD_LL_SetupStage(USBD_HandleTypeDef *pdev, uint8_t *psetup)
 545:Middlewares/ST/STM32_USB_Device_Library/Core/Src/usbd_core.c **** {
 485              		.loc 1 545 1 is_stmt 1 view -0
 486              		.cfi_startproc
 487              		@ args = 0, pretend = 0, frame = 0
 488              		@ frame_needed = 0, uses_anonymous_args = 0
 489              		.loc 1 545 1 is_stmt 0 view .LVU125
 490 0000 70B5     		push	{r4, r5, r6, lr}
 491              	.LCFI8:
ARM GAS  C:\Users\Domagoj\AppData\Local\Temp\ccBZxoYs.s 			page 19


 492              		.cfi_def_cfa_offset 16
 493              		.cfi_offset 4, -16
 494              		.cfi_offset 5, -12
 495              		.cfi_offset 6, -8
 496              		.cfi_offset 14, -4
 497 0002 0400     		movs	r4, r0
 546:Middlewares/ST/STM32_USB_Device_Library/Core/Src/usbd_core.c ****   USBD_StatusTypeDef ret;
 498              		.loc 1 546 3 is_stmt 1 view .LVU126
 547:Middlewares/ST/STM32_USB_Device_Library/Core/Src/usbd_core.c **** 
 548:Middlewares/ST/STM32_USB_Device_Library/Core/Src/usbd_core.c ****   USBD_ParseSetupRequest(&pdev->request, psetup);
 499              		.loc 1 548 3 view .LVU127
 500 0004 154B     		ldr	r3, .L27
 501 0006 C518     		adds	r5, r0, r3
 502 0008 2800     		movs	r0, r5
 503              	.LVL35:
 504              		.loc 1 548 3 is_stmt 0 view .LVU128
 505 000a FFF7FEFF 		bl	USBD_ParseSetupRequest
 506              	.LVL36:
 549:Middlewares/ST/STM32_USB_Device_Library/Core/Src/usbd_core.c **** 
 550:Middlewares/ST/STM32_USB_Device_Library/Core/Src/usbd_core.c ****   pdev->ep0_state = USBD_EP0_SETUP;
 507              		.loc 1 550 3 is_stmt 1 view .LVU129
 508              		.loc 1 550 19 is_stmt 0 view .LVU130
 509 000e A523     		movs	r3, #165
 510 0010 9B00     		lsls	r3, r3, #2
 511 0012 0122     		movs	r2, #1
 512 0014 E250     		str	r2, [r4, r3]
 551:Middlewares/ST/STM32_USB_Device_Library/Core/Src/usbd_core.c **** 
 552:Middlewares/ST/STM32_USB_Device_Library/Core/Src/usbd_core.c ****   pdev->ep0_data_len = pdev->request.wLength;
 513              		.loc 1 552 3 is_stmt 1 view .LVU131
 514              		.loc 1 552 37 is_stmt 0 view .LVU132
 515 0016 1C33     		adds	r3, r3, #28
 516 0018 E25A     		ldrh	r2, [r4, r3]
 517              		.loc 1 552 22 view .LVU133
 518 001a 183B     		subs	r3, r3, #24
 519 001c E250     		str	r2, [r4, r3]
 553:Middlewares/ST/STM32_USB_Device_Library/Core/Src/usbd_core.c **** 
 554:Middlewares/ST/STM32_USB_Device_Library/Core/Src/usbd_core.c ****   switch (pdev->request.bmRequest & 0x1FU)
 520              		.loc 1 554 3 is_stmt 1 view .LVU134
 521              		.loc 1 554 24 is_stmt 0 view .LVU135
 522 001e 0F4B     		ldr	r3, .L27
 523 0020 E15C     		ldrb	r1, [r4, r3]
 524 0022 1F23     		movs	r3, #31
 525 0024 0B40     		ands	r3, r1
 526              		.loc 1 554 3 view .LVU136
 527 0026 012B     		cmp	r3, #1
 528 0028 08D0     		beq	.L23
 529 002a 022B     		cmp	r3, #2
 530 002c 0BD0     		beq	.L24
 531 002e 002B     		cmp	r3, #0
 532 0030 0ED1     		bne	.L25
 555:Middlewares/ST/STM32_USB_Device_Library/Core/Src/usbd_core.c ****   {
 556:Middlewares/ST/STM32_USB_Device_Library/Core/Src/usbd_core.c ****     case USB_REQ_RECIPIENT_DEVICE:
 557:Middlewares/ST/STM32_USB_Device_Library/Core/Src/usbd_core.c ****       ret = USBD_StdDevReq(pdev, &pdev->request);
 533              		.loc 1 557 7 is_stmt 1 view .LVU137
 534              		.loc 1 557 13 is_stmt 0 view .LVU138
 535 0032 2900     		movs	r1, r5
 536 0034 2000     		movs	r0, r4
ARM GAS  C:\Users\Domagoj\AppData\Local\Temp\ccBZxoYs.s 			page 20


 537 0036 FFF7FEFF 		bl	USBD_StdDevReq
 538              	.LVL37:
 558:Middlewares/ST/STM32_USB_Device_Library/Core/Src/usbd_core.c ****       break;
 539              		.loc 1 558 7 is_stmt 1 view .LVU139
 540              	.L26:
 559:Middlewares/ST/STM32_USB_Device_Library/Core/Src/usbd_core.c **** 
 560:Middlewares/ST/STM32_USB_Device_Library/Core/Src/usbd_core.c ****     case USB_REQ_RECIPIENT_INTERFACE:
 561:Middlewares/ST/STM32_USB_Device_Library/Core/Src/usbd_core.c ****       ret = USBD_StdItfReq(pdev, &pdev->request);
 562:Middlewares/ST/STM32_USB_Device_Library/Core/Src/usbd_core.c ****       break;
 563:Middlewares/ST/STM32_USB_Device_Library/Core/Src/usbd_core.c **** 
 564:Middlewares/ST/STM32_USB_Device_Library/Core/Src/usbd_core.c ****     case USB_REQ_RECIPIENT_ENDPOINT:
 565:Middlewares/ST/STM32_USB_Device_Library/Core/Src/usbd_core.c ****       ret = USBD_StdEPReq(pdev, &pdev->request);
 566:Middlewares/ST/STM32_USB_Device_Library/Core/Src/usbd_core.c ****       break;
 567:Middlewares/ST/STM32_USB_Device_Library/Core/Src/usbd_core.c **** 
 568:Middlewares/ST/STM32_USB_Device_Library/Core/Src/usbd_core.c ****     default:
 569:Middlewares/ST/STM32_USB_Device_Library/Core/Src/usbd_core.c ****       ret = USBD_LL_StallEP(pdev, (pdev->request.bmRequest & 0x80U));
 570:Middlewares/ST/STM32_USB_Device_Library/Core/Src/usbd_core.c ****       break;
 571:Middlewares/ST/STM32_USB_Device_Library/Core/Src/usbd_core.c ****   }
 572:Middlewares/ST/STM32_USB_Device_Library/Core/Src/usbd_core.c **** 
 573:Middlewares/ST/STM32_USB_Device_Library/Core/Src/usbd_core.c ****   return ret;
 541              		.loc 1 573 3 view .LVU140
 574:Middlewares/ST/STM32_USB_Device_Library/Core/Src/usbd_core.c **** }
 542              		.loc 1 574 1 is_stmt 0 view .LVU141
 543              		@ sp needed
 544              	.LVL38:
 545              	.LVL39:
 546              		.loc 1 574 1 view .LVU142
 547 003a 70BD     		pop	{r4, r5, r6, pc}
 548              	.LVL40:
 549              	.L23:
 561:Middlewares/ST/STM32_USB_Device_Library/Core/Src/usbd_core.c ****       break;
 550              		.loc 1 561 7 is_stmt 1 view .LVU143
 561:Middlewares/ST/STM32_USB_Device_Library/Core/Src/usbd_core.c ****       break;
 551              		.loc 1 561 13 is_stmt 0 view .LVU144
 552 003c 2900     		movs	r1, r5
 553 003e 2000     		movs	r0, r4
 554 0040 FFF7FEFF 		bl	USBD_StdItfReq
 555              	.LVL41:
 562:Middlewares/ST/STM32_USB_Device_Library/Core/Src/usbd_core.c **** 
 556              		.loc 1 562 7 is_stmt 1 view .LVU145
 557 0044 F9E7     		b	.L26
 558              	.LVL42:
 559              	.L24:
 565:Middlewares/ST/STM32_USB_Device_Library/Core/Src/usbd_core.c ****       break;
 560              		.loc 1 565 7 view .LVU146
 565:Middlewares/ST/STM32_USB_Device_Library/Core/Src/usbd_core.c ****       break;
 561              		.loc 1 565 13 is_stmt 0 view .LVU147
 562 0046 2900     		movs	r1, r5
 563 0048 2000     		movs	r0, r4
 564 004a FFF7FEFF 		bl	USBD_StdEPReq
 565              	.LVL43:
 566:Middlewares/ST/STM32_USB_Device_Library/Core/Src/usbd_core.c **** 
 566              		.loc 1 566 7 is_stmt 1 view .LVU148
 567 004e F4E7     		b	.L26
 568              	.LVL44:
 569              	.L25:
 569:Middlewares/ST/STM32_USB_Device_Library/Core/Src/usbd_core.c ****       break;
ARM GAS  C:\Users\Domagoj\AppData\Local\Temp\ccBZxoYs.s 			page 21


 570              		.loc 1 569 7 view .LVU149
 569:Middlewares/ST/STM32_USB_Device_Library/Core/Src/usbd_core.c ****       break;
 571              		.loc 1 569 13 is_stmt 0 view .LVU150
 572 0050 7F23     		movs	r3, #127
 573 0052 9943     		bics	r1, r3
 574 0054 2000     		movs	r0, r4
 575 0056 FFF7FEFF 		bl	USBD_LL_StallEP
 576              	.LVL45:
 570:Middlewares/ST/STM32_USB_Device_Library/Core/Src/usbd_core.c ****   }
 577              		.loc 1 570 7 is_stmt 1 view .LVU151
 578 005a EEE7     		b	.L26
 579              	.L28:
 580              		.align	2
 581              	.L27:
 582 005c AA020000 		.word	682
 583              		.cfi_endproc
 584              	.LFE378:
 586              		.section	.text.USBD_LL_Reset,"ax",%progbits
 587              		.align	1
 588              		.global	USBD_LL_Reset
 589              		.syntax unified
 590              		.code	16
 591              		.thumb_func
 593              	USBD_LL_Reset:
 594              	.LVL46:
 595              	.LFB381:
 575:Middlewares/ST/STM32_USB_Device_Library/Core/Src/usbd_core.c **** 
 576:Middlewares/ST/STM32_USB_Device_Library/Core/Src/usbd_core.c **** /**
 577:Middlewares/ST/STM32_USB_Device_Library/Core/Src/usbd_core.c ****   * @brief  USBD_LL_DataOutStage
 578:Middlewares/ST/STM32_USB_Device_Library/Core/Src/usbd_core.c ****   *         Handle data OUT stage
 579:Middlewares/ST/STM32_USB_Device_Library/Core/Src/usbd_core.c ****   * @param  pdev: device instance
 580:Middlewares/ST/STM32_USB_Device_Library/Core/Src/usbd_core.c ****   * @param  epnum: endpoint index
 581:Middlewares/ST/STM32_USB_Device_Library/Core/Src/usbd_core.c ****   * @param  pdata: data pointer
 582:Middlewares/ST/STM32_USB_Device_Library/Core/Src/usbd_core.c ****   * @retval status
 583:Middlewares/ST/STM32_USB_Device_Library/Core/Src/usbd_core.c ****   */
 584:Middlewares/ST/STM32_USB_Device_Library/Core/Src/usbd_core.c **** USBD_StatusTypeDef USBD_LL_DataOutStage(USBD_HandleTypeDef *pdev,
 585:Middlewares/ST/STM32_USB_Device_Library/Core/Src/usbd_core.c ****                                         uint8_t epnum, uint8_t *pdata)
 586:Middlewares/ST/STM32_USB_Device_Library/Core/Src/usbd_core.c **** {
 587:Middlewares/ST/STM32_USB_Device_Library/Core/Src/usbd_core.c ****   USBD_EndpointTypeDef *pep;
 588:Middlewares/ST/STM32_USB_Device_Library/Core/Src/usbd_core.c ****   USBD_StatusTypeDef ret = USBD_OK;
 589:Middlewares/ST/STM32_USB_Device_Library/Core/Src/usbd_core.c ****   uint8_t idx;
 590:Middlewares/ST/STM32_USB_Device_Library/Core/Src/usbd_core.c **** 
 591:Middlewares/ST/STM32_USB_Device_Library/Core/Src/usbd_core.c ****   if (epnum == 0U)
 592:Middlewares/ST/STM32_USB_Device_Library/Core/Src/usbd_core.c ****   {
 593:Middlewares/ST/STM32_USB_Device_Library/Core/Src/usbd_core.c ****     pep = &pdev->ep_out[0];
 594:Middlewares/ST/STM32_USB_Device_Library/Core/Src/usbd_core.c **** 
 595:Middlewares/ST/STM32_USB_Device_Library/Core/Src/usbd_core.c ****     if (pdev->ep0_state == USBD_EP0_DATA_OUT)
 596:Middlewares/ST/STM32_USB_Device_Library/Core/Src/usbd_core.c ****     {
 597:Middlewares/ST/STM32_USB_Device_Library/Core/Src/usbd_core.c ****       if (pep->rem_length > pep->maxpacket)
 598:Middlewares/ST/STM32_USB_Device_Library/Core/Src/usbd_core.c ****       {
 599:Middlewares/ST/STM32_USB_Device_Library/Core/Src/usbd_core.c ****         pep->rem_length -= pep->maxpacket;
 600:Middlewares/ST/STM32_USB_Device_Library/Core/Src/usbd_core.c **** 
 601:Middlewares/ST/STM32_USB_Device_Library/Core/Src/usbd_core.c ****         (void)USBD_CtlContinueRx(pdev, pdata, MIN(pep->rem_length, pep->maxpacket));
 602:Middlewares/ST/STM32_USB_Device_Library/Core/Src/usbd_core.c ****       }
 603:Middlewares/ST/STM32_USB_Device_Library/Core/Src/usbd_core.c ****       else
 604:Middlewares/ST/STM32_USB_Device_Library/Core/Src/usbd_core.c ****       {
 605:Middlewares/ST/STM32_USB_Device_Library/Core/Src/usbd_core.c ****         /* Find the class ID relative to the current request */
ARM GAS  C:\Users\Domagoj\AppData\Local\Temp\ccBZxoYs.s 			page 22


 606:Middlewares/ST/STM32_USB_Device_Library/Core/Src/usbd_core.c ****         switch (pdev->request.bmRequest & 0x1FU)
 607:Middlewares/ST/STM32_USB_Device_Library/Core/Src/usbd_core.c ****         {
 608:Middlewares/ST/STM32_USB_Device_Library/Core/Src/usbd_core.c ****           case USB_REQ_RECIPIENT_DEVICE:
 609:Middlewares/ST/STM32_USB_Device_Library/Core/Src/usbd_core.c ****             /* Device requests must be managed by the first instantiated class
 610:Middlewares/ST/STM32_USB_Device_Library/Core/Src/usbd_core.c ****                (or duplicated by all classes for simplicity) */
 611:Middlewares/ST/STM32_USB_Device_Library/Core/Src/usbd_core.c ****             idx = 0U;
 612:Middlewares/ST/STM32_USB_Device_Library/Core/Src/usbd_core.c ****             break;
 613:Middlewares/ST/STM32_USB_Device_Library/Core/Src/usbd_core.c **** 
 614:Middlewares/ST/STM32_USB_Device_Library/Core/Src/usbd_core.c ****           case USB_REQ_RECIPIENT_INTERFACE:
 615:Middlewares/ST/STM32_USB_Device_Library/Core/Src/usbd_core.c ****             idx = USBD_CoreFindIF(pdev, LOBYTE(pdev->request.wIndex));
 616:Middlewares/ST/STM32_USB_Device_Library/Core/Src/usbd_core.c ****             break;
 617:Middlewares/ST/STM32_USB_Device_Library/Core/Src/usbd_core.c **** 
 618:Middlewares/ST/STM32_USB_Device_Library/Core/Src/usbd_core.c ****           case USB_REQ_RECIPIENT_ENDPOINT:
 619:Middlewares/ST/STM32_USB_Device_Library/Core/Src/usbd_core.c ****             idx = USBD_CoreFindEP(pdev, LOBYTE(pdev->request.wIndex));
 620:Middlewares/ST/STM32_USB_Device_Library/Core/Src/usbd_core.c ****             break;
 621:Middlewares/ST/STM32_USB_Device_Library/Core/Src/usbd_core.c **** 
 622:Middlewares/ST/STM32_USB_Device_Library/Core/Src/usbd_core.c ****           default:
 623:Middlewares/ST/STM32_USB_Device_Library/Core/Src/usbd_core.c ****             /* Back to the first class in case of doubt */
 624:Middlewares/ST/STM32_USB_Device_Library/Core/Src/usbd_core.c ****             idx = 0U;
 625:Middlewares/ST/STM32_USB_Device_Library/Core/Src/usbd_core.c ****             break;
 626:Middlewares/ST/STM32_USB_Device_Library/Core/Src/usbd_core.c ****         }
 627:Middlewares/ST/STM32_USB_Device_Library/Core/Src/usbd_core.c **** 
 628:Middlewares/ST/STM32_USB_Device_Library/Core/Src/usbd_core.c ****         if (idx < USBD_MAX_SUPPORTED_CLASS)
 629:Middlewares/ST/STM32_USB_Device_Library/Core/Src/usbd_core.c ****         {
 630:Middlewares/ST/STM32_USB_Device_Library/Core/Src/usbd_core.c ****           /* Setup the class ID and route the request to the relative class function */
 631:Middlewares/ST/STM32_USB_Device_Library/Core/Src/usbd_core.c ****           if (pdev->dev_state == USBD_STATE_CONFIGURED)
 632:Middlewares/ST/STM32_USB_Device_Library/Core/Src/usbd_core.c ****           {
 633:Middlewares/ST/STM32_USB_Device_Library/Core/Src/usbd_core.c ****             if (pdev->pClass[idx]->EP0_RxReady != NULL)
 634:Middlewares/ST/STM32_USB_Device_Library/Core/Src/usbd_core.c ****             {
 635:Middlewares/ST/STM32_USB_Device_Library/Core/Src/usbd_core.c ****               pdev->classId = idx;
 636:Middlewares/ST/STM32_USB_Device_Library/Core/Src/usbd_core.c ****               pdev->pClass[idx]->EP0_RxReady(pdev);
 637:Middlewares/ST/STM32_USB_Device_Library/Core/Src/usbd_core.c ****             }
 638:Middlewares/ST/STM32_USB_Device_Library/Core/Src/usbd_core.c ****           }
 639:Middlewares/ST/STM32_USB_Device_Library/Core/Src/usbd_core.c ****         }
 640:Middlewares/ST/STM32_USB_Device_Library/Core/Src/usbd_core.c **** 
 641:Middlewares/ST/STM32_USB_Device_Library/Core/Src/usbd_core.c ****         (void)USBD_CtlSendStatus(pdev);
 642:Middlewares/ST/STM32_USB_Device_Library/Core/Src/usbd_core.c ****       }
 643:Middlewares/ST/STM32_USB_Device_Library/Core/Src/usbd_core.c ****     }
 644:Middlewares/ST/STM32_USB_Device_Library/Core/Src/usbd_core.c ****   }
 645:Middlewares/ST/STM32_USB_Device_Library/Core/Src/usbd_core.c ****   else
 646:Middlewares/ST/STM32_USB_Device_Library/Core/Src/usbd_core.c ****   {
 647:Middlewares/ST/STM32_USB_Device_Library/Core/Src/usbd_core.c ****     /* Get the class index relative to this interface */
 648:Middlewares/ST/STM32_USB_Device_Library/Core/Src/usbd_core.c ****     idx = USBD_CoreFindEP(pdev, (epnum & 0x7FU));
 649:Middlewares/ST/STM32_USB_Device_Library/Core/Src/usbd_core.c **** 
 650:Middlewares/ST/STM32_USB_Device_Library/Core/Src/usbd_core.c ****     if (((uint16_t)idx != 0xFFU) && (idx < USBD_MAX_SUPPORTED_CLASS))
 651:Middlewares/ST/STM32_USB_Device_Library/Core/Src/usbd_core.c ****     {
 652:Middlewares/ST/STM32_USB_Device_Library/Core/Src/usbd_core.c ****       /* Call the class data out function to manage the request */
 653:Middlewares/ST/STM32_USB_Device_Library/Core/Src/usbd_core.c ****       if (pdev->dev_state == USBD_STATE_CONFIGURED)
 654:Middlewares/ST/STM32_USB_Device_Library/Core/Src/usbd_core.c ****       {
 655:Middlewares/ST/STM32_USB_Device_Library/Core/Src/usbd_core.c ****         if (pdev->pClass[idx]->DataOut != NULL)
 656:Middlewares/ST/STM32_USB_Device_Library/Core/Src/usbd_core.c ****         {
 657:Middlewares/ST/STM32_USB_Device_Library/Core/Src/usbd_core.c ****           pdev->classId = idx;
 658:Middlewares/ST/STM32_USB_Device_Library/Core/Src/usbd_core.c ****           ret = (USBD_StatusTypeDef)pdev->pClass[idx]->DataOut(pdev, epnum);
 659:Middlewares/ST/STM32_USB_Device_Library/Core/Src/usbd_core.c ****         }
 660:Middlewares/ST/STM32_USB_Device_Library/Core/Src/usbd_core.c ****       }
 661:Middlewares/ST/STM32_USB_Device_Library/Core/Src/usbd_core.c ****       if (ret != USBD_OK)
 662:Middlewares/ST/STM32_USB_Device_Library/Core/Src/usbd_core.c ****       {
ARM GAS  C:\Users\Domagoj\AppData\Local\Temp\ccBZxoYs.s 			page 23


 663:Middlewares/ST/STM32_USB_Device_Library/Core/Src/usbd_core.c ****         return ret;
 664:Middlewares/ST/STM32_USB_Device_Library/Core/Src/usbd_core.c ****       }
 665:Middlewares/ST/STM32_USB_Device_Library/Core/Src/usbd_core.c ****     }
 666:Middlewares/ST/STM32_USB_Device_Library/Core/Src/usbd_core.c ****   }
 667:Middlewares/ST/STM32_USB_Device_Library/Core/Src/usbd_core.c **** 
 668:Middlewares/ST/STM32_USB_Device_Library/Core/Src/usbd_core.c ****   return USBD_OK;
 669:Middlewares/ST/STM32_USB_Device_Library/Core/Src/usbd_core.c **** }
 670:Middlewares/ST/STM32_USB_Device_Library/Core/Src/usbd_core.c **** 
 671:Middlewares/ST/STM32_USB_Device_Library/Core/Src/usbd_core.c **** /**
 672:Middlewares/ST/STM32_USB_Device_Library/Core/Src/usbd_core.c ****   * @brief  USBD_LL_DataInStage
 673:Middlewares/ST/STM32_USB_Device_Library/Core/Src/usbd_core.c ****   *         Handle data in stage
 674:Middlewares/ST/STM32_USB_Device_Library/Core/Src/usbd_core.c ****   * @param  pdev: device instance
 675:Middlewares/ST/STM32_USB_Device_Library/Core/Src/usbd_core.c ****   * @param  epnum: endpoint index
 676:Middlewares/ST/STM32_USB_Device_Library/Core/Src/usbd_core.c ****   * @retval status
 677:Middlewares/ST/STM32_USB_Device_Library/Core/Src/usbd_core.c ****   */
 678:Middlewares/ST/STM32_USB_Device_Library/Core/Src/usbd_core.c **** USBD_StatusTypeDef USBD_LL_DataInStage(USBD_HandleTypeDef *pdev,
 679:Middlewares/ST/STM32_USB_Device_Library/Core/Src/usbd_core.c ****                                        uint8_t epnum, uint8_t *pdata)
 680:Middlewares/ST/STM32_USB_Device_Library/Core/Src/usbd_core.c **** {
 681:Middlewares/ST/STM32_USB_Device_Library/Core/Src/usbd_core.c ****   USBD_EndpointTypeDef *pep;
 682:Middlewares/ST/STM32_USB_Device_Library/Core/Src/usbd_core.c ****   USBD_StatusTypeDef ret;
 683:Middlewares/ST/STM32_USB_Device_Library/Core/Src/usbd_core.c ****   uint8_t idx;
 684:Middlewares/ST/STM32_USB_Device_Library/Core/Src/usbd_core.c **** 
 685:Middlewares/ST/STM32_USB_Device_Library/Core/Src/usbd_core.c ****   if (epnum == 0U)
 686:Middlewares/ST/STM32_USB_Device_Library/Core/Src/usbd_core.c ****   {
 687:Middlewares/ST/STM32_USB_Device_Library/Core/Src/usbd_core.c ****     pep = &pdev->ep_in[0];
 688:Middlewares/ST/STM32_USB_Device_Library/Core/Src/usbd_core.c **** 
 689:Middlewares/ST/STM32_USB_Device_Library/Core/Src/usbd_core.c ****     if (pdev->ep0_state == USBD_EP0_DATA_IN)
 690:Middlewares/ST/STM32_USB_Device_Library/Core/Src/usbd_core.c ****     {
 691:Middlewares/ST/STM32_USB_Device_Library/Core/Src/usbd_core.c ****       if (pep->rem_length > pep->maxpacket)
 692:Middlewares/ST/STM32_USB_Device_Library/Core/Src/usbd_core.c ****       {
 693:Middlewares/ST/STM32_USB_Device_Library/Core/Src/usbd_core.c ****         pep->rem_length -= pep->maxpacket;
 694:Middlewares/ST/STM32_USB_Device_Library/Core/Src/usbd_core.c **** 
 695:Middlewares/ST/STM32_USB_Device_Library/Core/Src/usbd_core.c ****         (void)USBD_CtlContinueSendData(pdev, pdata, pep->rem_length);
 696:Middlewares/ST/STM32_USB_Device_Library/Core/Src/usbd_core.c **** 
 697:Middlewares/ST/STM32_USB_Device_Library/Core/Src/usbd_core.c ****         /* Prepare endpoint for premature end of transfer */
 698:Middlewares/ST/STM32_USB_Device_Library/Core/Src/usbd_core.c ****         (void)USBD_LL_PrepareReceive(pdev, 0U, NULL, 0U);
 699:Middlewares/ST/STM32_USB_Device_Library/Core/Src/usbd_core.c ****       }
 700:Middlewares/ST/STM32_USB_Device_Library/Core/Src/usbd_core.c ****       else
 701:Middlewares/ST/STM32_USB_Device_Library/Core/Src/usbd_core.c ****       {
 702:Middlewares/ST/STM32_USB_Device_Library/Core/Src/usbd_core.c ****         /* last packet is MPS multiple, so send ZLP packet */
 703:Middlewares/ST/STM32_USB_Device_Library/Core/Src/usbd_core.c ****         if ((pep->maxpacket == pep->rem_length) &&
 704:Middlewares/ST/STM32_USB_Device_Library/Core/Src/usbd_core.c ****             (pep->total_length >= pep->maxpacket) &&
 705:Middlewares/ST/STM32_USB_Device_Library/Core/Src/usbd_core.c ****             (pep->total_length < pdev->ep0_data_len))
 706:Middlewares/ST/STM32_USB_Device_Library/Core/Src/usbd_core.c ****         {
 707:Middlewares/ST/STM32_USB_Device_Library/Core/Src/usbd_core.c ****           (void)USBD_CtlContinueSendData(pdev, NULL, 0U);
 708:Middlewares/ST/STM32_USB_Device_Library/Core/Src/usbd_core.c ****           pdev->ep0_data_len = 0U;
 709:Middlewares/ST/STM32_USB_Device_Library/Core/Src/usbd_core.c **** 
 710:Middlewares/ST/STM32_USB_Device_Library/Core/Src/usbd_core.c ****           /* Prepare endpoint for premature end of transfer */
 711:Middlewares/ST/STM32_USB_Device_Library/Core/Src/usbd_core.c ****           (void)USBD_LL_PrepareReceive(pdev, 0U, NULL, 0U);
 712:Middlewares/ST/STM32_USB_Device_Library/Core/Src/usbd_core.c ****         }
 713:Middlewares/ST/STM32_USB_Device_Library/Core/Src/usbd_core.c ****         else
 714:Middlewares/ST/STM32_USB_Device_Library/Core/Src/usbd_core.c ****         {
 715:Middlewares/ST/STM32_USB_Device_Library/Core/Src/usbd_core.c ****           if (pdev->dev_state == USBD_STATE_CONFIGURED)
 716:Middlewares/ST/STM32_USB_Device_Library/Core/Src/usbd_core.c ****           {
 717:Middlewares/ST/STM32_USB_Device_Library/Core/Src/usbd_core.c ****             if (pdev->pClass[0]->EP0_TxSent != NULL)
 718:Middlewares/ST/STM32_USB_Device_Library/Core/Src/usbd_core.c ****             {
 719:Middlewares/ST/STM32_USB_Device_Library/Core/Src/usbd_core.c ****               pdev->classId = 0U;
ARM GAS  C:\Users\Domagoj\AppData\Local\Temp\ccBZxoYs.s 			page 24


 720:Middlewares/ST/STM32_USB_Device_Library/Core/Src/usbd_core.c ****               pdev->pClass[0]->EP0_TxSent(pdev);
 721:Middlewares/ST/STM32_USB_Device_Library/Core/Src/usbd_core.c ****             }
 722:Middlewares/ST/STM32_USB_Device_Library/Core/Src/usbd_core.c ****           }
 723:Middlewares/ST/STM32_USB_Device_Library/Core/Src/usbd_core.c ****           (void)USBD_LL_StallEP(pdev, 0x80U);
 724:Middlewares/ST/STM32_USB_Device_Library/Core/Src/usbd_core.c ****           (void)USBD_CtlReceiveStatus(pdev);
 725:Middlewares/ST/STM32_USB_Device_Library/Core/Src/usbd_core.c ****         }
 726:Middlewares/ST/STM32_USB_Device_Library/Core/Src/usbd_core.c ****       }
 727:Middlewares/ST/STM32_USB_Device_Library/Core/Src/usbd_core.c ****     }
 728:Middlewares/ST/STM32_USB_Device_Library/Core/Src/usbd_core.c **** 
 729:Middlewares/ST/STM32_USB_Device_Library/Core/Src/usbd_core.c ****     if (pdev->dev_test_mode != 0U)
 730:Middlewares/ST/STM32_USB_Device_Library/Core/Src/usbd_core.c ****     {
 731:Middlewares/ST/STM32_USB_Device_Library/Core/Src/usbd_core.c ****       (void)USBD_RunTestMode(pdev);
 732:Middlewares/ST/STM32_USB_Device_Library/Core/Src/usbd_core.c ****       pdev->dev_test_mode = 0U;
 733:Middlewares/ST/STM32_USB_Device_Library/Core/Src/usbd_core.c ****     }
 734:Middlewares/ST/STM32_USB_Device_Library/Core/Src/usbd_core.c ****   }
 735:Middlewares/ST/STM32_USB_Device_Library/Core/Src/usbd_core.c ****   else
 736:Middlewares/ST/STM32_USB_Device_Library/Core/Src/usbd_core.c ****   {
 737:Middlewares/ST/STM32_USB_Device_Library/Core/Src/usbd_core.c ****     /* Get the class index relative to this interface */
 738:Middlewares/ST/STM32_USB_Device_Library/Core/Src/usbd_core.c ****     idx = USBD_CoreFindEP(pdev, ((uint8_t)epnum | 0x80U));
 739:Middlewares/ST/STM32_USB_Device_Library/Core/Src/usbd_core.c **** 
 740:Middlewares/ST/STM32_USB_Device_Library/Core/Src/usbd_core.c ****     if (((uint16_t)idx != 0xFFU) && (idx < USBD_MAX_SUPPORTED_CLASS))
 741:Middlewares/ST/STM32_USB_Device_Library/Core/Src/usbd_core.c ****     {
 742:Middlewares/ST/STM32_USB_Device_Library/Core/Src/usbd_core.c ****       /* Call the class data out function to manage the request */
 743:Middlewares/ST/STM32_USB_Device_Library/Core/Src/usbd_core.c ****       if (pdev->dev_state == USBD_STATE_CONFIGURED)
 744:Middlewares/ST/STM32_USB_Device_Library/Core/Src/usbd_core.c ****       {
 745:Middlewares/ST/STM32_USB_Device_Library/Core/Src/usbd_core.c ****         if (pdev->pClass[idx]->DataIn != NULL)
 746:Middlewares/ST/STM32_USB_Device_Library/Core/Src/usbd_core.c ****         {
 747:Middlewares/ST/STM32_USB_Device_Library/Core/Src/usbd_core.c ****           pdev->classId = idx;
 748:Middlewares/ST/STM32_USB_Device_Library/Core/Src/usbd_core.c ****           ret = (USBD_StatusTypeDef)pdev->pClass[idx]->DataIn(pdev, epnum);
 749:Middlewares/ST/STM32_USB_Device_Library/Core/Src/usbd_core.c **** 
 750:Middlewares/ST/STM32_USB_Device_Library/Core/Src/usbd_core.c ****           if (ret != USBD_OK)
 751:Middlewares/ST/STM32_USB_Device_Library/Core/Src/usbd_core.c ****           {
 752:Middlewares/ST/STM32_USB_Device_Library/Core/Src/usbd_core.c ****             return ret;
 753:Middlewares/ST/STM32_USB_Device_Library/Core/Src/usbd_core.c ****           }
 754:Middlewares/ST/STM32_USB_Device_Library/Core/Src/usbd_core.c ****         }
 755:Middlewares/ST/STM32_USB_Device_Library/Core/Src/usbd_core.c ****       }
 756:Middlewares/ST/STM32_USB_Device_Library/Core/Src/usbd_core.c ****     }
 757:Middlewares/ST/STM32_USB_Device_Library/Core/Src/usbd_core.c ****   }
 758:Middlewares/ST/STM32_USB_Device_Library/Core/Src/usbd_core.c **** 
 759:Middlewares/ST/STM32_USB_Device_Library/Core/Src/usbd_core.c ****   return USBD_OK;
 760:Middlewares/ST/STM32_USB_Device_Library/Core/Src/usbd_core.c **** }
 761:Middlewares/ST/STM32_USB_Device_Library/Core/Src/usbd_core.c **** 
 762:Middlewares/ST/STM32_USB_Device_Library/Core/Src/usbd_core.c **** /**
 763:Middlewares/ST/STM32_USB_Device_Library/Core/Src/usbd_core.c ****   * @brief  USBD_LL_Reset
 764:Middlewares/ST/STM32_USB_Device_Library/Core/Src/usbd_core.c ****   *         Handle Reset event
 765:Middlewares/ST/STM32_USB_Device_Library/Core/Src/usbd_core.c ****   * @param  pdev: device instance
 766:Middlewares/ST/STM32_USB_Device_Library/Core/Src/usbd_core.c ****   * @retval status
 767:Middlewares/ST/STM32_USB_Device_Library/Core/Src/usbd_core.c ****   */
 768:Middlewares/ST/STM32_USB_Device_Library/Core/Src/usbd_core.c **** 
 769:Middlewares/ST/STM32_USB_Device_Library/Core/Src/usbd_core.c **** USBD_StatusTypeDef USBD_LL_Reset(USBD_HandleTypeDef *pdev)
 770:Middlewares/ST/STM32_USB_Device_Library/Core/Src/usbd_core.c **** {
 596              		.loc 1 770 1 view -0
 597              		.cfi_startproc
 598              		@ args = 0, pretend = 0, frame = 0
 599              		@ frame_needed = 0, uses_anonymous_args = 0
 600              		.loc 1 770 1 is_stmt 0 view .LVU153
 601 0000 F8B5     		push	{r3, r4, r5, r6, r7, lr}
ARM GAS  C:\Users\Domagoj\AppData\Local\Temp\ccBZxoYs.s 			page 25


 602              	.LCFI9:
 603              		.cfi_def_cfa_offset 24
 604              		.cfi_offset 3, -24
 605              		.cfi_offset 4, -20
 606              		.cfi_offset 5, -16
 607              		.cfi_offset 6, -12
 608              		.cfi_offset 7, -8
 609              		.cfi_offset 14, -4
 610 0002 0400     		movs	r4, r0
 771:Middlewares/ST/STM32_USB_Device_Library/Core/Src/usbd_core.c ****   USBD_StatusTypeDef ret = USBD_OK;
 611              		.loc 1 771 3 is_stmt 1 view .LVU154
 612              	.LVL47:
 772:Middlewares/ST/STM32_USB_Device_Library/Core/Src/usbd_core.c **** 
 773:Middlewares/ST/STM32_USB_Device_Library/Core/Src/usbd_core.c ****   /* Upon Reset call user call back */
 774:Middlewares/ST/STM32_USB_Device_Library/Core/Src/usbd_core.c ****   pdev->dev_state = USBD_STATE_DEFAULT;
 613              		.loc 1 774 3 view .LVU155
 614              		.loc 1 774 19 is_stmt 0 view .LVU156
 615 0004 A723     		movs	r3, #167
 616 0006 9B00     		lsls	r3, r3, #2
 617 0008 0122     		movs	r2, #1
 618 000a C254     		strb	r2, [r0, r3]
 775:Middlewares/ST/STM32_USB_Device_Library/Core/Src/usbd_core.c ****   pdev->ep0_state = USBD_EP0_IDLE;
 619              		.loc 1 775 3 is_stmt 1 view .LVU157
 620              		.loc 1 775 19 is_stmt 0 view .LVU158
 621 000c 0023     		movs	r3, #0
 622 000e A522     		movs	r2, #165
 623 0010 9200     		lsls	r2, r2, #2
 624 0012 8350     		str	r3, [r0, r2]
 776:Middlewares/ST/STM32_USB_Device_Library/Core/Src/usbd_core.c ****   pdev->dev_config = 0U;
 625              		.loc 1 776 3 is_stmt 1 view .LVU159
 626              		.loc 1 776 20 is_stmt 0 view .LVU160
 627 0014 4360     		str	r3, [r0, #4]
 777:Middlewares/ST/STM32_USB_Device_Library/Core/Src/usbd_core.c ****   pdev->dev_remote_wakeup = 0U;
 628              		.loc 1 777 3 is_stmt 1 view .LVU161
 629              		.loc 1 777 27 is_stmt 0 view .LVU162
 630 0016 1032     		adds	r2, r2, #16
 631 0018 8350     		str	r3, [r0, r2]
 778:Middlewares/ST/STM32_USB_Device_Library/Core/Src/usbd_core.c ****   pdev->dev_test_mode = 0U;
 632              		.loc 1 778 3 is_stmt 1 view .LVU163
 633              		.loc 1 778 23 is_stmt 0 view .LVU164
 634 001a 043A     		subs	r2, r2, #4
 635 001c 8354     		strb	r3, [r0, r2]
 779:Middlewares/ST/STM32_USB_Device_Library/Core/Src/usbd_core.c **** 
 780:Middlewares/ST/STM32_USB_Device_Library/Core/Src/usbd_core.c **** #ifdef USE_USBD_COMPOSITE
 781:Middlewares/ST/STM32_USB_Device_Library/Core/Src/usbd_core.c ****   /* Parse the table of classes in use */
 782:Middlewares/ST/STM32_USB_Device_Library/Core/Src/usbd_core.c ****   for (uint32_t i = 0U; i < USBD_MAX_SUPPORTED_CLASS; i++)
 783:Middlewares/ST/STM32_USB_Device_Library/Core/Src/usbd_core.c ****   {
 784:Middlewares/ST/STM32_USB_Device_Library/Core/Src/usbd_core.c ****     /* Check if current class is in use */
 785:Middlewares/ST/STM32_USB_Device_Library/Core/Src/usbd_core.c ****     if ((pdev->tclasslist[i].Active) == 1U)
 786:Middlewares/ST/STM32_USB_Device_Library/Core/Src/usbd_core.c ****     {
 787:Middlewares/ST/STM32_USB_Device_Library/Core/Src/usbd_core.c ****       if (pdev->pClass[i] != NULL)
 788:Middlewares/ST/STM32_USB_Device_Library/Core/Src/usbd_core.c ****       {
 789:Middlewares/ST/STM32_USB_Device_Library/Core/Src/usbd_core.c ****         pdev->classId = i;
 790:Middlewares/ST/STM32_USB_Device_Library/Core/Src/usbd_core.c ****         /* Clear configuration  and De-initialize the Class process*/
 791:Middlewares/ST/STM32_USB_Device_Library/Core/Src/usbd_core.c **** 
 792:Middlewares/ST/STM32_USB_Device_Library/Core/Src/usbd_core.c ****         if (pdev->pClass[i]->DeInit != NULL)
 793:Middlewares/ST/STM32_USB_Device_Library/Core/Src/usbd_core.c ****         {
ARM GAS  C:\Users\Domagoj\AppData\Local\Temp\ccBZxoYs.s 			page 26


 794:Middlewares/ST/STM32_USB_Device_Library/Core/Src/usbd_core.c ****           if (pdev->pClass[i]->DeInit(pdev, (uint8_t)pdev->dev_config) != USBD_OK)
 795:Middlewares/ST/STM32_USB_Device_Library/Core/Src/usbd_core.c ****           {
 796:Middlewares/ST/STM32_USB_Device_Library/Core/Src/usbd_core.c ****             ret = USBD_FAIL;
 797:Middlewares/ST/STM32_USB_Device_Library/Core/Src/usbd_core.c ****           }
 798:Middlewares/ST/STM32_USB_Device_Library/Core/Src/usbd_core.c ****         }
 799:Middlewares/ST/STM32_USB_Device_Library/Core/Src/usbd_core.c ****       }
 800:Middlewares/ST/STM32_USB_Device_Library/Core/Src/usbd_core.c ****     }
 801:Middlewares/ST/STM32_USB_Device_Library/Core/Src/usbd_core.c ****   }
 802:Middlewares/ST/STM32_USB_Device_Library/Core/Src/usbd_core.c **** #else
 803:Middlewares/ST/STM32_USB_Device_Library/Core/Src/usbd_core.c **** 
 804:Middlewares/ST/STM32_USB_Device_Library/Core/Src/usbd_core.c ****   if (pdev->pClass[0] != NULL)
 636              		.loc 1 804 3 is_stmt 1 view .LVU165
 637              		.loc 1 804 19 is_stmt 0 view .LVU166
 638 001e AE23     		movs	r3, #174
 639 0020 9B00     		lsls	r3, r3, #2
 640 0022 C358     		ldr	r3, [r0, r3]
 641              		.loc 1 804 6 view .LVU167
 642 0024 002B     		cmp	r3, #0
 643 0026 1ED0     		beq	.L31
 805:Middlewares/ST/STM32_USB_Device_Library/Core/Src/usbd_core.c ****   {
 806:Middlewares/ST/STM32_USB_Device_Library/Core/Src/usbd_core.c ****     if (pdev->pClass[0]->DeInit != NULL)
 644              		.loc 1 806 5 is_stmt 1 view .LVU168
 645              		.loc 1 806 24 is_stmt 0 view .LVU169
 646 0028 5B68     		ldr	r3, [r3, #4]
 647              		.loc 1 806 8 view .LVU170
 648 002a 002B     		cmp	r3, #0
 649 002c 1DD0     		beq	.L32
 807:Middlewares/ST/STM32_USB_Device_Library/Core/Src/usbd_core.c ****     {
 808:Middlewares/ST/STM32_USB_Device_Library/Core/Src/usbd_core.c ****       if (pdev->pClass[0]->DeInit(pdev, (uint8_t)pdev->dev_config) != USBD_OK)
 650              		.loc 1 808 7 is_stmt 1 view .LVU171
 651              		.loc 1 808 11 is_stmt 0 view .LVU172
 652 002e 0021     		movs	r1, #0
 653 0030 9847     		blx	r3
 654              	.LVL48:
 655              		.loc 1 808 11 view .LVU173
 656 0032 051E     		subs	r5, r0, #0
 657              		.loc 1 808 10 discriminator 1 view .LVU174
 658 0034 1BD1     		bne	.L34
 659              	.L30:
 660              	.LVL49:
 809:Middlewares/ST/STM32_USB_Device_Library/Core/Src/usbd_core.c ****       {
 810:Middlewares/ST/STM32_USB_Device_Library/Core/Src/usbd_core.c ****         ret = USBD_FAIL;
 811:Middlewares/ST/STM32_USB_Device_Library/Core/Src/usbd_core.c ****       }
 812:Middlewares/ST/STM32_USB_Device_Library/Core/Src/usbd_core.c ****     }
 813:Middlewares/ST/STM32_USB_Device_Library/Core/Src/usbd_core.c ****   }
 814:Middlewares/ST/STM32_USB_Device_Library/Core/Src/usbd_core.c **** #endif /* USE_USBD_COMPOSITE */
 815:Middlewares/ST/STM32_USB_Device_Library/Core/Src/usbd_core.c **** 
 816:Middlewares/ST/STM32_USB_Device_Library/Core/Src/usbd_core.c ****   /* Open EP0 OUT */
 817:Middlewares/ST/STM32_USB_Device_Library/Core/Src/usbd_core.c ****   (void)USBD_LL_OpenEP(pdev, 0x00U, USBD_EP_TYPE_CTRL, USB_MAX_EP0_SIZE);
 661              		.loc 1 817 3 is_stmt 1 view .LVU175
 662              		.loc 1 817 9 is_stmt 0 view .LVU176
 663 0036 4023     		movs	r3, #64
 664 0038 0022     		movs	r2, #0
 665 003a 0021     		movs	r1, #0
 666 003c 2000     		movs	r0, r4
 667 003e FFF7FEFF 		bl	USBD_LL_OpenEP
 668              	.LVL50:
ARM GAS  C:\Users\Domagoj\AppData\Local\Temp\ccBZxoYs.s 			page 27


 818:Middlewares/ST/STM32_USB_Device_Library/Core/Src/usbd_core.c ****   pdev->ep_out[0x00U & 0xFU].is_used = 1U;
 669              		.loc 1 818 3 is_stmt 1 view .LVU177
 670              		.loc 1 818 38 is_stmt 0 view .LVU178
 671 0042 0127     		movs	r7, #1
 672 0044 B223     		movs	r3, #178
 673 0046 5B00     		lsls	r3, r3, #1
 674 0048 E752     		strh	r7, [r4, r3]
 819:Middlewares/ST/STM32_USB_Device_Library/Core/Src/usbd_core.c **** 
 820:Middlewares/ST/STM32_USB_Device_Library/Core/Src/usbd_core.c ****   pdev->ep_out[0].maxpacket = USB_MAX_EP0_SIZE;
 675              		.loc 1 820 3 is_stmt 1 view .LVU179
 676              		.loc 1 820 29 is_stmt 0 view .LVU180
 677 004a 4026     		movs	r6, #64
 678 004c 043B     		subs	r3, r3, #4
 679 004e E650     		str	r6, [r4, r3]
 821:Middlewares/ST/STM32_USB_Device_Library/Core/Src/usbd_core.c **** 
 822:Middlewares/ST/STM32_USB_Device_Library/Core/Src/usbd_core.c ****   /* Open EP0 IN */
 823:Middlewares/ST/STM32_USB_Device_Library/Core/Src/usbd_core.c ****   (void)USBD_LL_OpenEP(pdev, 0x80U, USBD_EP_TYPE_CTRL, USB_MAX_EP0_SIZE);
 680              		.loc 1 823 3 is_stmt 1 view .LVU181
 681              		.loc 1 823 9 is_stmt 0 view .LVU182
 682 0050 213B     		subs	r3, r3, #33
 683 0052 FF3B     		subs	r3, r3, #255
 684 0054 0022     		movs	r2, #0
 685 0056 8021     		movs	r1, #128
 686 0058 2000     		movs	r0, r4
 687 005a FFF7FEFF 		bl	USBD_LL_OpenEP
 688              	.LVL51:
 824:Middlewares/ST/STM32_USB_Device_Library/Core/Src/usbd_core.c ****   pdev->ep_in[0x80U & 0xFU].is_used = 1U;
 689              		.loc 1 824 3 is_stmt 1 view .LVU183
 690              		.loc 1 824 37 is_stmt 0 view .LVU184
 691 005e A784     		strh	r7, [r4, #36]
 825:Middlewares/ST/STM32_USB_Device_Library/Core/Src/usbd_core.c **** 
 826:Middlewares/ST/STM32_USB_Device_Library/Core/Src/usbd_core.c ****   pdev->ep_in[0].maxpacket = USB_MAX_EP0_SIZE;
 692              		.loc 1 826 3 is_stmt 1 view .LVU185
 693              		.loc 1 826 28 is_stmt 0 view .LVU186
 694 0060 2662     		str	r6, [r4, #32]
 827:Middlewares/ST/STM32_USB_Device_Library/Core/Src/usbd_core.c **** 
 828:Middlewares/ST/STM32_USB_Device_Library/Core/Src/usbd_core.c ****   return ret;
 695              		.loc 1 828 3 is_stmt 1 view .LVU187
 829:Middlewares/ST/STM32_USB_Device_Library/Core/Src/usbd_core.c **** }
 696              		.loc 1 829 1 is_stmt 0 view .LVU188
 697 0062 2800     		movs	r0, r5
 698              		@ sp needed
 699              	.LVL52:
 700              	.LVL53:
 701              		.loc 1 829 1 view .LVU189
 702 0064 F8BD     		pop	{r3, r4, r5, r6, r7, pc}
 703              	.LVL54:
 704              	.L31:
 771:Middlewares/ST/STM32_USB_Device_Library/Core/Src/usbd_core.c **** 
 705              		.loc 1 771 22 view .LVU190
 706 0066 0025     		movs	r5, #0
 707 0068 E5E7     		b	.L30
 708              	.L32:
 709 006a 0025     		movs	r5, #0
 710 006c E3E7     		b	.L30
 711              	.LVL55:
 712              	.L34:
ARM GAS  C:\Users\Domagoj\AppData\Local\Temp\ccBZxoYs.s 			page 28


 810:Middlewares/ST/STM32_USB_Device_Library/Core/Src/usbd_core.c ****       }
 713              		.loc 1 810 13 view .LVU191
 714 006e 0325     		movs	r5, #3
 715 0070 E1E7     		b	.L30
 716              		.cfi_endproc
 717              	.LFE381:
 719              		.section	.text.USBD_LL_SetSpeed,"ax",%progbits
 720              		.align	1
 721              		.global	USBD_LL_SetSpeed
 722              		.syntax unified
 723              		.code	16
 724              		.thumb_func
 726              	USBD_LL_SetSpeed:
 727              	.LVL56:
 728              	.LFB382:
 830:Middlewares/ST/STM32_USB_Device_Library/Core/Src/usbd_core.c **** 
 831:Middlewares/ST/STM32_USB_Device_Library/Core/Src/usbd_core.c **** /**
 832:Middlewares/ST/STM32_USB_Device_Library/Core/Src/usbd_core.c ****   * @brief  USBD_LL_SetSpeed
 833:Middlewares/ST/STM32_USB_Device_Library/Core/Src/usbd_core.c ****   *         Handle Reset event
 834:Middlewares/ST/STM32_USB_Device_Library/Core/Src/usbd_core.c ****   * @param  pdev: device instance
 835:Middlewares/ST/STM32_USB_Device_Library/Core/Src/usbd_core.c ****   * @retval status
 836:Middlewares/ST/STM32_USB_Device_Library/Core/Src/usbd_core.c ****   */
 837:Middlewares/ST/STM32_USB_Device_Library/Core/Src/usbd_core.c **** USBD_StatusTypeDef USBD_LL_SetSpeed(USBD_HandleTypeDef *pdev,
 838:Middlewares/ST/STM32_USB_Device_Library/Core/Src/usbd_core.c ****                                     USBD_SpeedTypeDef speed)
 839:Middlewares/ST/STM32_USB_Device_Library/Core/Src/usbd_core.c **** {
 729              		.loc 1 839 1 is_stmt 1 view -0
 730              		.cfi_startproc
 731              		@ args = 0, pretend = 0, frame = 0
 732              		@ frame_needed = 0, uses_anonymous_args = 0
 733              		@ link register save eliminated.
 840:Middlewares/ST/STM32_USB_Device_Library/Core/Src/usbd_core.c ****   pdev->dev_speed = speed;
 734              		.loc 1 840 3 view .LVU193
 735              		.loc 1 840 19 is_stmt 0 view .LVU194
 736 0000 0174     		strb	r1, [r0, #16]
 841:Middlewares/ST/STM32_USB_Device_Library/Core/Src/usbd_core.c **** 
 842:Middlewares/ST/STM32_USB_Device_Library/Core/Src/usbd_core.c ****   return USBD_OK;
 737              		.loc 1 842 3 is_stmt 1 view .LVU195
 843:Middlewares/ST/STM32_USB_Device_Library/Core/Src/usbd_core.c **** }
 738              		.loc 1 843 1 is_stmt 0 view .LVU196
 739 0002 0020     		movs	r0, #0
 740              	.LVL57:
 741              		.loc 1 843 1 view .LVU197
 742              		@ sp needed
 743 0004 7047     		bx	lr
 744              		.cfi_endproc
 745              	.LFE382:
 747              		.section	.text.USBD_LL_Suspend,"ax",%progbits
 748              		.align	1
 749              		.global	USBD_LL_Suspend
 750              		.syntax unified
 751              		.code	16
 752              		.thumb_func
 754              	USBD_LL_Suspend:
 755              	.LVL58:
 756              	.LFB383:
 844:Middlewares/ST/STM32_USB_Device_Library/Core/Src/usbd_core.c **** 
 845:Middlewares/ST/STM32_USB_Device_Library/Core/Src/usbd_core.c **** /**
ARM GAS  C:\Users\Domagoj\AppData\Local\Temp\ccBZxoYs.s 			page 29


 846:Middlewares/ST/STM32_USB_Device_Library/Core/Src/usbd_core.c ****   * @brief  USBD_LL_Suspend
 847:Middlewares/ST/STM32_USB_Device_Library/Core/Src/usbd_core.c ****   *         Handle Suspend event
 848:Middlewares/ST/STM32_USB_Device_Library/Core/Src/usbd_core.c ****   * @param  pdev: device instance
 849:Middlewares/ST/STM32_USB_Device_Library/Core/Src/usbd_core.c ****   * @retval status
 850:Middlewares/ST/STM32_USB_Device_Library/Core/Src/usbd_core.c ****   */
 851:Middlewares/ST/STM32_USB_Device_Library/Core/Src/usbd_core.c **** 
 852:Middlewares/ST/STM32_USB_Device_Library/Core/Src/usbd_core.c **** USBD_StatusTypeDef USBD_LL_Suspend(USBD_HandleTypeDef *pdev)
 853:Middlewares/ST/STM32_USB_Device_Library/Core/Src/usbd_core.c **** {
 757              		.loc 1 853 1 is_stmt 1 view -0
 758              		.cfi_startproc
 759              		@ args = 0, pretend = 0, frame = 0
 760              		@ frame_needed = 0, uses_anonymous_args = 0
 761              		@ link register save eliminated.
 854:Middlewares/ST/STM32_USB_Device_Library/Core/Src/usbd_core.c ****   if (pdev->dev_state != USBD_STATE_SUSPENDED)
 762              		.loc 1 854 3 view .LVU199
 763              		.loc 1 854 11 is_stmt 0 view .LVU200
 764 0000 A723     		movs	r3, #167
 765 0002 9B00     		lsls	r3, r3, #2
 766 0004 C35C     		ldrb	r3, [r0, r3]
 767              		.loc 1 854 6 view .LVU201
 768 0006 042B     		cmp	r3, #4
 769 0008 05D0     		beq	.L37
 855:Middlewares/ST/STM32_USB_Device_Library/Core/Src/usbd_core.c ****   {
 856:Middlewares/ST/STM32_USB_Device_Library/Core/Src/usbd_core.c ****     pdev->dev_old_state = pdev->dev_state;
 770              		.loc 1 856 5 is_stmt 1 view .LVU202
 771              		.loc 1 856 31 is_stmt 0 view .LVU203
 772 000a A723     		movs	r3, #167
 773 000c 9B00     		lsls	r3, r3, #2
 774 000e C35C     		ldrb	r3, [r0, r3]
 775 0010 DBB2     		uxtb	r3, r3
 776              		.loc 1 856 25 view .LVU204
 777 0012 044A     		ldr	r2, .L38
 778 0014 8354     		strb	r3, [r0, r2]
 779              	.L37:
 857:Middlewares/ST/STM32_USB_Device_Library/Core/Src/usbd_core.c ****   }
 858:Middlewares/ST/STM32_USB_Device_Library/Core/Src/usbd_core.c **** 
 859:Middlewares/ST/STM32_USB_Device_Library/Core/Src/usbd_core.c ****   pdev->dev_state = USBD_STATE_SUSPENDED;
 780              		.loc 1 859 3 is_stmt 1 view .LVU205
 781              		.loc 1 859 19 is_stmt 0 view .LVU206
 782 0016 A723     		movs	r3, #167
 783 0018 9B00     		lsls	r3, r3, #2
 784 001a 0422     		movs	r2, #4
 785 001c C254     		strb	r2, [r0, r3]
 860:Middlewares/ST/STM32_USB_Device_Library/Core/Src/usbd_core.c **** 
 861:Middlewares/ST/STM32_USB_Device_Library/Core/Src/usbd_core.c ****   return USBD_OK;
 786              		.loc 1 861 3 is_stmt 1 view .LVU207
 862:Middlewares/ST/STM32_USB_Device_Library/Core/Src/usbd_core.c **** }
 787              		.loc 1 862 1 is_stmt 0 view .LVU208
 788 001e 0020     		movs	r0, #0
 789              	.LVL59:
 790              		.loc 1 862 1 view .LVU209
 791              		@ sp needed
 792 0020 7047     		bx	lr
 793              	.L39:
 794 0022 C046     		.align	2
 795              	.L38:
 796 0024 9D020000 		.word	669
ARM GAS  C:\Users\Domagoj\AppData\Local\Temp\ccBZxoYs.s 			page 30


 797              		.cfi_endproc
 798              	.LFE383:
 800              		.section	.text.USBD_LL_Resume,"ax",%progbits
 801              		.align	1
 802              		.global	USBD_LL_Resume
 803              		.syntax unified
 804              		.code	16
 805              		.thumb_func
 807              	USBD_LL_Resume:
 808              	.LVL60:
 809              	.LFB384:
 863:Middlewares/ST/STM32_USB_Device_Library/Core/Src/usbd_core.c **** 
 864:Middlewares/ST/STM32_USB_Device_Library/Core/Src/usbd_core.c **** /**
 865:Middlewares/ST/STM32_USB_Device_Library/Core/Src/usbd_core.c ****   * @brief  USBD_LL_Resume
 866:Middlewares/ST/STM32_USB_Device_Library/Core/Src/usbd_core.c ****   *         Handle Resume event
 867:Middlewares/ST/STM32_USB_Device_Library/Core/Src/usbd_core.c ****   * @param  pdev: device instance
 868:Middlewares/ST/STM32_USB_Device_Library/Core/Src/usbd_core.c ****   * @retval status
 869:Middlewares/ST/STM32_USB_Device_Library/Core/Src/usbd_core.c ****   */
 870:Middlewares/ST/STM32_USB_Device_Library/Core/Src/usbd_core.c **** 
 871:Middlewares/ST/STM32_USB_Device_Library/Core/Src/usbd_core.c **** USBD_StatusTypeDef USBD_LL_Resume(USBD_HandleTypeDef *pdev)
 872:Middlewares/ST/STM32_USB_Device_Library/Core/Src/usbd_core.c **** {
 810              		.loc 1 872 1 is_stmt 1 view -0
 811              		.cfi_startproc
 812              		@ args = 0, pretend = 0, frame = 0
 813              		@ frame_needed = 0, uses_anonymous_args = 0
 814              		@ link register save eliminated.
 873:Middlewares/ST/STM32_USB_Device_Library/Core/Src/usbd_core.c ****   if (pdev->dev_state == USBD_STATE_SUSPENDED)
 815              		.loc 1 873 3 view .LVU211
 816              		.loc 1 873 11 is_stmt 0 view .LVU212
 817 0000 A723     		movs	r3, #167
 818 0002 9B00     		lsls	r3, r3, #2
 819 0004 C35C     		ldrb	r3, [r0, r3]
 820              		.loc 1 873 6 view .LVU213
 821 0006 042B     		cmp	r3, #4
 822 0008 01D0     		beq	.L42
 823              	.L41:
 874:Middlewares/ST/STM32_USB_Device_Library/Core/Src/usbd_core.c ****   {
 875:Middlewares/ST/STM32_USB_Device_Library/Core/Src/usbd_core.c ****     pdev->dev_state = pdev->dev_old_state;
 876:Middlewares/ST/STM32_USB_Device_Library/Core/Src/usbd_core.c ****   }
 877:Middlewares/ST/STM32_USB_Device_Library/Core/Src/usbd_core.c **** 
 878:Middlewares/ST/STM32_USB_Device_Library/Core/Src/usbd_core.c ****   return USBD_OK;
 824              		.loc 1 878 3 is_stmt 1 view .LVU214
 879:Middlewares/ST/STM32_USB_Device_Library/Core/Src/usbd_core.c **** }
 825              		.loc 1 879 1 is_stmt 0 view .LVU215
 826 000a 0020     		movs	r0, #0
 827              	.LVL61:
 828              		.loc 1 879 1 view .LVU216
 829              		@ sp needed
 830 000c 7047     		bx	lr
 831              	.LVL62:
 832              	.L42:
 875:Middlewares/ST/STM32_USB_Device_Library/Core/Src/usbd_core.c ****   }
 833              		.loc 1 875 5 is_stmt 1 view .LVU217
 875:Middlewares/ST/STM32_USB_Device_Library/Core/Src/usbd_core.c ****   }
 834              		.loc 1 875 27 is_stmt 0 view .LVU218
 835 000e 034B     		ldr	r3, .L43
 836 0010 C35C     		ldrb	r3, [r0, r3]
ARM GAS  C:\Users\Domagoj\AppData\Local\Temp\ccBZxoYs.s 			page 31


 837 0012 DBB2     		uxtb	r3, r3
 875:Middlewares/ST/STM32_USB_Device_Library/Core/Src/usbd_core.c ****   }
 838              		.loc 1 875 21 view .LVU219
 839 0014 A722     		movs	r2, #167
 840 0016 9200     		lsls	r2, r2, #2
 841 0018 8354     		strb	r3, [r0, r2]
 842 001a F6E7     		b	.L41
 843              	.L44:
 844              		.align	2
 845              	.L43:
 846 001c 9D020000 		.word	669
 847              		.cfi_endproc
 848              	.LFE384:
 850              		.section	.text.USBD_LL_SOF,"ax",%progbits
 851              		.align	1
 852              		.global	USBD_LL_SOF
 853              		.syntax unified
 854              		.code	16
 855              		.thumb_func
 857              	USBD_LL_SOF:
 858              	.LVL63:
 859              	.LFB385:
 880:Middlewares/ST/STM32_USB_Device_Library/Core/Src/usbd_core.c **** 
 881:Middlewares/ST/STM32_USB_Device_Library/Core/Src/usbd_core.c **** /**
 882:Middlewares/ST/STM32_USB_Device_Library/Core/Src/usbd_core.c ****   * @brief  USBD_LL_SOF
 883:Middlewares/ST/STM32_USB_Device_Library/Core/Src/usbd_core.c ****   *         Handle SOF event
 884:Middlewares/ST/STM32_USB_Device_Library/Core/Src/usbd_core.c ****   * @param  pdev: device instance
 885:Middlewares/ST/STM32_USB_Device_Library/Core/Src/usbd_core.c ****   * @retval status
 886:Middlewares/ST/STM32_USB_Device_Library/Core/Src/usbd_core.c ****   */
 887:Middlewares/ST/STM32_USB_Device_Library/Core/Src/usbd_core.c **** 
 888:Middlewares/ST/STM32_USB_Device_Library/Core/Src/usbd_core.c **** USBD_StatusTypeDef USBD_LL_SOF(USBD_HandleTypeDef *pdev)
 889:Middlewares/ST/STM32_USB_Device_Library/Core/Src/usbd_core.c **** {
 860              		.loc 1 889 1 is_stmt 1 view -0
 861              		.cfi_startproc
 862              		@ args = 0, pretend = 0, frame = 0
 863              		@ frame_needed = 0, uses_anonymous_args = 0
 864              		.loc 1 889 1 is_stmt 0 view .LVU221
 865 0000 10B5     		push	{r4, lr}
 866              	.LCFI10:
 867              		.cfi_def_cfa_offset 8
 868              		.cfi_offset 4, -8
 869              		.cfi_offset 14, -4
 890:Middlewares/ST/STM32_USB_Device_Library/Core/Src/usbd_core.c ****   /* The SOF event can be distributed for all classes that support it */
 891:Middlewares/ST/STM32_USB_Device_Library/Core/Src/usbd_core.c ****   if (pdev->dev_state == USBD_STATE_CONFIGURED)
 870              		.loc 1 891 3 is_stmt 1 view .LVU222
 871              		.loc 1 891 11 is_stmt 0 view .LVU223
 872 0002 A723     		movs	r3, #167
 873 0004 9B00     		lsls	r3, r3, #2
 874 0006 C35C     		ldrb	r3, [r0, r3]
 875              		.loc 1 891 6 view .LVU224
 876 0008 032B     		cmp	r3, #3
 877 000a 01D0     		beq	.L47
 878              	.LVL64:
 879              	.L46:
 892:Middlewares/ST/STM32_USB_Device_Library/Core/Src/usbd_core.c ****   {
 893:Middlewares/ST/STM32_USB_Device_Library/Core/Src/usbd_core.c **** #ifdef USE_USBD_COMPOSITE
 894:Middlewares/ST/STM32_USB_Device_Library/Core/Src/usbd_core.c ****     /* Parse the table of classes in use */
ARM GAS  C:\Users\Domagoj\AppData\Local\Temp\ccBZxoYs.s 			page 32


 895:Middlewares/ST/STM32_USB_Device_Library/Core/Src/usbd_core.c ****     for (uint32_t i = 0; i < USBD_MAX_SUPPORTED_CLASS; i++)
 896:Middlewares/ST/STM32_USB_Device_Library/Core/Src/usbd_core.c ****     {
 897:Middlewares/ST/STM32_USB_Device_Library/Core/Src/usbd_core.c ****       /* Check if current class is in use */
 898:Middlewares/ST/STM32_USB_Device_Library/Core/Src/usbd_core.c ****       if ((pdev->tclasslist[i].Active) == 1U)
 899:Middlewares/ST/STM32_USB_Device_Library/Core/Src/usbd_core.c ****       {
 900:Middlewares/ST/STM32_USB_Device_Library/Core/Src/usbd_core.c ****         if (pdev->pClass[i] != NULL)
 901:Middlewares/ST/STM32_USB_Device_Library/Core/Src/usbd_core.c ****         {
 902:Middlewares/ST/STM32_USB_Device_Library/Core/Src/usbd_core.c ****           if (pdev->pClass[i]->SOF != NULL)
 903:Middlewares/ST/STM32_USB_Device_Library/Core/Src/usbd_core.c ****           {
 904:Middlewares/ST/STM32_USB_Device_Library/Core/Src/usbd_core.c ****             pdev->classId = i;
 905:Middlewares/ST/STM32_USB_Device_Library/Core/Src/usbd_core.c ****             (void)pdev->pClass[i]->SOF(pdev);
 906:Middlewares/ST/STM32_USB_Device_Library/Core/Src/usbd_core.c ****           }
 907:Middlewares/ST/STM32_USB_Device_Library/Core/Src/usbd_core.c ****         }
 908:Middlewares/ST/STM32_USB_Device_Library/Core/Src/usbd_core.c ****       }
 909:Middlewares/ST/STM32_USB_Device_Library/Core/Src/usbd_core.c ****     }
 910:Middlewares/ST/STM32_USB_Device_Library/Core/Src/usbd_core.c **** #else
 911:Middlewares/ST/STM32_USB_Device_Library/Core/Src/usbd_core.c ****     if (pdev->pClass[0] != NULL)
 912:Middlewares/ST/STM32_USB_Device_Library/Core/Src/usbd_core.c ****     {
 913:Middlewares/ST/STM32_USB_Device_Library/Core/Src/usbd_core.c ****       if (pdev->pClass[0]->SOF != NULL)
 914:Middlewares/ST/STM32_USB_Device_Library/Core/Src/usbd_core.c ****       {
 915:Middlewares/ST/STM32_USB_Device_Library/Core/Src/usbd_core.c ****         (void)pdev->pClass[0]->SOF(pdev);
 916:Middlewares/ST/STM32_USB_Device_Library/Core/Src/usbd_core.c ****       }
 917:Middlewares/ST/STM32_USB_Device_Library/Core/Src/usbd_core.c ****     }
 918:Middlewares/ST/STM32_USB_Device_Library/Core/Src/usbd_core.c **** #endif /* USE_USBD_COMPOSITE */
 919:Middlewares/ST/STM32_USB_Device_Library/Core/Src/usbd_core.c ****   }
 920:Middlewares/ST/STM32_USB_Device_Library/Core/Src/usbd_core.c **** 
 921:Middlewares/ST/STM32_USB_Device_Library/Core/Src/usbd_core.c ****   return USBD_OK;
 880              		.loc 1 921 3 is_stmt 1 view .LVU225
 922:Middlewares/ST/STM32_USB_Device_Library/Core/Src/usbd_core.c **** }
 881              		.loc 1 922 1 is_stmt 0 view .LVU226
 882 000c 0020     		movs	r0, #0
 883              		@ sp needed
 884 000e 10BD     		pop	{r4, pc}
 885              	.LVL65:
 886              	.L47:
 911:Middlewares/ST/STM32_USB_Device_Library/Core/Src/usbd_core.c ****     {
 887              		.loc 1 911 5 is_stmt 1 view .LVU227
 911:Middlewares/ST/STM32_USB_Device_Library/Core/Src/usbd_core.c ****     {
 888              		.loc 1 911 21 is_stmt 0 view .LVU228
 889 0010 AE23     		movs	r3, #174
 890 0012 9B00     		lsls	r3, r3, #2
 891 0014 C358     		ldr	r3, [r0, r3]
 911:Middlewares/ST/STM32_USB_Device_Library/Core/Src/usbd_core.c ****     {
 892              		.loc 1 911 8 view .LVU229
 893 0016 002B     		cmp	r3, #0
 894 0018 F8D0     		beq	.L46
 913:Middlewares/ST/STM32_USB_Device_Library/Core/Src/usbd_core.c ****       {
 895              		.loc 1 913 7 is_stmt 1 view .LVU230
 913:Middlewares/ST/STM32_USB_Device_Library/Core/Src/usbd_core.c ****       {
 896              		.loc 1 913 26 is_stmt 0 view .LVU231
 897 001a DB69     		ldr	r3, [r3, #28]
 913:Middlewares/ST/STM32_USB_Device_Library/Core/Src/usbd_core.c ****       {
 898              		.loc 1 913 10 view .LVU232
 899 001c 002B     		cmp	r3, #0
 900 001e F5D0     		beq	.L46
 915:Middlewares/ST/STM32_USB_Device_Library/Core/Src/usbd_core.c ****       }
 901              		.loc 1 915 9 is_stmt 1 view .LVU233
ARM GAS  C:\Users\Domagoj\AppData\Local\Temp\ccBZxoYs.s 			page 33


 915:Middlewares/ST/STM32_USB_Device_Library/Core/Src/usbd_core.c ****       }
 902              		.loc 1 915 15 is_stmt 0 view .LVU234
 903 0020 9847     		blx	r3
 904              	.LVL66:
 915:Middlewares/ST/STM32_USB_Device_Library/Core/Src/usbd_core.c ****       }
 905              		.loc 1 915 15 view .LVU235
 906 0022 F3E7     		b	.L46
 907              		.cfi_endproc
 908              	.LFE385:
 910              		.section	.text.USBD_LL_IsoINIncomplete,"ax",%progbits
 911              		.align	1
 912              		.global	USBD_LL_IsoINIncomplete
 913              		.syntax unified
 914              		.code	16
 915              		.thumb_func
 917              	USBD_LL_IsoINIncomplete:
 918              	.LVL67:
 919              	.LFB386:
 923:Middlewares/ST/STM32_USB_Device_Library/Core/Src/usbd_core.c **** 
 924:Middlewares/ST/STM32_USB_Device_Library/Core/Src/usbd_core.c **** /**
 925:Middlewares/ST/STM32_USB_Device_Library/Core/Src/usbd_core.c ****   * @brief  USBD_LL_IsoINIncomplete
 926:Middlewares/ST/STM32_USB_Device_Library/Core/Src/usbd_core.c ****   *         Handle iso in incomplete event
 927:Middlewares/ST/STM32_USB_Device_Library/Core/Src/usbd_core.c ****   * @param  pdev: device instance
 928:Middlewares/ST/STM32_USB_Device_Library/Core/Src/usbd_core.c ****   * @retval status
 929:Middlewares/ST/STM32_USB_Device_Library/Core/Src/usbd_core.c ****   */
 930:Middlewares/ST/STM32_USB_Device_Library/Core/Src/usbd_core.c **** USBD_StatusTypeDef USBD_LL_IsoINIncomplete(USBD_HandleTypeDef *pdev,
 931:Middlewares/ST/STM32_USB_Device_Library/Core/Src/usbd_core.c ****                                            uint8_t epnum)
 932:Middlewares/ST/STM32_USB_Device_Library/Core/Src/usbd_core.c **** {
 920              		.loc 1 932 1 is_stmt 1 view -0
 921              		.cfi_startproc
 922              		@ args = 0, pretend = 0, frame = 0
 923              		@ frame_needed = 0, uses_anonymous_args = 0
 924              		.loc 1 932 1 is_stmt 0 view .LVU237
 925 0000 10B5     		push	{r4, lr}
 926              	.LCFI11:
 927              		.cfi_def_cfa_offset 8
 928              		.cfi_offset 4, -8
 929              		.cfi_offset 14, -4
 933:Middlewares/ST/STM32_USB_Device_Library/Core/Src/usbd_core.c ****   if (pdev->pClass[pdev->classId] == NULL)
 930              		.loc 1 933 3 is_stmt 1 view .LVU238
 931              		.loc 1 933 24 is_stmt 0 view .LVU239
 932 0002 B523     		movs	r3, #181
 933 0004 9B00     		lsls	r3, r3, #2
 934 0006 C358     		ldr	r3, [r0, r3]
 935              		.loc 1 933 19 view .LVU240
 936 0008 AE33     		adds	r3, r3, #174
 937 000a 9B00     		lsls	r3, r3, #2
 938 000c 1B58     		ldr	r3, [r3, r0]
 939              		.loc 1 933 6 view .LVU241
 940 000e 002B     		cmp	r3, #0
 941 0010 0CD0     		beq	.L50
 934:Middlewares/ST/STM32_USB_Device_Library/Core/Src/usbd_core.c ****   {
 935:Middlewares/ST/STM32_USB_Device_Library/Core/Src/usbd_core.c ****     return USBD_FAIL;
 936:Middlewares/ST/STM32_USB_Device_Library/Core/Src/usbd_core.c ****   }
 937:Middlewares/ST/STM32_USB_Device_Library/Core/Src/usbd_core.c **** 
 938:Middlewares/ST/STM32_USB_Device_Library/Core/Src/usbd_core.c ****   if (pdev->dev_state == USBD_STATE_CONFIGURED)
 942              		.loc 1 938 3 is_stmt 1 view .LVU242
ARM GAS  C:\Users\Domagoj\AppData\Local\Temp\ccBZxoYs.s 			page 34


 943              		.loc 1 938 11 is_stmt 0 view .LVU243
 944 0012 A722     		movs	r2, #167
 945 0014 9200     		lsls	r2, r2, #2
 946 0016 825C     		ldrb	r2, [r0, r2]
 947              		.loc 1 938 6 view .LVU244
 948 0018 032A     		cmp	r2, #3
 949 001a 01D0     		beq	.L53
 939:Middlewares/ST/STM32_USB_Device_Library/Core/Src/usbd_core.c ****   {
 940:Middlewares/ST/STM32_USB_Device_Library/Core/Src/usbd_core.c ****     if (pdev->pClass[pdev->classId]->IsoINIncomplete != NULL)
 941:Middlewares/ST/STM32_USB_Device_Library/Core/Src/usbd_core.c ****     {
 942:Middlewares/ST/STM32_USB_Device_Library/Core/Src/usbd_core.c ****       (void)pdev->pClass[pdev->classId]->IsoINIncomplete(pdev, epnum);
 943:Middlewares/ST/STM32_USB_Device_Library/Core/Src/usbd_core.c ****     }
 944:Middlewares/ST/STM32_USB_Device_Library/Core/Src/usbd_core.c ****   }
 945:Middlewares/ST/STM32_USB_Device_Library/Core/Src/usbd_core.c **** 
 946:Middlewares/ST/STM32_USB_Device_Library/Core/Src/usbd_core.c ****   return USBD_OK;
 950              		.loc 1 946 10 view .LVU245
 951 001c 0020     		movs	r0, #0
 952              	.LVL68:
 953              	.L49:
 947:Middlewares/ST/STM32_USB_Device_Library/Core/Src/usbd_core.c **** }
 954              		.loc 1 947 1 view .LVU246
 955              		@ sp needed
 956 001e 10BD     		pop	{r4, pc}
 957              	.LVL69:
 958              	.L53:
 940:Middlewares/ST/STM32_USB_Device_Library/Core/Src/usbd_core.c ****     {
 959              		.loc 1 940 5 is_stmt 1 view .LVU247
 940:Middlewares/ST/STM32_USB_Device_Library/Core/Src/usbd_core.c ****     {
 960              		.loc 1 940 36 is_stmt 0 view .LVU248
 961 0020 1B6A     		ldr	r3, [r3, #32]
 940:Middlewares/ST/STM32_USB_Device_Library/Core/Src/usbd_core.c ****     {
 962              		.loc 1 940 8 view .LVU249
 963 0022 002B     		cmp	r3, #0
 964 0024 04D0     		beq	.L52
 942:Middlewares/ST/STM32_USB_Device_Library/Core/Src/usbd_core.c ****     }
 965              		.loc 1 942 7 is_stmt 1 view .LVU250
 942:Middlewares/ST/STM32_USB_Device_Library/Core/Src/usbd_core.c ****     }
 966              		.loc 1 942 13 is_stmt 0 view .LVU251
 967 0026 9847     		blx	r3
 968              	.LVL70:
 946:Middlewares/ST/STM32_USB_Device_Library/Core/Src/usbd_core.c **** }
 969              		.loc 1 946 10 view .LVU252
 970 0028 0020     		movs	r0, #0
 971 002a F8E7     		b	.L49
 972              	.LVL71:
 973              	.L50:
 935:Middlewares/ST/STM32_USB_Device_Library/Core/Src/usbd_core.c ****   }
 974              		.loc 1 935 12 view .LVU253
 975 002c 0320     		movs	r0, #3
 976              	.LVL72:
 935:Middlewares/ST/STM32_USB_Device_Library/Core/Src/usbd_core.c ****   }
 977              		.loc 1 935 12 view .LVU254
 978 002e F6E7     		b	.L49
 979              	.LVL73:
 980              	.L52:
 946:Middlewares/ST/STM32_USB_Device_Library/Core/Src/usbd_core.c **** }
 981              		.loc 1 946 10 view .LVU255
ARM GAS  C:\Users\Domagoj\AppData\Local\Temp\ccBZxoYs.s 			page 35


 982 0030 0020     		movs	r0, #0
 983              	.LVL74:
 946:Middlewares/ST/STM32_USB_Device_Library/Core/Src/usbd_core.c **** }
 984              		.loc 1 946 10 view .LVU256
 985 0032 F4E7     		b	.L49
 986              		.cfi_endproc
 987              	.LFE386:
 989              		.section	.text.USBD_LL_IsoOUTIncomplete,"ax",%progbits
 990              		.align	1
 991              		.global	USBD_LL_IsoOUTIncomplete
 992              		.syntax unified
 993              		.code	16
 994              		.thumb_func
 996              	USBD_LL_IsoOUTIncomplete:
 997              	.LVL75:
 998              	.LFB387:
 948:Middlewares/ST/STM32_USB_Device_Library/Core/Src/usbd_core.c **** 
 949:Middlewares/ST/STM32_USB_Device_Library/Core/Src/usbd_core.c **** /**
 950:Middlewares/ST/STM32_USB_Device_Library/Core/Src/usbd_core.c ****   * @brief  USBD_LL_IsoOUTIncomplete
 951:Middlewares/ST/STM32_USB_Device_Library/Core/Src/usbd_core.c ****   *         Handle iso out incomplete event
 952:Middlewares/ST/STM32_USB_Device_Library/Core/Src/usbd_core.c ****   * @param  pdev: device instance
 953:Middlewares/ST/STM32_USB_Device_Library/Core/Src/usbd_core.c ****   * @retval status
 954:Middlewares/ST/STM32_USB_Device_Library/Core/Src/usbd_core.c ****   */
 955:Middlewares/ST/STM32_USB_Device_Library/Core/Src/usbd_core.c **** USBD_StatusTypeDef USBD_LL_IsoOUTIncomplete(USBD_HandleTypeDef *pdev,
 956:Middlewares/ST/STM32_USB_Device_Library/Core/Src/usbd_core.c ****                                             uint8_t epnum)
 957:Middlewares/ST/STM32_USB_Device_Library/Core/Src/usbd_core.c **** {
 999              		.loc 1 957 1 is_stmt 1 view -0
 1000              		.cfi_startproc
 1001              		@ args = 0, pretend = 0, frame = 0
 1002              		@ frame_needed = 0, uses_anonymous_args = 0
 1003              		.loc 1 957 1 is_stmt 0 view .LVU258
 1004 0000 10B5     		push	{r4, lr}
 1005              	.LCFI12:
 1006              		.cfi_def_cfa_offset 8
 1007              		.cfi_offset 4, -8
 1008              		.cfi_offset 14, -4
 958:Middlewares/ST/STM32_USB_Device_Library/Core/Src/usbd_core.c ****   if (pdev->pClass[pdev->classId] == NULL)
 1009              		.loc 1 958 3 is_stmt 1 view .LVU259
 1010              		.loc 1 958 24 is_stmt 0 view .LVU260
 1011 0002 B523     		movs	r3, #181
 1012 0004 9B00     		lsls	r3, r3, #2
 1013 0006 C358     		ldr	r3, [r0, r3]
 1014              		.loc 1 958 19 view .LVU261
 1015 0008 AE33     		adds	r3, r3, #174
 1016 000a 9B00     		lsls	r3, r3, #2
 1017 000c 1B58     		ldr	r3, [r3, r0]
 1018              		.loc 1 958 6 view .LVU262
 1019 000e 002B     		cmp	r3, #0
 1020 0010 0CD0     		beq	.L56
 959:Middlewares/ST/STM32_USB_Device_Library/Core/Src/usbd_core.c ****   {
 960:Middlewares/ST/STM32_USB_Device_Library/Core/Src/usbd_core.c ****     return USBD_FAIL;
 961:Middlewares/ST/STM32_USB_Device_Library/Core/Src/usbd_core.c ****   }
 962:Middlewares/ST/STM32_USB_Device_Library/Core/Src/usbd_core.c **** 
 963:Middlewares/ST/STM32_USB_Device_Library/Core/Src/usbd_core.c ****   if (pdev->dev_state == USBD_STATE_CONFIGURED)
 1021              		.loc 1 963 3 is_stmt 1 view .LVU263
 1022              		.loc 1 963 11 is_stmt 0 view .LVU264
 1023 0012 A722     		movs	r2, #167
ARM GAS  C:\Users\Domagoj\AppData\Local\Temp\ccBZxoYs.s 			page 36


 1024 0014 9200     		lsls	r2, r2, #2
 1025 0016 825C     		ldrb	r2, [r0, r2]
 1026              		.loc 1 963 6 view .LVU265
 1027 0018 032A     		cmp	r2, #3
 1028 001a 01D0     		beq	.L59
 964:Middlewares/ST/STM32_USB_Device_Library/Core/Src/usbd_core.c ****   {
 965:Middlewares/ST/STM32_USB_Device_Library/Core/Src/usbd_core.c ****     if (pdev->pClass[pdev->classId]->IsoOUTIncomplete != NULL)
 966:Middlewares/ST/STM32_USB_Device_Library/Core/Src/usbd_core.c ****     {
 967:Middlewares/ST/STM32_USB_Device_Library/Core/Src/usbd_core.c ****       (void)pdev->pClass[pdev->classId]->IsoOUTIncomplete(pdev, epnum);
 968:Middlewares/ST/STM32_USB_Device_Library/Core/Src/usbd_core.c ****     }
 969:Middlewares/ST/STM32_USB_Device_Library/Core/Src/usbd_core.c ****   }
 970:Middlewares/ST/STM32_USB_Device_Library/Core/Src/usbd_core.c **** 
 971:Middlewares/ST/STM32_USB_Device_Library/Core/Src/usbd_core.c ****   return USBD_OK;
 1029              		.loc 1 971 10 view .LVU266
 1030 001c 0020     		movs	r0, #0
 1031              	.LVL76:
 1032              	.L55:
 972:Middlewares/ST/STM32_USB_Device_Library/Core/Src/usbd_core.c **** }
 1033              		.loc 1 972 1 view .LVU267
 1034              		@ sp needed
 1035 001e 10BD     		pop	{r4, pc}
 1036              	.LVL77:
 1037              	.L59:
 965:Middlewares/ST/STM32_USB_Device_Library/Core/Src/usbd_core.c ****     {
 1038              		.loc 1 965 5 is_stmt 1 view .LVU268
 965:Middlewares/ST/STM32_USB_Device_Library/Core/Src/usbd_core.c ****     {
 1039              		.loc 1 965 36 is_stmt 0 view .LVU269
 1040 0020 5B6A     		ldr	r3, [r3, #36]
 965:Middlewares/ST/STM32_USB_Device_Library/Core/Src/usbd_core.c ****     {
 1041              		.loc 1 965 8 view .LVU270
 1042 0022 002B     		cmp	r3, #0
 1043 0024 04D0     		beq	.L58
 967:Middlewares/ST/STM32_USB_Device_Library/Core/Src/usbd_core.c ****     }
 1044              		.loc 1 967 7 is_stmt 1 view .LVU271
 967:Middlewares/ST/STM32_USB_Device_Library/Core/Src/usbd_core.c ****     }
 1045              		.loc 1 967 13 is_stmt 0 view .LVU272
 1046 0026 9847     		blx	r3
 1047              	.LVL78:
 971:Middlewares/ST/STM32_USB_Device_Library/Core/Src/usbd_core.c **** }
 1048              		.loc 1 971 10 view .LVU273
 1049 0028 0020     		movs	r0, #0
 1050 002a F8E7     		b	.L55
 1051              	.LVL79:
 1052              	.L56:
 960:Middlewares/ST/STM32_USB_Device_Library/Core/Src/usbd_core.c ****   }
 1053              		.loc 1 960 12 view .LVU274
 1054 002c 0320     		movs	r0, #3
 1055              	.LVL80:
 960:Middlewares/ST/STM32_USB_Device_Library/Core/Src/usbd_core.c ****   }
 1056              		.loc 1 960 12 view .LVU275
 1057 002e F6E7     		b	.L55
 1058              	.LVL81:
 1059              	.L58:
 971:Middlewares/ST/STM32_USB_Device_Library/Core/Src/usbd_core.c **** }
 1060              		.loc 1 971 10 view .LVU276
 1061 0030 0020     		movs	r0, #0
 1062              	.LVL82:
ARM GAS  C:\Users\Domagoj\AppData\Local\Temp\ccBZxoYs.s 			page 37


 971:Middlewares/ST/STM32_USB_Device_Library/Core/Src/usbd_core.c **** }
 1063              		.loc 1 971 10 view .LVU277
 1064 0032 F4E7     		b	.L55
 1065              		.cfi_endproc
 1066              	.LFE387:
 1068              		.section	.text.USBD_LL_DevConnected,"ax",%progbits
 1069              		.align	1
 1070              		.global	USBD_LL_DevConnected
 1071              		.syntax unified
 1072              		.code	16
 1073              		.thumb_func
 1075              	USBD_LL_DevConnected:
 1076              	.LVL83:
 1077              	.LFB388:
 973:Middlewares/ST/STM32_USB_Device_Library/Core/Src/usbd_core.c **** 
 974:Middlewares/ST/STM32_USB_Device_Library/Core/Src/usbd_core.c **** /**
 975:Middlewares/ST/STM32_USB_Device_Library/Core/Src/usbd_core.c ****   * @brief  USBD_LL_DevConnected
 976:Middlewares/ST/STM32_USB_Device_Library/Core/Src/usbd_core.c ****   *         Handle device connection event
 977:Middlewares/ST/STM32_USB_Device_Library/Core/Src/usbd_core.c ****   * @param  pdev: device instance
 978:Middlewares/ST/STM32_USB_Device_Library/Core/Src/usbd_core.c ****   * @retval status
 979:Middlewares/ST/STM32_USB_Device_Library/Core/Src/usbd_core.c ****   */
 980:Middlewares/ST/STM32_USB_Device_Library/Core/Src/usbd_core.c **** USBD_StatusTypeDef USBD_LL_DevConnected(USBD_HandleTypeDef *pdev)
 981:Middlewares/ST/STM32_USB_Device_Library/Core/Src/usbd_core.c **** {
 1078              		.loc 1 981 1 is_stmt 1 view -0
 1079              		.cfi_startproc
 1080              		@ args = 0, pretend = 0, frame = 0
 1081              		@ frame_needed = 0, uses_anonymous_args = 0
 1082              		@ link register save eliminated.
 982:Middlewares/ST/STM32_USB_Device_Library/Core/Src/usbd_core.c ****   /* Prevent unused argument compilation warning */
 983:Middlewares/ST/STM32_USB_Device_Library/Core/Src/usbd_core.c ****   UNUSED(pdev);
 1083              		.loc 1 983 3 view .LVU279
 984:Middlewares/ST/STM32_USB_Device_Library/Core/Src/usbd_core.c **** 
 985:Middlewares/ST/STM32_USB_Device_Library/Core/Src/usbd_core.c ****   return USBD_OK;
 1084              		.loc 1 985 3 view .LVU280
 986:Middlewares/ST/STM32_USB_Device_Library/Core/Src/usbd_core.c **** }
 1085              		.loc 1 986 1 is_stmt 0 view .LVU281
 1086 0000 0020     		movs	r0, #0
 1087              	.LVL84:
 1088              		.loc 1 986 1 view .LVU282
 1089              		@ sp needed
 1090 0002 7047     		bx	lr
 1091              		.cfi_endproc
 1092              	.LFE388:
 1094              		.section	.text.USBD_LL_DevDisconnected,"ax",%progbits
 1095              		.align	1
 1096              		.global	USBD_LL_DevDisconnected
 1097              		.syntax unified
 1098              		.code	16
 1099              		.thumb_func
 1101              	USBD_LL_DevDisconnected:
 1102              	.LVL85:
 1103              	.LFB389:
 987:Middlewares/ST/STM32_USB_Device_Library/Core/Src/usbd_core.c **** 
 988:Middlewares/ST/STM32_USB_Device_Library/Core/Src/usbd_core.c **** /**
 989:Middlewares/ST/STM32_USB_Device_Library/Core/Src/usbd_core.c ****   * @brief  USBD_LL_DevDisconnected
 990:Middlewares/ST/STM32_USB_Device_Library/Core/Src/usbd_core.c ****   *         Handle device disconnection event
 991:Middlewares/ST/STM32_USB_Device_Library/Core/Src/usbd_core.c ****   * @param  pdev: device instance
ARM GAS  C:\Users\Domagoj\AppData\Local\Temp\ccBZxoYs.s 			page 38


 992:Middlewares/ST/STM32_USB_Device_Library/Core/Src/usbd_core.c ****   * @retval status
 993:Middlewares/ST/STM32_USB_Device_Library/Core/Src/usbd_core.c ****   */
 994:Middlewares/ST/STM32_USB_Device_Library/Core/Src/usbd_core.c **** USBD_StatusTypeDef USBD_LL_DevDisconnected(USBD_HandleTypeDef *pdev)
 995:Middlewares/ST/STM32_USB_Device_Library/Core/Src/usbd_core.c **** {
 1104              		.loc 1 995 1 is_stmt 1 view -0
 1105              		.cfi_startproc
 1106              		@ args = 0, pretend = 0, frame = 0
 1107              		@ frame_needed = 0, uses_anonymous_args = 0
 1108              		.loc 1 995 1 is_stmt 0 view .LVU284
 1109 0000 10B5     		push	{r4, lr}
 1110              	.LCFI13:
 1111              		.cfi_def_cfa_offset 8
 1112              		.cfi_offset 4, -8
 1113              		.cfi_offset 14, -4
 996:Middlewares/ST/STM32_USB_Device_Library/Core/Src/usbd_core.c ****   USBD_StatusTypeDef   ret = USBD_OK;
 1114              		.loc 1 996 3 is_stmt 1 view .LVU285
 1115              	.LVL86:
 997:Middlewares/ST/STM32_USB_Device_Library/Core/Src/usbd_core.c **** 
 998:Middlewares/ST/STM32_USB_Device_Library/Core/Src/usbd_core.c ****   /* Free Class Resources */
 999:Middlewares/ST/STM32_USB_Device_Library/Core/Src/usbd_core.c ****   pdev->dev_state = USBD_STATE_DEFAULT;
 1116              		.loc 1 999 3 view .LVU286
 1117              		.loc 1 999 19 is_stmt 0 view .LVU287
 1118 0002 A723     		movs	r3, #167
 1119 0004 9B00     		lsls	r3, r3, #2
 1120 0006 0122     		movs	r2, #1
 1121 0008 C254     		strb	r2, [r0, r3]
1000:Middlewares/ST/STM32_USB_Device_Library/Core/Src/usbd_core.c **** 
1001:Middlewares/ST/STM32_USB_Device_Library/Core/Src/usbd_core.c **** #ifdef USE_USBD_COMPOSITE
1002:Middlewares/ST/STM32_USB_Device_Library/Core/Src/usbd_core.c ****   /* Parse the table of classes in use */
1003:Middlewares/ST/STM32_USB_Device_Library/Core/Src/usbd_core.c ****   for (uint32_t i = 0; i < USBD_MAX_SUPPORTED_CLASS; i++)
1004:Middlewares/ST/STM32_USB_Device_Library/Core/Src/usbd_core.c ****   {
1005:Middlewares/ST/STM32_USB_Device_Library/Core/Src/usbd_core.c ****     /* Check if current class is in use */
1006:Middlewares/ST/STM32_USB_Device_Library/Core/Src/usbd_core.c ****     if ((pdev->tclasslist[i].Active) == 1U)
1007:Middlewares/ST/STM32_USB_Device_Library/Core/Src/usbd_core.c ****     {
1008:Middlewares/ST/STM32_USB_Device_Library/Core/Src/usbd_core.c ****       if (pdev->pClass[i] != NULL)
1009:Middlewares/ST/STM32_USB_Device_Library/Core/Src/usbd_core.c ****       {
1010:Middlewares/ST/STM32_USB_Device_Library/Core/Src/usbd_core.c ****         pdev->classId = i;
1011:Middlewares/ST/STM32_USB_Device_Library/Core/Src/usbd_core.c ****         /* Clear configuration  and De-initialize the Class process*/
1012:Middlewares/ST/STM32_USB_Device_Library/Core/Src/usbd_core.c ****         if (pdev->pClass[i]->DeInit(pdev, (uint8_t)pdev->dev_config) != 0U)
1013:Middlewares/ST/STM32_USB_Device_Library/Core/Src/usbd_core.c ****         {
1014:Middlewares/ST/STM32_USB_Device_Library/Core/Src/usbd_core.c ****           ret = USBD_FAIL;
1015:Middlewares/ST/STM32_USB_Device_Library/Core/Src/usbd_core.c ****         }
1016:Middlewares/ST/STM32_USB_Device_Library/Core/Src/usbd_core.c ****       }
1017:Middlewares/ST/STM32_USB_Device_Library/Core/Src/usbd_core.c ****     }
1018:Middlewares/ST/STM32_USB_Device_Library/Core/Src/usbd_core.c ****   }
1019:Middlewares/ST/STM32_USB_Device_Library/Core/Src/usbd_core.c **** #else
1020:Middlewares/ST/STM32_USB_Device_Library/Core/Src/usbd_core.c ****   if (pdev->pClass[0] != NULL)
 1122              		.loc 1 1020 3 is_stmt 1 view .LVU288
 1123              		.loc 1 1020 19 is_stmt 0 view .LVU289
 1124 000a 1C33     		adds	r3, r3, #28
 1125 000c C358     		ldr	r3, [r0, r3]
 1126              		.loc 1 1020 6 view .LVU290
 1127 000e 002B     		cmp	r3, #0
 1128 0010 05D0     		beq	.L63
1021:Middlewares/ST/STM32_USB_Device_Library/Core/Src/usbd_core.c ****   {
1022:Middlewares/ST/STM32_USB_Device_Library/Core/Src/usbd_core.c ****     if (pdev->pClass[0]->DeInit(pdev, (uint8_t)pdev->dev_config) != 0U)
 1129              		.loc 1 1022 5 is_stmt 1 view .LVU291
ARM GAS  C:\Users\Domagoj\AppData\Local\Temp\ccBZxoYs.s 			page 39


 1130              		.loc 1 1022 24 is_stmt 0 view .LVU292
 1131 0012 5B68     		ldr	r3, [r3, #4]
 1132              		.loc 1 1022 9 view .LVU293
 1133 0014 0179     		ldrb	r1, [r0, #4]
 1134 0016 9847     		blx	r3
 1135              	.LVL87:
 1136              		.loc 1 1022 8 discriminator 1 view .LVU294
 1137 0018 0028     		cmp	r0, #0
 1138 001a 02D1     		bne	.L65
 1139              	.L62:
 1140              	.LVL88:
1023:Middlewares/ST/STM32_USB_Device_Library/Core/Src/usbd_core.c ****     {
1024:Middlewares/ST/STM32_USB_Device_Library/Core/Src/usbd_core.c ****       ret = USBD_FAIL;
1025:Middlewares/ST/STM32_USB_Device_Library/Core/Src/usbd_core.c ****     }
1026:Middlewares/ST/STM32_USB_Device_Library/Core/Src/usbd_core.c ****   }
1027:Middlewares/ST/STM32_USB_Device_Library/Core/Src/usbd_core.c **** #endif /* USE_USBD_COMPOSITE */
1028:Middlewares/ST/STM32_USB_Device_Library/Core/Src/usbd_core.c **** 
1029:Middlewares/ST/STM32_USB_Device_Library/Core/Src/usbd_core.c ****   return ret;
 1141              		.loc 1 1029 3 is_stmt 1 view .LVU295
1030:Middlewares/ST/STM32_USB_Device_Library/Core/Src/usbd_core.c **** }
 1142              		.loc 1 1030 1 is_stmt 0 view .LVU296
 1143              		@ sp needed
 1144 001c 10BD     		pop	{r4, pc}
 1145              	.LVL89:
 1146              	.L63:
 996:Middlewares/ST/STM32_USB_Device_Library/Core/Src/usbd_core.c **** 
 1147              		.loc 1 996 24 view .LVU297
 1148 001e 0020     		movs	r0, #0
 1149              	.LVL90:
 996:Middlewares/ST/STM32_USB_Device_Library/Core/Src/usbd_core.c **** 
 1150              		.loc 1 996 24 view .LVU298
 1151 0020 FCE7     		b	.L62
 1152              	.L65:
1024:Middlewares/ST/STM32_USB_Device_Library/Core/Src/usbd_core.c ****     }
 1153              		.loc 1 1024 11 view .LVU299
 1154 0022 0320     		movs	r0, #3
 1155 0024 FAE7     		b	.L62
 1156              		.cfi_endproc
 1157              	.LFE389:
 1159              		.section	.text.USBD_CoreFindIF,"ax",%progbits
 1160              		.align	1
 1161              		.global	USBD_CoreFindIF
 1162              		.syntax unified
 1163              		.code	16
 1164              		.thumb_func
 1166              	USBD_CoreFindIF:
 1167              	.LVL91:
 1168              	.LFB390:
1031:Middlewares/ST/STM32_USB_Device_Library/Core/Src/usbd_core.c **** 
1032:Middlewares/ST/STM32_USB_Device_Library/Core/Src/usbd_core.c **** /**
1033:Middlewares/ST/STM32_USB_Device_Library/Core/Src/usbd_core.c ****   * @brief  USBD_CoreFindIF
1034:Middlewares/ST/STM32_USB_Device_Library/Core/Src/usbd_core.c ****   *         return the class index relative to the selected interface
1035:Middlewares/ST/STM32_USB_Device_Library/Core/Src/usbd_core.c ****   * @param  pdev: device instance
1036:Middlewares/ST/STM32_USB_Device_Library/Core/Src/usbd_core.c ****   * @param  index : selected interface number
1037:Middlewares/ST/STM32_USB_Device_Library/Core/Src/usbd_core.c ****   * @retval index of the class using the selected interface number. OxFF if no class found.
1038:Middlewares/ST/STM32_USB_Device_Library/Core/Src/usbd_core.c ****   */
1039:Middlewares/ST/STM32_USB_Device_Library/Core/Src/usbd_core.c **** uint8_t USBD_CoreFindIF(USBD_HandleTypeDef *pdev, uint8_t index)
ARM GAS  C:\Users\Domagoj\AppData\Local\Temp\ccBZxoYs.s 			page 40


1040:Middlewares/ST/STM32_USB_Device_Library/Core/Src/usbd_core.c **** {
 1169              		.loc 1 1040 1 is_stmt 1 view -0
 1170              		.cfi_startproc
 1171              		@ args = 0, pretend = 0, frame = 0
 1172              		@ frame_needed = 0, uses_anonymous_args = 0
 1173              		@ link register save eliminated.
1041:Middlewares/ST/STM32_USB_Device_Library/Core/Src/usbd_core.c **** #ifdef USE_USBD_COMPOSITE
1042:Middlewares/ST/STM32_USB_Device_Library/Core/Src/usbd_core.c ****   /* Parse the table of classes in use */
1043:Middlewares/ST/STM32_USB_Device_Library/Core/Src/usbd_core.c ****   for (uint32_t i = 0U; i < USBD_MAX_SUPPORTED_CLASS; i++)
1044:Middlewares/ST/STM32_USB_Device_Library/Core/Src/usbd_core.c ****   {
1045:Middlewares/ST/STM32_USB_Device_Library/Core/Src/usbd_core.c ****     /* Check if current class is in use */
1046:Middlewares/ST/STM32_USB_Device_Library/Core/Src/usbd_core.c ****     if ((pdev->tclasslist[i].Active) == 1U)
1047:Middlewares/ST/STM32_USB_Device_Library/Core/Src/usbd_core.c ****     {
1048:Middlewares/ST/STM32_USB_Device_Library/Core/Src/usbd_core.c ****       /* Parse all interfaces listed in the current class */
1049:Middlewares/ST/STM32_USB_Device_Library/Core/Src/usbd_core.c ****       for (uint32_t j = 0U; j < pdev->tclasslist[i].NumIf; j++)
1050:Middlewares/ST/STM32_USB_Device_Library/Core/Src/usbd_core.c ****       {
1051:Middlewares/ST/STM32_USB_Device_Library/Core/Src/usbd_core.c ****         /* Check if requested Interface matches the current class interface */
1052:Middlewares/ST/STM32_USB_Device_Library/Core/Src/usbd_core.c ****         if (pdev->tclasslist[i].Ifs[j] == index)
1053:Middlewares/ST/STM32_USB_Device_Library/Core/Src/usbd_core.c ****         {
1054:Middlewares/ST/STM32_USB_Device_Library/Core/Src/usbd_core.c ****           if (pdev->pClass[i]->Setup != NULL)
1055:Middlewares/ST/STM32_USB_Device_Library/Core/Src/usbd_core.c ****           {
1056:Middlewares/ST/STM32_USB_Device_Library/Core/Src/usbd_core.c ****             return (uint8_t)i;
1057:Middlewares/ST/STM32_USB_Device_Library/Core/Src/usbd_core.c ****           }
1058:Middlewares/ST/STM32_USB_Device_Library/Core/Src/usbd_core.c ****         }
1059:Middlewares/ST/STM32_USB_Device_Library/Core/Src/usbd_core.c ****       }
1060:Middlewares/ST/STM32_USB_Device_Library/Core/Src/usbd_core.c ****     }
1061:Middlewares/ST/STM32_USB_Device_Library/Core/Src/usbd_core.c ****   }
1062:Middlewares/ST/STM32_USB_Device_Library/Core/Src/usbd_core.c **** 
1063:Middlewares/ST/STM32_USB_Device_Library/Core/Src/usbd_core.c ****   return 0xFFU;
1064:Middlewares/ST/STM32_USB_Device_Library/Core/Src/usbd_core.c **** #else
1065:Middlewares/ST/STM32_USB_Device_Library/Core/Src/usbd_core.c ****   UNUSED(pdev);
 1174              		.loc 1 1065 3 view .LVU301
1066:Middlewares/ST/STM32_USB_Device_Library/Core/Src/usbd_core.c ****   UNUSED(index);
 1175              		.loc 1 1066 3 view .LVU302
1067:Middlewares/ST/STM32_USB_Device_Library/Core/Src/usbd_core.c **** 
1068:Middlewares/ST/STM32_USB_Device_Library/Core/Src/usbd_core.c ****   return 0x00U;
 1176              		.loc 1 1068 3 view .LVU303
1069:Middlewares/ST/STM32_USB_Device_Library/Core/Src/usbd_core.c **** #endif /* USE_USBD_COMPOSITE */
1070:Middlewares/ST/STM32_USB_Device_Library/Core/Src/usbd_core.c **** }
 1177              		.loc 1 1070 1 is_stmt 0 view .LVU304
 1178 0000 0020     		movs	r0, #0
 1179              	.LVL92:
 1180              		.loc 1 1070 1 view .LVU305
 1181              		@ sp needed
 1182 0002 7047     		bx	lr
 1183              		.cfi_endproc
 1184              	.LFE390:
 1186              		.section	.text.USBD_CoreFindEP,"ax",%progbits
 1187              		.align	1
 1188              		.global	USBD_CoreFindEP
 1189              		.syntax unified
 1190              		.code	16
 1191              		.thumb_func
 1193              	USBD_CoreFindEP:
 1194              	.LVL93:
 1195              	.LFB391:
1071:Middlewares/ST/STM32_USB_Device_Library/Core/Src/usbd_core.c **** 
ARM GAS  C:\Users\Domagoj\AppData\Local\Temp\ccBZxoYs.s 			page 41


1072:Middlewares/ST/STM32_USB_Device_Library/Core/Src/usbd_core.c **** /**
1073:Middlewares/ST/STM32_USB_Device_Library/Core/Src/usbd_core.c ****   * @brief  USBD_CoreFindEP
1074:Middlewares/ST/STM32_USB_Device_Library/Core/Src/usbd_core.c ****   *         return the class index relative to the selected endpoint
1075:Middlewares/ST/STM32_USB_Device_Library/Core/Src/usbd_core.c ****   * @param  pdev: device instance
1076:Middlewares/ST/STM32_USB_Device_Library/Core/Src/usbd_core.c ****   * @param  index : selected endpoint number
1077:Middlewares/ST/STM32_USB_Device_Library/Core/Src/usbd_core.c ****   * @retval index of the class using the selected endpoint number. 0xFF if no class found.
1078:Middlewares/ST/STM32_USB_Device_Library/Core/Src/usbd_core.c ****   */
1079:Middlewares/ST/STM32_USB_Device_Library/Core/Src/usbd_core.c **** uint8_t USBD_CoreFindEP(USBD_HandleTypeDef *pdev, uint8_t index)
1080:Middlewares/ST/STM32_USB_Device_Library/Core/Src/usbd_core.c **** {
 1196              		.loc 1 1080 1 is_stmt 1 view -0
 1197              		.cfi_startproc
 1198              		@ args = 0, pretend = 0, frame = 0
 1199              		@ frame_needed = 0, uses_anonymous_args = 0
 1200              		@ link register save eliminated.
1081:Middlewares/ST/STM32_USB_Device_Library/Core/Src/usbd_core.c **** #ifdef USE_USBD_COMPOSITE
1082:Middlewares/ST/STM32_USB_Device_Library/Core/Src/usbd_core.c ****   /* Parse the table of classes in use */
1083:Middlewares/ST/STM32_USB_Device_Library/Core/Src/usbd_core.c ****   for (uint32_t i = 0U; i < USBD_MAX_SUPPORTED_CLASS; i++)
1084:Middlewares/ST/STM32_USB_Device_Library/Core/Src/usbd_core.c ****   {
1085:Middlewares/ST/STM32_USB_Device_Library/Core/Src/usbd_core.c ****     /* Check if current class is in use */
1086:Middlewares/ST/STM32_USB_Device_Library/Core/Src/usbd_core.c ****     if ((pdev->tclasslist[i].Active) == 1U)
1087:Middlewares/ST/STM32_USB_Device_Library/Core/Src/usbd_core.c ****     {
1088:Middlewares/ST/STM32_USB_Device_Library/Core/Src/usbd_core.c ****       /* Parse all endpoints listed in the current class */
1089:Middlewares/ST/STM32_USB_Device_Library/Core/Src/usbd_core.c ****       for (uint32_t j = 0U; j < pdev->tclasslist[i].NumEps; j++)
1090:Middlewares/ST/STM32_USB_Device_Library/Core/Src/usbd_core.c ****       {
1091:Middlewares/ST/STM32_USB_Device_Library/Core/Src/usbd_core.c ****         /* Check if requested endpoint matches the current class endpoint */
1092:Middlewares/ST/STM32_USB_Device_Library/Core/Src/usbd_core.c ****         if (pdev->tclasslist[i].Eps[j].add == index)
1093:Middlewares/ST/STM32_USB_Device_Library/Core/Src/usbd_core.c ****         {
1094:Middlewares/ST/STM32_USB_Device_Library/Core/Src/usbd_core.c ****           if (pdev->pClass[i]->Setup != NULL)
1095:Middlewares/ST/STM32_USB_Device_Library/Core/Src/usbd_core.c ****           {
1096:Middlewares/ST/STM32_USB_Device_Library/Core/Src/usbd_core.c ****             return (uint8_t)i;
1097:Middlewares/ST/STM32_USB_Device_Library/Core/Src/usbd_core.c ****           }
1098:Middlewares/ST/STM32_USB_Device_Library/Core/Src/usbd_core.c ****         }
1099:Middlewares/ST/STM32_USB_Device_Library/Core/Src/usbd_core.c ****       }
1100:Middlewares/ST/STM32_USB_Device_Library/Core/Src/usbd_core.c ****     }
1101:Middlewares/ST/STM32_USB_Device_Library/Core/Src/usbd_core.c ****   }
1102:Middlewares/ST/STM32_USB_Device_Library/Core/Src/usbd_core.c **** 
1103:Middlewares/ST/STM32_USB_Device_Library/Core/Src/usbd_core.c ****   return 0xFFU;
1104:Middlewares/ST/STM32_USB_Device_Library/Core/Src/usbd_core.c **** #else
1105:Middlewares/ST/STM32_USB_Device_Library/Core/Src/usbd_core.c ****   UNUSED(pdev);
 1201              		.loc 1 1105 3 view .LVU307
1106:Middlewares/ST/STM32_USB_Device_Library/Core/Src/usbd_core.c ****   UNUSED(index);
 1202              		.loc 1 1106 3 view .LVU308
1107:Middlewares/ST/STM32_USB_Device_Library/Core/Src/usbd_core.c **** 
1108:Middlewares/ST/STM32_USB_Device_Library/Core/Src/usbd_core.c ****   return 0x00U;
 1203              		.loc 1 1108 3 view .LVU309
1109:Middlewares/ST/STM32_USB_Device_Library/Core/Src/usbd_core.c **** #endif /* USE_USBD_COMPOSITE */
1110:Middlewares/ST/STM32_USB_Device_Library/Core/Src/usbd_core.c **** }
 1204              		.loc 1 1110 1 is_stmt 0 view .LVU310
 1205 0000 0020     		movs	r0, #0
 1206              	.LVL94:
 1207              		.loc 1 1110 1 view .LVU311
 1208              		@ sp needed
 1209 0002 7047     		bx	lr
 1210              		.cfi_endproc
 1211              	.LFE391:
 1213              		.section	.text.USBD_LL_DataOutStage,"ax",%progbits
 1214              		.align	1
ARM GAS  C:\Users\Domagoj\AppData\Local\Temp\ccBZxoYs.s 			page 42


 1215              		.global	USBD_LL_DataOutStage
 1216              		.syntax unified
 1217              		.code	16
 1218              		.thumb_func
 1220              	USBD_LL_DataOutStage:
 1221              	.LVL95:
 1222              	.LFB379:
 586:Middlewares/ST/STM32_USB_Device_Library/Core/Src/usbd_core.c ****   USBD_EndpointTypeDef *pep;
 1223              		.loc 1 586 1 is_stmt 1 view -0
 1224              		.cfi_startproc
 1225              		@ args = 0, pretend = 0, frame = 0
 1226              		@ frame_needed = 0, uses_anonymous_args = 0
 586:Middlewares/ST/STM32_USB_Device_Library/Core/Src/usbd_core.c ****   USBD_EndpointTypeDef *pep;
 1227              		.loc 1 586 1 is_stmt 0 view .LVU313
 1228 0000 70B5     		push	{r4, r5, r6, lr}
 1229              	.LCFI14:
 1230              		.cfi_def_cfa_offset 16
 1231              		.cfi_offset 4, -16
 1232              		.cfi_offset 5, -12
 1233              		.cfi_offset 6, -8
 1234              		.cfi_offset 14, -4
 1235 0002 0400     		movs	r4, r0
 1236 0004 0D00     		movs	r5, r1
 1237 0006 1100     		movs	r1, r2
 1238              	.LVL96:
 587:Middlewares/ST/STM32_USB_Device_Library/Core/Src/usbd_core.c ****   USBD_StatusTypeDef ret = USBD_OK;
 1239              		.loc 1 587 3 is_stmt 1 view .LVU314
 588:Middlewares/ST/STM32_USB_Device_Library/Core/Src/usbd_core.c ****   uint8_t idx;
 1240              		.loc 1 588 3 view .LVU315
 589:Middlewares/ST/STM32_USB_Device_Library/Core/Src/usbd_core.c **** 
 1241              		.loc 1 589 3 view .LVU316
 591:Middlewares/ST/STM32_USB_Device_Library/Core/Src/usbd_core.c ****   {
 1242              		.loc 1 591 3 view .LVU317
 591:Middlewares/ST/STM32_USB_Device_Library/Core/Src/usbd_core.c ****   {
 1243              		.loc 1 591 6 is_stmt 0 view .LVU318
 1244 0008 002D     		cmp	r5, #0
 1245 000a 46D1     		bne	.L69
 593:Middlewares/ST/STM32_USB_Device_Library/Core/Src/usbd_core.c **** 
 1246              		.loc 1 593 5 is_stmt 1 view .LVU319
 1247              	.LVL97:
 595:Middlewares/ST/STM32_USB_Device_Library/Core/Src/usbd_core.c ****     {
 1248              		.loc 1 595 5 view .LVU320
 595:Middlewares/ST/STM32_USB_Device_Library/Core/Src/usbd_core.c ****     {
 1249              		.loc 1 595 13 is_stmt 0 view .LVU321
 1250 000c A523     		movs	r3, #165
 1251 000e 9B00     		lsls	r3, r3, #2
 1252 0010 C358     		ldr	r3, [r0, r3]
 595:Middlewares/ST/STM32_USB_Device_Library/Core/Src/usbd_core.c ****     {
 1253              		.loc 1 595 8 view .LVU322
 1254 0012 032B     		cmp	r3, #3
 1255 0014 01D0     		beq	.L80
 668:Middlewares/ST/STM32_USB_Device_Library/Core/Src/usbd_core.c **** }
 1256              		.loc 1 668 10 view .LVU323
 1257 0016 2800     		movs	r0, r5
 1258              	.LVL98:
 1259              	.L70:
 669:Middlewares/ST/STM32_USB_Device_Library/Core/Src/usbd_core.c **** 
ARM GAS  C:\Users\Domagoj\AppData\Local\Temp\ccBZxoYs.s 			page 43


 1260              		.loc 1 669 1 view .LVU324
 1261              		@ sp needed
 1262              	.LVL99:
 1263              	.LVL100:
 669:Middlewares/ST/STM32_USB_Device_Library/Core/Src/usbd_core.c **** 
 1264              		.loc 1 669 1 view .LVU325
 1265 0018 70BD     		pop	{r4, r5, r6, pc}
 1266              	.LVL101:
 1267              	.L80:
 597:Middlewares/ST/STM32_USB_Device_Library/Core/Src/usbd_core.c ****       {
 1268              		.loc 1 597 7 is_stmt 1 view .LVU326
 597:Middlewares/ST/STM32_USB_Device_Library/Core/Src/usbd_core.c ****       {
 1269              		.loc 1 597 14 is_stmt 0 view .LVU327
 1270 001a 0200     		movs	r2, r0
 1271 001c 5532     		adds	r2, r2, #85
 1272 001e FF32     		adds	r2, r2, #255
 1273 0020 9368     		ldr	r3, [r2, #8]
 597:Middlewares/ST/STM32_USB_Device_Library/Core/Src/usbd_core.c ****       {
 1274              		.loc 1 597 32 view .LVU328
 1275 0022 D268     		ldr	r2, [r2, #12]
 597:Middlewares/ST/STM32_USB_Device_Library/Core/Src/usbd_core.c ****       {
 1276              		.loc 1 597 10 view .LVU329
 1277 0024 9342     		cmp	r3, r2
 1278 0026 09D8     		bhi	.L81
 606:Middlewares/ST/STM32_USB_Device_Library/Core/Src/usbd_core.c ****         {
 1279              		.loc 1 606 9 is_stmt 1 view .LVU330
 606:Middlewares/ST/STM32_USB_Device_Library/Core/Src/usbd_core.c ****         {
 1280              		.loc 1 606 30 is_stmt 0 view .LVU331
 1281 0028 2A4B     		ldr	r3, .L83
 1282 002a C25C     		ldrb	r2, [r0, r3]
 1283 002c 1F23     		movs	r3, #31
 1284 002e 1340     		ands	r3, r2
 606:Middlewares/ST/STM32_USB_Device_Library/Core/Src/usbd_core.c ****         {
 1285              		.loc 1 606 9 view .LVU332
 1286 0030 012B     		cmp	r3, #1
 1287 0032 0FD0     		beq	.L73
 1288 0034 022B     		cmp	r3, #2
 1289 0036 1DD0     		beq	.L74
 1290 0038 2800     		movs	r0, r5
 1291              	.LVL102:
 606:Middlewares/ST/STM32_USB_Device_Library/Core/Src/usbd_core.c ****         {
 1292              		.loc 1 606 9 view .LVU333
 1293 003a 11E0     		b	.L75
 1294              	.LVL103:
 1295              	.L81:
 599:Middlewares/ST/STM32_USB_Device_Library/Core/Src/usbd_core.c **** 
 1296              		.loc 1 599 9 is_stmt 1 view .LVU334
 599:Middlewares/ST/STM32_USB_Device_Library/Core/Src/usbd_core.c **** 
 1297              		.loc 1 599 25 is_stmt 0 view .LVU335
 1298 003c 9B1A     		subs	r3, r3, r2
 1299 003e 5530     		adds	r0, r0, #85
 1300              	.LVL104:
 599:Middlewares/ST/STM32_USB_Device_Library/Core/Src/usbd_core.c **** 
 1301              		.loc 1 599 25 view .LVU336
 1302 0040 FF30     		adds	r0, r0, #255
 1303 0042 8360     		str	r3, [r0, #8]
 601:Middlewares/ST/STM32_USB_Device_Library/Core/Src/usbd_core.c ****       }
ARM GAS  C:\Users\Domagoj\AppData\Local\Temp\ccBZxoYs.s 			page 44


 1304              		.loc 1 601 9 is_stmt 1 view .LVU337
 601:Middlewares/ST/STM32_USB_Device_Library/Core/Src/usbd_core.c ****       }
 1305              		.loc 1 601 15 is_stmt 0 view .LVU338
 1306 0044 9A42     		cmp	r2, r3
 1307 0046 00D9     		bls	.L72
 1308 0048 1A00     		movs	r2, r3
 1309              	.L72:
 1310 004a 2000     		movs	r0, r4
 1311 004c FFF7FEFF 		bl	USBD_CtlContinueRx
 1312              	.LVL105:
 668:Middlewares/ST/STM32_USB_Device_Library/Core/Src/usbd_core.c **** }
 1313              		.loc 1 668 10 view .LVU339
 1314 0050 2800     		movs	r0, r5
 1315 0052 E1E7     		b	.L70
 1316              	.LVL106:
 1317              	.L73:
 615:Middlewares/ST/STM32_USB_Device_Library/Core/Src/usbd_core.c ****             break;
 1318              		.loc 1 615 13 is_stmt 1 view .LVU340
 615:Middlewares/ST/STM32_USB_Device_Library/Core/Src/usbd_core.c ****             break;
 1319              		.loc 1 615 41 is_stmt 0 view .LVU341
 1320 0054 204B     		ldr	r3, .L83+4
 615:Middlewares/ST/STM32_USB_Device_Library/Core/Src/usbd_core.c ****             break;
 1321              		.loc 1 615 19 view .LVU342
 1322 0056 C15C     		ldrb	r1, [r0, r3]
 1323              	.LVL107:
 615:Middlewares/ST/STM32_USB_Device_Library/Core/Src/usbd_core.c ****             break;
 1324              		.loc 1 615 19 view .LVU343
 1325 0058 FFF7FEFF 		bl	USBD_CoreFindIF
 1326              	.LVL108:
 616:Middlewares/ST/STM32_USB_Device_Library/Core/Src/usbd_core.c **** 
 1327              		.loc 1 616 13 is_stmt 1 view .LVU344
 1328              	.L76:
 628:Middlewares/ST/STM32_USB_Device_Library/Core/Src/usbd_core.c ****         {
 1329              		.loc 1 628 9 view .LVU345
 628:Middlewares/ST/STM32_USB_Device_Library/Core/Src/usbd_core.c ****         {
 1330              		.loc 1 628 12 is_stmt 0 view .LVU346
 1331 005c 0028     		cmp	r0, #0
 1332 005e 04D1     		bne	.L77
 1333              	.LVL109:
 1334              	.L75:
 631:Middlewares/ST/STM32_USB_Device_Library/Core/Src/usbd_core.c ****           {
 1335              		.loc 1 631 11 is_stmt 1 view .LVU347
 631:Middlewares/ST/STM32_USB_Device_Library/Core/Src/usbd_core.c ****           {
 1336              		.loc 1 631 19 is_stmt 0 view .LVU348
 1337 0060 A723     		movs	r3, #167
 1338 0062 9B00     		lsls	r3, r3, #2
 1339 0064 E35C     		ldrb	r3, [r4, r3]
 631:Middlewares/ST/STM32_USB_Device_Library/Core/Src/usbd_core.c ****           {
 1340              		.loc 1 631 14 view .LVU349
 1341 0066 032B     		cmp	r3, #3
 1342 0068 09D0     		beq	.L82
 1343              	.L77:
 641:Middlewares/ST/STM32_USB_Device_Library/Core/Src/usbd_core.c ****       }
 1344              		.loc 1 641 9 is_stmt 1 view .LVU350
 641:Middlewares/ST/STM32_USB_Device_Library/Core/Src/usbd_core.c ****       }
 1345              		.loc 1 641 15 is_stmt 0 view .LVU351
 1346 006a 2000     		movs	r0, r4
ARM GAS  C:\Users\Domagoj\AppData\Local\Temp\ccBZxoYs.s 			page 45


 1347 006c FFF7FEFF 		bl	USBD_CtlSendStatus
 1348              	.LVL110:
 668:Middlewares/ST/STM32_USB_Device_Library/Core/Src/usbd_core.c **** }
 1349              		.loc 1 668 10 view .LVU352
 1350 0070 2800     		movs	r0, r5
 1351 0072 D1E7     		b	.L70
 1352              	.LVL111:
 1353              	.L74:
 619:Middlewares/ST/STM32_USB_Device_Library/Core/Src/usbd_core.c ****             break;
 1354              		.loc 1 619 13 is_stmt 1 view .LVU353
 619:Middlewares/ST/STM32_USB_Device_Library/Core/Src/usbd_core.c ****             break;
 1355              		.loc 1 619 41 is_stmt 0 view .LVU354
 1356 0074 184B     		ldr	r3, .L83+4
 619:Middlewares/ST/STM32_USB_Device_Library/Core/Src/usbd_core.c ****             break;
 1357              		.loc 1 619 19 view .LVU355
 1358 0076 C15C     		ldrb	r1, [r0, r3]
 1359              	.LVL112:
 619:Middlewares/ST/STM32_USB_Device_Library/Core/Src/usbd_core.c ****             break;
 1360              		.loc 1 619 19 view .LVU356
 1361 0078 FFF7FEFF 		bl	USBD_CoreFindEP
 1362              	.LVL113:
 620:Middlewares/ST/STM32_USB_Device_Library/Core/Src/usbd_core.c **** 
 1363              		.loc 1 620 13 is_stmt 1 view .LVU357
 1364 007c EEE7     		b	.L76
 1365              	.LVL114:
 1366              	.L82:
 633:Middlewares/ST/STM32_USB_Device_Library/Core/Src/usbd_core.c ****             {
 1367              		.loc 1 633 13 view .LVU358
 633:Middlewares/ST/STM32_USB_Device_Library/Core/Src/usbd_core.c ****             {
 1368              		.loc 1 633 29 is_stmt 0 view .LVU359
 1369 007e 0300     		movs	r3, r0
 1370 0080 AE33     		adds	r3, r3, #174
 1371 0082 9B00     		lsls	r3, r3, #2
 1372 0084 1B59     		ldr	r3, [r3, r4]
 633:Middlewares/ST/STM32_USB_Device_Library/Core/Src/usbd_core.c ****             {
 1373              		.loc 1 633 34 view .LVU360
 1374 0086 1A69     		ldr	r2, [r3, #16]
 633:Middlewares/ST/STM32_USB_Device_Library/Core/Src/usbd_core.c ****             {
 1375              		.loc 1 633 16 view .LVU361
 1376 0088 002A     		cmp	r2, #0
 1377 008a EED0     		beq	.L77
 635:Middlewares/ST/STM32_USB_Device_Library/Core/Src/usbd_core.c ****               pdev->pClass[idx]->EP0_RxReady(pdev);
 1378              		.loc 1 635 15 is_stmt 1 view .LVU362
 635:Middlewares/ST/STM32_USB_Device_Library/Core/Src/usbd_core.c ****               pdev->pClass[idx]->EP0_RxReady(pdev);
 1379              		.loc 1 635 29 is_stmt 0 view .LVU363
 1380 008c B522     		movs	r2, #181
 1381 008e 9200     		lsls	r2, r2, #2
 1382 0090 A050     		str	r0, [r4, r2]
 636:Middlewares/ST/STM32_USB_Device_Library/Core/Src/usbd_core.c ****             }
 1383              		.loc 1 636 15 is_stmt 1 view .LVU364
 636:Middlewares/ST/STM32_USB_Device_Library/Core/Src/usbd_core.c ****             }
 1384              		.loc 1 636 32 is_stmt 0 view .LVU365
 1385 0092 1B69     		ldr	r3, [r3, #16]
 636:Middlewares/ST/STM32_USB_Device_Library/Core/Src/usbd_core.c ****             }
 1386              		.loc 1 636 15 view .LVU366
 1387 0094 2000     		movs	r0, r4
 1388 0096 9847     		blx	r3
ARM GAS  C:\Users\Domagoj\AppData\Local\Temp\ccBZxoYs.s 			page 46


 1389              	.LVL115:
 1390 0098 E7E7     		b	.L77
 1391              	.LVL116:
 1392              	.L69:
 648:Middlewares/ST/STM32_USB_Device_Library/Core/Src/usbd_core.c **** 
 1393              		.loc 1 648 5 is_stmt 1 view .LVU367
 648:Middlewares/ST/STM32_USB_Device_Library/Core/Src/usbd_core.c **** 
 1394              		.loc 1 648 11 is_stmt 0 view .LVU368
 1395 009a 7F21     		movs	r1, #127
 1396              	.LVL117:
 648:Middlewares/ST/STM32_USB_Device_Library/Core/Src/usbd_core.c **** 
 1397              		.loc 1 648 11 view .LVU369
 1398 009c 2940     		ands	r1, r5
 1399 009e FFF7FEFF 		bl	USBD_CoreFindEP
 1400              	.LVL118:
 650:Middlewares/ST/STM32_USB_Device_Library/Core/Src/usbd_core.c ****     {
 1401              		.loc 1 650 5 is_stmt 1 view .LVU370
 650:Middlewares/ST/STM32_USB_Device_Library/Core/Src/usbd_core.c ****     {
 1402              		.loc 1 650 8 is_stmt 0 view .LVU371
 1403 00a2 0028     		cmp	r0, #0
 1404 00a4 13D1     		bne	.L79
 653:Middlewares/ST/STM32_USB_Device_Library/Core/Src/usbd_core.c ****       {
 1405              		.loc 1 653 7 is_stmt 1 view .LVU372
 653:Middlewares/ST/STM32_USB_Device_Library/Core/Src/usbd_core.c ****       {
 1406              		.loc 1 653 15 is_stmt 0 view .LVU373
 1407 00a6 A722     		movs	r2, #167
 1408 00a8 9200     		lsls	r2, r2, #2
 1409 00aa A25C     		ldrb	r2, [r4, r2]
 653:Middlewares/ST/STM32_USB_Device_Library/Core/Src/usbd_core.c ****       {
 1410              		.loc 1 653 10 view .LVU374
 1411 00ac 032A     		cmp	r2, #3
 1412 00ae B3D1     		bne	.L70
 655:Middlewares/ST/STM32_USB_Device_Library/Core/Src/usbd_core.c ****         {
 1413              		.loc 1 655 9 is_stmt 1 view .LVU375
 655:Middlewares/ST/STM32_USB_Device_Library/Core/Src/usbd_core.c ****         {
 1414              		.loc 1 655 25 is_stmt 0 view .LVU376
 1415 00b0 0200     		movs	r2, r0
 1416 00b2 AE32     		adds	r2, r2, #174
 1417 00b4 9200     		lsls	r2, r2, #2
 1418 00b6 1259     		ldr	r2, [r2, r4]
 655:Middlewares/ST/STM32_USB_Device_Library/Core/Src/usbd_core.c ****         {
 1419              		.loc 1 655 30 view .LVU377
 1420 00b8 9169     		ldr	r1, [r2, #24]
 655:Middlewares/ST/STM32_USB_Device_Library/Core/Src/usbd_core.c ****         {
 1421              		.loc 1 655 12 view .LVU378
 1422 00ba 0029     		cmp	r1, #0
 1423 00bc ACD0     		beq	.L70
 657:Middlewares/ST/STM32_USB_Device_Library/Core/Src/usbd_core.c ****           ret = (USBD_StatusTypeDef)pdev->pClass[idx]->DataOut(pdev, epnum);
 1424              		.loc 1 657 11 is_stmt 1 view .LVU379
 657:Middlewares/ST/STM32_USB_Device_Library/Core/Src/usbd_core.c ****           ret = (USBD_StatusTypeDef)pdev->pClass[idx]->DataOut(pdev, epnum);
 1425              		.loc 1 657 25 is_stmt 0 view .LVU380
 1426 00be B521     		movs	r1, #181
 1427 00c0 8900     		lsls	r1, r1, #2
 1428 00c2 6050     		str	r0, [r4, r1]
 658:Middlewares/ST/STM32_USB_Device_Library/Core/Src/usbd_core.c ****         }
 1429              		.loc 1 658 11 is_stmt 1 view .LVU381
 658:Middlewares/ST/STM32_USB_Device_Library/Core/Src/usbd_core.c ****         }
ARM GAS  C:\Users\Domagoj\AppData\Local\Temp\ccBZxoYs.s 			page 47


 1430              		.loc 1 658 54 is_stmt 0 view .LVU382
 1431 00c4 9369     		ldr	r3, [r2, #24]
 658:Middlewares/ST/STM32_USB_Device_Library/Core/Src/usbd_core.c ****         }
 1432              		.loc 1 658 37 view .LVU383
 1433 00c6 2900     		movs	r1, r5
 1434 00c8 2000     		movs	r0, r4
 1435              	.LVL119:
 658:Middlewares/ST/STM32_USB_Device_Library/Core/Src/usbd_core.c ****         }
 1436              		.loc 1 658 37 view .LVU384
 1437 00ca 9847     		blx	r3
 1438              	.LVL120:
 661:Middlewares/ST/STM32_USB_Device_Library/Core/Src/usbd_core.c ****       {
 1439              		.loc 1 661 7 is_stmt 1 view .LVU385
 1440 00cc A4E7     		b	.L70
 1441              	.LVL121:
 1442              	.L79:
 668:Middlewares/ST/STM32_USB_Device_Library/Core/Src/usbd_core.c **** }
 1443              		.loc 1 668 10 is_stmt 0 view .LVU386
 1444 00ce 0020     		movs	r0, #0
 1445              	.LVL122:
 668:Middlewares/ST/STM32_USB_Device_Library/Core/Src/usbd_core.c **** }
 1446              		.loc 1 668 10 view .LVU387
 1447 00d0 A2E7     		b	.L70
 1448              	.L84:
 1449 00d2 C046     		.align	2
 1450              	.L83:
 1451 00d4 AA020000 		.word	682
 1452 00d8 AE020000 		.word	686
 1453              		.cfi_endproc
 1454              	.LFE379:
 1456              		.section	.text.USBD_LL_DataInStage,"ax",%progbits
 1457              		.align	1
 1458              		.global	USBD_LL_DataInStage
 1459              		.syntax unified
 1460              		.code	16
 1461              		.thumb_func
 1463              	USBD_LL_DataInStage:
 1464              	.LVL123:
 1465              	.LFB380:
 680:Middlewares/ST/STM32_USB_Device_Library/Core/Src/usbd_core.c ****   USBD_EndpointTypeDef *pep;
 1466              		.loc 1 680 1 is_stmt 1 view -0
 1467              		.cfi_startproc
 1468              		@ args = 0, pretend = 0, frame = 0
 1469              		@ frame_needed = 0, uses_anonymous_args = 0
 680:Middlewares/ST/STM32_USB_Device_Library/Core/Src/usbd_core.c ****   USBD_EndpointTypeDef *pep;
 1470              		.loc 1 680 1 is_stmt 0 view .LVU389
 1471 0000 70B5     		push	{r4, r5, r6, lr}
 1472              	.LCFI15:
 1473              		.cfi_def_cfa_offset 16
 1474              		.cfi_offset 4, -16
 1475              		.cfi_offset 5, -12
 1476              		.cfi_offset 6, -8
 1477              		.cfi_offset 14, -4
 1478 0002 0400     		movs	r4, r0
 1479 0004 0D00     		movs	r5, r1
 1480 0006 1100     		movs	r1, r2
 1481              	.LVL124:
ARM GAS  C:\Users\Domagoj\AppData\Local\Temp\ccBZxoYs.s 			page 48


 681:Middlewares/ST/STM32_USB_Device_Library/Core/Src/usbd_core.c ****   USBD_StatusTypeDef ret;
 1482              		.loc 1 681 3 is_stmt 1 view .LVU390
 682:Middlewares/ST/STM32_USB_Device_Library/Core/Src/usbd_core.c ****   uint8_t idx;
 1483              		.loc 1 682 3 view .LVU391
 683:Middlewares/ST/STM32_USB_Device_Library/Core/Src/usbd_core.c **** 
 1484              		.loc 1 683 3 view .LVU392
 685:Middlewares/ST/STM32_USB_Device_Library/Core/Src/usbd_core.c ****   {
 1485              		.loc 1 685 3 view .LVU393
 685:Middlewares/ST/STM32_USB_Device_Library/Core/Src/usbd_core.c ****   {
 1486              		.loc 1 685 6 is_stmt 0 view .LVU394
 1487 0008 002D     		cmp	r5, #0
 1488 000a 4ED1     		bne	.L86
 687:Middlewares/ST/STM32_USB_Device_Library/Core/Src/usbd_core.c **** 
 1489              		.loc 1 687 5 is_stmt 1 view .LVU395
 1490              	.LVL125:
 689:Middlewares/ST/STM32_USB_Device_Library/Core/Src/usbd_core.c ****     {
 1491              		.loc 1 689 5 view .LVU396
 689:Middlewares/ST/STM32_USB_Device_Library/Core/Src/usbd_core.c ****     {
 1492              		.loc 1 689 13 is_stmt 0 view .LVU397
 1493 000c A523     		movs	r3, #165
 1494 000e 9B00     		lsls	r3, r3, #2
 1495 0010 C358     		ldr	r3, [r0, r3]
 689:Middlewares/ST/STM32_USB_Device_Library/Core/Src/usbd_core.c ****     {
 1496              		.loc 1 689 8 view .LVU398
 1497 0012 022B     		cmp	r3, #2
 1498 0014 08D0     		beq	.L93
 1499              	.LVL126:
 1500              	.L87:
 729:Middlewares/ST/STM32_USB_Device_Library/Core/Src/usbd_core.c ****     {
 1501              		.loc 1 729 5 is_stmt 1 view .LVU399
 729:Middlewares/ST/STM32_USB_Device_Library/Core/Src/usbd_core.c ****     {
 1502              		.loc 1 729 13 is_stmt 0 view .LVU400
 1503 0016 A823     		movs	r3, #168
 1504 0018 9B00     		lsls	r3, r3, #2
 1505 001a E05C     		ldrb	r0, [r4, r3]
 729:Middlewares/ST/STM32_USB_Device_Library/Core/Src/usbd_core.c ****     {
 1506              		.loc 1 729 8 view .LVU401
 1507 001c 0028     		cmp	r0, #0
 1508 001e 02D0     		beq	.L91
 731:Middlewares/ST/STM32_USB_Device_Library/Core/Src/usbd_core.c ****       pdev->dev_test_mode = 0U;
 1509              		.loc 1 731 7 is_stmt 1 view .LVU402
 732:Middlewares/ST/STM32_USB_Device_Library/Core/Src/usbd_core.c ****     }
 1510              		.loc 1 732 7 view .LVU403
 732:Middlewares/ST/STM32_USB_Device_Library/Core/Src/usbd_core.c ****     }
 1511              		.loc 1 732 27 is_stmt 0 view .LVU404
 1512 0020 0022     		movs	r2, #0
 1513 0022 E254     		strb	r2, [r4, r3]
 759:Middlewares/ST/STM32_USB_Device_Library/Core/Src/usbd_core.c **** }
 1514              		.loc 1 759 10 view .LVU405
 1515 0024 2800     		movs	r0, r5
 1516              	.LVL127:
 1517              	.L91:
 760:Middlewares/ST/STM32_USB_Device_Library/Core/Src/usbd_core.c **** 
 1518              		.loc 1 760 1 view .LVU406
 1519              		@ sp needed
 1520              	.LVL128:
 1521              	.LVL129:
ARM GAS  C:\Users\Domagoj\AppData\Local\Temp\ccBZxoYs.s 			page 49


 760:Middlewares/ST/STM32_USB_Device_Library/Core/Src/usbd_core.c **** 
 1522              		.loc 1 760 1 view .LVU407
 1523 0026 70BD     		pop	{r4, r5, r6, pc}
 1524              	.LVL130:
 1525              	.L93:
 691:Middlewares/ST/STM32_USB_Device_Library/Core/Src/usbd_core.c ****       {
 1526              		.loc 1 691 7 is_stmt 1 view .LVU408
 691:Middlewares/ST/STM32_USB_Device_Library/Core/Src/usbd_core.c ****       {
 1527              		.loc 1 691 14 is_stmt 0 view .LVU409
 1528 0028 C269     		ldr	r2, [r0, #28]
 691:Middlewares/ST/STM32_USB_Device_Library/Core/Src/usbd_core.c ****       {
 1529              		.loc 1 691 32 view .LVU410
 1530 002a 036A     		ldr	r3, [r0, #32]
 691:Middlewares/ST/STM32_USB_Device_Library/Core/Src/usbd_core.c ****       {
 1531              		.loc 1 691 10 view .LVU411
 1532 002c 9A42     		cmp	r2, r3
 1533 002e 0DD8     		bhi	.L94
 703:Middlewares/ST/STM32_USB_Device_Library/Core/Src/usbd_core.c ****             (pep->total_length >= pep->maxpacket) &&
 1534              		.loc 1 703 9 is_stmt 1 view .LVU412
 703:Middlewares/ST/STM32_USB_Device_Library/Core/Src/usbd_core.c ****             (pep->total_length >= pep->maxpacket) &&
 1535              		.loc 1 703 12 is_stmt 0 view .LVU413
 1536 0030 17D0     		beq	.L95
 1537              	.L89:
 715:Middlewares/ST/STM32_USB_Device_Library/Core/Src/usbd_core.c ****           {
 1538              		.loc 1 715 11 is_stmt 1 view .LVU414
 715:Middlewares/ST/STM32_USB_Device_Library/Core/Src/usbd_core.c ****           {
 1539              		.loc 1 715 19 is_stmt 0 view .LVU415
 1540 0032 A723     		movs	r3, #167
 1541 0034 9B00     		lsls	r3, r3, #2
 1542 0036 E35C     		ldrb	r3, [r4, r3]
 715:Middlewares/ST/STM32_USB_Device_Library/Core/Src/usbd_core.c ****           {
 1543              		.loc 1 715 14 view .LVU416
 1544 0038 032B     		cmp	r3, #3
 1545 003a 28D0     		beq	.L96
 1546              	.LVL131:
 1547              	.L90:
 723:Middlewares/ST/STM32_USB_Device_Library/Core/Src/usbd_core.c ****           (void)USBD_CtlReceiveStatus(pdev);
 1548              		.loc 1 723 11 is_stmt 1 view .LVU417
 723:Middlewares/ST/STM32_USB_Device_Library/Core/Src/usbd_core.c ****           (void)USBD_CtlReceiveStatus(pdev);
 1549              		.loc 1 723 17 is_stmt 0 view .LVU418
 1550 003c 8021     		movs	r1, #128
 1551 003e 2000     		movs	r0, r4
 1552 0040 FFF7FEFF 		bl	USBD_LL_StallEP
 1553              	.LVL132:
 724:Middlewares/ST/STM32_USB_Device_Library/Core/Src/usbd_core.c ****         }
 1554              		.loc 1 724 11 is_stmt 1 view .LVU419
 724:Middlewares/ST/STM32_USB_Device_Library/Core/Src/usbd_core.c ****         }
 1555              		.loc 1 724 17 is_stmt 0 view .LVU420
 1556 0044 2000     		movs	r0, r4
 1557 0046 FFF7FEFF 		bl	USBD_CtlReceiveStatus
 1558              	.LVL133:
 1559 004a E4E7     		b	.L87
 1560              	.LVL134:
 1561              	.L94:
 693:Middlewares/ST/STM32_USB_Device_Library/Core/Src/usbd_core.c **** 
 1562              		.loc 1 693 9 is_stmt 1 view .LVU421
 693:Middlewares/ST/STM32_USB_Device_Library/Core/Src/usbd_core.c **** 
ARM GAS  C:\Users\Domagoj\AppData\Local\Temp\ccBZxoYs.s 			page 50


 1563              		.loc 1 693 25 is_stmt 0 view .LVU422
 1564 004c D21A     		subs	r2, r2, r3
 1565 004e C261     		str	r2, [r0, #28]
 695:Middlewares/ST/STM32_USB_Device_Library/Core/Src/usbd_core.c **** 
 1566              		.loc 1 695 9 is_stmt 1 view .LVU423
 695:Middlewares/ST/STM32_USB_Device_Library/Core/Src/usbd_core.c **** 
 1567              		.loc 1 695 15 is_stmt 0 view .LVU424
 1568 0050 FFF7FEFF 		bl	USBD_CtlContinueSendData
 1569              	.LVL135:
 698:Middlewares/ST/STM32_USB_Device_Library/Core/Src/usbd_core.c ****       }
 1570              		.loc 1 698 9 is_stmt 1 view .LVU425
 698:Middlewares/ST/STM32_USB_Device_Library/Core/Src/usbd_core.c ****       }
 1571              		.loc 1 698 15 is_stmt 0 view .LVU426
 1572 0054 0023     		movs	r3, #0
 1573 0056 0022     		movs	r2, #0
 1574 0058 0021     		movs	r1, #0
 1575 005a 2000     		movs	r0, r4
 1576 005c FFF7FEFF 		bl	USBD_LL_PrepareReceive
 1577              	.LVL136:
 1578 0060 D9E7     		b	.L87
 1579              	.LVL137:
 1580              	.L95:
 704:Middlewares/ST/STM32_USB_Device_Library/Core/Src/usbd_core.c ****             (pep->total_length < pdev->ep0_data_len))
 1581              		.loc 1 704 17 view .LVU427
 1582 0062 8269     		ldr	r2, [r0, #24]
 703:Middlewares/ST/STM32_USB_Device_Library/Core/Src/usbd_core.c ****             (pep->total_length >= pep->maxpacket) &&
 1583              		.loc 1 703 49 discriminator 1 view .LVU428
 1584 0064 9342     		cmp	r3, r2
 1585 0066 E4D8     		bhi	.L89
 705:Middlewares/ST/STM32_USB_Device_Library/Core/Src/usbd_core.c ****         {
 1586              		.loc 1 705 38 view .LVU429
 1587 0068 A623     		movs	r3, #166
 1588 006a 9B00     		lsls	r3, r3, #2
 1589 006c C358     		ldr	r3, [r0, r3]
 704:Middlewares/ST/STM32_USB_Device_Library/Core/Src/usbd_core.c ****             (pep->total_length < pdev->ep0_data_len))
 1590              		.loc 1 704 51 view .LVU430
 1591 006e 9A42     		cmp	r2, r3
 1592 0070 DFD2     		bcs	.L89
 707:Middlewares/ST/STM32_USB_Device_Library/Core/Src/usbd_core.c ****           pdev->ep0_data_len = 0U;
 1593              		.loc 1 707 11 is_stmt 1 view .LVU431
 707:Middlewares/ST/STM32_USB_Device_Library/Core/Src/usbd_core.c ****           pdev->ep0_data_len = 0U;
 1594              		.loc 1 707 17 is_stmt 0 view .LVU432
 1595 0072 0022     		movs	r2, #0
 1596 0074 0021     		movs	r1, #0
 1597              	.LVL138:
 707:Middlewares/ST/STM32_USB_Device_Library/Core/Src/usbd_core.c ****           pdev->ep0_data_len = 0U;
 1598              		.loc 1 707 17 view .LVU433
 1599 0076 FFF7FEFF 		bl	USBD_CtlContinueSendData
 1600              	.LVL139:
 708:Middlewares/ST/STM32_USB_Device_Library/Core/Src/usbd_core.c **** 
 1601              		.loc 1 708 11 is_stmt 1 view .LVU434
 708:Middlewares/ST/STM32_USB_Device_Library/Core/Src/usbd_core.c **** 
 1602              		.loc 1 708 30 is_stmt 0 view .LVU435
 1603 007a A623     		movs	r3, #166
 1604 007c 9B00     		lsls	r3, r3, #2
 1605 007e 0022     		movs	r2, #0
 1606 0080 E250     		str	r2, [r4, r3]
ARM GAS  C:\Users\Domagoj\AppData\Local\Temp\ccBZxoYs.s 			page 51


 711:Middlewares/ST/STM32_USB_Device_Library/Core/Src/usbd_core.c ****         }
 1607              		.loc 1 711 11 is_stmt 1 view .LVU436
 711:Middlewares/ST/STM32_USB_Device_Library/Core/Src/usbd_core.c ****         }
 1608              		.loc 1 711 17 is_stmt 0 view .LVU437
 1609 0082 0023     		movs	r3, #0
 1610 0084 0021     		movs	r1, #0
 1611 0086 2000     		movs	r0, r4
 1612 0088 FFF7FEFF 		bl	USBD_LL_PrepareReceive
 1613              	.LVL140:
 711:Middlewares/ST/STM32_USB_Device_Library/Core/Src/usbd_core.c ****         }
 1614              		.loc 1 711 11 view .LVU438
 1615 008c C3E7     		b	.L87
 1616              	.LVL141:
 1617              	.L96:
 717:Middlewares/ST/STM32_USB_Device_Library/Core/Src/usbd_core.c ****             {
 1618              		.loc 1 717 13 is_stmt 1 view .LVU439
 717:Middlewares/ST/STM32_USB_Device_Library/Core/Src/usbd_core.c ****             {
 1619              		.loc 1 717 29 is_stmt 0 view .LVU440
 1620 008e AE23     		movs	r3, #174
 1621 0090 9B00     		lsls	r3, r3, #2
 1622 0092 E358     		ldr	r3, [r4, r3]
 717:Middlewares/ST/STM32_USB_Device_Library/Core/Src/usbd_core.c ****             {
 1623              		.loc 1 717 32 view .LVU441
 1624 0094 DA68     		ldr	r2, [r3, #12]
 717:Middlewares/ST/STM32_USB_Device_Library/Core/Src/usbd_core.c ****             {
 1625              		.loc 1 717 16 view .LVU442
 1626 0096 002A     		cmp	r2, #0
 1627 0098 D0D0     		beq	.L90
 719:Middlewares/ST/STM32_USB_Device_Library/Core/Src/usbd_core.c ****               pdev->pClass[0]->EP0_TxSent(pdev);
 1628              		.loc 1 719 15 is_stmt 1 view .LVU443
 719:Middlewares/ST/STM32_USB_Device_Library/Core/Src/usbd_core.c ****               pdev->pClass[0]->EP0_TxSent(pdev);
 1629              		.loc 1 719 29 is_stmt 0 view .LVU444
 1630 009a B522     		movs	r2, #181
 1631 009c 9200     		lsls	r2, r2, #2
 1632 009e 0021     		movs	r1, #0
 1633              	.LVL142:
 719:Middlewares/ST/STM32_USB_Device_Library/Core/Src/usbd_core.c ****               pdev->pClass[0]->EP0_TxSent(pdev);
 1634              		.loc 1 719 29 view .LVU445
 1635 00a0 A150     		str	r1, [r4, r2]
 720:Middlewares/ST/STM32_USB_Device_Library/Core/Src/usbd_core.c ****             }
 1636              		.loc 1 720 15 is_stmt 1 view .LVU446
 720:Middlewares/ST/STM32_USB_Device_Library/Core/Src/usbd_core.c ****             }
 1637              		.loc 1 720 30 is_stmt 0 view .LVU447
 1638 00a2 DB68     		ldr	r3, [r3, #12]
 720:Middlewares/ST/STM32_USB_Device_Library/Core/Src/usbd_core.c ****             }
 1639              		.loc 1 720 15 view .LVU448
 1640 00a4 2000     		movs	r0, r4
 1641              	.LVL143:
 720:Middlewares/ST/STM32_USB_Device_Library/Core/Src/usbd_core.c ****             }
 1642              		.loc 1 720 15 view .LVU449
 1643 00a6 9847     		blx	r3
 1644              	.LVL144:
 1645 00a8 C8E7     		b	.L90
 1646              	.LVL145:
 1647              	.L86:
 738:Middlewares/ST/STM32_USB_Device_Library/Core/Src/usbd_core.c **** 
 1648              		.loc 1 738 5 is_stmt 1 view .LVU450
ARM GAS  C:\Users\Domagoj\AppData\Local\Temp\ccBZxoYs.s 			page 52


 738:Middlewares/ST/STM32_USB_Device_Library/Core/Src/usbd_core.c **** 
 1649              		.loc 1 738 11 is_stmt 0 view .LVU451
 1650 00aa 8021     		movs	r1, #128
 1651              	.LVL146:
 738:Middlewares/ST/STM32_USB_Device_Library/Core/Src/usbd_core.c **** 
 1652              		.loc 1 738 11 view .LVU452
 1653 00ac 4942     		rsbs	r1, r1, #0
 1654 00ae 2943     		orrs	r1, r5
 1655 00b0 C9B2     		uxtb	r1, r1
 1656 00b2 FFF7FEFF 		bl	USBD_CoreFindEP
 1657              	.LVL147:
 740:Middlewares/ST/STM32_USB_Device_Library/Core/Src/usbd_core.c ****     {
 1658              		.loc 1 740 5 is_stmt 1 view .LVU453
 740:Middlewares/ST/STM32_USB_Device_Library/Core/Src/usbd_core.c ****     {
 1659              		.loc 1 740 8 is_stmt 0 view .LVU454
 1660 00b6 0028     		cmp	r0, #0
 1661 00b8 13D1     		bne	.L92
 743:Middlewares/ST/STM32_USB_Device_Library/Core/Src/usbd_core.c ****       {
 1662              		.loc 1 743 7 is_stmt 1 view .LVU455
 743:Middlewares/ST/STM32_USB_Device_Library/Core/Src/usbd_core.c ****       {
 1663              		.loc 1 743 15 is_stmt 0 view .LVU456
 1664 00ba A722     		movs	r2, #167
 1665 00bc 9200     		lsls	r2, r2, #2
 1666 00be A25C     		ldrb	r2, [r4, r2]
 743:Middlewares/ST/STM32_USB_Device_Library/Core/Src/usbd_core.c ****       {
 1667              		.loc 1 743 10 view .LVU457
 1668 00c0 032A     		cmp	r2, #3
 1669 00c2 B0D1     		bne	.L91
 745:Middlewares/ST/STM32_USB_Device_Library/Core/Src/usbd_core.c ****         {
 1670              		.loc 1 745 9 is_stmt 1 view .LVU458
 745:Middlewares/ST/STM32_USB_Device_Library/Core/Src/usbd_core.c ****         {
 1671              		.loc 1 745 25 is_stmt 0 view .LVU459
 1672 00c4 0200     		movs	r2, r0
 1673 00c6 AE32     		adds	r2, r2, #174
 1674 00c8 9200     		lsls	r2, r2, #2
 1675 00ca 1259     		ldr	r2, [r2, r4]
 745:Middlewares/ST/STM32_USB_Device_Library/Core/Src/usbd_core.c ****         {
 1676              		.loc 1 745 30 view .LVU460
 1677 00cc 5169     		ldr	r1, [r2, #20]
 745:Middlewares/ST/STM32_USB_Device_Library/Core/Src/usbd_core.c ****         {
 1678              		.loc 1 745 12 view .LVU461
 1679 00ce 0029     		cmp	r1, #0
 1680 00d0 A9D0     		beq	.L91
 747:Middlewares/ST/STM32_USB_Device_Library/Core/Src/usbd_core.c ****           ret = (USBD_StatusTypeDef)pdev->pClass[idx]->DataIn(pdev, epnum);
 1681              		.loc 1 747 11 is_stmt 1 view .LVU462
 747:Middlewares/ST/STM32_USB_Device_Library/Core/Src/usbd_core.c ****           ret = (USBD_StatusTypeDef)pdev->pClass[idx]->DataIn(pdev, epnum);
 1682              		.loc 1 747 25 is_stmt 0 view .LVU463
 1683 00d2 B521     		movs	r1, #181
 1684 00d4 8900     		lsls	r1, r1, #2
 1685 00d6 6050     		str	r0, [r4, r1]
 748:Middlewares/ST/STM32_USB_Device_Library/Core/Src/usbd_core.c **** 
 1686              		.loc 1 748 11 is_stmt 1 view .LVU464
 748:Middlewares/ST/STM32_USB_Device_Library/Core/Src/usbd_core.c **** 
 1687              		.loc 1 748 54 is_stmt 0 view .LVU465
 1688 00d8 5369     		ldr	r3, [r2, #20]
 748:Middlewares/ST/STM32_USB_Device_Library/Core/Src/usbd_core.c **** 
 1689              		.loc 1 748 37 view .LVU466
ARM GAS  C:\Users\Domagoj\AppData\Local\Temp\ccBZxoYs.s 			page 53


 1690 00da 2900     		movs	r1, r5
 1691 00dc 2000     		movs	r0, r4
 1692              	.LVL148:
 748:Middlewares/ST/STM32_USB_Device_Library/Core/Src/usbd_core.c **** 
 1693              		.loc 1 748 37 view .LVU467
 1694 00de 9847     		blx	r3
 1695              	.LVL149:
 750:Middlewares/ST/STM32_USB_Device_Library/Core/Src/usbd_core.c ****           {
 1696              		.loc 1 750 11 is_stmt 1 view .LVU468
 1697 00e0 A1E7     		b	.L91
 1698              	.LVL150:
 1699              	.L92:
 759:Middlewares/ST/STM32_USB_Device_Library/Core/Src/usbd_core.c **** }
 1700              		.loc 1 759 10 is_stmt 0 view .LVU469
 1701 00e2 0020     		movs	r0, #0
 1702              	.LVL151:
 759:Middlewares/ST/STM32_USB_Device_Library/Core/Src/usbd_core.c **** }
 1703              		.loc 1 759 10 view .LVU470
 1704 00e4 9FE7     		b	.L91
 1705              		.cfi_endproc
 1706              	.LFE380:
 1708              		.section	.text.USBD_GetNextDesc,"ax",%progbits
 1709              		.align	1
 1710              		.global	USBD_GetNextDesc
 1711              		.syntax unified
 1712              		.code	16
 1713              		.thumb_func
 1715              	USBD_GetNextDesc:
 1716              	.LVL152:
 1717              	.LFB393:
1111:Middlewares/ST/STM32_USB_Device_Library/Core/Src/usbd_core.c **** 
1112:Middlewares/ST/STM32_USB_Device_Library/Core/Src/usbd_core.c **** #ifdef USE_USBD_COMPOSITE
1113:Middlewares/ST/STM32_USB_Device_Library/Core/Src/usbd_core.c **** /**
1114:Middlewares/ST/STM32_USB_Device_Library/Core/Src/usbd_core.c ****   * @brief  USBD_CoreGetEPAdd
1115:Middlewares/ST/STM32_USB_Device_Library/Core/Src/usbd_core.c ****   *         Get the endpoint address relative to a selected class
1116:Middlewares/ST/STM32_USB_Device_Library/Core/Src/usbd_core.c ****   * @param  pdev: device instance
1117:Middlewares/ST/STM32_USB_Device_Library/Core/Src/usbd_core.c ****   * @param  ep_dir: USBD_EP_IN or USBD_EP_OUT
1118:Middlewares/ST/STM32_USB_Device_Library/Core/Src/usbd_core.c ****   * @param  ep_type: USBD_EP_TYPE_CTRL, USBD_EP_TYPE_ISOC, USBD_EP_TYPE_BULK or USBD_EP_TYPE_INTR
1119:Middlewares/ST/STM32_USB_Device_Library/Core/Src/usbd_core.c ****   * @param  ClassId: The Class ID
1120:Middlewares/ST/STM32_USB_Device_Library/Core/Src/usbd_core.c ****   * @retval Address of the selected endpoint or 0xFFU if no endpoint found.
1121:Middlewares/ST/STM32_USB_Device_Library/Core/Src/usbd_core.c ****   */
1122:Middlewares/ST/STM32_USB_Device_Library/Core/Src/usbd_core.c **** uint8_t USBD_CoreGetEPAdd(USBD_HandleTypeDef *pdev, uint8_t ep_dir, uint8_t ep_type, uint8_t ClassI
1123:Middlewares/ST/STM32_USB_Device_Library/Core/Src/usbd_core.c **** {
1124:Middlewares/ST/STM32_USB_Device_Library/Core/Src/usbd_core.c ****   uint8_t idx;
1125:Middlewares/ST/STM32_USB_Device_Library/Core/Src/usbd_core.c **** 
1126:Middlewares/ST/STM32_USB_Device_Library/Core/Src/usbd_core.c ****   /* Find the EP address in the selected class table */
1127:Middlewares/ST/STM32_USB_Device_Library/Core/Src/usbd_core.c ****   for (idx = 0; idx < pdev->tclasslist[ClassId].NumEps; idx++)
1128:Middlewares/ST/STM32_USB_Device_Library/Core/Src/usbd_core.c ****   {
1129:Middlewares/ST/STM32_USB_Device_Library/Core/Src/usbd_core.c ****     if (((pdev->tclasslist[ClassId].Eps[idx].add & USBD_EP_IN) == ep_dir) && \
1130:Middlewares/ST/STM32_USB_Device_Library/Core/Src/usbd_core.c ****         (pdev->tclasslist[ClassId].Eps[idx].type == ep_type) && \
1131:Middlewares/ST/STM32_USB_Device_Library/Core/Src/usbd_core.c ****         (pdev->tclasslist[ClassId].Eps[idx].is_used != 0U))
1132:Middlewares/ST/STM32_USB_Device_Library/Core/Src/usbd_core.c ****     {
1133:Middlewares/ST/STM32_USB_Device_Library/Core/Src/usbd_core.c ****       return (pdev->tclasslist[ClassId].Eps[idx].add);
1134:Middlewares/ST/STM32_USB_Device_Library/Core/Src/usbd_core.c ****     }
1135:Middlewares/ST/STM32_USB_Device_Library/Core/Src/usbd_core.c ****   }
1136:Middlewares/ST/STM32_USB_Device_Library/Core/Src/usbd_core.c **** 
1137:Middlewares/ST/STM32_USB_Device_Library/Core/Src/usbd_core.c ****   /* If reaching this point, then no endpoint was found */
ARM GAS  C:\Users\Domagoj\AppData\Local\Temp\ccBZxoYs.s 			page 54


1138:Middlewares/ST/STM32_USB_Device_Library/Core/Src/usbd_core.c ****   return 0xFFU;
1139:Middlewares/ST/STM32_USB_Device_Library/Core/Src/usbd_core.c **** }
1140:Middlewares/ST/STM32_USB_Device_Library/Core/Src/usbd_core.c **** #endif /* USE_USBD_COMPOSITE */
1141:Middlewares/ST/STM32_USB_Device_Library/Core/Src/usbd_core.c **** 
1142:Middlewares/ST/STM32_USB_Device_Library/Core/Src/usbd_core.c **** /**
1143:Middlewares/ST/STM32_USB_Device_Library/Core/Src/usbd_core.c ****   * @brief  USBD_GetEpDesc
1144:Middlewares/ST/STM32_USB_Device_Library/Core/Src/usbd_core.c ****   *         This function return the Endpoint descriptor
1145:Middlewares/ST/STM32_USB_Device_Library/Core/Src/usbd_core.c ****   * @param  pdev: device instance
1146:Middlewares/ST/STM32_USB_Device_Library/Core/Src/usbd_core.c ****   * @param  pConfDesc:  pointer to Bos descriptor
1147:Middlewares/ST/STM32_USB_Device_Library/Core/Src/usbd_core.c ****   * @param  EpAddr:  endpoint address
1148:Middlewares/ST/STM32_USB_Device_Library/Core/Src/usbd_core.c ****   * @retval pointer to video endpoint descriptor
1149:Middlewares/ST/STM32_USB_Device_Library/Core/Src/usbd_core.c ****   */
1150:Middlewares/ST/STM32_USB_Device_Library/Core/Src/usbd_core.c **** void *USBD_GetEpDesc(uint8_t *pConfDesc, uint8_t EpAddr)
1151:Middlewares/ST/STM32_USB_Device_Library/Core/Src/usbd_core.c **** {
1152:Middlewares/ST/STM32_USB_Device_Library/Core/Src/usbd_core.c ****   USBD_DescHeaderTypeDef *pdesc = (USBD_DescHeaderTypeDef *)(void *)pConfDesc;
1153:Middlewares/ST/STM32_USB_Device_Library/Core/Src/usbd_core.c ****   USBD_ConfigDescTypeDef *desc = (USBD_ConfigDescTypeDef *)(void *)pConfDesc;
1154:Middlewares/ST/STM32_USB_Device_Library/Core/Src/usbd_core.c ****   USBD_EpDescTypeDef *pEpDesc = NULL;
1155:Middlewares/ST/STM32_USB_Device_Library/Core/Src/usbd_core.c ****   uint16_t ptr;
1156:Middlewares/ST/STM32_USB_Device_Library/Core/Src/usbd_core.c **** 
1157:Middlewares/ST/STM32_USB_Device_Library/Core/Src/usbd_core.c ****   if (desc->wTotalLength > desc->bLength)
1158:Middlewares/ST/STM32_USB_Device_Library/Core/Src/usbd_core.c ****   {
1159:Middlewares/ST/STM32_USB_Device_Library/Core/Src/usbd_core.c ****     ptr = desc->bLength;
1160:Middlewares/ST/STM32_USB_Device_Library/Core/Src/usbd_core.c **** 
1161:Middlewares/ST/STM32_USB_Device_Library/Core/Src/usbd_core.c ****     while (ptr < desc->wTotalLength)
1162:Middlewares/ST/STM32_USB_Device_Library/Core/Src/usbd_core.c ****     {
1163:Middlewares/ST/STM32_USB_Device_Library/Core/Src/usbd_core.c ****       pdesc = USBD_GetNextDesc((uint8_t *)pdesc, &ptr);
1164:Middlewares/ST/STM32_USB_Device_Library/Core/Src/usbd_core.c **** 
1165:Middlewares/ST/STM32_USB_Device_Library/Core/Src/usbd_core.c ****       if (pdesc->bDescriptorType == USB_DESC_TYPE_ENDPOINT)
1166:Middlewares/ST/STM32_USB_Device_Library/Core/Src/usbd_core.c ****       {
1167:Middlewares/ST/STM32_USB_Device_Library/Core/Src/usbd_core.c ****         pEpDesc = (USBD_EpDescTypeDef *)(void *)pdesc;
1168:Middlewares/ST/STM32_USB_Device_Library/Core/Src/usbd_core.c **** 
1169:Middlewares/ST/STM32_USB_Device_Library/Core/Src/usbd_core.c ****         if (pEpDesc->bEndpointAddress == EpAddr)
1170:Middlewares/ST/STM32_USB_Device_Library/Core/Src/usbd_core.c ****         {
1171:Middlewares/ST/STM32_USB_Device_Library/Core/Src/usbd_core.c ****           break;
1172:Middlewares/ST/STM32_USB_Device_Library/Core/Src/usbd_core.c ****         }
1173:Middlewares/ST/STM32_USB_Device_Library/Core/Src/usbd_core.c ****         else
1174:Middlewares/ST/STM32_USB_Device_Library/Core/Src/usbd_core.c ****         {
1175:Middlewares/ST/STM32_USB_Device_Library/Core/Src/usbd_core.c ****           pEpDesc = NULL;
1176:Middlewares/ST/STM32_USB_Device_Library/Core/Src/usbd_core.c ****         }
1177:Middlewares/ST/STM32_USB_Device_Library/Core/Src/usbd_core.c ****       }
1178:Middlewares/ST/STM32_USB_Device_Library/Core/Src/usbd_core.c ****     }
1179:Middlewares/ST/STM32_USB_Device_Library/Core/Src/usbd_core.c ****   }
1180:Middlewares/ST/STM32_USB_Device_Library/Core/Src/usbd_core.c **** 
1181:Middlewares/ST/STM32_USB_Device_Library/Core/Src/usbd_core.c ****   return (void *)pEpDesc;
1182:Middlewares/ST/STM32_USB_Device_Library/Core/Src/usbd_core.c **** }
1183:Middlewares/ST/STM32_USB_Device_Library/Core/Src/usbd_core.c **** 
1184:Middlewares/ST/STM32_USB_Device_Library/Core/Src/usbd_core.c **** /**
1185:Middlewares/ST/STM32_USB_Device_Library/Core/Src/usbd_core.c ****   * @brief  USBD_GetNextDesc
1186:Middlewares/ST/STM32_USB_Device_Library/Core/Src/usbd_core.c ****   *         This function return the next descriptor header
1187:Middlewares/ST/STM32_USB_Device_Library/Core/Src/usbd_core.c ****   * @param  buf: Buffer where the descriptor is available
1188:Middlewares/ST/STM32_USB_Device_Library/Core/Src/usbd_core.c ****   * @param  ptr: data pointer inside the descriptor
1189:Middlewares/ST/STM32_USB_Device_Library/Core/Src/usbd_core.c ****   * @retval next header
1190:Middlewares/ST/STM32_USB_Device_Library/Core/Src/usbd_core.c ****   */
1191:Middlewares/ST/STM32_USB_Device_Library/Core/Src/usbd_core.c **** USBD_DescHeaderTypeDef *USBD_GetNextDesc(uint8_t *pbuf, uint16_t *ptr)
1192:Middlewares/ST/STM32_USB_Device_Library/Core/Src/usbd_core.c **** {
 1718              		.loc 1 1192 1 is_stmt 1 view -0
 1719              		.cfi_startproc
ARM GAS  C:\Users\Domagoj\AppData\Local\Temp\ccBZxoYs.s 			page 55


 1720              		@ args = 0, pretend = 0, frame = 0
 1721              		@ frame_needed = 0, uses_anonymous_args = 0
 1722              		@ link register save eliminated.
1193:Middlewares/ST/STM32_USB_Device_Library/Core/Src/usbd_core.c ****   USBD_DescHeaderTypeDef *pnext = (USBD_DescHeaderTypeDef *)(void *)pbuf;
 1723              		.loc 1 1193 3 view .LVU472
1194:Middlewares/ST/STM32_USB_Device_Library/Core/Src/usbd_core.c **** 
1195:Middlewares/ST/STM32_USB_Device_Library/Core/Src/usbd_core.c ****   *ptr += pnext->bLength;
 1724              		.loc 1 1195 3 view .LVU473
 1725 0000 0B88     		ldrh	r3, [r1]
 1726              		.loc 1 1195 16 is_stmt 0 view .LVU474
 1727 0002 0278     		ldrb	r2, [r0]
 1728              		.loc 1 1195 8 view .LVU475
 1729 0004 9B18     		adds	r3, r3, r2
 1730 0006 0B80     		strh	r3, [r1]
1196:Middlewares/ST/STM32_USB_Device_Library/Core/Src/usbd_core.c ****   pnext = (USBD_DescHeaderTypeDef *)(void *)(pbuf + pnext->bLength);
 1731              		.loc 1 1196 3 is_stmt 1 view .LVU476
 1732              		.loc 1 1196 58 is_stmt 0 view .LVU477
 1733 0008 0378     		ldrb	r3, [r0]
 1734              		.loc 1 1196 9 view .LVU478
 1735 000a C018     		adds	r0, r0, r3
 1736              	.LVL153:
1197:Middlewares/ST/STM32_USB_Device_Library/Core/Src/usbd_core.c **** 
1198:Middlewares/ST/STM32_USB_Device_Library/Core/Src/usbd_core.c ****   return (pnext);
 1737              		.loc 1 1198 3 is_stmt 1 view .LVU479
1199:Middlewares/ST/STM32_USB_Device_Library/Core/Src/usbd_core.c **** }
 1738              		.loc 1 1199 1 is_stmt 0 view .LVU480
 1739              		@ sp needed
 1740 000c 7047     		bx	lr
 1741              		.cfi_endproc
 1742              	.LFE393:
 1744              		.section	.text.USBD_GetEpDesc,"ax",%progbits
 1745              		.align	1
 1746              		.global	USBD_GetEpDesc
 1747              		.syntax unified
 1748              		.code	16
 1749              		.thumb_func
 1751              	USBD_GetEpDesc:
 1752              	.LVL154:
 1753              	.LFB392:
1151:Middlewares/ST/STM32_USB_Device_Library/Core/Src/usbd_core.c ****   USBD_DescHeaderTypeDef *pdesc = (USBD_DescHeaderTypeDef *)(void *)pConfDesc;
 1754              		.loc 1 1151 1 is_stmt 1 view -0
 1755              		.cfi_startproc
 1756              		@ args = 0, pretend = 0, frame = 8
 1757              		@ frame_needed = 0, uses_anonymous_args = 0
1151:Middlewares/ST/STM32_USB_Device_Library/Core/Src/usbd_core.c ****   USBD_DescHeaderTypeDef *pdesc = (USBD_DescHeaderTypeDef *)(void *)pConfDesc;
 1758              		.loc 1 1151 1 is_stmt 0 view .LVU482
 1759 0000 30B5     		push	{r4, r5, lr}
 1760              	.LCFI16:
 1761              		.cfi_def_cfa_offset 12
 1762              		.cfi_offset 4, -12
 1763              		.cfi_offset 5, -8
 1764              		.cfi_offset 14, -4
 1765 0002 83B0     		sub	sp, sp, #12
 1766              	.LCFI17:
 1767              		.cfi_def_cfa_offset 24
 1768 0004 0400     		movs	r4, r0
 1769 0006 0D00     		movs	r5, r1
ARM GAS  C:\Users\Domagoj\AppData\Local\Temp\ccBZxoYs.s 			page 56


1152:Middlewares/ST/STM32_USB_Device_Library/Core/Src/usbd_core.c ****   USBD_ConfigDescTypeDef *desc = (USBD_ConfigDescTypeDef *)(void *)pConfDesc;
 1770              		.loc 1 1152 3 is_stmt 1 view .LVU483
 1771              	.LVL155:
1153:Middlewares/ST/STM32_USB_Device_Library/Core/Src/usbd_core.c ****   USBD_EpDescTypeDef *pEpDesc = NULL;
 1772              		.loc 1 1153 3 view .LVU484
1154:Middlewares/ST/STM32_USB_Device_Library/Core/Src/usbd_core.c ****   uint16_t ptr;
 1773              		.loc 1 1154 3 view .LVU485
1155:Middlewares/ST/STM32_USB_Device_Library/Core/Src/usbd_core.c **** 
 1774              		.loc 1 1155 3 view .LVU486
1157:Middlewares/ST/STM32_USB_Device_Library/Core/Src/usbd_core.c ****   {
 1775              		.loc 1 1157 3 view .LVU487
1157:Middlewares/ST/STM32_USB_Device_Library/Core/Src/usbd_core.c ****   {
 1776              		.loc 1 1157 11 is_stmt 0 view .LVU488
 1777 0008 8278     		ldrb	r2, [r0, #2]
 1778 000a C378     		ldrb	r3, [r0, #3]
 1779 000c 1B02     		lsls	r3, r3, #8
 1780 000e 1343     		orrs	r3, r2
1157:Middlewares/ST/STM32_USB_Device_Library/Core/Src/usbd_core.c ****   {
 1781              		.loc 1 1157 32 view .LVU489
 1782 0010 0278     		ldrb	r2, [r0]
1157:Middlewares/ST/STM32_USB_Device_Library/Core/Src/usbd_core.c ****   {
 1783              		.loc 1 1157 6 view .LVU490
 1784 0012 9342     		cmp	r3, r2
 1785 0014 18D9     		bls	.L102
1159:Middlewares/ST/STM32_USB_Device_Library/Core/Src/usbd_core.c **** 
 1786              		.loc 1 1159 5 is_stmt 1 view .LVU491
1159:Middlewares/ST/STM32_USB_Device_Library/Core/Src/usbd_core.c **** 
 1787              		.loc 1 1159 9 is_stmt 0 view .LVU492
 1788 0016 6B46     		mov	r3, sp
 1789 0018 DA80     		strh	r2, [r3, #6]
1161:Middlewares/ST/STM32_USB_Device_Library/Core/Src/usbd_core.c ****     {
 1790              		.loc 1 1161 5 is_stmt 1 view .LVU493
 1791              	.LVL156:
 1792              	.L100:
1161:Middlewares/ST/STM32_USB_Device_Library/Core/Src/usbd_core.c ****     {
 1793              		.loc 1 1161 16 view .LVU494
1161:Middlewares/ST/STM32_USB_Device_Library/Core/Src/usbd_core.c ****     {
 1794              		.loc 1 1161 22 is_stmt 0 view .LVU495
 1795 001a A278     		ldrb	r2, [r4, #2]
 1796 001c E378     		ldrb	r3, [r4, #3]
 1797 001e 1B02     		lsls	r3, r3, #8
 1798 0020 1343     		orrs	r3, r2
1161:Middlewares/ST/STM32_USB_Device_Library/Core/Src/usbd_core.c ****     {
 1799              		.loc 1 1161 16 view .LVU496
 1800 0022 6A46     		mov	r2, sp
 1801 0024 0632     		adds	r2, r2, #6
 1802 0026 1288     		ldrh	r2, [r2]
 1803 0028 9A42     		cmp	r2, r3
 1804 002a 0AD2     		bcs	.L103
1163:Middlewares/ST/STM32_USB_Device_Library/Core/Src/usbd_core.c **** 
 1805              		.loc 1 1163 7 is_stmt 1 view .LVU497
1163:Middlewares/ST/STM32_USB_Device_Library/Core/Src/usbd_core.c **** 
 1806              		.loc 1 1163 15 is_stmt 0 view .LVU498
 1807 002c 6B46     		mov	r3, sp
 1808 002e 991D     		adds	r1, r3, #6
 1809 0030 FFF7FEFF 		bl	USBD_GetNextDesc
 1810              	.LVL157:
ARM GAS  C:\Users\Domagoj\AppData\Local\Temp\ccBZxoYs.s 			page 57


1165:Middlewares/ST/STM32_USB_Device_Library/Core/Src/usbd_core.c ****       {
 1811              		.loc 1 1165 7 is_stmt 1 view .LVU499
1165:Middlewares/ST/STM32_USB_Device_Library/Core/Src/usbd_core.c ****       {
 1812              		.loc 1 1165 16 is_stmt 0 view .LVU500
 1813 0034 4378     		ldrb	r3, [r0, #1]
1165:Middlewares/ST/STM32_USB_Device_Library/Core/Src/usbd_core.c ****       {
 1814              		.loc 1 1165 10 view .LVU501
 1815 0036 052B     		cmp	r3, #5
 1816 0038 EFD1     		bne	.L100
1167:Middlewares/ST/STM32_USB_Device_Library/Core/Src/usbd_core.c **** 
 1817              		.loc 1 1167 9 is_stmt 1 view .LVU502
 1818              	.LVL158:
1169:Middlewares/ST/STM32_USB_Device_Library/Core/Src/usbd_core.c ****         {
 1819              		.loc 1 1169 9 view .LVU503
1169:Middlewares/ST/STM32_USB_Device_Library/Core/Src/usbd_core.c ****         {
 1820              		.loc 1 1169 20 is_stmt 0 view .LVU504
 1821 003a 8378     		ldrb	r3, [r0, #2]
1169:Middlewares/ST/STM32_USB_Device_Library/Core/Src/usbd_core.c ****         {
 1822              		.loc 1 1169 12 view .LVU505
 1823 003c AB42     		cmp	r3, r5
 1824 003e ECD1     		bne	.L100
 1825 0040 00E0     		b	.L98
 1826              	.LVL159:
 1827              	.L103:
1169:Middlewares/ST/STM32_USB_Device_Library/Core/Src/usbd_core.c ****         {
 1828              		.loc 1 1169 12 view .LVU506
 1829 0042 0020     		movs	r0, #0
 1830              	.LVL160:
 1831              	.L98:
1182:Middlewares/ST/STM32_USB_Device_Library/Core/Src/usbd_core.c **** 
 1832              		.loc 1 1182 1 view .LVU507
 1833 0044 03B0     		add	sp, sp, #12
 1834              		@ sp needed
 1835              	.LVL161:
 1836              	.LVL162:
1182:Middlewares/ST/STM32_USB_Device_Library/Core/Src/usbd_core.c **** 
 1837              		.loc 1 1182 1 view .LVU508
 1838 0046 30BD     		pop	{r4, r5, pc}
 1839              	.LVL163:
 1840              	.L102:
1154:Middlewares/ST/STM32_USB_Device_Library/Core/Src/usbd_core.c ****   uint16_t ptr;
 1841              		.loc 1 1154 23 view .LVU509
 1842 0048 0020     		movs	r0, #0
 1843              	.LVL164:
1181:Middlewares/ST/STM32_USB_Device_Library/Core/Src/usbd_core.c **** }
 1844              		.loc 1 1181 3 is_stmt 1 view .LVU510
1181:Middlewares/ST/STM32_USB_Device_Library/Core/Src/usbd_core.c **** }
 1845              		.loc 1 1181 10 is_stmt 0 view .LVU511
 1846 004a FBE7     		b	.L98
 1847              		.cfi_endproc
 1848              	.LFE392:
 1850              		.text
 1851              	.Letext0:
 1852              		.file 2 "C:\\ST\\STM32CubeIDE_2.2.0\\STM32CubeIDE\\plugins\\com.st.stm32cube.ide.mcu.externaltools
 1853              		.file 3 "C:\\ST\\STM32CubeIDE_2.2.0\\STM32CubeIDE\\plugins\\com.st.stm32cube.ide.mcu.externaltools
 1854              		.file 4 "Middlewares/ST/STM32_USB_Device_Library/Core/Inc/usbd_def.h"
 1855              		.file 5 "Middlewares/ST/STM32_USB_Device_Library/Core/Inc/usbd_core.h"
ARM GAS  C:\Users\Domagoj\AppData\Local\Temp\ccBZxoYs.s 			page 58


 1856              		.file 6 "Middlewares/ST/STM32_USB_Device_Library/Core/Inc/usbd_ioreq.h"
 1857              		.file 7 "Middlewares/ST/STM32_USB_Device_Library/Core/Inc/usbd_ctlreq.h"
 1858              		.file 8 "Drivers/STM32G0xx_HAL_Driver/Inc/stm32g0xx_ll_dma.h"
ARM GAS  C:\Users\Domagoj\AppData\Local\Temp\ccBZxoYs.s 			page 59


DEFINED SYMBOLS
                            *ABS*:00000000 usbd_core.c
C:\Users\Domagoj\AppData\Local\Temp\ccBZxoYs.s:19     .text.USBD_Init:00000000 $t
C:\Users\Domagoj\AppData\Local\Temp\ccBZxoYs.s:25     .text.USBD_Init:00000000 USBD_Init
C:\Users\Domagoj\AppData\Local\Temp\ccBZxoYs.s:98     .text.USBD_DeInit:00000000 $t
C:\Users\Domagoj\AppData\Local\Temp\ccBZxoYs.s:104    .text.USBD_DeInit:00000000 USBD_DeInit
C:\Users\Domagoj\AppData\Local\Temp\ccBZxoYs.s:174    .text.USBD_RegisterClass:00000000 $t
C:\Users\Domagoj\AppData\Local\Temp\ccBZxoYs.s:180    .text.USBD_RegisterClass:00000000 USBD_RegisterClass
C:\Users\Domagoj\AppData\Local\Temp\ccBZxoYs.s:268    .text.USBD_Start:00000000 $t
C:\Users\Domagoj\AppData\Local\Temp\ccBZxoYs.s:274    .text.USBD_Start:00000000 USBD_Start
C:\Users\Domagoj\AppData\Local\Temp\ccBZxoYs.s:298    .text.USBD_Stop:00000000 $t
C:\Users\Domagoj\AppData\Local\Temp\ccBZxoYs.s:304    .text.USBD_Stop:00000000 USBD_Stop
C:\Users\Domagoj\AppData\Local\Temp\ccBZxoYs.s:350    .text.USBD_RunTestMode:00000000 $t
C:\Users\Domagoj\AppData\Local\Temp\ccBZxoYs.s:356    .text.USBD_RunTestMode:00000000 USBD_RunTestMode
C:\Users\Domagoj\AppData\Local\Temp\ccBZxoYs.s:376    .text.USBD_SetClassConfig:00000000 $t
C:\Users\Domagoj\AppData\Local\Temp\ccBZxoYs.s:382    .text.USBD_SetClassConfig:00000000 USBD_SetClassConfig
C:\Users\Domagoj\AppData\Local\Temp\ccBZxoYs.s:427    .text.USBD_ClrClassConfig:00000000 $t
C:\Users\Domagoj\AppData\Local\Temp\ccBZxoYs.s:433    .text.USBD_ClrClassConfig:00000000 USBD_ClrClassConfig
C:\Users\Domagoj\AppData\Local\Temp\ccBZxoYs.s:476    .text.USBD_LL_SetupStage:00000000 $t
C:\Users\Domagoj\AppData\Local\Temp\ccBZxoYs.s:482    .text.USBD_LL_SetupStage:00000000 USBD_LL_SetupStage
C:\Users\Domagoj\AppData\Local\Temp\ccBZxoYs.s:582    .text.USBD_LL_SetupStage:0000005c $d
C:\Users\Domagoj\AppData\Local\Temp\ccBZxoYs.s:587    .text.USBD_LL_Reset:00000000 $t
C:\Users\Domagoj\AppData\Local\Temp\ccBZxoYs.s:593    .text.USBD_LL_Reset:00000000 USBD_LL_Reset
C:\Users\Domagoj\AppData\Local\Temp\ccBZxoYs.s:720    .text.USBD_LL_SetSpeed:00000000 $t
C:\Users\Domagoj\AppData\Local\Temp\ccBZxoYs.s:726    .text.USBD_LL_SetSpeed:00000000 USBD_LL_SetSpeed
C:\Users\Domagoj\AppData\Local\Temp\ccBZxoYs.s:748    .text.USBD_LL_Suspend:00000000 $t
C:\Users\Domagoj\AppData\Local\Temp\ccBZxoYs.s:754    .text.USBD_LL_Suspend:00000000 USBD_LL_Suspend
C:\Users\Domagoj\AppData\Local\Temp\ccBZxoYs.s:796    .text.USBD_LL_Suspend:00000024 $d
C:\Users\Domagoj\AppData\Local\Temp\ccBZxoYs.s:801    .text.USBD_LL_Resume:00000000 $t
C:\Users\Domagoj\AppData\Local\Temp\ccBZxoYs.s:807    .text.USBD_LL_Resume:00000000 USBD_LL_Resume
C:\Users\Domagoj\AppData\Local\Temp\ccBZxoYs.s:846    .text.USBD_LL_Resume:0000001c $d
C:\Users\Domagoj\AppData\Local\Temp\ccBZxoYs.s:851    .text.USBD_LL_SOF:00000000 $t
C:\Users\Domagoj\AppData\Local\Temp\ccBZxoYs.s:857    .text.USBD_LL_SOF:00000000 USBD_LL_SOF
C:\Users\Domagoj\AppData\Local\Temp\ccBZxoYs.s:911    .text.USBD_LL_IsoINIncomplete:00000000 $t
C:\Users\Domagoj\AppData\Local\Temp\ccBZxoYs.s:917    .text.USBD_LL_IsoINIncomplete:00000000 USBD_LL_IsoINIncomplete
C:\Users\Domagoj\AppData\Local\Temp\ccBZxoYs.s:990    .text.USBD_LL_IsoOUTIncomplete:00000000 $t
C:\Users\Domagoj\AppData\Local\Temp\ccBZxoYs.s:996    .text.USBD_LL_IsoOUTIncomplete:00000000 USBD_LL_IsoOUTIncomplete
C:\Users\Domagoj\AppData\Local\Temp\ccBZxoYs.s:1069   .text.USBD_LL_DevConnected:00000000 $t
C:\Users\Domagoj\AppData\Local\Temp\ccBZxoYs.s:1075   .text.USBD_LL_DevConnected:00000000 USBD_LL_DevConnected
C:\Users\Domagoj\AppData\Local\Temp\ccBZxoYs.s:1095   .text.USBD_LL_DevDisconnected:00000000 $t
C:\Users\Domagoj\AppData\Local\Temp\ccBZxoYs.s:1101   .text.USBD_LL_DevDisconnected:00000000 USBD_LL_DevDisconnected
C:\Users\Domagoj\AppData\Local\Temp\ccBZxoYs.s:1160   .text.USBD_CoreFindIF:00000000 $t
C:\Users\Domagoj\AppData\Local\Temp\ccBZxoYs.s:1166   .text.USBD_CoreFindIF:00000000 USBD_CoreFindIF
C:\Users\Domagoj\AppData\Local\Temp\ccBZxoYs.s:1187   .text.USBD_CoreFindEP:00000000 $t
C:\Users\Domagoj\AppData\Local\Temp\ccBZxoYs.s:1193   .text.USBD_CoreFindEP:00000000 USBD_CoreFindEP
C:\Users\Domagoj\AppData\Local\Temp\ccBZxoYs.s:1214   .text.USBD_LL_DataOutStage:00000000 $t
C:\Users\Domagoj\AppData\Local\Temp\ccBZxoYs.s:1220   .text.USBD_LL_DataOutStage:00000000 USBD_LL_DataOutStage
C:\Users\Domagoj\AppData\Local\Temp\ccBZxoYs.s:1451   .text.USBD_LL_DataOutStage:000000d4 $d
C:\Users\Domagoj\AppData\Local\Temp\ccBZxoYs.s:1457   .text.USBD_LL_DataInStage:00000000 $t
C:\Users\Domagoj\AppData\Local\Temp\ccBZxoYs.s:1463   .text.USBD_LL_DataInStage:00000000 USBD_LL_DataInStage
C:\Users\Domagoj\AppData\Local\Temp\ccBZxoYs.s:1709   .text.USBD_GetNextDesc:00000000 $t
C:\Users\Domagoj\AppData\Local\Temp\ccBZxoYs.s:1715   .text.USBD_GetNextDesc:00000000 USBD_GetNextDesc
C:\Users\Domagoj\AppData\Local\Temp\ccBZxoYs.s:1745   .text.USBD_GetEpDesc:00000000 $t
C:\Users\Domagoj\AppData\Local\Temp\ccBZxoYs.s:1751   .text.USBD_GetEpDesc:00000000 USBD_GetEpDesc

UNDEFINED SYMBOLS
USBD_LL_Init
ARM GAS  C:\Users\Domagoj\AppData\Local\Temp\ccBZxoYs.s 			page 60


USBD_LL_Stop
USBD_LL_DeInit
USBD_LL_Start
USBD_ParseSetupRequest
USBD_StdDevReq
USBD_StdItfReq
USBD_StdEPReq
USBD_LL_StallEP
USBD_LL_OpenEP
USBD_CtlContinueRx
USBD_CtlSendStatus
USBD_CtlReceiveStatus
USBD_CtlContinueSendData
USBD_LL_PrepareReceive
