ARM GAS  C:\Users\Domagoj\AppData\Local\Temp\ccZJCFTU.s 			page 1


   1              		.cpu cortex-m0plus
   2              		.arch armv6s-m
   3              		.fpu softvfp
   4              		.eabi_attribute 20, 1
   5              		.eabi_attribute 21, 1
   6              		.eabi_attribute 23, 3
   7              		.eabi_attribute 24, 1
   8              		.eabi_attribute 25, 1
   9              		.eabi_attribute 26, 1
  10              		.eabi_attribute 30, 1
  11              		.eabi_attribute 34, 0
  12              		.eabi_attribute 18, 4
  13              		.file	"usbd_ctlreq.c"
  14              		.text
  15              	.Ltext0:
  16              		.cfi_sections	.debug_frame
  17              		.file 1 "Middlewares/ST/STM32_USB_Device_Library/Core/Src/usbd_ctlreq.c"
  18              		.section	.text.USBD_GetLen,"ax",%progbits
  19              		.align	1
  20              		.syntax unified
  21              		.code	16
  22              		.thumb_func
  24              	USBD_GetLen:
  25              	.LVL0:
  26              	.LFB383:
   1:Middlewares/ST/STM32_USB_Device_Library/Core/Src/usbd_ctlreq.c **** /**
   2:Middlewares/ST/STM32_USB_Device_Library/Core/Src/usbd_ctlreq.c ****   ******************************************************************************
   3:Middlewares/ST/STM32_USB_Device_Library/Core/Src/usbd_ctlreq.c ****   * @file    usbd_req.c
   4:Middlewares/ST/STM32_USB_Device_Library/Core/Src/usbd_ctlreq.c ****   * @author  MCD Application Team
   5:Middlewares/ST/STM32_USB_Device_Library/Core/Src/usbd_ctlreq.c ****   * @brief   This file provides the standard USB requests following chapter 9.
   6:Middlewares/ST/STM32_USB_Device_Library/Core/Src/usbd_ctlreq.c ****   ******************************************************************************
   7:Middlewares/ST/STM32_USB_Device_Library/Core/Src/usbd_ctlreq.c ****   * @attention
   8:Middlewares/ST/STM32_USB_Device_Library/Core/Src/usbd_ctlreq.c ****   *
   9:Middlewares/ST/STM32_USB_Device_Library/Core/Src/usbd_ctlreq.c ****   * Copyright (c) 2015 STMicroelectronics.
  10:Middlewares/ST/STM32_USB_Device_Library/Core/Src/usbd_ctlreq.c ****   * All rights reserved.
  11:Middlewares/ST/STM32_USB_Device_Library/Core/Src/usbd_ctlreq.c ****   *
  12:Middlewares/ST/STM32_USB_Device_Library/Core/Src/usbd_ctlreq.c ****   * This software is licensed under terms that can be found in the LICENSE file
  13:Middlewares/ST/STM32_USB_Device_Library/Core/Src/usbd_ctlreq.c ****   * in the root directory of this software component.
  14:Middlewares/ST/STM32_USB_Device_Library/Core/Src/usbd_ctlreq.c ****   * If no LICENSE file comes with this software, it is provided AS-IS.
  15:Middlewares/ST/STM32_USB_Device_Library/Core/Src/usbd_ctlreq.c ****   *
  16:Middlewares/ST/STM32_USB_Device_Library/Core/Src/usbd_ctlreq.c ****   ******************************************************************************
  17:Middlewares/ST/STM32_USB_Device_Library/Core/Src/usbd_ctlreq.c ****   */
  18:Middlewares/ST/STM32_USB_Device_Library/Core/Src/usbd_ctlreq.c **** 
  19:Middlewares/ST/STM32_USB_Device_Library/Core/Src/usbd_ctlreq.c **** /* Includes ------------------------------------------------------------------*/
  20:Middlewares/ST/STM32_USB_Device_Library/Core/Src/usbd_ctlreq.c **** #include "usbd_ctlreq.h"
  21:Middlewares/ST/STM32_USB_Device_Library/Core/Src/usbd_ctlreq.c **** #include "usbd_ioreq.h"
  22:Middlewares/ST/STM32_USB_Device_Library/Core/Src/usbd_ctlreq.c **** 
  23:Middlewares/ST/STM32_USB_Device_Library/Core/Src/usbd_ctlreq.c **** #ifdef USE_USBD_COMPOSITE
  24:Middlewares/ST/STM32_USB_Device_Library/Core/Src/usbd_ctlreq.c **** #include "usbd_composite_builder.h"
  25:Middlewares/ST/STM32_USB_Device_Library/Core/Src/usbd_ctlreq.c **** #endif /* USE_USBD_COMPOSITE */
  26:Middlewares/ST/STM32_USB_Device_Library/Core/Src/usbd_ctlreq.c **** 
  27:Middlewares/ST/STM32_USB_Device_Library/Core/Src/usbd_ctlreq.c **** /** @addtogroup STM32_USBD_STATE_DEVICE_LIBRARY
  28:Middlewares/ST/STM32_USB_Device_Library/Core/Src/usbd_ctlreq.c ****   * @{
  29:Middlewares/ST/STM32_USB_Device_Library/Core/Src/usbd_ctlreq.c ****   */
  30:Middlewares/ST/STM32_USB_Device_Library/Core/Src/usbd_ctlreq.c **** 
  31:Middlewares/ST/STM32_USB_Device_Library/Core/Src/usbd_ctlreq.c **** 
  32:Middlewares/ST/STM32_USB_Device_Library/Core/Src/usbd_ctlreq.c **** /** @defgroup USBD_REQ
ARM GAS  C:\Users\Domagoj\AppData\Local\Temp\ccZJCFTU.s 			page 2


  33:Middlewares/ST/STM32_USB_Device_Library/Core/Src/usbd_ctlreq.c ****   * @brief USB standard requests module
  34:Middlewares/ST/STM32_USB_Device_Library/Core/Src/usbd_ctlreq.c ****   * @{
  35:Middlewares/ST/STM32_USB_Device_Library/Core/Src/usbd_ctlreq.c ****   */
  36:Middlewares/ST/STM32_USB_Device_Library/Core/Src/usbd_ctlreq.c **** 
  37:Middlewares/ST/STM32_USB_Device_Library/Core/Src/usbd_ctlreq.c **** /** @defgroup USBD_REQ_Private_TypesDefinitions
  38:Middlewares/ST/STM32_USB_Device_Library/Core/Src/usbd_ctlreq.c ****   * @{
  39:Middlewares/ST/STM32_USB_Device_Library/Core/Src/usbd_ctlreq.c ****   */
  40:Middlewares/ST/STM32_USB_Device_Library/Core/Src/usbd_ctlreq.c **** 
  41:Middlewares/ST/STM32_USB_Device_Library/Core/Src/usbd_ctlreq.c **** /**
  42:Middlewares/ST/STM32_USB_Device_Library/Core/Src/usbd_ctlreq.c ****   * @}
  43:Middlewares/ST/STM32_USB_Device_Library/Core/Src/usbd_ctlreq.c ****   */
  44:Middlewares/ST/STM32_USB_Device_Library/Core/Src/usbd_ctlreq.c **** 
  45:Middlewares/ST/STM32_USB_Device_Library/Core/Src/usbd_ctlreq.c **** 
  46:Middlewares/ST/STM32_USB_Device_Library/Core/Src/usbd_ctlreq.c **** /** @defgroup USBD_REQ_Private_Defines
  47:Middlewares/ST/STM32_USB_Device_Library/Core/Src/usbd_ctlreq.c ****   * @{
  48:Middlewares/ST/STM32_USB_Device_Library/Core/Src/usbd_ctlreq.c ****   */
  49:Middlewares/ST/STM32_USB_Device_Library/Core/Src/usbd_ctlreq.c **** 
  50:Middlewares/ST/STM32_USB_Device_Library/Core/Src/usbd_ctlreq.c **** /**
  51:Middlewares/ST/STM32_USB_Device_Library/Core/Src/usbd_ctlreq.c ****   * @}
  52:Middlewares/ST/STM32_USB_Device_Library/Core/Src/usbd_ctlreq.c ****   */
  53:Middlewares/ST/STM32_USB_Device_Library/Core/Src/usbd_ctlreq.c **** 
  54:Middlewares/ST/STM32_USB_Device_Library/Core/Src/usbd_ctlreq.c **** 
  55:Middlewares/ST/STM32_USB_Device_Library/Core/Src/usbd_ctlreq.c **** /** @defgroup USBD_REQ_Private_Macros
  56:Middlewares/ST/STM32_USB_Device_Library/Core/Src/usbd_ctlreq.c ****   * @{
  57:Middlewares/ST/STM32_USB_Device_Library/Core/Src/usbd_ctlreq.c ****   */
  58:Middlewares/ST/STM32_USB_Device_Library/Core/Src/usbd_ctlreq.c **** 
  59:Middlewares/ST/STM32_USB_Device_Library/Core/Src/usbd_ctlreq.c **** /**
  60:Middlewares/ST/STM32_USB_Device_Library/Core/Src/usbd_ctlreq.c ****   * @}
  61:Middlewares/ST/STM32_USB_Device_Library/Core/Src/usbd_ctlreq.c ****   */
  62:Middlewares/ST/STM32_USB_Device_Library/Core/Src/usbd_ctlreq.c **** 
  63:Middlewares/ST/STM32_USB_Device_Library/Core/Src/usbd_ctlreq.c **** 
  64:Middlewares/ST/STM32_USB_Device_Library/Core/Src/usbd_ctlreq.c **** /** @defgroup USBD_REQ_Private_Variables
  65:Middlewares/ST/STM32_USB_Device_Library/Core/Src/usbd_ctlreq.c ****   * @{
  66:Middlewares/ST/STM32_USB_Device_Library/Core/Src/usbd_ctlreq.c ****   */
  67:Middlewares/ST/STM32_USB_Device_Library/Core/Src/usbd_ctlreq.c **** 
  68:Middlewares/ST/STM32_USB_Device_Library/Core/Src/usbd_ctlreq.c **** /**
  69:Middlewares/ST/STM32_USB_Device_Library/Core/Src/usbd_ctlreq.c ****   * @}
  70:Middlewares/ST/STM32_USB_Device_Library/Core/Src/usbd_ctlreq.c ****   */
  71:Middlewares/ST/STM32_USB_Device_Library/Core/Src/usbd_ctlreq.c **** 
  72:Middlewares/ST/STM32_USB_Device_Library/Core/Src/usbd_ctlreq.c **** 
  73:Middlewares/ST/STM32_USB_Device_Library/Core/Src/usbd_ctlreq.c **** /** @defgroup USBD_REQ_Private_FunctionPrototypes
  74:Middlewares/ST/STM32_USB_Device_Library/Core/Src/usbd_ctlreq.c ****   * @{
  75:Middlewares/ST/STM32_USB_Device_Library/Core/Src/usbd_ctlreq.c ****   */
  76:Middlewares/ST/STM32_USB_Device_Library/Core/Src/usbd_ctlreq.c **** static void USBD_GetDescriptor(USBD_HandleTypeDef *pdev, USBD_SetupReqTypedef *req);
  77:Middlewares/ST/STM32_USB_Device_Library/Core/Src/usbd_ctlreq.c **** static void USBD_SetAddress(USBD_HandleTypeDef *pdev, USBD_SetupReqTypedef *req);
  78:Middlewares/ST/STM32_USB_Device_Library/Core/Src/usbd_ctlreq.c **** static USBD_StatusTypeDef USBD_SetConfig(USBD_HandleTypeDef *pdev, USBD_SetupReqTypedef *req);
  79:Middlewares/ST/STM32_USB_Device_Library/Core/Src/usbd_ctlreq.c **** static void USBD_GetConfig(USBD_HandleTypeDef *pdev, USBD_SetupReqTypedef *req);
  80:Middlewares/ST/STM32_USB_Device_Library/Core/Src/usbd_ctlreq.c **** static void USBD_GetStatus(USBD_HandleTypeDef *pdev, USBD_SetupReqTypedef *req);
  81:Middlewares/ST/STM32_USB_Device_Library/Core/Src/usbd_ctlreq.c **** static void USBD_SetFeature(USBD_HandleTypeDef *pdev, USBD_SetupReqTypedef *req);
  82:Middlewares/ST/STM32_USB_Device_Library/Core/Src/usbd_ctlreq.c **** static void USBD_ClrFeature(USBD_HandleTypeDef *pdev, USBD_SetupReqTypedef *req);
  83:Middlewares/ST/STM32_USB_Device_Library/Core/Src/usbd_ctlreq.c **** static uint8_t USBD_GetLen(uint8_t *buf);
  84:Middlewares/ST/STM32_USB_Device_Library/Core/Src/usbd_ctlreq.c **** 
  85:Middlewares/ST/STM32_USB_Device_Library/Core/Src/usbd_ctlreq.c **** /**
  86:Middlewares/ST/STM32_USB_Device_Library/Core/Src/usbd_ctlreq.c ****   * @}
  87:Middlewares/ST/STM32_USB_Device_Library/Core/Src/usbd_ctlreq.c ****   */
  88:Middlewares/ST/STM32_USB_Device_Library/Core/Src/usbd_ctlreq.c **** 
  89:Middlewares/ST/STM32_USB_Device_Library/Core/Src/usbd_ctlreq.c **** 
ARM GAS  C:\Users\Domagoj\AppData\Local\Temp\ccZJCFTU.s 			page 3


  90:Middlewares/ST/STM32_USB_Device_Library/Core/Src/usbd_ctlreq.c **** /** @defgroup USBD_REQ_Private_Functions
  91:Middlewares/ST/STM32_USB_Device_Library/Core/Src/usbd_ctlreq.c ****   * @{
  92:Middlewares/ST/STM32_USB_Device_Library/Core/Src/usbd_ctlreq.c ****   */
  93:Middlewares/ST/STM32_USB_Device_Library/Core/Src/usbd_ctlreq.c **** 
  94:Middlewares/ST/STM32_USB_Device_Library/Core/Src/usbd_ctlreq.c **** 
  95:Middlewares/ST/STM32_USB_Device_Library/Core/Src/usbd_ctlreq.c **** /**
  96:Middlewares/ST/STM32_USB_Device_Library/Core/Src/usbd_ctlreq.c ****   * @brief  USBD_StdDevReq
  97:Middlewares/ST/STM32_USB_Device_Library/Core/Src/usbd_ctlreq.c ****   *         Handle standard usb device requests
  98:Middlewares/ST/STM32_USB_Device_Library/Core/Src/usbd_ctlreq.c ****   * @param  pdev: device instance
  99:Middlewares/ST/STM32_USB_Device_Library/Core/Src/usbd_ctlreq.c ****   * @param  req: usb request
 100:Middlewares/ST/STM32_USB_Device_Library/Core/Src/usbd_ctlreq.c ****   * @retval status
 101:Middlewares/ST/STM32_USB_Device_Library/Core/Src/usbd_ctlreq.c ****   */
 102:Middlewares/ST/STM32_USB_Device_Library/Core/Src/usbd_ctlreq.c **** USBD_StatusTypeDef USBD_StdDevReq(USBD_HandleTypeDef *pdev, USBD_SetupReqTypedef *req)
 103:Middlewares/ST/STM32_USB_Device_Library/Core/Src/usbd_ctlreq.c **** {
 104:Middlewares/ST/STM32_USB_Device_Library/Core/Src/usbd_ctlreq.c ****   USBD_StatusTypeDef ret = USBD_OK;
 105:Middlewares/ST/STM32_USB_Device_Library/Core/Src/usbd_ctlreq.c **** 
 106:Middlewares/ST/STM32_USB_Device_Library/Core/Src/usbd_ctlreq.c ****   switch (req->bmRequest & USB_REQ_TYPE_MASK)
 107:Middlewares/ST/STM32_USB_Device_Library/Core/Src/usbd_ctlreq.c ****   {
 108:Middlewares/ST/STM32_USB_Device_Library/Core/Src/usbd_ctlreq.c ****     case USB_REQ_TYPE_CLASS:
 109:Middlewares/ST/STM32_USB_Device_Library/Core/Src/usbd_ctlreq.c ****     case USB_REQ_TYPE_VENDOR:
 110:Middlewares/ST/STM32_USB_Device_Library/Core/Src/usbd_ctlreq.c ****       ret = (USBD_StatusTypeDef)pdev->pClass[pdev->classId]->Setup(pdev, req);
 111:Middlewares/ST/STM32_USB_Device_Library/Core/Src/usbd_ctlreq.c ****       break;
 112:Middlewares/ST/STM32_USB_Device_Library/Core/Src/usbd_ctlreq.c **** 
 113:Middlewares/ST/STM32_USB_Device_Library/Core/Src/usbd_ctlreq.c ****     case USB_REQ_TYPE_STANDARD:
 114:Middlewares/ST/STM32_USB_Device_Library/Core/Src/usbd_ctlreq.c ****       switch (req->bRequest)
 115:Middlewares/ST/STM32_USB_Device_Library/Core/Src/usbd_ctlreq.c ****       {
 116:Middlewares/ST/STM32_USB_Device_Library/Core/Src/usbd_ctlreq.c ****         case USB_REQ_GET_DESCRIPTOR:
 117:Middlewares/ST/STM32_USB_Device_Library/Core/Src/usbd_ctlreq.c ****           USBD_GetDescriptor(pdev, req);
 118:Middlewares/ST/STM32_USB_Device_Library/Core/Src/usbd_ctlreq.c ****           break;
 119:Middlewares/ST/STM32_USB_Device_Library/Core/Src/usbd_ctlreq.c **** 
 120:Middlewares/ST/STM32_USB_Device_Library/Core/Src/usbd_ctlreq.c ****         case USB_REQ_SET_ADDRESS:
 121:Middlewares/ST/STM32_USB_Device_Library/Core/Src/usbd_ctlreq.c ****           USBD_SetAddress(pdev, req);
 122:Middlewares/ST/STM32_USB_Device_Library/Core/Src/usbd_ctlreq.c ****           break;
 123:Middlewares/ST/STM32_USB_Device_Library/Core/Src/usbd_ctlreq.c **** 
 124:Middlewares/ST/STM32_USB_Device_Library/Core/Src/usbd_ctlreq.c ****         case USB_REQ_SET_CONFIGURATION:
 125:Middlewares/ST/STM32_USB_Device_Library/Core/Src/usbd_ctlreq.c ****           ret = USBD_SetConfig(pdev, req);
 126:Middlewares/ST/STM32_USB_Device_Library/Core/Src/usbd_ctlreq.c ****           break;
 127:Middlewares/ST/STM32_USB_Device_Library/Core/Src/usbd_ctlreq.c **** 
 128:Middlewares/ST/STM32_USB_Device_Library/Core/Src/usbd_ctlreq.c ****         case USB_REQ_GET_CONFIGURATION:
 129:Middlewares/ST/STM32_USB_Device_Library/Core/Src/usbd_ctlreq.c ****           USBD_GetConfig(pdev, req);
 130:Middlewares/ST/STM32_USB_Device_Library/Core/Src/usbd_ctlreq.c ****           break;
 131:Middlewares/ST/STM32_USB_Device_Library/Core/Src/usbd_ctlreq.c **** 
 132:Middlewares/ST/STM32_USB_Device_Library/Core/Src/usbd_ctlreq.c ****         case USB_REQ_GET_STATUS:
 133:Middlewares/ST/STM32_USB_Device_Library/Core/Src/usbd_ctlreq.c ****           USBD_GetStatus(pdev, req);
 134:Middlewares/ST/STM32_USB_Device_Library/Core/Src/usbd_ctlreq.c ****           break;
 135:Middlewares/ST/STM32_USB_Device_Library/Core/Src/usbd_ctlreq.c **** 
 136:Middlewares/ST/STM32_USB_Device_Library/Core/Src/usbd_ctlreq.c ****         case USB_REQ_SET_FEATURE:
 137:Middlewares/ST/STM32_USB_Device_Library/Core/Src/usbd_ctlreq.c ****           USBD_SetFeature(pdev, req);
 138:Middlewares/ST/STM32_USB_Device_Library/Core/Src/usbd_ctlreq.c ****           break;
 139:Middlewares/ST/STM32_USB_Device_Library/Core/Src/usbd_ctlreq.c **** 
 140:Middlewares/ST/STM32_USB_Device_Library/Core/Src/usbd_ctlreq.c ****         case USB_REQ_CLEAR_FEATURE:
 141:Middlewares/ST/STM32_USB_Device_Library/Core/Src/usbd_ctlreq.c ****           USBD_ClrFeature(pdev, req);
 142:Middlewares/ST/STM32_USB_Device_Library/Core/Src/usbd_ctlreq.c ****           break;
 143:Middlewares/ST/STM32_USB_Device_Library/Core/Src/usbd_ctlreq.c **** 
 144:Middlewares/ST/STM32_USB_Device_Library/Core/Src/usbd_ctlreq.c ****         default:
 145:Middlewares/ST/STM32_USB_Device_Library/Core/Src/usbd_ctlreq.c ****           USBD_CtlError(pdev, req);
 146:Middlewares/ST/STM32_USB_Device_Library/Core/Src/usbd_ctlreq.c ****           break;
ARM GAS  C:\Users\Domagoj\AppData\Local\Temp\ccZJCFTU.s 			page 4


 147:Middlewares/ST/STM32_USB_Device_Library/Core/Src/usbd_ctlreq.c ****       }
 148:Middlewares/ST/STM32_USB_Device_Library/Core/Src/usbd_ctlreq.c ****       break;
 149:Middlewares/ST/STM32_USB_Device_Library/Core/Src/usbd_ctlreq.c **** 
 150:Middlewares/ST/STM32_USB_Device_Library/Core/Src/usbd_ctlreq.c ****     default:
 151:Middlewares/ST/STM32_USB_Device_Library/Core/Src/usbd_ctlreq.c ****       USBD_CtlError(pdev, req);
 152:Middlewares/ST/STM32_USB_Device_Library/Core/Src/usbd_ctlreq.c ****       break;
 153:Middlewares/ST/STM32_USB_Device_Library/Core/Src/usbd_ctlreq.c ****   }
 154:Middlewares/ST/STM32_USB_Device_Library/Core/Src/usbd_ctlreq.c **** 
 155:Middlewares/ST/STM32_USB_Device_Library/Core/Src/usbd_ctlreq.c ****   return ret;
 156:Middlewares/ST/STM32_USB_Device_Library/Core/Src/usbd_ctlreq.c **** }
 157:Middlewares/ST/STM32_USB_Device_Library/Core/Src/usbd_ctlreq.c **** 
 158:Middlewares/ST/STM32_USB_Device_Library/Core/Src/usbd_ctlreq.c **** /**
 159:Middlewares/ST/STM32_USB_Device_Library/Core/Src/usbd_ctlreq.c ****   * @brief  USBD_StdItfReq
 160:Middlewares/ST/STM32_USB_Device_Library/Core/Src/usbd_ctlreq.c ****   *         Handle standard usb interface requests
 161:Middlewares/ST/STM32_USB_Device_Library/Core/Src/usbd_ctlreq.c ****   * @param  pdev: device instance
 162:Middlewares/ST/STM32_USB_Device_Library/Core/Src/usbd_ctlreq.c ****   * @param  req: usb request
 163:Middlewares/ST/STM32_USB_Device_Library/Core/Src/usbd_ctlreq.c ****   * @retval status
 164:Middlewares/ST/STM32_USB_Device_Library/Core/Src/usbd_ctlreq.c ****   */
 165:Middlewares/ST/STM32_USB_Device_Library/Core/Src/usbd_ctlreq.c **** USBD_StatusTypeDef USBD_StdItfReq(USBD_HandleTypeDef *pdev, USBD_SetupReqTypedef *req)
 166:Middlewares/ST/STM32_USB_Device_Library/Core/Src/usbd_ctlreq.c **** {
 167:Middlewares/ST/STM32_USB_Device_Library/Core/Src/usbd_ctlreq.c ****   USBD_StatusTypeDef ret = USBD_OK;
 168:Middlewares/ST/STM32_USB_Device_Library/Core/Src/usbd_ctlreq.c ****   uint8_t idx;
 169:Middlewares/ST/STM32_USB_Device_Library/Core/Src/usbd_ctlreq.c **** 
 170:Middlewares/ST/STM32_USB_Device_Library/Core/Src/usbd_ctlreq.c ****   switch (req->bmRequest & USB_REQ_TYPE_MASK)
 171:Middlewares/ST/STM32_USB_Device_Library/Core/Src/usbd_ctlreq.c ****   {
 172:Middlewares/ST/STM32_USB_Device_Library/Core/Src/usbd_ctlreq.c ****     case USB_REQ_TYPE_CLASS:
 173:Middlewares/ST/STM32_USB_Device_Library/Core/Src/usbd_ctlreq.c ****     case USB_REQ_TYPE_VENDOR:
 174:Middlewares/ST/STM32_USB_Device_Library/Core/Src/usbd_ctlreq.c ****     case USB_REQ_TYPE_STANDARD:
 175:Middlewares/ST/STM32_USB_Device_Library/Core/Src/usbd_ctlreq.c ****       switch (pdev->dev_state)
 176:Middlewares/ST/STM32_USB_Device_Library/Core/Src/usbd_ctlreq.c ****       {
 177:Middlewares/ST/STM32_USB_Device_Library/Core/Src/usbd_ctlreq.c ****         case USBD_STATE_DEFAULT:
 178:Middlewares/ST/STM32_USB_Device_Library/Core/Src/usbd_ctlreq.c ****         case USBD_STATE_ADDRESSED:
 179:Middlewares/ST/STM32_USB_Device_Library/Core/Src/usbd_ctlreq.c ****         case USBD_STATE_CONFIGURED:
 180:Middlewares/ST/STM32_USB_Device_Library/Core/Src/usbd_ctlreq.c **** 
 181:Middlewares/ST/STM32_USB_Device_Library/Core/Src/usbd_ctlreq.c ****           if (LOBYTE(req->wIndex) <= USBD_MAX_NUM_INTERFACES)
 182:Middlewares/ST/STM32_USB_Device_Library/Core/Src/usbd_ctlreq.c ****           {
 183:Middlewares/ST/STM32_USB_Device_Library/Core/Src/usbd_ctlreq.c ****             /* Get the class index relative to this interface */
 184:Middlewares/ST/STM32_USB_Device_Library/Core/Src/usbd_ctlreq.c ****             idx = USBD_CoreFindIF(pdev, LOBYTE(req->wIndex));
 185:Middlewares/ST/STM32_USB_Device_Library/Core/Src/usbd_ctlreq.c ****             if (((uint8_t)idx != 0xFFU) && (idx < USBD_MAX_SUPPORTED_CLASS))
 186:Middlewares/ST/STM32_USB_Device_Library/Core/Src/usbd_ctlreq.c ****             {
 187:Middlewares/ST/STM32_USB_Device_Library/Core/Src/usbd_ctlreq.c ****               /* Call the class data out function to manage the request */
 188:Middlewares/ST/STM32_USB_Device_Library/Core/Src/usbd_ctlreq.c ****               if (pdev->pClass[idx]->Setup != NULL)
 189:Middlewares/ST/STM32_USB_Device_Library/Core/Src/usbd_ctlreq.c ****               {
 190:Middlewares/ST/STM32_USB_Device_Library/Core/Src/usbd_ctlreq.c ****                 pdev->classId = idx;
 191:Middlewares/ST/STM32_USB_Device_Library/Core/Src/usbd_ctlreq.c ****                 ret = (USBD_StatusTypeDef)(pdev->pClass[idx]->Setup(pdev, req));
 192:Middlewares/ST/STM32_USB_Device_Library/Core/Src/usbd_ctlreq.c ****               }
 193:Middlewares/ST/STM32_USB_Device_Library/Core/Src/usbd_ctlreq.c ****               else
 194:Middlewares/ST/STM32_USB_Device_Library/Core/Src/usbd_ctlreq.c ****               {
 195:Middlewares/ST/STM32_USB_Device_Library/Core/Src/usbd_ctlreq.c ****                 /* should never reach this condition */
 196:Middlewares/ST/STM32_USB_Device_Library/Core/Src/usbd_ctlreq.c ****                 ret = USBD_FAIL;
 197:Middlewares/ST/STM32_USB_Device_Library/Core/Src/usbd_ctlreq.c ****               }
 198:Middlewares/ST/STM32_USB_Device_Library/Core/Src/usbd_ctlreq.c ****             }
 199:Middlewares/ST/STM32_USB_Device_Library/Core/Src/usbd_ctlreq.c ****             else
 200:Middlewares/ST/STM32_USB_Device_Library/Core/Src/usbd_ctlreq.c ****             {
 201:Middlewares/ST/STM32_USB_Device_Library/Core/Src/usbd_ctlreq.c ****               /* No relative interface found */
 202:Middlewares/ST/STM32_USB_Device_Library/Core/Src/usbd_ctlreq.c ****               ret = USBD_FAIL;
 203:Middlewares/ST/STM32_USB_Device_Library/Core/Src/usbd_ctlreq.c ****             }
ARM GAS  C:\Users\Domagoj\AppData\Local\Temp\ccZJCFTU.s 			page 5


 204:Middlewares/ST/STM32_USB_Device_Library/Core/Src/usbd_ctlreq.c **** 
 205:Middlewares/ST/STM32_USB_Device_Library/Core/Src/usbd_ctlreq.c ****             if ((req->wLength == 0U) && (ret == USBD_OK))
 206:Middlewares/ST/STM32_USB_Device_Library/Core/Src/usbd_ctlreq.c ****             {
 207:Middlewares/ST/STM32_USB_Device_Library/Core/Src/usbd_ctlreq.c ****               (void)USBD_CtlSendStatus(pdev);
 208:Middlewares/ST/STM32_USB_Device_Library/Core/Src/usbd_ctlreq.c ****             }
 209:Middlewares/ST/STM32_USB_Device_Library/Core/Src/usbd_ctlreq.c ****           }
 210:Middlewares/ST/STM32_USB_Device_Library/Core/Src/usbd_ctlreq.c ****           else
 211:Middlewares/ST/STM32_USB_Device_Library/Core/Src/usbd_ctlreq.c ****           {
 212:Middlewares/ST/STM32_USB_Device_Library/Core/Src/usbd_ctlreq.c ****             USBD_CtlError(pdev, req);
 213:Middlewares/ST/STM32_USB_Device_Library/Core/Src/usbd_ctlreq.c ****           }
 214:Middlewares/ST/STM32_USB_Device_Library/Core/Src/usbd_ctlreq.c ****           break;
 215:Middlewares/ST/STM32_USB_Device_Library/Core/Src/usbd_ctlreq.c **** 
 216:Middlewares/ST/STM32_USB_Device_Library/Core/Src/usbd_ctlreq.c ****         default:
 217:Middlewares/ST/STM32_USB_Device_Library/Core/Src/usbd_ctlreq.c ****           USBD_CtlError(pdev, req);
 218:Middlewares/ST/STM32_USB_Device_Library/Core/Src/usbd_ctlreq.c ****           break;
 219:Middlewares/ST/STM32_USB_Device_Library/Core/Src/usbd_ctlreq.c ****       }
 220:Middlewares/ST/STM32_USB_Device_Library/Core/Src/usbd_ctlreq.c ****       break;
 221:Middlewares/ST/STM32_USB_Device_Library/Core/Src/usbd_ctlreq.c **** 
 222:Middlewares/ST/STM32_USB_Device_Library/Core/Src/usbd_ctlreq.c ****     default:
 223:Middlewares/ST/STM32_USB_Device_Library/Core/Src/usbd_ctlreq.c ****       USBD_CtlError(pdev, req);
 224:Middlewares/ST/STM32_USB_Device_Library/Core/Src/usbd_ctlreq.c ****       break;
 225:Middlewares/ST/STM32_USB_Device_Library/Core/Src/usbd_ctlreq.c ****   }
 226:Middlewares/ST/STM32_USB_Device_Library/Core/Src/usbd_ctlreq.c **** 
 227:Middlewares/ST/STM32_USB_Device_Library/Core/Src/usbd_ctlreq.c ****   return ret;
 228:Middlewares/ST/STM32_USB_Device_Library/Core/Src/usbd_ctlreq.c **** }
 229:Middlewares/ST/STM32_USB_Device_Library/Core/Src/usbd_ctlreq.c **** 
 230:Middlewares/ST/STM32_USB_Device_Library/Core/Src/usbd_ctlreq.c **** /**
 231:Middlewares/ST/STM32_USB_Device_Library/Core/Src/usbd_ctlreq.c ****   * @brief  USBD_StdEPReq
 232:Middlewares/ST/STM32_USB_Device_Library/Core/Src/usbd_ctlreq.c ****   *         Handle standard usb endpoint requests
 233:Middlewares/ST/STM32_USB_Device_Library/Core/Src/usbd_ctlreq.c ****   * @param  pdev: device instance
 234:Middlewares/ST/STM32_USB_Device_Library/Core/Src/usbd_ctlreq.c ****   * @param  req: usb request
 235:Middlewares/ST/STM32_USB_Device_Library/Core/Src/usbd_ctlreq.c ****   * @retval status
 236:Middlewares/ST/STM32_USB_Device_Library/Core/Src/usbd_ctlreq.c ****   */
 237:Middlewares/ST/STM32_USB_Device_Library/Core/Src/usbd_ctlreq.c **** USBD_StatusTypeDef USBD_StdEPReq(USBD_HandleTypeDef *pdev, USBD_SetupReqTypedef *req)
 238:Middlewares/ST/STM32_USB_Device_Library/Core/Src/usbd_ctlreq.c **** {
 239:Middlewares/ST/STM32_USB_Device_Library/Core/Src/usbd_ctlreq.c ****   USBD_EndpointTypeDef *pep;
 240:Middlewares/ST/STM32_USB_Device_Library/Core/Src/usbd_ctlreq.c ****   uint8_t ep_addr;
 241:Middlewares/ST/STM32_USB_Device_Library/Core/Src/usbd_ctlreq.c ****   uint8_t idx;
 242:Middlewares/ST/STM32_USB_Device_Library/Core/Src/usbd_ctlreq.c ****   USBD_StatusTypeDef ret = USBD_OK;
 243:Middlewares/ST/STM32_USB_Device_Library/Core/Src/usbd_ctlreq.c **** 
 244:Middlewares/ST/STM32_USB_Device_Library/Core/Src/usbd_ctlreq.c ****   ep_addr = LOBYTE(req->wIndex);
 245:Middlewares/ST/STM32_USB_Device_Library/Core/Src/usbd_ctlreq.c **** 
 246:Middlewares/ST/STM32_USB_Device_Library/Core/Src/usbd_ctlreq.c ****   switch (req->bmRequest & USB_REQ_TYPE_MASK)
 247:Middlewares/ST/STM32_USB_Device_Library/Core/Src/usbd_ctlreq.c ****   {
 248:Middlewares/ST/STM32_USB_Device_Library/Core/Src/usbd_ctlreq.c ****     case USB_REQ_TYPE_CLASS:
 249:Middlewares/ST/STM32_USB_Device_Library/Core/Src/usbd_ctlreq.c ****     case USB_REQ_TYPE_VENDOR:
 250:Middlewares/ST/STM32_USB_Device_Library/Core/Src/usbd_ctlreq.c ****       /* Get the class index relative to this endpoint */
 251:Middlewares/ST/STM32_USB_Device_Library/Core/Src/usbd_ctlreq.c ****       idx = USBD_CoreFindEP(pdev, ep_addr);
 252:Middlewares/ST/STM32_USB_Device_Library/Core/Src/usbd_ctlreq.c ****       if (((uint8_t)idx != 0xFFU) && (idx < USBD_MAX_SUPPORTED_CLASS))
 253:Middlewares/ST/STM32_USB_Device_Library/Core/Src/usbd_ctlreq.c ****       {
 254:Middlewares/ST/STM32_USB_Device_Library/Core/Src/usbd_ctlreq.c ****         pdev->classId = idx;
 255:Middlewares/ST/STM32_USB_Device_Library/Core/Src/usbd_ctlreq.c ****         /* Call the class data out function to manage the request */
 256:Middlewares/ST/STM32_USB_Device_Library/Core/Src/usbd_ctlreq.c ****         if (pdev->pClass[idx]->Setup != NULL)
 257:Middlewares/ST/STM32_USB_Device_Library/Core/Src/usbd_ctlreq.c ****         {
 258:Middlewares/ST/STM32_USB_Device_Library/Core/Src/usbd_ctlreq.c ****           ret = (USBD_StatusTypeDef)pdev->pClass[idx]->Setup(pdev, req);
 259:Middlewares/ST/STM32_USB_Device_Library/Core/Src/usbd_ctlreq.c ****         }
 260:Middlewares/ST/STM32_USB_Device_Library/Core/Src/usbd_ctlreq.c ****       }
ARM GAS  C:\Users\Domagoj\AppData\Local\Temp\ccZJCFTU.s 			page 6


 261:Middlewares/ST/STM32_USB_Device_Library/Core/Src/usbd_ctlreq.c ****       break;
 262:Middlewares/ST/STM32_USB_Device_Library/Core/Src/usbd_ctlreq.c **** 
 263:Middlewares/ST/STM32_USB_Device_Library/Core/Src/usbd_ctlreq.c ****     case USB_REQ_TYPE_STANDARD:
 264:Middlewares/ST/STM32_USB_Device_Library/Core/Src/usbd_ctlreq.c ****       switch (req->bRequest)
 265:Middlewares/ST/STM32_USB_Device_Library/Core/Src/usbd_ctlreq.c ****       {
 266:Middlewares/ST/STM32_USB_Device_Library/Core/Src/usbd_ctlreq.c ****         case USB_REQ_SET_FEATURE:
 267:Middlewares/ST/STM32_USB_Device_Library/Core/Src/usbd_ctlreq.c ****           switch (pdev->dev_state)
 268:Middlewares/ST/STM32_USB_Device_Library/Core/Src/usbd_ctlreq.c ****           {
 269:Middlewares/ST/STM32_USB_Device_Library/Core/Src/usbd_ctlreq.c ****             case USBD_STATE_ADDRESSED:
 270:Middlewares/ST/STM32_USB_Device_Library/Core/Src/usbd_ctlreq.c ****               if ((ep_addr != 0x00U) && (ep_addr != 0x80U))
 271:Middlewares/ST/STM32_USB_Device_Library/Core/Src/usbd_ctlreq.c ****               {
 272:Middlewares/ST/STM32_USB_Device_Library/Core/Src/usbd_ctlreq.c ****                 (void)USBD_LL_StallEP(pdev, ep_addr);
 273:Middlewares/ST/STM32_USB_Device_Library/Core/Src/usbd_ctlreq.c ****                 (void)USBD_LL_StallEP(pdev, 0x80U);
 274:Middlewares/ST/STM32_USB_Device_Library/Core/Src/usbd_ctlreq.c ****               }
 275:Middlewares/ST/STM32_USB_Device_Library/Core/Src/usbd_ctlreq.c ****               else
 276:Middlewares/ST/STM32_USB_Device_Library/Core/Src/usbd_ctlreq.c ****               {
 277:Middlewares/ST/STM32_USB_Device_Library/Core/Src/usbd_ctlreq.c ****                 USBD_CtlError(pdev, req);
 278:Middlewares/ST/STM32_USB_Device_Library/Core/Src/usbd_ctlreq.c ****               }
 279:Middlewares/ST/STM32_USB_Device_Library/Core/Src/usbd_ctlreq.c ****               break;
 280:Middlewares/ST/STM32_USB_Device_Library/Core/Src/usbd_ctlreq.c **** 
 281:Middlewares/ST/STM32_USB_Device_Library/Core/Src/usbd_ctlreq.c ****             case USBD_STATE_CONFIGURED:
 282:Middlewares/ST/STM32_USB_Device_Library/Core/Src/usbd_ctlreq.c ****               if (req->wValue == USB_FEATURE_EP_HALT)
 283:Middlewares/ST/STM32_USB_Device_Library/Core/Src/usbd_ctlreq.c ****               {
 284:Middlewares/ST/STM32_USB_Device_Library/Core/Src/usbd_ctlreq.c ****                 if ((ep_addr != 0x00U) && (ep_addr != 0x80U) && (req->wLength == 0x00U))
 285:Middlewares/ST/STM32_USB_Device_Library/Core/Src/usbd_ctlreq.c ****                 {
 286:Middlewares/ST/STM32_USB_Device_Library/Core/Src/usbd_ctlreq.c ****                   (void)USBD_LL_StallEP(pdev, ep_addr);
 287:Middlewares/ST/STM32_USB_Device_Library/Core/Src/usbd_ctlreq.c ****                 }
 288:Middlewares/ST/STM32_USB_Device_Library/Core/Src/usbd_ctlreq.c ****               }
 289:Middlewares/ST/STM32_USB_Device_Library/Core/Src/usbd_ctlreq.c ****               (void)USBD_CtlSendStatus(pdev);
 290:Middlewares/ST/STM32_USB_Device_Library/Core/Src/usbd_ctlreq.c **** 
 291:Middlewares/ST/STM32_USB_Device_Library/Core/Src/usbd_ctlreq.c ****               break;
 292:Middlewares/ST/STM32_USB_Device_Library/Core/Src/usbd_ctlreq.c **** 
 293:Middlewares/ST/STM32_USB_Device_Library/Core/Src/usbd_ctlreq.c ****             default:
 294:Middlewares/ST/STM32_USB_Device_Library/Core/Src/usbd_ctlreq.c ****               USBD_CtlError(pdev, req);
 295:Middlewares/ST/STM32_USB_Device_Library/Core/Src/usbd_ctlreq.c ****               break;
 296:Middlewares/ST/STM32_USB_Device_Library/Core/Src/usbd_ctlreq.c ****           }
 297:Middlewares/ST/STM32_USB_Device_Library/Core/Src/usbd_ctlreq.c ****           break;
 298:Middlewares/ST/STM32_USB_Device_Library/Core/Src/usbd_ctlreq.c **** 
 299:Middlewares/ST/STM32_USB_Device_Library/Core/Src/usbd_ctlreq.c ****         case USB_REQ_CLEAR_FEATURE:
 300:Middlewares/ST/STM32_USB_Device_Library/Core/Src/usbd_ctlreq.c **** 
 301:Middlewares/ST/STM32_USB_Device_Library/Core/Src/usbd_ctlreq.c ****           switch (pdev->dev_state)
 302:Middlewares/ST/STM32_USB_Device_Library/Core/Src/usbd_ctlreq.c ****           {
 303:Middlewares/ST/STM32_USB_Device_Library/Core/Src/usbd_ctlreq.c ****             case USBD_STATE_ADDRESSED:
 304:Middlewares/ST/STM32_USB_Device_Library/Core/Src/usbd_ctlreq.c ****               if ((ep_addr != 0x00U) && (ep_addr != 0x80U))
 305:Middlewares/ST/STM32_USB_Device_Library/Core/Src/usbd_ctlreq.c ****               {
 306:Middlewares/ST/STM32_USB_Device_Library/Core/Src/usbd_ctlreq.c ****                 (void)USBD_LL_StallEP(pdev, ep_addr);
 307:Middlewares/ST/STM32_USB_Device_Library/Core/Src/usbd_ctlreq.c ****                 (void)USBD_LL_StallEP(pdev, 0x80U);
 308:Middlewares/ST/STM32_USB_Device_Library/Core/Src/usbd_ctlreq.c ****               }
 309:Middlewares/ST/STM32_USB_Device_Library/Core/Src/usbd_ctlreq.c ****               else
 310:Middlewares/ST/STM32_USB_Device_Library/Core/Src/usbd_ctlreq.c ****               {
 311:Middlewares/ST/STM32_USB_Device_Library/Core/Src/usbd_ctlreq.c ****                 USBD_CtlError(pdev, req);
 312:Middlewares/ST/STM32_USB_Device_Library/Core/Src/usbd_ctlreq.c ****               }
 313:Middlewares/ST/STM32_USB_Device_Library/Core/Src/usbd_ctlreq.c ****               break;
 314:Middlewares/ST/STM32_USB_Device_Library/Core/Src/usbd_ctlreq.c **** 
 315:Middlewares/ST/STM32_USB_Device_Library/Core/Src/usbd_ctlreq.c ****             case USBD_STATE_CONFIGURED:
 316:Middlewares/ST/STM32_USB_Device_Library/Core/Src/usbd_ctlreq.c ****               if (req->wValue == USB_FEATURE_EP_HALT)
 317:Middlewares/ST/STM32_USB_Device_Library/Core/Src/usbd_ctlreq.c ****               {
ARM GAS  C:\Users\Domagoj\AppData\Local\Temp\ccZJCFTU.s 			page 7


 318:Middlewares/ST/STM32_USB_Device_Library/Core/Src/usbd_ctlreq.c ****                 if ((ep_addr & 0x7FU) != 0x00U)
 319:Middlewares/ST/STM32_USB_Device_Library/Core/Src/usbd_ctlreq.c ****                 {
 320:Middlewares/ST/STM32_USB_Device_Library/Core/Src/usbd_ctlreq.c ****                   (void)USBD_LL_ClearStallEP(pdev, ep_addr);
 321:Middlewares/ST/STM32_USB_Device_Library/Core/Src/usbd_ctlreq.c ****                 }
 322:Middlewares/ST/STM32_USB_Device_Library/Core/Src/usbd_ctlreq.c ****                 (void)USBD_CtlSendStatus(pdev);
 323:Middlewares/ST/STM32_USB_Device_Library/Core/Src/usbd_ctlreq.c **** 
 324:Middlewares/ST/STM32_USB_Device_Library/Core/Src/usbd_ctlreq.c ****                 /* Get the class index relative to this interface */
 325:Middlewares/ST/STM32_USB_Device_Library/Core/Src/usbd_ctlreq.c ****                 idx = USBD_CoreFindEP(pdev, ep_addr);
 326:Middlewares/ST/STM32_USB_Device_Library/Core/Src/usbd_ctlreq.c ****                 if (((uint8_t)idx != 0xFFU) && (idx < USBD_MAX_SUPPORTED_CLASS))
 327:Middlewares/ST/STM32_USB_Device_Library/Core/Src/usbd_ctlreq.c ****                 {
 328:Middlewares/ST/STM32_USB_Device_Library/Core/Src/usbd_ctlreq.c ****                   pdev->classId = idx;
 329:Middlewares/ST/STM32_USB_Device_Library/Core/Src/usbd_ctlreq.c ****                   /* Call the class data out function to manage the request */
 330:Middlewares/ST/STM32_USB_Device_Library/Core/Src/usbd_ctlreq.c ****                   if (pdev->pClass[idx]->Setup != NULL)
 331:Middlewares/ST/STM32_USB_Device_Library/Core/Src/usbd_ctlreq.c ****                   {
 332:Middlewares/ST/STM32_USB_Device_Library/Core/Src/usbd_ctlreq.c ****                     ret = (USBD_StatusTypeDef)(pdev->pClass[idx]->Setup(pdev, req));
 333:Middlewares/ST/STM32_USB_Device_Library/Core/Src/usbd_ctlreq.c ****                   }
 334:Middlewares/ST/STM32_USB_Device_Library/Core/Src/usbd_ctlreq.c ****                 }
 335:Middlewares/ST/STM32_USB_Device_Library/Core/Src/usbd_ctlreq.c ****               }
 336:Middlewares/ST/STM32_USB_Device_Library/Core/Src/usbd_ctlreq.c ****               break;
 337:Middlewares/ST/STM32_USB_Device_Library/Core/Src/usbd_ctlreq.c **** 
 338:Middlewares/ST/STM32_USB_Device_Library/Core/Src/usbd_ctlreq.c ****             default:
 339:Middlewares/ST/STM32_USB_Device_Library/Core/Src/usbd_ctlreq.c ****               USBD_CtlError(pdev, req);
 340:Middlewares/ST/STM32_USB_Device_Library/Core/Src/usbd_ctlreq.c ****               break;
 341:Middlewares/ST/STM32_USB_Device_Library/Core/Src/usbd_ctlreq.c ****           }
 342:Middlewares/ST/STM32_USB_Device_Library/Core/Src/usbd_ctlreq.c ****           break;
 343:Middlewares/ST/STM32_USB_Device_Library/Core/Src/usbd_ctlreq.c **** 
 344:Middlewares/ST/STM32_USB_Device_Library/Core/Src/usbd_ctlreq.c ****         case USB_REQ_GET_STATUS:
 345:Middlewares/ST/STM32_USB_Device_Library/Core/Src/usbd_ctlreq.c ****           switch (pdev->dev_state)
 346:Middlewares/ST/STM32_USB_Device_Library/Core/Src/usbd_ctlreq.c ****           {
 347:Middlewares/ST/STM32_USB_Device_Library/Core/Src/usbd_ctlreq.c ****             case USBD_STATE_ADDRESSED:
 348:Middlewares/ST/STM32_USB_Device_Library/Core/Src/usbd_ctlreq.c ****               if ((ep_addr != 0x00U) && (ep_addr != 0x80U))
 349:Middlewares/ST/STM32_USB_Device_Library/Core/Src/usbd_ctlreq.c ****               {
 350:Middlewares/ST/STM32_USB_Device_Library/Core/Src/usbd_ctlreq.c ****                 USBD_CtlError(pdev, req);
 351:Middlewares/ST/STM32_USB_Device_Library/Core/Src/usbd_ctlreq.c ****                 break;
 352:Middlewares/ST/STM32_USB_Device_Library/Core/Src/usbd_ctlreq.c ****               }
 353:Middlewares/ST/STM32_USB_Device_Library/Core/Src/usbd_ctlreq.c ****               pep = ((ep_addr & 0x80U) == 0x80U) ? &pdev->ep_in[ep_addr & 0x7FU] : \
 354:Middlewares/ST/STM32_USB_Device_Library/Core/Src/usbd_ctlreq.c ****                     &pdev->ep_out[ep_addr & 0x7FU];
 355:Middlewares/ST/STM32_USB_Device_Library/Core/Src/usbd_ctlreq.c **** 
 356:Middlewares/ST/STM32_USB_Device_Library/Core/Src/usbd_ctlreq.c ****               pep->status = 0x0000U;
 357:Middlewares/ST/STM32_USB_Device_Library/Core/Src/usbd_ctlreq.c **** 
 358:Middlewares/ST/STM32_USB_Device_Library/Core/Src/usbd_ctlreq.c ****               (void)USBD_CtlSendData(pdev, (uint8_t *)&pep->status, 2U);
 359:Middlewares/ST/STM32_USB_Device_Library/Core/Src/usbd_ctlreq.c ****               break;
 360:Middlewares/ST/STM32_USB_Device_Library/Core/Src/usbd_ctlreq.c **** 
 361:Middlewares/ST/STM32_USB_Device_Library/Core/Src/usbd_ctlreq.c ****             case USBD_STATE_CONFIGURED:
 362:Middlewares/ST/STM32_USB_Device_Library/Core/Src/usbd_ctlreq.c ****               if ((ep_addr & 0x80U) == 0x80U)
 363:Middlewares/ST/STM32_USB_Device_Library/Core/Src/usbd_ctlreq.c ****               {
 364:Middlewares/ST/STM32_USB_Device_Library/Core/Src/usbd_ctlreq.c ****                 if (pdev->ep_in[ep_addr & 0xFU].is_used == 0U)
 365:Middlewares/ST/STM32_USB_Device_Library/Core/Src/usbd_ctlreq.c ****                 {
 366:Middlewares/ST/STM32_USB_Device_Library/Core/Src/usbd_ctlreq.c ****                   USBD_CtlError(pdev, req);
 367:Middlewares/ST/STM32_USB_Device_Library/Core/Src/usbd_ctlreq.c ****                   break;
 368:Middlewares/ST/STM32_USB_Device_Library/Core/Src/usbd_ctlreq.c ****                 }
 369:Middlewares/ST/STM32_USB_Device_Library/Core/Src/usbd_ctlreq.c ****               }
 370:Middlewares/ST/STM32_USB_Device_Library/Core/Src/usbd_ctlreq.c ****               else
 371:Middlewares/ST/STM32_USB_Device_Library/Core/Src/usbd_ctlreq.c ****               {
 372:Middlewares/ST/STM32_USB_Device_Library/Core/Src/usbd_ctlreq.c ****                 if (pdev->ep_out[ep_addr & 0xFU].is_used == 0U)
 373:Middlewares/ST/STM32_USB_Device_Library/Core/Src/usbd_ctlreq.c ****                 {
 374:Middlewares/ST/STM32_USB_Device_Library/Core/Src/usbd_ctlreq.c ****                   USBD_CtlError(pdev, req);
ARM GAS  C:\Users\Domagoj\AppData\Local\Temp\ccZJCFTU.s 			page 8


 375:Middlewares/ST/STM32_USB_Device_Library/Core/Src/usbd_ctlreq.c ****                   break;
 376:Middlewares/ST/STM32_USB_Device_Library/Core/Src/usbd_ctlreq.c ****                 }
 377:Middlewares/ST/STM32_USB_Device_Library/Core/Src/usbd_ctlreq.c ****               }
 378:Middlewares/ST/STM32_USB_Device_Library/Core/Src/usbd_ctlreq.c **** 
 379:Middlewares/ST/STM32_USB_Device_Library/Core/Src/usbd_ctlreq.c ****               pep = ((ep_addr & 0x80U) == 0x80U) ? &pdev->ep_in[ep_addr & 0x7FU] : \
 380:Middlewares/ST/STM32_USB_Device_Library/Core/Src/usbd_ctlreq.c ****                     &pdev->ep_out[ep_addr & 0x7FU];
 381:Middlewares/ST/STM32_USB_Device_Library/Core/Src/usbd_ctlreq.c **** 
 382:Middlewares/ST/STM32_USB_Device_Library/Core/Src/usbd_ctlreq.c ****               if ((ep_addr == 0x00U) || (ep_addr == 0x80U))
 383:Middlewares/ST/STM32_USB_Device_Library/Core/Src/usbd_ctlreq.c ****               {
 384:Middlewares/ST/STM32_USB_Device_Library/Core/Src/usbd_ctlreq.c ****                 pep->status = 0x0000U;
 385:Middlewares/ST/STM32_USB_Device_Library/Core/Src/usbd_ctlreq.c ****               }
 386:Middlewares/ST/STM32_USB_Device_Library/Core/Src/usbd_ctlreq.c ****               else if (USBD_LL_IsStallEP(pdev, ep_addr) != 0U)
 387:Middlewares/ST/STM32_USB_Device_Library/Core/Src/usbd_ctlreq.c ****               {
 388:Middlewares/ST/STM32_USB_Device_Library/Core/Src/usbd_ctlreq.c ****                 pep->status = 0x0001U;
 389:Middlewares/ST/STM32_USB_Device_Library/Core/Src/usbd_ctlreq.c ****               }
 390:Middlewares/ST/STM32_USB_Device_Library/Core/Src/usbd_ctlreq.c ****               else
 391:Middlewares/ST/STM32_USB_Device_Library/Core/Src/usbd_ctlreq.c ****               {
 392:Middlewares/ST/STM32_USB_Device_Library/Core/Src/usbd_ctlreq.c ****                 pep->status = 0x0000U;
 393:Middlewares/ST/STM32_USB_Device_Library/Core/Src/usbd_ctlreq.c ****               }
 394:Middlewares/ST/STM32_USB_Device_Library/Core/Src/usbd_ctlreq.c **** 
 395:Middlewares/ST/STM32_USB_Device_Library/Core/Src/usbd_ctlreq.c ****               (void)USBD_CtlSendData(pdev, (uint8_t *)&pep->status, 2U);
 396:Middlewares/ST/STM32_USB_Device_Library/Core/Src/usbd_ctlreq.c ****               break;
 397:Middlewares/ST/STM32_USB_Device_Library/Core/Src/usbd_ctlreq.c **** 
 398:Middlewares/ST/STM32_USB_Device_Library/Core/Src/usbd_ctlreq.c ****             default:
 399:Middlewares/ST/STM32_USB_Device_Library/Core/Src/usbd_ctlreq.c ****               USBD_CtlError(pdev, req);
 400:Middlewares/ST/STM32_USB_Device_Library/Core/Src/usbd_ctlreq.c ****               break;
 401:Middlewares/ST/STM32_USB_Device_Library/Core/Src/usbd_ctlreq.c ****           }
 402:Middlewares/ST/STM32_USB_Device_Library/Core/Src/usbd_ctlreq.c ****           break;
 403:Middlewares/ST/STM32_USB_Device_Library/Core/Src/usbd_ctlreq.c **** 
 404:Middlewares/ST/STM32_USB_Device_Library/Core/Src/usbd_ctlreq.c ****         default:
 405:Middlewares/ST/STM32_USB_Device_Library/Core/Src/usbd_ctlreq.c ****           USBD_CtlError(pdev, req);
 406:Middlewares/ST/STM32_USB_Device_Library/Core/Src/usbd_ctlreq.c ****           break;
 407:Middlewares/ST/STM32_USB_Device_Library/Core/Src/usbd_ctlreq.c ****       }
 408:Middlewares/ST/STM32_USB_Device_Library/Core/Src/usbd_ctlreq.c ****       break;
 409:Middlewares/ST/STM32_USB_Device_Library/Core/Src/usbd_ctlreq.c **** 
 410:Middlewares/ST/STM32_USB_Device_Library/Core/Src/usbd_ctlreq.c ****     default:
 411:Middlewares/ST/STM32_USB_Device_Library/Core/Src/usbd_ctlreq.c ****       USBD_CtlError(pdev, req);
 412:Middlewares/ST/STM32_USB_Device_Library/Core/Src/usbd_ctlreq.c ****       break;
 413:Middlewares/ST/STM32_USB_Device_Library/Core/Src/usbd_ctlreq.c ****   }
 414:Middlewares/ST/STM32_USB_Device_Library/Core/Src/usbd_ctlreq.c **** 
 415:Middlewares/ST/STM32_USB_Device_Library/Core/Src/usbd_ctlreq.c ****   return ret;
 416:Middlewares/ST/STM32_USB_Device_Library/Core/Src/usbd_ctlreq.c **** }
 417:Middlewares/ST/STM32_USB_Device_Library/Core/Src/usbd_ctlreq.c **** 
 418:Middlewares/ST/STM32_USB_Device_Library/Core/Src/usbd_ctlreq.c **** 
 419:Middlewares/ST/STM32_USB_Device_Library/Core/Src/usbd_ctlreq.c **** /**
 420:Middlewares/ST/STM32_USB_Device_Library/Core/Src/usbd_ctlreq.c ****   * @brief  USBD_GetDescriptor
 421:Middlewares/ST/STM32_USB_Device_Library/Core/Src/usbd_ctlreq.c ****   *         Handle Get Descriptor requests
 422:Middlewares/ST/STM32_USB_Device_Library/Core/Src/usbd_ctlreq.c ****   * @param  pdev: device instance
 423:Middlewares/ST/STM32_USB_Device_Library/Core/Src/usbd_ctlreq.c ****   * @param  req: usb request
 424:Middlewares/ST/STM32_USB_Device_Library/Core/Src/usbd_ctlreq.c ****   * @retval status
 425:Middlewares/ST/STM32_USB_Device_Library/Core/Src/usbd_ctlreq.c ****   */
 426:Middlewares/ST/STM32_USB_Device_Library/Core/Src/usbd_ctlreq.c **** static void USBD_GetDescriptor(USBD_HandleTypeDef *pdev, USBD_SetupReqTypedef *req)
 427:Middlewares/ST/STM32_USB_Device_Library/Core/Src/usbd_ctlreq.c **** {
 428:Middlewares/ST/STM32_USB_Device_Library/Core/Src/usbd_ctlreq.c ****   uint16_t len = 0U;
 429:Middlewares/ST/STM32_USB_Device_Library/Core/Src/usbd_ctlreq.c ****   uint8_t *pbuf = NULL;
 430:Middlewares/ST/STM32_USB_Device_Library/Core/Src/usbd_ctlreq.c ****   uint8_t err = 0U;
 431:Middlewares/ST/STM32_USB_Device_Library/Core/Src/usbd_ctlreq.c **** 
ARM GAS  C:\Users\Domagoj\AppData\Local\Temp\ccZJCFTU.s 			page 9


 432:Middlewares/ST/STM32_USB_Device_Library/Core/Src/usbd_ctlreq.c ****   switch (req->wValue >> 8)
 433:Middlewares/ST/STM32_USB_Device_Library/Core/Src/usbd_ctlreq.c ****   {
 434:Middlewares/ST/STM32_USB_Device_Library/Core/Src/usbd_ctlreq.c **** #if ((USBD_LPM_ENABLED == 1U) || (USBD_CLASS_BOS_ENABLED == 1U))
 435:Middlewares/ST/STM32_USB_Device_Library/Core/Src/usbd_ctlreq.c ****     case USB_DESC_TYPE_BOS:
 436:Middlewares/ST/STM32_USB_Device_Library/Core/Src/usbd_ctlreq.c ****       if (pdev->pDesc->GetBOSDescriptor != NULL)
 437:Middlewares/ST/STM32_USB_Device_Library/Core/Src/usbd_ctlreq.c ****       {
 438:Middlewares/ST/STM32_USB_Device_Library/Core/Src/usbd_ctlreq.c ****         pbuf = pdev->pDesc->GetBOSDescriptor(pdev->dev_speed, &len);
 439:Middlewares/ST/STM32_USB_Device_Library/Core/Src/usbd_ctlreq.c ****       }
 440:Middlewares/ST/STM32_USB_Device_Library/Core/Src/usbd_ctlreq.c ****       else
 441:Middlewares/ST/STM32_USB_Device_Library/Core/Src/usbd_ctlreq.c ****       {
 442:Middlewares/ST/STM32_USB_Device_Library/Core/Src/usbd_ctlreq.c ****         USBD_CtlError(pdev, req);
 443:Middlewares/ST/STM32_USB_Device_Library/Core/Src/usbd_ctlreq.c ****         err++;
 444:Middlewares/ST/STM32_USB_Device_Library/Core/Src/usbd_ctlreq.c ****       }
 445:Middlewares/ST/STM32_USB_Device_Library/Core/Src/usbd_ctlreq.c ****       break;
 446:Middlewares/ST/STM32_USB_Device_Library/Core/Src/usbd_ctlreq.c **** #endif /* (USBD_LPM_ENABLED == 1U) || (USBD_CLASS_BOS_ENABLED == 1U) */
 447:Middlewares/ST/STM32_USB_Device_Library/Core/Src/usbd_ctlreq.c ****     case USB_DESC_TYPE_DEVICE:
 448:Middlewares/ST/STM32_USB_Device_Library/Core/Src/usbd_ctlreq.c ****       pbuf = pdev->pDesc->GetDeviceDescriptor(pdev->dev_speed, &len);
 449:Middlewares/ST/STM32_USB_Device_Library/Core/Src/usbd_ctlreq.c ****       break;
 450:Middlewares/ST/STM32_USB_Device_Library/Core/Src/usbd_ctlreq.c **** 
 451:Middlewares/ST/STM32_USB_Device_Library/Core/Src/usbd_ctlreq.c ****     case USB_DESC_TYPE_CONFIGURATION:
 452:Middlewares/ST/STM32_USB_Device_Library/Core/Src/usbd_ctlreq.c ****       if (pdev->dev_speed == USBD_SPEED_HIGH)
 453:Middlewares/ST/STM32_USB_Device_Library/Core/Src/usbd_ctlreq.c ****       {
 454:Middlewares/ST/STM32_USB_Device_Library/Core/Src/usbd_ctlreq.c **** #ifdef USE_USBD_COMPOSITE
 455:Middlewares/ST/STM32_USB_Device_Library/Core/Src/usbd_ctlreq.c ****         if ((uint8_t)(pdev->NumClasses) > 0U)
 456:Middlewares/ST/STM32_USB_Device_Library/Core/Src/usbd_ctlreq.c ****         {
 457:Middlewares/ST/STM32_USB_Device_Library/Core/Src/usbd_ctlreq.c ****           pbuf = (uint8_t *)USBD_CMPSIT.GetHSConfigDescriptor(&len);
 458:Middlewares/ST/STM32_USB_Device_Library/Core/Src/usbd_ctlreq.c ****         }
 459:Middlewares/ST/STM32_USB_Device_Library/Core/Src/usbd_ctlreq.c ****         else
 460:Middlewares/ST/STM32_USB_Device_Library/Core/Src/usbd_ctlreq.c **** #endif /* USE_USBD_COMPOSITE */
 461:Middlewares/ST/STM32_USB_Device_Library/Core/Src/usbd_ctlreq.c ****         {
 462:Middlewares/ST/STM32_USB_Device_Library/Core/Src/usbd_ctlreq.c ****           pbuf = (uint8_t *)pdev->pClass[0]->GetHSConfigDescriptor(&len);
 463:Middlewares/ST/STM32_USB_Device_Library/Core/Src/usbd_ctlreq.c ****         }
 464:Middlewares/ST/STM32_USB_Device_Library/Core/Src/usbd_ctlreq.c ****         pbuf[1] = USB_DESC_TYPE_CONFIGURATION;
 465:Middlewares/ST/STM32_USB_Device_Library/Core/Src/usbd_ctlreq.c ****       }
 466:Middlewares/ST/STM32_USB_Device_Library/Core/Src/usbd_ctlreq.c ****       else
 467:Middlewares/ST/STM32_USB_Device_Library/Core/Src/usbd_ctlreq.c ****       {
 468:Middlewares/ST/STM32_USB_Device_Library/Core/Src/usbd_ctlreq.c **** #ifdef USE_USBD_COMPOSITE
 469:Middlewares/ST/STM32_USB_Device_Library/Core/Src/usbd_ctlreq.c ****         if ((uint8_t)(pdev->NumClasses) > 0U)
 470:Middlewares/ST/STM32_USB_Device_Library/Core/Src/usbd_ctlreq.c ****         {
 471:Middlewares/ST/STM32_USB_Device_Library/Core/Src/usbd_ctlreq.c ****           pbuf = (uint8_t *)USBD_CMPSIT.GetFSConfigDescriptor(&len);
 472:Middlewares/ST/STM32_USB_Device_Library/Core/Src/usbd_ctlreq.c ****         }
 473:Middlewares/ST/STM32_USB_Device_Library/Core/Src/usbd_ctlreq.c ****         else
 474:Middlewares/ST/STM32_USB_Device_Library/Core/Src/usbd_ctlreq.c **** #endif /* USE_USBD_COMPOSITE */
 475:Middlewares/ST/STM32_USB_Device_Library/Core/Src/usbd_ctlreq.c ****         {
 476:Middlewares/ST/STM32_USB_Device_Library/Core/Src/usbd_ctlreq.c ****           pbuf = (uint8_t *)pdev->pClass[0]->GetFSConfigDescriptor(&len);
 477:Middlewares/ST/STM32_USB_Device_Library/Core/Src/usbd_ctlreq.c ****         }
 478:Middlewares/ST/STM32_USB_Device_Library/Core/Src/usbd_ctlreq.c ****         pbuf[1] = USB_DESC_TYPE_CONFIGURATION;
 479:Middlewares/ST/STM32_USB_Device_Library/Core/Src/usbd_ctlreq.c ****       }
 480:Middlewares/ST/STM32_USB_Device_Library/Core/Src/usbd_ctlreq.c ****       break;
 481:Middlewares/ST/STM32_USB_Device_Library/Core/Src/usbd_ctlreq.c **** 
 482:Middlewares/ST/STM32_USB_Device_Library/Core/Src/usbd_ctlreq.c ****     case USB_DESC_TYPE_STRING:
 483:Middlewares/ST/STM32_USB_Device_Library/Core/Src/usbd_ctlreq.c ****       switch ((uint8_t)(req->wValue))
 484:Middlewares/ST/STM32_USB_Device_Library/Core/Src/usbd_ctlreq.c ****       {
 485:Middlewares/ST/STM32_USB_Device_Library/Core/Src/usbd_ctlreq.c ****         case USBD_IDX_LANGID_STR:
 486:Middlewares/ST/STM32_USB_Device_Library/Core/Src/usbd_ctlreq.c ****           if (pdev->pDesc->GetLangIDStrDescriptor != NULL)
 487:Middlewares/ST/STM32_USB_Device_Library/Core/Src/usbd_ctlreq.c ****           {
 488:Middlewares/ST/STM32_USB_Device_Library/Core/Src/usbd_ctlreq.c ****             pbuf = pdev->pDesc->GetLangIDStrDescriptor(pdev->dev_speed, &len);
ARM GAS  C:\Users\Domagoj\AppData\Local\Temp\ccZJCFTU.s 			page 10


 489:Middlewares/ST/STM32_USB_Device_Library/Core/Src/usbd_ctlreq.c ****           }
 490:Middlewares/ST/STM32_USB_Device_Library/Core/Src/usbd_ctlreq.c ****           else
 491:Middlewares/ST/STM32_USB_Device_Library/Core/Src/usbd_ctlreq.c ****           {
 492:Middlewares/ST/STM32_USB_Device_Library/Core/Src/usbd_ctlreq.c ****             USBD_CtlError(pdev, req);
 493:Middlewares/ST/STM32_USB_Device_Library/Core/Src/usbd_ctlreq.c ****             err++;
 494:Middlewares/ST/STM32_USB_Device_Library/Core/Src/usbd_ctlreq.c ****           }
 495:Middlewares/ST/STM32_USB_Device_Library/Core/Src/usbd_ctlreq.c ****           break;
 496:Middlewares/ST/STM32_USB_Device_Library/Core/Src/usbd_ctlreq.c **** 
 497:Middlewares/ST/STM32_USB_Device_Library/Core/Src/usbd_ctlreq.c ****         case USBD_IDX_MFC_STR:
 498:Middlewares/ST/STM32_USB_Device_Library/Core/Src/usbd_ctlreq.c ****           if (pdev->pDesc->GetManufacturerStrDescriptor != NULL)
 499:Middlewares/ST/STM32_USB_Device_Library/Core/Src/usbd_ctlreq.c ****           {
 500:Middlewares/ST/STM32_USB_Device_Library/Core/Src/usbd_ctlreq.c ****             pbuf = pdev->pDesc->GetManufacturerStrDescriptor(pdev->dev_speed, &len);
 501:Middlewares/ST/STM32_USB_Device_Library/Core/Src/usbd_ctlreq.c ****           }
 502:Middlewares/ST/STM32_USB_Device_Library/Core/Src/usbd_ctlreq.c ****           else
 503:Middlewares/ST/STM32_USB_Device_Library/Core/Src/usbd_ctlreq.c ****           {
 504:Middlewares/ST/STM32_USB_Device_Library/Core/Src/usbd_ctlreq.c ****             USBD_CtlError(pdev, req);
 505:Middlewares/ST/STM32_USB_Device_Library/Core/Src/usbd_ctlreq.c ****             err++;
 506:Middlewares/ST/STM32_USB_Device_Library/Core/Src/usbd_ctlreq.c ****           }
 507:Middlewares/ST/STM32_USB_Device_Library/Core/Src/usbd_ctlreq.c ****           break;
 508:Middlewares/ST/STM32_USB_Device_Library/Core/Src/usbd_ctlreq.c **** 
 509:Middlewares/ST/STM32_USB_Device_Library/Core/Src/usbd_ctlreq.c ****         case USBD_IDX_PRODUCT_STR:
 510:Middlewares/ST/STM32_USB_Device_Library/Core/Src/usbd_ctlreq.c ****           if (pdev->pDesc->GetProductStrDescriptor != NULL)
 511:Middlewares/ST/STM32_USB_Device_Library/Core/Src/usbd_ctlreq.c ****           {
 512:Middlewares/ST/STM32_USB_Device_Library/Core/Src/usbd_ctlreq.c ****             pbuf = pdev->pDesc->GetProductStrDescriptor(pdev->dev_speed, &len);
 513:Middlewares/ST/STM32_USB_Device_Library/Core/Src/usbd_ctlreq.c ****           }
 514:Middlewares/ST/STM32_USB_Device_Library/Core/Src/usbd_ctlreq.c ****           else
 515:Middlewares/ST/STM32_USB_Device_Library/Core/Src/usbd_ctlreq.c ****           {
 516:Middlewares/ST/STM32_USB_Device_Library/Core/Src/usbd_ctlreq.c ****             USBD_CtlError(pdev, req);
 517:Middlewares/ST/STM32_USB_Device_Library/Core/Src/usbd_ctlreq.c ****             err++;
 518:Middlewares/ST/STM32_USB_Device_Library/Core/Src/usbd_ctlreq.c ****           }
 519:Middlewares/ST/STM32_USB_Device_Library/Core/Src/usbd_ctlreq.c ****           break;
 520:Middlewares/ST/STM32_USB_Device_Library/Core/Src/usbd_ctlreq.c **** 
 521:Middlewares/ST/STM32_USB_Device_Library/Core/Src/usbd_ctlreq.c ****         case USBD_IDX_SERIAL_STR:
 522:Middlewares/ST/STM32_USB_Device_Library/Core/Src/usbd_ctlreq.c ****           if (pdev->pDesc->GetSerialStrDescriptor != NULL)
 523:Middlewares/ST/STM32_USB_Device_Library/Core/Src/usbd_ctlreq.c ****           {
 524:Middlewares/ST/STM32_USB_Device_Library/Core/Src/usbd_ctlreq.c ****             pbuf = pdev->pDesc->GetSerialStrDescriptor(pdev->dev_speed, &len);
 525:Middlewares/ST/STM32_USB_Device_Library/Core/Src/usbd_ctlreq.c ****           }
 526:Middlewares/ST/STM32_USB_Device_Library/Core/Src/usbd_ctlreq.c ****           else
 527:Middlewares/ST/STM32_USB_Device_Library/Core/Src/usbd_ctlreq.c ****           {
 528:Middlewares/ST/STM32_USB_Device_Library/Core/Src/usbd_ctlreq.c ****             USBD_CtlError(pdev, req);
 529:Middlewares/ST/STM32_USB_Device_Library/Core/Src/usbd_ctlreq.c ****             err++;
 530:Middlewares/ST/STM32_USB_Device_Library/Core/Src/usbd_ctlreq.c ****           }
 531:Middlewares/ST/STM32_USB_Device_Library/Core/Src/usbd_ctlreq.c ****           break;
 532:Middlewares/ST/STM32_USB_Device_Library/Core/Src/usbd_ctlreq.c **** 
 533:Middlewares/ST/STM32_USB_Device_Library/Core/Src/usbd_ctlreq.c ****         case USBD_IDX_CONFIG_STR:
 534:Middlewares/ST/STM32_USB_Device_Library/Core/Src/usbd_ctlreq.c ****           if (pdev->pDesc->GetConfigurationStrDescriptor != NULL)
 535:Middlewares/ST/STM32_USB_Device_Library/Core/Src/usbd_ctlreq.c ****           {
 536:Middlewares/ST/STM32_USB_Device_Library/Core/Src/usbd_ctlreq.c ****             pbuf = pdev->pDesc->GetConfigurationStrDescriptor(pdev->dev_speed, &len);
 537:Middlewares/ST/STM32_USB_Device_Library/Core/Src/usbd_ctlreq.c ****           }
 538:Middlewares/ST/STM32_USB_Device_Library/Core/Src/usbd_ctlreq.c ****           else
 539:Middlewares/ST/STM32_USB_Device_Library/Core/Src/usbd_ctlreq.c ****           {
 540:Middlewares/ST/STM32_USB_Device_Library/Core/Src/usbd_ctlreq.c ****             USBD_CtlError(pdev, req);
 541:Middlewares/ST/STM32_USB_Device_Library/Core/Src/usbd_ctlreq.c ****             err++;
 542:Middlewares/ST/STM32_USB_Device_Library/Core/Src/usbd_ctlreq.c ****           }
 543:Middlewares/ST/STM32_USB_Device_Library/Core/Src/usbd_ctlreq.c ****           break;
 544:Middlewares/ST/STM32_USB_Device_Library/Core/Src/usbd_ctlreq.c **** 
 545:Middlewares/ST/STM32_USB_Device_Library/Core/Src/usbd_ctlreq.c ****         case USBD_IDX_INTERFACE_STR:
ARM GAS  C:\Users\Domagoj\AppData\Local\Temp\ccZJCFTU.s 			page 11


 546:Middlewares/ST/STM32_USB_Device_Library/Core/Src/usbd_ctlreq.c ****           if (pdev->pDesc->GetInterfaceStrDescriptor != NULL)
 547:Middlewares/ST/STM32_USB_Device_Library/Core/Src/usbd_ctlreq.c ****           {
 548:Middlewares/ST/STM32_USB_Device_Library/Core/Src/usbd_ctlreq.c ****             pbuf = pdev->pDesc->GetInterfaceStrDescriptor(pdev->dev_speed, &len);
 549:Middlewares/ST/STM32_USB_Device_Library/Core/Src/usbd_ctlreq.c ****           }
 550:Middlewares/ST/STM32_USB_Device_Library/Core/Src/usbd_ctlreq.c ****           else
 551:Middlewares/ST/STM32_USB_Device_Library/Core/Src/usbd_ctlreq.c ****           {
 552:Middlewares/ST/STM32_USB_Device_Library/Core/Src/usbd_ctlreq.c ****             USBD_CtlError(pdev, req);
 553:Middlewares/ST/STM32_USB_Device_Library/Core/Src/usbd_ctlreq.c ****             err++;
 554:Middlewares/ST/STM32_USB_Device_Library/Core/Src/usbd_ctlreq.c ****           }
 555:Middlewares/ST/STM32_USB_Device_Library/Core/Src/usbd_ctlreq.c ****           break;
 556:Middlewares/ST/STM32_USB_Device_Library/Core/Src/usbd_ctlreq.c **** 
 557:Middlewares/ST/STM32_USB_Device_Library/Core/Src/usbd_ctlreq.c ****         default:
 558:Middlewares/ST/STM32_USB_Device_Library/Core/Src/usbd_ctlreq.c **** #if (USBD_SUPPORT_USER_STRING_DESC == 1U)
 559:Middlewares/ST/STM32_USB_Device_Library/Core/Src/usbd_ctlreq.c ****           pbuf = NULL;
 560:Middlewares/ST/STM32_USB_Device_Library/Core/Src/usbd_ctlreq.c **** 
 561:Middlewares/ST/STM32_USB_Device_Library/Core/Src/usbd_ctlreq.c ****           for (uint32_t idx = 0U; (idx < pdev->NumClasses); idx++)
 562:Middlewares/ST/STM32_USB_Device_Library/Core/Src/usbd_ctlreq.c ****           {
 563:Middlewares/ST/STM32_USB_Device_Library/Core/Src/usbd_ctlreq.c ****             if (pdev->pClass[idx]->GetUsrStrDescriptor != NULL)
 564:Middlewares/ST/STM32_USB_Device_Library/Core/Src/usbd_ctlreq.c ****             {
 565:Middlewares/ST/STM32_USB_Device_Library/Core/Src/usbd_ctlreq.c ****               pdev->classId = idx;
 566:Middlewares/ST/STM32_USB_Device_Library/Core/Src/usbd_ctlreq.c ****               pbuf = pdev->pClass[idx]->GetUsrStrDescriptor(pdev, LOBYTE(req->wValue), &len);
 567:Middlewares/ST/STM32_USB_Device_Library/Core/Src/usbd_ctlreq.c **** 
 568:Middlewares/ST/STM32_USB_Device_Library/Core/Src/usbd_ctlreq.c ****               if (pbuf == NULL) /* This means that no class recognized the string index */
 569:Middlewares/ST/STM32_USB_Device_Library/Core/Src/usbd_ctlreq.c ****               {
 570:Middlewares/ST/STM32_USB_Device_Library/Core/Src/usbd_ctlreq.c ****                 continue;
 571:Middlewares/ST/STM32_USB_Device_Library/Core/Src/usbd_ctlreq.c ****               }
 572:Middlewares/ST/STM32_USB_Device_Library/Core/Src/usbd_ctlreq.c ****               else
 573:Middlewares/ST/STM32_USB_Device_Library/Core/Src/usbd_ctlreq.c ****               {
 574:Middlewares/ST/STM32_USB_Device_Library/Core/Src/usbd_ctlreq.c ****                 break;
 575:Middlewares/ST/STM32_USB_Device_Library/Core/Src/usbd_ctlreq.c ****               }
 576:Middlewares/ST/STM32_USB_Device_Library/Core/Src/usbd_ctlreq.c ****             }
 577:Middlewares/ST/STM32_USB_Device_Library/Core/Src/usbd_ctlreq.c ****           }
 578:Middlewares/ST/STM32_USB_Device_Library/Core/Src/usbd_ctlreq.c **** #endif /* USBD_SUPPORT_USER_STRING_DESC  */
 579:Middlewares/ST/STM32_USB_Device_Library/Core/Src/usbd_ctlreq.c **** 
 580:Middlewares/ST/STM32_USB_Device_Library/Core/Src/usbd_ctlreq.c **** #if (USBD_CLASS_USER_STRING_DESC == 1U)
 581:Middlewares/ST/STM32_USB_Device_Library/Core/Src/usbd_ctlreq.c ****           if (pdev->pDesc->GetUserStrDescriptor != NULL)
 582:Middlewares/ST/STM32_USB_Device_Library/Core/Src/usbd_ctlreq.c ****           {
 583:Middlewares/ST/STM32_USB_Device_Library/Core/Src/usbd_ctlreq.c ****             pbuf = pdev->pDesc->GetUserStrDescriptor(pdev->dev_speed, LOBYTE(req->wValue), &len);
 584:Middlewares/ST/STM32_USB_Device_Library/Core/Src/usbd_ctlreq.c ****           }
 585:Middlewares/ST/STM32_USB_Device_Library/Core/Src/usbd_ctlreq.c ****           else
 586:Middlewares/ST/STM32_USB_Device_Library/Core/Src/usbd_ctlreq.c ****           {
 587:Middlewares/ST/STM32_USB_Device_Library/Core/Src/usbd_ctlreq.c ****             USBD_CtlError(pdev, req);
 588:Middlewares/ST/STM32_USB_Device_Library/Core/Src/usbd_ctlreq.c ****             err++;
 589:Middlewares/ST/STM32_USB_Device_Library/Core/Src/usbd_ctlreq.c ****           }
 590:Middlewares/ST/STM32_USB_Device_Library/Core/Src/usbd_ctlreq.c **** #endif /* USBD_SUPPORT_USER_STRING_DESC  */
 591:Middlewares/ST/STM32_USB_Device_Library/Core/Src/usbd_ctlreq.c **** 
 592:Middlewares/ST/STM32_USB_Device_Library/Core/Src/usbd_ctlreq.c **** #if ((USBD_CLASS_USER_STRING_DESC == 0U) && (USBD_SUPPORT_USER_STRING_DESC == 0U))
 593:Middlewares/ST/STM32_USB_Device_Library/Core/Src/usbd_ctlreq.c ****           USBD_CtlError(pdev, req);
 594:Middlewares/ST/STM32_USB_Device_Library/Core/Src/usbd_ctlreq.c ****           err++;
 595:Middlewares/ST/STM32_USB_Device_Library/Core/Src/usbd_ctlreq.c **** #endif /* (USBD_CLASS_USER_STRING_DESC == 0U) && (USBD_SUPPORT_USER_STRING_DESC == 0U) */
 596:Middlewares/ST/STM32_USB_Device_Library/Core/Src/usbd_ctlreq.c ****           break;
 597:Middlewares/ST/STM32_USB_Device_Library/Core/Src/usbd_ctlreq.c ****       }
 598:Middlewares/ST/STM32_USB_Device_Library/Core/Src/usbd_ctlreq.c ****       break;
 599:Middlewares/ST/STM32_USB_Device_Library/Core/Src/usbd_ctlreq.c **** 
 600:Middlewares/ST/STM32_USB_Device_Library/Core/Src/usbd_ctlreq.c ****     case USB_DESC_TYPE_DEVICE_QUALIFIER:
 601:Middlewares/ST/STM32_USB_Device_Library/Core/Src/usbd_ctlreq.c ****       if (pdev->dev_speed == USBD_SPEED_HIGH)
 602:Middlewares/ST/STM32_USB_Device_Library/Core/Src/usbd_ctlreq.c ****       {
ARM GAS  C:\Users\Domagoj\AppData\Local\Temp\ccZJCFTU.s 			page 12


 603:Middlewares/ST/STM32_USB_Device_Library/Core/Src/usbd_ctlreq.c **** #ifdef USE_USBD_COMPOSITE
 604:Middlewares/ST/STM32_USB_Device_Library/Core/Src/usbd_ctlreq.c ****         if ((uint8_t)(pdev->NumClasses) > 0U)
 605:Middlewares/ST/STM32_USB_Device_Library/Core/Src/usbd_ctlreq.c ****         {
 606:Middlewares/ST/STM32_USB_Device_Library/Core/Src/usbd_ctlreq.c ****           pbuf = (uint8_t *)USBD_CMPSIT.GetDeviceQualifierDescriptor(&len);
 607:Middlewares/ST/STM32_USB_Device_Library/Core/Src/usbd_ctlreq.c ****         }
 608:Middlewares/ST/STM32_USB_Device_Library/Core/Src/usbd_ctlreq.c ****         else
 609:Middlewares/ST/STM32_USB_Device_Library/Core/Src/usbd_ctlreq.c **** #endif /* USE_USBD_COMPOSITE */
 610:Middlewares/ST/STM32_USB_Device_Library/Core/Src/usbd_ctlreq.c ****         {
 611:Middlewares/ST/STM32_USB_Device_Library/Core/Src/usbd_ctlreq.c ****           pbuf = (uint8_t *)pdev->pClass[0]->GetDeviceQualifierDescriptor(&len);
 612:Middlewares/ST/STM32_USB_Device_Library/Core/Src/usbd_ctlreq.c ****         }
 613:Middlewares/ST/STM32_USB_Device_Library/Core/Src/usbd_ctlreq.c ****       }
 614:Middlewares/ST/STM32_USB_Device_Library/Core/Src/usbd_ctlreq.c ****       else
 615:Middlewares/ST/STM32_USB_Device_Library/Core/Src/usbd_ctlreq.c ****       {
 616:Middlewares/ST/STM32_USB_Device_Library/Core/Src/usbd_ctlreq.c ****         USBD_CtlError(pdev, req);
 617:Middlewares/ST/STM32_USB_Device_Library/Core/Src/usbd_ctlreq.c ****         err++;
 618:Middlewares/ST/STM32_USB_Device_Library/Core/Src/usbd_ctlreq.c ****       }
 619:Middlewares/ST/STM32_USB_Device_Library/Core/Src/usbd_ctlreq.c ****       break;
 620:Middlewares/ST/STM32_USB_Device_Library/Core/Src/usbd_ctlreq.c **** 
 621:Middlewares/ST/STM32_USB_Device_Library/Core/Src/usbd_ctlreq.c ****     case USB_DESC_TYPE_OTHER_SPEED_CONFIGURATION:
 622:Middlewares/ST/STM32_USB_Device_Library/Core/Src/usbd_ctlreq.c ****       if (pdev->dev_speed == USBD_SPEED_HIGH)
 623:Middlewares/ST/STM32_USB_Device_Library/Core/Src/usbd_ctlreq.c ****       {
 624:Middlewares/ST/STM32_USB_Device_Library/Core/Src/usbd_ctlreq.c **** #ifdef USE_USBD_COMPOSITE
 625:Middlewares/ST/STM32_USB_Device_Library/Core/Src/usbd_ctlreq.c ****         if ((uint8_t)(pdev->NumClasses) > 0U)
 626:Middlewares/ST/STM32_USB_Device_Library/Core/Src/usbd_ctlreq.c ****         {
 627:Middlewares/ST/STM32_USB_Device_Library/Core/Src/usbd_ctlreq.c ****           pbuf = (uint8_t *)USBD_CMPSIT.GetOtherSpeedConfigDescriptor(&len);
 628:Middlewares/ST/STM32_USB_Device_Library/Core/Src/usbd_ctlreq.c ****         }
 629:Middlewares/ST/STM32_USB_Device_Library/Core/Src/usbd_ctlreq.c ****         else
 630:Middlewares/ST/STM32_USB_Device_Library/Core/Src/usbd_ctlreq.c **** #endif /* USE_USBD_COMPOSITE */
 631:Middlewares/ST/STM32_USB_Device_Library/Core/Src/usbd_ctlreq.c ****         {
 632:Middlewares/ST/STM32_USB_Device_Library/Core/Src/usbd_ctlreq.c ****           pbuf = (uint8_t *)pdev->pClass[0]->GetOtherSpeedConfigDescriptor(&len);
 633:Middlewares/ST/STM32_USB_Device_Library/Core/Src/usbd_ctlreq.c ****         }
 634:Middlewares/ST/STM32_USB_Device_Library/Core/Src/usbd_ctlreq.c ****         pbuf[1] = USB_DESC_TYPE_OTHER_SPEED_CONFIGURATION;
 635:Middlewares/ST/STM32_USB_Device_Library/Core/Src/usbd_ctlreq.c ****       }
 636:Middlewares/ST/STM32_USB_Device_Library/Core/Src/usbd_ctlreq.c ****       else
 637:Middlewares/ST/STM32_USB_Device_Library/Core/Src/usbd_ctlreq.c ****       {
 638:Middlewares/ST/STM32_USB_Device_Library/Core/Src/usbd_ctlreq.c ****         USBD_CtlError(pdev, req);
 639:Middlewares/ST/STM32_USB_Device_Library/Core/Src/usbd_ctlreq.c ****         err++;
 640:Middlewares/ST/STM32_USB_Device_Library/Core/Src/usbd_ctlreq.c ****       }
 641:Middlewares/ST/STM32_USB_Device_Library/Core/Src/usbd_ctlreq.c ****       break;
 642:Middlewares/ST/STM32_USB_Device_Library/Core/Src/usbd_ctlreq.c **** 
 643:Middlewares/ST/STM32_USB_Device_Library/Core/Src/usbd_ctlreq.c ****     default:
 644:Middlewares/ST/STM32_USB_Device_Library/Core/Src/usbd_ctlreq.c ****       USBD_CtlError(pdev, req);
 645:Middlewares/ST/STM32_USB_Device_Library/Core/Src/usbd_ctlreq.c ****       err++;
 646:Middlewares/ST/STM32_USB_Device_Library/Core/Src/usbd_ctlreq.c ****       break;
 647:Middlewares/ST/STM32_USB_Device_Library/Core/Src/usbd_ctlreq.c ****   }
 648:Middlewares/ST/STM32_USB_Device_Library/Core/Src/usbd_ctlreq.c **** 
 649:Middlewares/ST/STM32_USB_Device_Library/Core/Src/usbd_ctlreq.c ****   if (err != 0U)
 650:Middlewares/ST/STM32_USB_Device_Library/Core/Src/usbd_ctlreq.c ****   {
 651:Middlewares/ST/STM32_USB_Device_Library/Core/Src/usbd_ctlreq.c ****     return;
 652:Middlewares/ST/STM32_USB_Device_Library/Core/Src/usbd_ctlreq.c ****   }
 653:Middlewares/ST/STM32_USB_Device_Library/Core/Src/usbd_ctlreq.c **** 
 654:Middlewares/ST/STM32_USB_Device_Library/Core/Src/usbd_ctlreq.c ****   if (req->wLength != 0U)
 655:Middlewares/ST/STM32_USB_Device_Library/Core/Src/usbd_ctlreq.c ****   {
 656:Middlewares/ST/STM32_USB_Device_Library/Core/Src/usbd_ctlreq.c ****     if (len != 0U)
 657:Middlewares/ST/STM32_USB_Device_Library/Core/Src/usbd_ctlreq.c ****     {
 658:Middlewares/ST/STM32_USB_Device_Library/Core/Src/usbd_ctlreq.c ****       len = MIN(len, req->wLength);
 659:Middlewares/ST/STM32_USB_Device_Library/Core/Src/usbd_ctlreq.c ****       (void)USBD_CtlSendData(pdev, pbuf, len);
ARM GAS  C:\Users\Domagoj\AppData\Local\Temp\ccZJCFTU.s 			page 13


 660:Middlewares/ST/STM32_USB_Device_Library/Core/Src/usbd_ctlreq.c ****     }
 661:Middlewares/ST/STM32_USB_Device_Library/Core/Src/usbd_ctlreq.c ****     else
 662:Middlewares/ST/STM32_USB_Device_Library/Core/Src/usbd_ctlreq.c ****     {
 663:Middlewares/ST/STM32_USB_Device_Library/Core/Src/usbd_ctlreq.c ****       USBD_CtlError(pdev, req);
 664:Middlewares/ST/STM32_USB_Device_Library/Core/Src/usbd_ctlreq.c ****     }
 665:Middlewares/ST/STM32_USB_Device_Library/Core/Src/usbd_ctlreq.c ****   }
 666:Middlewares/ST/STM32_USB_Device_Library/Core/Src/usbd_ctlreq.c ****   else
 667:Middlewares/ST/STM32_USB_Device_Library/Core/Src/usbd_ctlreq.c ****   {
 668:Middlewares/ST/STM32_USB_Device_Library/Core/Src/usbd_ctlreq.c ****     (void)USBD_CtlSendStatus(pdev);
 669:Middlewares/ST/STM32_USB_Device_Library/Core/Src/usbd_ctlreq.c ****   }
 670:Middlewares/ST/STM32_USB_Device_Library/Core/Src/usbd_ctlreq.c **** }
 671:Middlewares/ST/STM32_USB_Device_Library/Core/Src/usbd_ctlreq.c **** 
 672:Middlewares/ST/STM32_USB_Device_Library/Core/Src/usbd_ctlreq.c **** 
 673:Middlewares/ST/STM32_USB_Device_Library/Core/Src/usbd_ctlreq.c **** /**
 674:Middlewares/ST/STM32_USB_Device_Library/Core/Src/usbd_ctlreq.c ****   * @brief  USBD_SetAddress
 675:Middlewares/ST/STM32_USB_Device_Library/Core/Src/usbd_ctlreq.c ****   *         Set device address
 676:Middlewares/ST/STM32_USB_Device_Library/Core/Src/usbd_ctlreq.c ****   * @param  pdev: device instance
 677:Middlewares/ST/STM32_USB_Device_Library/Core/Src/usbd_ctlreq.c ****   * @param  req: usb request
 678:Middlewares/ST/STM32_USB_Device_Library/Core/Src/usbd_ctlreq.c ****   * @retval status
 679:Middlewares/ST/STM32_USB_Device_Library/Core/Src/usbd_ctlreq.c ****   */
 680:Middlewares/ST/STM32_USB_Device_Library/Core/Src/usbd_ctlreq.c **** static void USBD_SetAddress(USBD_HandleTypeDef *pdev, USBD_SetupReqTypedef *req)
 681:Middlewares/ST/STM32_USB_Device_Library/Core/Src/usbd_ctlreq.c **** {
 682:Middlewares/ST/STM32_USB_Device_Library/Core/Src/usbd_ctlreq.c ****   uint8_t  dev_addr;
 683:Middlewares/ST/STM32_USB_Device_Library/Core/Src/usbd_ctlreq.c **** 
 684:Middlewares/ST/STM32_USB_Device_Library/Core/Src/usbd_ctlreq.c ****   if ((req->wIndex == 0U) && (req->wLength == 0U) && (req->wValue < 128U))
 685:Middlewares/ST/STM32_USB_Device_Library/Core/Src/usbd_ctlreq.c ****   {
 686:Middlewares/ST/STM32_USB_Device_Library/Core/Src/usbd_ctlreq.c ****     dev_addr = (uint8_t)(req->wValue) & 0x7FU;
 687:Middlewares/ST/STM32_USB_Device_Library/Core/Src/usbd_ctlreq.c **** 
 688:Middlewares/ST/STM32_USB_Device_Library/Core/Src/usbd_ctlreq.c ****     if (pdev->dev_state == USBD_STATE_CONFIGURED)
 689:Middlewares/ST/STM32_USB_Device_Library/Core/Src/usbd_ctlreq.c ****     {
 690:Middlewares/ST/STM32_USB_Device_Library/Core/Src/usbd_ctlreq.c ****       USBD_CtlError(pdev, req);
 691:Middlewares/ST/STM32_USB_Device_Library/Core/Src/usbd_ctlreq.c ****     }
 692:Middlewares/ST/STM32_USB_Device_Library/Core/Src/usbd_ctlreq.c ****     else
 693:Middlewares/ST/STM32_USB_Device_Library/Core/Src/usbd_ctlreq.c ****     {
 694:Middlewares/ST/STM32_USB_Device_Library/Core/Src/usbd_ctlreq.c ****       pdev->dev_address = dev_addr;
 695:Middlewares/ST/STM32_USB_Device_Library/Core/Src/usbd_ctlreq.c ****       (void)USBD_LL_SetUSBAddress(pdev, dev_addr);
 696:Middlewares/ST/STM32_USB_Device_Library/Core/Src/usbd_ctlreq.c ****       (void)USBD_CtlSendStatus(pdev);
 697:Middlewares/ST/STM32_USB_Device_Library/Core/Src/usbd_ctlreq.c **** 
 698:Middlewares/ST/STM32_USB_Device_Library/Core/Src/usbd_ctlreq.c ****       if (dev_addr != 0U)
 699:Middlewares/ST/STM32_USB_Device_Library/Core/Src/usbd_ctlreq.c ****       {
 700:Middlewares/ST/STM32_USB_Device_Library/Core/Src/usbd_ctlreq.c ****         pdev->dev_state = USBD_STATE_ADDRESSED;
 701:Middlewares/ST/STM32_USB_Device_Library/Core/Src/usbd_ctlreq.c ****       }
 702:Middlewares/ST/STM32_USB_Device_Library/Core/Src/usbd_ctlreq.c ****       else
 703:Middlewares/ST/STM32_USB_Device_Library/Core/Src/usbd_ctlreq.c ****       {
 704:Middlewares/ST/STM32_USB_Device_Library/Core/Src/usbd_ctlreq.c ****         pdev->dev_state = USBD_STATE_DEFAULT;
 705:Middlewares/ST/STM32_USB_Device_Library/Core/Src/usbd_ctlreq.c ****       }
 706:Middlewares/ST/STM32_USB_Device_Library/Core/Src/usbd_ctlreq.c ****     }
 707:Middlewares/ST/STM32_USB_Device_Library/Core/Src/usbd_ctlreq.c ****   }
 708:Middlewares/ST/STM32_USB_Device_Library/Core/Src/usbd_ctlreq.c ****   else
 709:Middlewares/ST/STM32_USB_Device_Library/Core/Src/usbd_ctlreq.c ****   {
 710:Middlewares/ST/STM32_USB_Device_Library/Core/Src/usbd_ctlreq.c ****     USBD_CtlError(pdev, req);
 711:Middlewares/ST/STM32_USB_Device_Library/Core/Src/usbd_ctlreq.c ****   }
 712:Middlewares/ST/STM32_USB_Device_Library/Core/Src/usbd_ctlreq.c **** }
 713:Middlewares/ST/STM32_USB_Device_Library/Core/Src/usbd_ctlreq.c **** 
 714:Middlewares/ST/STM32_USB_Device_Library/Core/Src/usbd_ctlreq.c **** /**
 715:Middlewares/ST/STM32_USB_Device_Library/Core/Src/usbd_ctlreq.c ****   * @brief  USBD_SetConfig
 716:Middlewares/ST/STM32_USB_Device_Library/Core/Src/usbd_ctlreq.c ****   *         Handle Set device configuration request
ARM GAS  C:\Users\Domagoj\AppData\Local\Temp\ccZJCFTU.s 			page 14


 717:Middlewares/ST/STM32_USB_Device_Library/Core/Src/usbd_ctlreq.c ****   * @param  pdev: device instance
 718:Middlewares/ST/STM32_USB_Device_Library/Core/Src/usbd_ctlreq.c ****   * @param  req: usb request
 719:Middlewares/ST/STM32_USB_Device_Library/Core/Src/usbd_ctlreq.c ****   * @retval status
 720:Middlewares/ST/STM32_USB_Device_Library/Core/Src/usbd_ctlreq.c ****   */
 721:Middlewares/ST/STM32_USB_Device_Library/Core/Src/usbd_ctlreq.c **** static USBD_StatusTypeDef USBD_SetConfig(USBD_HandleTypeDef *pdev, USBD_SetupReqTypedef *req)
 722:Middlewares/ST/STM32_USB_Device_Library/Core/Src/usbd_ctlreq.c **** {
 723:Middlewares/ST/STM32_USB_Device_Library/Core/Src/usbd_ctlreq.c ****   USBD_StatusTypeDef ret = USBD_OK;
 724:Middlewares/ST/STM32_USB_Device_Library/Core/Src/usbd_ctlreq.c ****   static uint8_t cfgidx;
 725:Middlewares/ST/STM32_USB_Device_Library/Core/Src/usbd_ctlreq.c **** 
 726:Middlewares/ST/STM32_USB_Device_Library/Core/Src/usbd_ctlreq.c ****   cfgidx = (uint8_t)(req->wValue);
 727:Middlewares/ST/STM32_USB_Device_Library/Core/Src/usbd_ctlreq.c **** 
 728:Middlewares/ST/STM32_USB_Device_Library/Core/Src/usbd_ctlreq.c ****   if (cfgidx > USBD_MAX_NUM_CONFIGURATION)
 729:Middlewares/ST/STM32_USB_Device_Library/Core/Src/usbd_ctlreq.c ****   {
 730:Middlewares/ST/STM32_USB_Device_Library/Core/Src/usbd_ctlreq.c ****     USBD_CtlError(pdev, req);
 731:Middlewares/ST/STM32_USB_Device_Library/Core/Src/usbd_ctlreq.c ****     return USBD_FAIL;
 732:Middlewares/ST/STM32_USB_Device_Library/Core/Src/usbd_ctlreq.c ****   }
 733:Middlewares/ST/STM32_USB_Device_Library/Core/Src/usbd_ctlreq.c **** 
 734:Middlewares/ST/STM32_USB_Device_Library/Core/Src/usbd_ctlreq.c ****   switch (pdev->dev_state)
 735:Middlewares/ST/STM32_USB_Device_Library/Core/Src/usbd_ctlreq.c ****   {
 736:Middlewares/ST/STM32_USB_Device_Library/Core/Src/usbd_ctlreq.c ****     case USBD_STATE_ADDRESSED:
 737:Middlewares/ST/STM32_USB_Device_Library/Core/Src/usbd_ctlreq.c ****       if (cfgidx != 0U)
 738:Middlewares/ST/STM32_USB_Device_Library/Core/Src/usbd_ctlreq.c ****       {
 739:Middlewares/ST/STM32_USB_Device_Library/Core/Src/usbd_ctlreq.c ****         pdev->dev_config = cfgidx;
 740:Middlewares/ST/STM32_USB_Device_Library/Core/Src/usbd_ctlreq.c **** 
 741:Middlewares/ST/STM32_USB_Device_Library/Core/Src/usbd_ctlreq.c ****         ret = USBD_SetClassConfig(pdev, cfgidx);
 742:Middlewares/ST/STM32_USB_Device_Library/Core/Src/usbd_ctlreq.c **** 
 743:Middlewares/ST/STM32_USB_Device_Library/Core/Src/usbd_ctlreq.c ****         if (ret != USBD_OK)
 744:Middlewares/ST/STM32_USB_Device_Library/Core/Src/usbd_ctlreq.c ****         {
 745:Middlewares/ST/STM32_USB_Device_Library/Core/Src/usbd_ctlreq.c ****           USBD_CtlError(pdev, req);
 746:Middlewares/ST/STM32_USB_Device_Library/Core/Src/usbd_ctlreq.c ****           pdev->dev_state = USBD_STATE_ADDRESSED;
 747:Middlewares/ST/STM32_USB_Device_Library/Core/Src/usbd_ctlreq.c ****         }
 748:Middlewares/ST/STM32_USB_Device_Library/Core/Src/usbd_ctlreq.c ****         else
 749:Middlewares/ST/STM32_USB_Device_Library/Core/Src/usbd_ctlreq.c ****         {
 750:Middlewares/ST/STM32_USB_Device_Library/Core/Src/usbd_ctlreq.c ****           (void)USBD_CtlSendStatus(pdev);
 751:Middlewares/ST/STM32_USB_Device_Library/Core/Src/usbd_ctlreq.c ****           pdev->dev_state = USBD_STATE_CONFIGURED;
 752:Middlewares/ST/STM32_USB_Device_Library/Core/Src/usbd_ctlreq.c **** 
 753:Middlewares/ST/STM32_USB_Device_Library/Core/Src/usbd_ctlreq.c **** #if (USBD_USER_REGISTER_CALLBACK == 1U)
 754:Middlewares/ST/STM32_USB_Device_Library/Core/Src/usbd_ctlreq.c ****           if (pdev->DevStateCallback != NULL)
 755:Middlewares/ST/STM32_USB_Device_Library/Core/Src/usbd_ctlreq.c ****           {
 756:Middlewares/ST/STM32_USB_Device_Library/Core/Src/usbd_ctlreq.c ****             pdev->DevStateCallback(USBD_STATE_CONFIGURED, cfgidx);
 757:Middlewares/ST/STM32_USB_Device_Library/Core/Src/usbd_ctlreq.c ****           }
 758:Middlewares/ST/STM32_USB_Device_Library/Core/Src/usbd_ctlreq.c **** #endif /* USBD_USER_REGISTER_CALLBACK */
 759:Middlewares/ST/STM32_USB_Device_Library/Core/Src/usbd_ctlreq.c ****         }
 760:Middlewares/ST/STM32_USB_Device_Library/Core/Src/usbd_ctlreq.c ****       }
 761:Middlewares/ST/STM32_USB_Device_Library/Core/Src/usbd_ctlreq.c ****       else
 762:Middlewares/ST/STM32_USB_Device_Library/Core/Src/usbd_ctlreq.c ****       {
 763:Middlewares/ST/STM32_USB_Device_Library/Core/Src/usbd_ctlreq.c ****         (void)USBD_CtlSendStatus(pdev);
 764:Middlewares/ST/STM32_USB_Device_Library/Core/Src/usbd_ctlreq.c ****       }
 765:Middlewares/ST/STM32_USB_Device_Library/Core/Src/usbd_ctlreq.c ****       break;
 766:Middlewares/ST/STM32_USB_Device_Library/Core/Src/usbd_ctlreq.c **** 
 767:Middlewares/ST/STM32_USB_Device_Library/Core/Src/usbd_ctlreq.c ****     case USBD_STATE_CONFIGURED:
 768:Middlewares/ST/STM32_USB_Device_Library/Core/Src/usbd_ctlreq.c ****       if (cfgidx == 0U)
 769:Middlewares/ST/STM32_USB_Device_Library/Core/Src/usbd_ctlreq.c ****       {
 770:Middlewares/ST/STM32_USB_Device_Library/Core/Src/usbd_ctlreq.c ****         pdev->dev_state = USBD_STATE_ADDRESSED;
 771:Middlewares/ST/STM32_USB_Device_Library/Core/Src/usbd_ctlreq.c ****         pdev->dev_config = cfgidx;
 772:Middlewares/ST/STM32_USB_Device_Library/Core/Src/usbd_ctlreq.c ****         (void)USBD_ClrClassConfig(pdev, cfgidx);
 773:Middlewares/ST/STM32_USB_Device_Library/Core/Src/usbd_ctlreq.c ****         (void)USBD_CtlSendStatus(pdev);
ARM GAS  C:\Users\Domagoj\AppData\Local\Temp\ccZJCFTU.s 			page 15


 774:Middlewares/ST/STM32_USB_Device_Library/Core/Src/usbd_ctlreq.c ****       }
 775:Middlewares/ST/STM32_USB_Device_Library/Core/Src/usbd_ctlreq.c ****       else if (cfgidx != pdev->dev_config)
 776:Middlewares/ST/STM32_USB_Device_Library/Core/Src/usbd_ctlreq.c ****       {
 777:Middlewares/ST/STM32_USB_Device_Library/Core/Src/usbd_ctlreq.c ****         /* Clear old configuration */
 778:Middlewares/ST/STM32_USB_Device_Library/Core/Src/usbd_ctlreq.c ****         (void)USBD_ClrClassConfig(pdev, (uint8_t)pdev->dev_config);
 779:Middlewares/ST/STM32_USB_Device_Library/Core/Src/usbd_ctlreq.c **** 
 780:Middlewares/ST/STM32_USB_Device_Library/Core/Src/usbd_ctlreq.c ****         /* set new configuration */
 781:Middlewares/ST/STM32_USB_Device_Library/Core/Src/usbd_ctlreq.c ****         pdev->dev_config = cfgidx;
 782:Middlewares/ST/STM32_USB_Device_Library/Core/Src/usbd_ctlreq.c **** 
 783:Middlewares/ST/STM32_USB_Device_Library/Core/Src/usbd_ctlreq.c ****         ret = USBD_SetClassConfig(pdev, cfgidx);
 784:Middlewares/ST/STM32_USB_Device_Library/Core/Src/usbd_ctlreq.c **** 
 785:Middlewares/ST/STM32_USB_Device_Library/Core/Src/usbd_ctlreq.c ****         if (ret != USBD_OK)
 786:Middlewares/ST/STM32_USB_Device_Library/Core/Src/usbd_ctlreq.c ****         {
 787:Middlewares/ST/STM32_USB_Device_Library/Core/Src/usbd_ctlreq.c ****           USBD_CtlError(pdev, req);
 788:Middlewares/ST/STM32_USB_Device_Library/Core/Src/usbd_ctlreq.c ****           (void)USBD_ClrClassConfig(pdev, (uint8_t)pdev->dev_config);
 789:Middlewares/ST/STM32_USB_Device_Library/Core/Src/usbd_ctlreq.c ****           pdev->dev_state = USBD_STATE_ADDRESSED;
 790:Middlewares/ST/STM32_USB_Device_Library/Core/Src/usbd_ctlreq.c ****         }
 791:Middlewares/ST/STM32_USB_Device_Library/Core/Src/usbd_ctlreq.c ****         else
 792:Middlewares/ST/STM32_USB_Device_Library/Core/Src/usbd_ctlreq.c ****         {
 793:Middlewares/ST/STM32_USB_Device_Library/Core/Src/usbd_ctlreq.c ****           (void)USBD_CtlSendStatus(pdev);
 794:Middlewares/ST/STM32_USB_Device_Library/Core/Src/usbd_ctlreq.c ****         }
 795:Middlewares/ST/STM32_USB_Device_Library/Core/Src/usbd_ctlreq.c ****       }
 796:Middlewares/ST/STM32_USB_Device_Library/Core/Src/usbd_ctlreq.c ****       else
 797:Middlewares/ST/STM32_USB_Device_Library/Core/Src/usbd_ctlreq.c ****       {
 798:Middlewares/ST/STM32_USB_Device_Library/Core/Src/usbd_ctlreq.c ****         (void)USBD_CtlSendStatus(pdev);
 799:Middlewares/ST/STM32_USB_Device_Library/Core/Src/usbd_ctlreq.c ****       }
 800:Middlewares/ST/STM32_USB_Device_Library/Core/Src/usbd_ctlreq.c ****       break;
 801:Middlewares/ST/STM32_USB_Device_Library/Core/Src/usbd_ctlreq.c **** 
 802:Middlewares/ST/STM32_USB_Device_Library/Core/Src/usbd_ctlreq.c ****     default:
 803:Middlewares/ST/STM32_USB_Device_Library/Core/Src/usbd_ctlreq.c ****       USBD_CtlError(pdev, req);
 804:Middlewares/ST/STM32_USB_Device_Library/Core/Src/usbd_ctlreq.c ****       (void)USBD_ClrClassConfig(pdev, cfgidx);
 805:Middlewares/ST/STM32_USB_Device_Library/Core/Src/usbd_ctlreq.c ****       ret = USBD_FAIL;
 806:Middlewares/ST/STM32_USB_Device_Library/Core/Src/usbd_ctlreq.c ****       break;
 807:Middlewares/ST/STM32_USB_Device_Library/Core/Src/usbd_ctlreq.c ****   }
 808:Middlewares/ST/STM32_USB_Device_Library/Core/Src/usbd_ctlreq.c **** 
 809:Middlewares/ST/STM32_USB_Device_Library/Core/Src/usbd_ctlreq.c ****   return ret;
 810:Middlewares/ST/STM32_USB_Device_Library/Core/Src/usbd_ctlreq.c **** }
 811:Middlewares/ST/STM32_USB_Device_Library/Core/Src/usbd_ctlreq.c **** 
 812:Middlewares/ST/STM32_USB_Device_Library/Core/Src/usbd_ctlreq.c **** /**
 813:Middlewares/ST/STM32_USB_Device_Library/Core/Src/usbd_ctlreq.c ****   * @brief  USBD_GetConfig
 814:Middlewares/ST/STM32_USB_Device_Library/Core/Src/usbd_ctlreq.c ****   *         Handle Get device configuration request
 815:Middlewares/ST/STM32_USB_Device_Library/Core/Src/usbd_ctlreq.c ****   * @param  pdev: device instance
 816:Middlewares/ST/STM32_USB_Device_Library/Core/Src/usbd_ctlreq.c ****   * @param  req: usb request
 817:Middlewares/ST/STM32_USB_Device_Library/Core/Src/usbd_ctlreq.c ****   * @retval status
 818:Middlewares/ST/STM32_USB_Device_Library/Core/Src/usbd_ctlreq.c ****   */
 819:Middlewares/ST/STM32_USB_Device_Library/Core/Src/usbd_ctlreq.c **** static void USBD_GetConfig(USBD_HandleTypeDef *pdev, USBD_SetupReqTypedef *req)
 820:Middlewares/ST/STM32_USB_Device_Library/Core/Src/usbd_ctlreq.c **** {
 821:Middlewares/ST/STM32_USB_Device_Library/Core/Src/usbd_ctlreq.c ****   if (req->wLength != 1U)
 822:Middlewares/ST/STM32_USB_Device_Library/Core/Src/usbd_ctlreq.c ****   {
 823:Middlewares/ST/STM32_USB_Device_Library/Core/Src/usbd_ctlreq.c ****     USBD_CtlError(pdev, req);
 824:Middlewares/ST/STM32_USB_Device_Library/Core/Src/usbd_ctlreq.c ****   }
 825:Middlewares/ST/STM32_USB_Device_Library/Core/Src/usbd_ctlreq.c ****   else
 826:Middlewares/ST/STM32_USB_Device_Library/Core/Src/usbd_ctlreq.c ****   {
 827:Middlewares/ST/STM32_USB_Device_Library/Core/Src/usbd_ctlreq.c ****     switch (pdev->dev_state)
 828:Middlewares/ST/STM32_USB_Device_Library/Core/Src/usbd_ctlreq.c ****     {
 829:Middlewares/ST/STM32_USB_Device_Library/Core/Src/usbd_ctlreq.c ****       case USBD_STATE_DEFAULT:
 830:Middlewares/ST/STM32_USB_Device_Library/Core/Src/usbd_ctlreq.c ****       case USBD_STATE_ADDRESSED:
ARM GAS  C:\Users\Domagoj\AppData\Local\Temp\ccZJCFTU.s 			page 16


 831:Middlewares/ST/STM32_USB_Device_Library/Core/Src/usbd_ctlreq.c ****         pdev->dev_default_config = 0U;
 832:Middlewares/ST/STM32_USB_Device_Library/Core/Src/usbd_ctlreq.c ****         (void)USBD_CtlSendData(pdev, (uint8_t *)&pdev->dev_default_config, 1U);
 833:Middlewares/ST/STM32_USB_Device_Library/Core/Src/usbd_ctlreq.c ****         break;
 834:Middlewares/ST/STM32_USB_Device_Library/Core/Src/usbd_ctlreq.c **** 
 835:Middlewares/ST/STM32_USB_Device_Library/Core/Src/usbd_ctlreq.c ****       case USBD_STATE_CONFIGURED:
 836:Middlewares/ST/STM32_USB_Device_Library/Core/Src/usbd_ctlreq.c ****         (void)USBD_CtlSendData(pdev, (uint8_t *)&pdev->dev_config, 1U);
 837:Middlewares/ST/STM32_USB_Device_Library/Core/Src/usbd_ctlreq.c ****         break;
 838:Middlewares/ST/STM32_USB_Device_Library/Core/Src/usbd_ctlreq.c **** 
 839:Middlewares/ST/STM32_USB_Device_Library/Core/Src/usbd_ctlreq.c ****       default:
 840:Middlewares/ST/STM32_USB_Device_Library/Core/Src/usbd_ctlreq.c ****         USBD_CtlError(pdev, req);
 841:Middlewares/ST/STM32_USB_Device_Library/Core/Src/usbd_ctlreq.c ****         break;
 842:Middlewares/ST/STM32_USB_Device_Library/Core/Src/usbd_ctlreq.c ****     }
 843:Middlewares/ST/STM32_USB_Device_Library/Core/Src/usbd_ctlreq.c ****   }
 844:Middlewares/ST/STM32_USB_Device_Library/Core/Src/usbd_ctlreq.c **** }
 845:Middlewares/ST/STM32_USB_Device_Library/Core/Src/usbd_ctlreq.c **** 
 846:Middlewares/ST/STM32_USB_Device_Library/Core/Src/usbd_ctlreq.c **** /**
 847:Middlewares/ST/STM32_USB_Device_Library/Core/Src/usbd_ctlreq.c ****   * @brief  USBD_GetStatus
 848:Middlewares/ST/STM32_USB_Device_Library/Core/Src/usbd_ctlreq.c ****   *         Handle Get Status request
 849:Middlewares/ST/STM32_USB_Device_Library/Core/Src/usbd_ctlreq.c ****   * @param  pdev: device instance
 850:Middlewares/ST/STM32_USB_Device_Library/Core/Src/usbd_ctlreq.c ****   * @param  req: usb request
 851:Middlewares/ST/STM32_USB_Device_Library/Core/Src/usbd_ctlreq.c ****   * @retval status
 852:Middlewares/ST/STM32_USB_Device_Library/Core/Src/usbd_ctlreq.c ****   */
 853:Middlewares/ST/STM32_USB_Device_Library/Core/Src/usbd_ctlreq.c **** static void USBD_GetStatus(USBD_HandleTypeDef *pdev, USBD_SetupReqTypedef *req)
 854:Middlewares/ST/STM32_USB_Device_Library/Core/Src/usbd_ctlreq.c **** {
 855:Middlewares/ST/STM32_USB_Device_Library/Core/Src/usbd_ctlreq.c ****   switch (pdev->dev_state)
 856:Middlewares/ST/STM32_USB_Device_Library/Core/Src/usbd_ctlreq.c ****   {
 857:Middlewares/ST/STM32_USB_Device_Library/Core/Src/usbd_ctlreq.c ****     case USBD_STATE_DEFAULT:
 858:Middlewares/ST/STM32_USB_Device_Library/Core/Src/usbd_ctlreq.c ****     case USBD_STATE_ADDRESSED:
 859:Middlewares/ST/STM32_USB_Device_Library/Core/Src/usbd_ctlreq.c ****     case USBD_STATE_CONFIGURED:
 860:Middlewares/ST/STM32_USB_Device_Library/Core/Src/usbd_ctlreq.c ****       if (req->wLength != 0x2U)
 861:Middlewares/ST/STM32_USB_Device_Library/Core/Src/usbd_ctlreq.c ****       {
 862:Middlewares/ST/STM32_USB_Device_Library/Core/Src/usbd_ctlreq.c ****         USBD_CtlError(pdev, req);
 863:Middlewares/ST/STM32_USB_Device_Library/Core/Src/usbd_ctlreq.c ****         break;
 864:Middlewares/ST/STM32_USB_Device_Library/Core/Src/usbd_ctlreq.c ****       }
 865:Middlewares/ST/STM32_USB_Device_Library/Core/Src/usbd_ctlreq.c **** 
 866:Middlewares/ST/STM32_USB_Device_Library/Core/Src/usbd_ctlreq.c **** #if (USBD_SELF_POWERED == 1U)
 867:Middlewares/ST/STM32_USB_Device_Library/Core/Src/usbd_ctlreq.c ****       pdev->dev_config_status = USB_CONFIG_SELF_POWERED;
 868:Middlewares/ST/STM32_USB_Device_Library/Core/Src/usbd_ctlreq.c **** #else
 869:Middlewares/ST/STM32_USB_Device_Library/Core/Src/usbd_ctlreq.c ****       pdev->dev_config_status = 0U;
 870:Middlewares/ST/STM32_USB_Device_Library/Core/Src/usbd_ctlreq.c **** #endif /* USBD_SELF_POWERED */
 871:Middlewares/ST/STM32_USB_Device_Library/Core/Src/usbd_ctlreq.c **** 
 872:Middlewares/ST/STM32_USB_Device_Library/Core/Src/usbd_ctlreq.c ****       if (pdev->dev_remote_wakeup != 0U)
 873:Middlewares/ST/STM32_USB_Device_Library/Core/Src/usbd_ctlreq.c ****       {
 874:Middlewares/ST/STM32_USB_Device_Library/Core/Src/usbd_ctlreq.c ****         pdev->dev_config_status |= USB_CONFIG_REMOTE_WAKEUP;
 875:Middlewares/ST/STM32_USB_Device_Library/Core/Src/usbd_ctlreq.c ****       }
 876:Middlewares/ST/STM32_USB_Device_Library/Core/Src/usbd_ctlreq.c **** 
 877:Middlewares/ST/STM32_USB_Device_Library/Core/Src/usbd_ctlreq.c ****       (void)USBD_CtlSendData(pdev, (uint8_t *)&pdev->dev_config_status, 2U);
 878:Middlewares/ST/STM32_USB_Device_Library/Core/Src/usbd_ctlreq.c ****       break;
 879:Middlewares/ST/STM32_USB_Device_Library/Core/Src/usbd_ctlreq.c **** 
 880:Middlewares/ST/STM32_USB_Device_Library/Core/Src/usbd_ctlreq.c ****     default:
 881:Middlewares/ST/STM32_USB_Device_Library/Core/Src/usbd_ctlreq.c ****       USBD_CtlError(pdev, req);
 882:Middlewares/ST/STM32_USB_Device_Library/Core/Src/usbd_ctlreq.c ****       break;
 883:Middlewares/ST/STM32_USB_Device_Library/Core/Src/usbd_ctlreq.c ****   }
 884:Middlewares/ST/STM32_USB_Device_Library/Core/Src/usbd_ctlreq.c **** }
 885:Middlewares/ST/STM32_USB_Device_Library/Core/Src/usbd_ctlreq.c **** 
 886:Middlewares/ST/STM32_USB_Device_Library/Core/Src/usbd_ctlreq.c **** 
 887:Middlewares/ST/STM32_USB_Device_Library/Core/Src/usbd_ctlreq.c **** /**
ARM GAS  C:\Users\Domagoj\AppData\Local\Temp\ccZJCFTU.s 			page 17


 888:Middlewares/ST/STM32_USB_Device_Library/Core/Src/usbd_ctlreq.c ****   * @brief  USBD_SetFeature
 889:Middlewares/ST/STM32_USB_Device_Library/Core/Src/usbd_ctlreq.c ****   *         Handle Set device feature request
 890:Middlewares/ST/STM32_USB_Device_Library/Core/Src/usbd_ctlreq.c ****   * @param  pdev: device instance
 891:Middlewares/ST/STM32_USB_Device_Library/Core/Src/usbd_ctlreq.c ****   * @param  req: usb request
 892:Middlewares/ST/STM32_USB_Device_Library/Core/Src/usbd_ctlreq.c ****   * @retval status
 893:Middlewares/ST/STM32_USB_Device_Library/Core/Src/usbd_ctlreq.c ****   */
 894:Middlewares/ST/STM32_USB_Device_Library/Core/Src/usbd_ctlreq.c **** static void USBD_SetFeature(USBD_HandleTypeDef *pdev, USBD_SetupReqTypedef *req)
 895:Middlewares/ST/STM32_USB_Device_Library/Core/Src/usbd_ctlreq.c **** {
 896:Middlewares/ST/STM32_USB_Device_Library/Core/Src/usbd_ctlreq.c ****   if (req->wValue == USB_FEATURE_REMOTE_WAKEUP)
 897:Middlewares/ST/STM32_USB_Device_Library/Core/Src/usbd_ctlreq.c ****   {
 898:Middlewares/ST/STM32_USB_Device_Library/Core/Src/usbd_ctlreq.c ****     pdev->dev_remote_wakeup = 1U;
 899:Middlewares/ST/STM32_USB_Device_Library/Core/Src/usbd_ctlreq.c ****     (void)USBD_CtlSendStatus(pdev);
 900:Middlewares/ST/STM32_USB_Device_Library/Core/Src/usbd_ctlreq.c ****   }
 901:Middlewares/ST/STM32_USB_Device_Library/Core/Src/usbd_ctlreq.c ****   else if (req->wValue == USB_FEATURE_TEST_MODE)
 902:Middlewares/ST/STM32_USB_Device_Library/Core/Src/usbd_ctlreq.c ****   {
 903:Middlewares/ST/STM32_USB_Device_Library/Core/Src/usbd_ctlreq.c ****     pdev->dev_test_mode = (uint8_t)(req->wIndex >> 8);
 904:Middlewares/ST/STM32_USB_Device_Library/Core/Src/usbd_ctlreq.c ****     (void)USBD_CtlSendStatus(pdev);
 905:Middlewares/ST/STM32_USB_Device_Library/Core/Src/usbd_ctlreq.c ****   }
 906:Middlewares/ST/STM32_USB_Device_Library/Core/Src/usbd_ctlreq.c ****   else
 907:Middlewares/ST/STM32_USB_Device_Library/Core/Src/usbd_ctlreq.c ****   {
 908:Middlewares/ST/STM32_USB_Device_Library/Core/Src/usbd_ctlreq.c ****     USBD_CtlError(pdev, req);
 909:Middlewares/ST/STM32_USB_Device_Library/Core/Src/usbd_ctlreq.c ****   }
 910:Middlewares/ST/STM32_USB_Device_Library/Core/Src/usbd_ctlreq.c **** }
 911:Middlewares/ST/STM32_USB_Device_Library/Core/Src/usbd_ctlreq.c **** 
 912:Middlewares/ST/STM32_USB_Device_Library/Core/Src/usbd_ctlreq.c **** 
 913:Middlewares/ST/STM32_USB_Device_Library/Core/Src/usbd_ctlreq.c **** /**
 914:Middlewares/ST/STM32_USB_Device_Library/Core/Src/usbd_ctlreq.c ****   * @brief  USBD_ClrFeature
 915:Middlewares/ST/STM32_USB_Device_Library/Core/Src/usbd_ctlreq.c ****   *         Handle clear device feature request
 916:Middlewares/ST/STM32_USB_Device_Library/Core/Src/usbd_ctlreq.c ****   * @param  pdev: device instance
 917:Middlewares/ST/STM32_USB_Device_Library/Core/Src/usbd_ctlreq.c ****   * @param  req: usb request
 918:Middlewares/ST/STM32_USB_Device_Library/Core/Src/usbd_ctlreq.c ****   * @retval status
 919:Middlewares/ST/STM32_USB_Device_Library/Core/Src/usbd_ctlreq.c ****   */
 920:Middlewares/ST/STM32_USB_Device_Library/Core/Src/usbd_ctlreq.c **** static void USBD_ClrFeature(USBD_HandleTypeDef *pdev, USBD_SetupReqTypedef *req)
 921:Middlewares/ST/STM32_USB_Device_Library/Core/Src/usbd_ctlreq.c **** {
 922:Middlewares/ST/STM32_USB_Device_Library/Core/Src/usbd_ctlreq.c ****   switch (pdev->dev_state)
 923:Middlewares/ST/STM32_USB_Device_Library/Core/Src/usbd_ctlreq.c ****   {
 924:Middlewares/ST/STM32_USB_Device_Library/Core/Src/usbd_ctlreq.c ****     case USBD_STATE_DEFAULT:
 925:Middlewares/ST/STM32_USB_Device_Library/Core/Src/usbd_ctlreq.c ****     case USBD_STATE_ADDRESSED:
 926:Middlewares/ST/STM32_USB_Device_Library/Core/Src/usbd_ctlreq.c ****     case USBD_STATE_CONFIGURED:
 927:Middlewares/ST/STM32_USB_Device_Library/Core/Src/usbd_ctlreq.c ****       if (req->wValue == USB_FEATURE_REMOTE_WAKEUP)
 928:Middlewares/ST/STM32_USB_Device_Library/Core/Src/usbd_ctlreq.c ****       {
 929:Middlewares/ST/STM32_USB_Device_Library/Core/Src/usbd_ctlreq.c ****         pdev->dev_remote_wakeup = 0U;
 930:Middlewares/ST/STM32_USB_Device_Library/Core/Src/usbd_ctlreq.c ****         (void)USBD_CtlSendStatus(pdev);
 931:Middlewares/ST/STM32_USB_Device_Library/Core/Src/usbd_ctlreq.c ****       }
 932:Middlewares/ST/STM32_USB_Device_Library/Core/Src/usbd_ctlreq.c ****       break;
 933:Middlewares/ST/STM32_USB_Device_Library/Core/Src/usbd_ctlreq.c **** 
 934:Middlewares/ST/STM32_USB_Device_Library/Core/Src/usbd_ctlreq.c ****     default:
 935:Middlewares/ST/STM32_USB_Device_Library/Core/Src/usbd_ctlreq.c ****       USBD_CtlError(pdev, req);
 936:Middlewares/ST/STM32_USB_Device_Library/Core/Src/usbd_ctlreq.c ****       break;
 937:Middlewares/ST/STM32_USB_Device_Library/Core/Src/usbd_ctlreq.c ****   }
 938:Middlewares/ST/STM32_USB_Device_Library/Core/Src/usbd_ctlreq.c **** }
 939:Middlewares/ST/STM32_USB_Device_Library/Core/Src/usbd_ctlreq.c **** 
 940:Middlewares/ST/STM32_USB_Device_Library/Core/Src/usbd_ctlreq.c **** 
 941:Middlewares/ST/STM32_USB_Device_Library/Core/Src/usbd_ctlreq.c **** /**
 942:Middlewares/ST/STM32_USB_Device_Library/Core/Src/usbd_ctlreq.c ****   * @brief  USBD_ParseSetupRequest
 943:Middlewares/ST/STM32_USB_Device_Library/Core/Src/usbd_ctlreq.c ****   *         Copy buffer into setup structure
 944:Middlewares/ST/STM32_USB_Device_Library/Core/Src/usbd_ctlreq.c ****   * @param  pdev: device instance
ARM GAS  C:\Users\Domagoj\AppData\Local\Temp\ccZJCFTU.s 			page 18


 945:Middlewares/ST/STM32_USB_Device_Library/Core/Src/usbd_ctlreq.c ****   * @param  req: usb request
 946:Middlewares/ST/STM32_USB_Device_Library/Core/Src/usbd_ctlreq.c ****   * @retval None
 947:Middlewares/ST/STM32_USB_Device_Library/Core/Src/usbd_ctlreq.c ****   */
 948:Middlewares/ST/STM32_USB_Device_Library/Core/Src/usbd_ctlreq.c **** void USBD_ParseSetupRequest(USBD_SetupReqTypedef *req, uint8_t *pdata)
 949:Middlewares/ST/STM32_USB_Device_Library/Core/Src/usbd_ctlreq.c **** {
 950:Middlewares/ST/STM32_USB_Device_Library/Core/Src/usbd_ctlreq.c ****   uint8_t *pbuff = pdata;
 951:Middlewares/ST/STM32_USB_Device_Library/Core/Src/usbd_ctlreq.c **** 
 952:Middlewares/ST/STM32_USB_Device_Library/Core/Src/usbd_ctlreq.c ****   req->bmRequest = *(uint8_t *)(pbuff);
 953:Middlewares/ST/STM32_USB_Device_Library/Core/Src/usbd_ctlreq.c **** 
 954:Middlewares/ST/STM32_USB_Device_Library/Core/Src/usbd_ctlreq.c ****   pbuff++;
 955:Middlewares/ST/STM32_USB_Device_Library/Core/Src/usbd_ctlreq.c ****   req->bRequest = *(uint8_t *)(pbuff);
 956:Middlewares/ST/STM32_USB_Device_Library/Core/Src/usbd_ctlreq.c **** 
 957:Middlewares/ST/STM32_USB_Device_Library/Core/Src/usbd_ctlreq.c ****   pbuff++;
 958:Middlewares/ST/STM32_USB_Device_Library/Core/Src/usbd_ctlreq.c ****   req->wValue = SWAPBYTE(pbuff);
 959:Middlewares/ST/STM32_USB_Device_Library/Core/Src/usbd_ctlreq.c **** 
 960:Middlewares/ST/STM32_USB_Device_Library/Core/Src/usbd_ctlreq.c ****   pbuff++;
 961:Middlewares/ST/STM32_USB_Device_Library/Core/Src/usbd_ctlreq.c ****   pbuff++;
 962:Middlewares/ST/STM32_USB_Device_Library/Core/Src/usbd_ctlreq.c ****   req->wIndex = SWAPBYTE(pbuff);
 963:Middlewares/ST/STM32_USB_Device_Library/Core/Src/usbd_ctlreq.c **** 
 964:Middlewares/ST/STM32_USB_Device_Library/Core/Src/usbd_ctlreq.c ****   pbuff++;
 965:Middlewares/ST/STM32_USB_Device_Library/Core/Src/usbd_ctlreq.c ****   pbuff++;
 966:Middlewares/ST/STM32_USB_Device_Library/Core/Src/usbd_ctlreq.c ****   req->wLength = SWAPBYTE(pbuff);
 967:Middlewares/ST/STM32_USB_Device_Library/Core/Src/usbd_ctlreq.c **** }
 968:Middlewares/ST/STM32_USB_Device_Library/Core/Src/usbd_ctlreq.c **** 
 969:Middlewares/ST/STM32_USB_Device_Library/Core/Src/usbd_ctlreq.c **** 
 970:Middlewares/ST/STM32_USB_Device_Library/Core/Src/usbd_ctlreq.c **** /**
 971:Middlewares/ST/STM32_USB_Device_Library/Core/Src/usbd_ctlreq.c ****   * @brief  USBD_CtlError
 972:Middlewares/ST/STM32_USB_Device_Library/Core/Src/usbd_ctlreq.c ****   *         Handle USB low level Error
 973:Middlewares/ST/STM32_USB_Device_Library/Core/Src/usbd_ctlreq.c ****   * @param  pdev: device instance
 974:Middlewares/ST/STM32_USB_Device_Library/Core/Src/usbd_ctlreq.c ****   * @param  req: usb request
 975:Middlewares/ST/STM32_USB_Device_Library/Core/Src/usbd_ctlreq.c ****   * @retval None
 976:Middlewares/ST/STM32_USB_Device_Library/Core/Src/usbd_ctlreq.c ****   */
 977:Middlewares/ST/STM32_USB_Device_Library/Core/Src/usbd_ctlreq.c **** void USBD_CtlError(USBD_HandleTypeDef *pdev, USBD_SetupReqTypedef *req)
 978:Middlewares/ST/STM32_USB_Device_Library/Core/Src/usbd_ctlreq.c **** {
 979:Middlewares/ST/STM32_USB_Device_Library/Core/Src/usbd_ctlreq.c ****   UNUSED(req);
 980:Middlewares/ST/STM32_USB_Device_Library/Core/Src/usbd_ctlreq.c **** 
 981:Middlewares/ST/STM32_USB_Device_Library/Core/Src/usbd_ctlreq.c ****   (void)USBD_LL_StallEP(pdev, 0x80U);
 982:Middlewares/ST/STM32_USB_Device_Library/Core/Src/usbd_ctlreq.c ****   (void)USBD_LL_StallEP(pdev, 0U);
 983:Middlewares/ST/STM32_USB_Device_Library/Core/Src/usbd_ctlreq.c **** }
 984:Middlewares/ST/STM32_USB_Device_Library/Core/Src/usbd_ctlreq.c **** 
 985:Middlewares/ST/STM32_USB_Device_Library/Core/Src/usbd_ctlreq.c **** 
 986:Middlewares/ST/STM32_USB_Device_Library/Core/Src/usbd_ctlreq.c **** /**
 987:Middlewares/ST/STM32_USB_Device_Library/Core/Src/usbd_ctlreq.c ****   * @brief  USBD_GetString
 988:Middlewares/ST/STM32_USB_Device_Library/Core/Src/usbd_ctlreq.c ****   *         Convert Ascii string into unicode one
 989:Middlewares/ST/STM32_USB_Device_Library/Core/Src/usbd_ctlreq.c ****   * @param  desc : descriptor buffer
 990:Middlewares/ST/STM32_USB_Device_Library/Core/Src/usbd_ctlreq.c ****   * @param  unicode : Formatted string buffer (unicode)
 991:Middlewares/ST/STM32_USB_Device_Library/Core/Src/usbd_ctlreq.c ****   * @param  len : descriptor length
 992:Middlewares/ST/STM32_USB_Device_Library/Core/Src/usbd_ctlreq.c ****   * @retval None
 993:Middlewares/ST/STM32_USB_Device_Library/Core/Src/usbd_ctlreq.c ****   */
 994:Middlewares/ST/STM32_USB_Device_Library/Core/Src/usbd_ctlreq.c **** void USBD_GetString(uint8_t *desc, uint8_t *unicode, uint16_t *len)
 995:Middlewares/ST/STM32_USB_Device_Library/Core/Src/usbd_ctlreq.c **** {
 996:Middlewares/ST/STM32_USB_Device_Library/Core/Src/usbd_ctlreq.c ****   uint8_t idx = 0U;
 997:Middlewares/ST/STM32_USB_Device_Library/Core/Src/usbd_ctlreq.c ****   uint8_t *pdesc;
 998:Middlewares/ST/STM32_USB_Device_Library/Core/Src/usbd_ctlreq.c **** 
 999:Middlewares/ST/STM32_USB_Device_Library/Core/Src/usbd_ctlreq.c ****   if (desc == NULL)
1000:Middlewares/ST/STM32_USB_Device_Library/Core/Src/usbd_ctlreq.c ****   {
1001:Middlewares/ST/STM32_USB_Device_Library/Core/Src/usbd_ctlreq.c ****     return;
ARM GAS  C:\Users\Domagoj\AppData\Local\Temp\ccZJCFTU.s 			page 19


1002:Middlewares/ST/STM32_USB_Device_Library/Core/Src/usbd_ctlreq.c ****   }
1003:Middlewares/ST/STM32_USB_Device_Library/Core/Src/usbd_ctlreq.c **** 
1004:Middlewares/ST/STM32_USB_Device_Library/Core/Src/usbd_ctlreq.c ****   pdesc = desc;
1005:Middlewares/ST/STM32_USB_Device_Library/Core/Src/usbd_ctlreq.c ****   *len = ((uint16_t)USBD_GetLen(pdesc) * 2U) + 2U;
1006:Middlewares/ST/STM32_USB_Device_Library/Core/Src/usbd_ctlreq.c **** 
1007:Middlewares/ST/STM32_USB_Device_Library/Core/Src/usbd_ctlreq.c ****   unicode[idx] = *(uint8_t *)len;
1008:Middlewares/ST/STM32_USB_Device_Library/Core/Src/usbd_ctlreq.c ****   idx++;
1009:Middlewares/ST/STM32_USB_Device_Library/Core/Src/usbd_ctlreq.c ****   unicode[idx] = USB_DESC_TYPE_STRING;
1010:Middlewares/ST/STM32_USB_Device_Library/Core/Src/usbd_ctlreq.c ****   idx++;
1011:Middlewares/ST/STM32_USB_Device_Library/Core/Src/usbd_ctlreq.c **** 
1012:Middlewares/ST/STM32_USB_Device_Library/Core/Src/usbd_ctlreq.c ****   while (*pdesc != (uint8_t)'\0')
1013:Middlewares/ST/STM32_USB_Device_Library/Core/Src/usbd_ctlreq.c ****   {
1014:Middlewares/ST/STM32_USB_Device_Library/Core/Src/usbd_ctlreq.c ****     unicode[idx] = *pdesc;
1015:Middlewares/ST/STM32_USB_Device_Library/Core/Src/usbd_ctlreq.c ****     pdesc++;
1016:Middlewares/ST/STM32_USB_Device_Library/Core/Src/usbd_ctlreq.c ****     idx++;
1017:Middlewares/ST/STM32_USB_Device_Library/Core/Src/usbd_ctlreq.c **** 
1018:Middlewares/ST/STM32_USB_Device_Library/Core/Src/usbd_ctlreq.c ****     unicode[idx] = 0U;
1019:Middlewares/ST/STM32_USB_Device_Library/Core/Src/usbd_ctlreq.c ****     idx++;
1020:Middlewares/ST/STM32_USB_Device_Library/Core/Src/usbd_ctlreq.c ****   }
1021:Middlewares/ST/STM32_USB_Device_Library/Core/Src/usbd_ctlreq.c **** }
1022:Middlewares/ST/STM32_USB_Device_Library/Core/Src/usbd_ctlreq.c **** 
1023:Middlewares/ST/STM32_USB_Device_Library/Core/Src/usbd_ctlreq.c **** 
1024:Middlewares/ST/STM32_USB_Device_Library/Core/Src/usbd_ctlreq.c **** /**
1025:Middlewares/ST/STM32_USB_Device_Library/Core/Src/usbd_ctlreq.c ****   * @brief  USBD_GetLen
1026:Middlewares/ST/STM32_USB_Device_Library/Core/Src/usbd_ctlreq.c ****   *         return the string length
1027:Middlewares/ST/STM32_USB_Device_Library/Core/Src/usbd_ctlreq.c ****    * @param  buf : pointer to the ascii string buffer
1028:Middlewares/ST/STM32_USB_Device_Library/Core/Src/usbd_ctlreq.c ****   * @retval string length
1029:Middlewares/ST/STM32_USB_Device_Library/Core/Src/usbd_ctlreq.c ****   */
1030:Middlewares/ST/STM32_USB_Device_Library/Core/Src/usbd_ctlreq.c **** static uint8_t USBD_GetLen(uint8_t *buf)
1031:Middlewares/ST/STM32_USB_Device_Library/Core/Src/usbd_ctlreq.c **** {
  27              		.loc 1 1031 1 view -0
  28              		.cfi_startproc
  29              		@ args = 0, pretend = 0, frame = 0
  30              		@ frame_needed = 0, uses_anonymous_args = 0
  31              		@ link register save eliminated.
  32              		.loc 1 1031 1 is_stmt 0 view .LVU1
  33 0000 0300     		movs	r3, r0
1032:Middlewares/ST/STM32_USB_Device_Library/Core/Src/usbd_ctlreq.c ****   uint8_t  len = 0U;
  34              		.loc 1 1032 3 is_stmt 1 view .LVU2
  35              	.LVL1:
1033:Middlewares/ST/STM32_USB_Device_Library/Core/Src/usbd_ctlreq.c ****   uint8_t *pbuff = buf;
  36              		.loc 1 1033 3 view .LVU3
1034:Middlewares/ST/STM32_USB_Device_Library/Core/Src/usbd_ctlreq.c **** 
1035:Middlewares/ST/STM32_USB_Device_Library/Core/Src/usbd_ctlreq.c ****   while (*pbuff != (uint8_t)'\0')
  37              		.loc 1 1035 3 view .LVU4
1032:Middlewares/ST/STM32_USB_Device_Library/Core/Src/usbd_ctlreq.c ****   uint8_t *pbuff = buf;
  38              		.loc 1 1032 12 is_stmt 0 view .LVU5
  39 0002 0020     		movs	r0, #0
  40              	.LVL2:
  41              		.loc 1 1035 9 view .LVU6
  42 0004 02E0     		b	.L2
  43              	.LVL3:
  44              	.L3:
1036:Middlewares/ST/STM32_USB_Device_Library/Core/Src/usbd_ctlreq.c ****   {
1037:Middlewares/ST/STM32_USB_Device_Library/Core/Src/usbd_ctlreq.c ****     len++;
  45              		.loc 1 1037 5 is_stmt 1 view .LVU7
  46              		.loc 1 1037 8 is_stmt 0 view .LVU8
ARM GAS  C:\Users\Domagoj\AppData\Local\Temp\ccZJCFTU.s 			page 20


  47 0006 0130     		adds	r0, r0, #1
  48              	.LVL4:
  49              		.loc 1 1037 8 view .LVU9
  50 0008 C0B2     		uxtb	r0, r0
  51              	.LVL5:
1038:Middlewares/ST/STM32_USB_Device_Library/Core/Src/usbd_ctlreq.c ****     pbuff++;
  52              		.loc 1 1038 5 is_stmt 1 view .LVU10
  53              		.loc 1 1038 10 is_stmt 0 view .LVU11
  54 000a 0133     		adds	r3, r3, #1
  55              	.LVL6:
  56              	.L2:
1035:Middlewares/ST/STM32_USB_Device_Library/Core/Src/usbd_ctlreq.c ****   {
  57              		.loc 1 1035 17 is_stmt 1 view .LVU12
1035:Middlewares/ST/STM32_USB_Device_Library/Core/Src/usbd_ctlreq.c ****   {
  58              		.loc 1 1035 10 is_stmt 0 view .LVU13
  59 000c 1A78     		ldrb	r2, [r3]
1035:Middlewares/ST/STM32_USB_Device_Library/Core/Src/usbd_ctlreq.c ****   {
  60              		.loc 1 1035 17 view .LVU14
  61 000e 002A     		cmp	r2, #0
  62 0010 F9D1     		bne	.L3
1039:Middlewares/ST/STM32_USB_Device_Library/Core/Src/usbd_ctlreq.c ****   }
1040:Middlewares/ST/STM32_USB_Device_Library/Core/Src/usbd_ctlreq.c **** 
1041:Middlewares/ST/STM32_USB_Device_Library/Core/Src/usbd_ctlreq.c ****   return len;
  63              		.loc 1 1041 3 is_stmt 1 view .LVU15
1042:Middlewares/ST/STM32_USB_Device_Library/Core/Src/usbd_ctlreq.c **** }
  64              		.loc 1 1042 1 is_stmt 0 view .LVU16
  65              		@ sp needed
  66 0012 7047     		bx	lr
  67              		.cfi_endproc
  68              	.LFE383:
  70              		.section	.text.USBD_ParseSetupRequest,"ax",%progbits
  71              		.align	1
  72              		.global	USBD_ParseSetupRequest
  73              		.syntax unified
  74              		.code	16
  75              		.thumb_func
  77              	USBD_ParseSetupRequest:
  78              	.LVL7:
  79              	.LFB380:
 949:Middlewares/ST/STM32_USB_Device_Library/Core/Src/usbd_ctlreq.c ****   uint8_t *pbuff = pdata;
  80              		.loc 1 949 1 is_stmt 1 view -0
  81              		.cfi_startproc
  82              		@ args = 0, pretend = 0, frame = 0
  83              		@ frame_needed = 0, uses_anonymous_args = 0
  84              		@ link register save eliminated.
 950:Middlewares/ST/STM32_USB_Device_Library/Core/Src/usbd_ctlreq.c **** 
  85              		.loc 1 950 3 view .LVU18
 952:Middlewares/ST/STM32_USB_Device_Library/Core/Src/usbd_ctlreq.c **** 
  86              		.loc 1 952 3 view .LVU19
 952:Middlewares/ST/STM32_USB_Device_Library/Core/Src/usbd_ctlreq.c **** 
  87              		.loc 1 952 20 is_stmt 0 view .LVU20
  88 0000 0B78     		ldrb	r3, [r1]
 952:Middlewares/ST/STM32_USB_Device_Library/Core/Src/usbd_ctlreq.c **** 
  89              		.loc 1 952 18 view .LVU21
  90 0002 0370     		strb	r3, [r0]
 954:Middlewares/ST/STM32_USB_Device_Library/Core/Src/usbd_ctlreq.c ****   req->bRequest = *(uint8_t *)(pbuff);
  91              		.loc 1 954 3 is_stmt 1 view .LVU22
ARM GAS  C:\Users\Domagoj\AppData\Local\Temp\ccZJCFTU.s 			page 21


  92              	.LVL8:
 955:Middlewares/ST/STM32_USB_Device_Library/Core/Src/usbd_ctlreq.c **** 
  93              		.loc 1 955 3 view .LVU23
 955:Middlewares/ST/STM32_USB_Device_Library/Core/Src/usbd_ctlreq.c **** 
  94              		.loc 1 955 19 is_stmt 0 view .LVU24
  95 0004 4B78     		ldrb	r3, [r1, #1]
 955:Middlewares/ST/STM32_USB_Device_Library/Core/Src/usbd_ctlreq.c **** 
  96              		.loc 1 955 17 view .LVU25
  97 0006 4370     		strb	r3, [r0, #1]
 957:Middlewares/ST/STM32_USB_Device_Library/Core/Src/usbd_ctlreq.c ****   req->wValue = SWAPBYTE(pbuff);
  98              		.loc 1 957 3 is_stmt 1 view .LVU26
  99              	.LVL9:
 958:Middlewares/ST/STM32_USB_Device_Library/Core/Src/usbd_ctlreq.c **** 
 100              		.loc 1 958 3 view .LVU27
 101              	.LBB8:
 102              	.LBI8:
 103              		.file 2 "Middlewares/ST/STM32_USB_Device_Library/Core/Inc/usbd_def.h"
   1:Middlewares/ST/STM32_USB_Device_Library/Core/Inc/usbd_def.h **** /**
   2:Middlewares/ST/STM32_USB_Device_Library/Core/Inc/usbd_def.h ****   ******************************************************************************
   3:Middlewares/ST/STM32_USB_Device_Library/Core/Inc/usbd_def.h ****   * @file    usbd_def.h
   4:Middlewares/ST/STM32_USB_Device_Library/Core/Inc/usbd_def.h ****   * @author  MCD Application Team
   5:Middlewares/ST/STM32_USB_Device_Library/Core/Inc/usbd_def.h ****   * @brief   General defines for the usb device library
   6:Middlewares/ST/STM32_USB_Device_Library/Core/Inc/usbd_def.h ****   ******************************************************************************
   7:Middlewares/ST/STM32_USB_Device_Library/Core/Inc/usbd_def.h ****   * @attention
   8:Middlewares/ST/STM32_USB_Device_Library/Core/Inc/usbd_def.h ****   *
   9:Middlewares/ST/STM32_USB_Device_Library/Core/Inc/usbd_def.h ****   * Copyright (c) 2015 STMicroelectronics.
  10:Middlewares/ST/STM32_USB_Device_Library/Core/Inc/usbd_def.h ****   * All rights reserved.
  11:Middlewares/ST/STM32_USB_Device_Library/Core/Inc/usbd_def.h ****   *
  12:Middlewares/ST/STM32_USB_Device_Library/Core/Inc/usbd_def.h ****   * This software is licensed under terms that can be found in the LICENSE file
  13:Middlewares/ST/STM32_USB_Device_Library/Core/Inc/usbd_def.h ****   * in the root directory of this software component.
  14:Middlewares/ST/STM32_USB_Device_Library/Core/Inc/usbd_def.h ****   * If no LICENSE file comes with this software, it is provided AS-IS.
  15:Middlewares/ST/STM32_USB_Device_Library/Core/Inc/usbd_def.h ****   *
  16:Middlewares/ST/STM32_USB_Device_Library/Core/Inc/usbd_def.h ****   ******************************************************************************
  17:Middlewares/ST/STM32_USB_Device_Library/Core/Inc/usbd_def.h ****   */
  18:Middlewares/ST/STM32_USB_Device_Library/Core/Inc/usbd_def.h **** 
  19:Middlewares/ST/STM32_USB_Device_Library/Core/Inc/usbd_def.h **** /* Define to prevent recursive inclusion -------------------------------------*/
  20:Middlewares/ST/STM32_USB_Device_Library/Core/Inc/usbd_def.h **** #ifndef __USBD_DEF_H
  21:Middlewares/ST/STM32_USB_Device_Library/Core/Inc/usbd_def.h **** #define __USBD_DEF_H
  22:Middlewares/ST/STM32_USB_Device_Library/Core/Inc/usbd_def.h **** 
  23:Middlewares/ST/STM32_USB_Device_Library/Core/Inc/usbd_def.h **** #ifdef __cplusplus
  24:Middlewares/ST/STM32_USB_Device_Library/Core/Inc/usbd_def.h **** extern "C" {
  25:Middlewares/ST/STM32_USB_Device_Library/Core/Inc/usbd_def.h **** #endif
  26:Middlewares/ST/STM32_USB_Device_Library/Core/Inc/usbd_def.h **** 
  27:Middlewares/ST/STM32_USB_Device_Library/Core/Inc/usbd_def.h **** /* Includes ------------------------------------------------------------------*/
  28:Middlewares/ST/STM32_USB_Device_Library/Core/Inc/usbd_def.h **** #include "usbd_conf.h"
  29:Middlewares/ST/STM32_USB_Device_Library/Core/Inc/usbd_def.h **** 
  30:Middlewares/ST/STM32_USB_Device_Library/Core/Inc/usbd_def.h **** /** @addtogroup STM32_USBD_DEVICE_LIBRARY
  31:Middlewares/ST/STM32_USB_Device_Library/Core/Inc/usbd_def.h ****   * @{
  32:Middlewares/ST/STM32_USB_Device_Library/Core/Inc/usbd_def.h ****   */
  33:Middlewares/ST/STM32_USB_Device_Library/Core/Inc/usbd_def.h **** 
  34:Middlewares/ST/STM32_USB_Device_Library/Core/Inc/usbd_def.h **** /** @defgroup USB_DEF
  35:Middlewares/ST/STM32_USB_Device_Library/Core/Inc/usbd_def.h ****   * @brief general defines for the usb device library file
  36:Middlewares/ST/STM32_USB_Device_Library/Core/Inc/usbd_def.h ****   * @{
  37:Middlewares/ST/STM32_USB_Device_Library/Core/Inc/usbd_def.h ****   */
  38:Middlewares/ST/STM32_USB_Device_Library/Core/Inc/usbd_def.h **** 
  39:Middlewares/ST/STM32_USB_Device_Library/Core/Inc/usbd_def.h **** /** @defgroup USB_DEF_Exported_Defines
  40:Middlewares/ST/STM32_USB_Device_Library/Core/Inc/usbd_def.h ****   * @{
ARM GAS  C:\Users\Domagoj\AppData\Local\Temp\ccZJCFTU.s 			page 22


  41:Middlewares/ST/STM32_USB_Device_Library/Core/Inc/usbd_def.h ****   */
  42:Middlewares/ST/STM32_USB_Device_Library/Core/Inc/usbd_def.h **** 
  43:Middlewares/ST/STM32_USB_Device_Library/Core/Inc/usbd_def.h **** #ifndef NULL
  44:Middlewares/ST/STM32_USB_Device_Library/Core/Inc/usbd_def.h **** #define NULL                                            0U
  45:Middlewares/ST/STM32_USB_Device_Library/Core/Inc/usbd_def.h **** #endif /* NULL */
  46:Middlewares/ST/STM32_USB_Device_Library/Core/Inc/usbd_def.h **** 
  47:Middlewares/ST/STM32_USB_Device_Library/Core/Inc/usbd_def.h **** #ifndef USBD_MAX_NUM_INTERFACES
  48:Middlewares/ST/STM32_USB_Device_Library/Core/Inc/usbd_def.h **** #define USBD_MAX_NUM_INTERFACES                         1U
  49:Middlewares/ST/STM32_USB_Device_Library/Core/Inc/usbd_def.h **** #endif /* USBD_MAX_NUM_CONFIGURATION */
  50:Middlewares/ST/STM32_USB_Device_Library/Core/Inc/usbd_def.h **** 
  51:Middlewares/ST/STM32_USB_Device_Library/Core/Inc/usbd_def.h **** #ifndef USBD_MAX_NUM_CONFIGURATION
  52:Middlewares/ST/STM32_USB_Device_Library/Core/Inc/usbd_def.h **** #define USBD_MAX_NUM_CONFIGURATION                      1U
  53:Middlewares/ST/STM32_USB_Device_Library/Core/Inc/usbd_def.h **** #endif /* USBD_MAX_NUM_CONFIGURATION */
  54:Middlewares/ST/STM32_USB_Device_Library/Core/Inc/usbd_def.h **** 
  55:Middlewares/ST/STM32_USB_Device_Library/Core/Inc/usbd_def.h **** #ifdef USE_USBD_COMPOSITE
  56:Middlewares/ST/STM32_USB_Device_Library/Core/Inc/usbd_def.h **** #ifndef USBD_MAX_SUPPORTED_CLASS
  57:Middlewares/ST/STM32_USB_Device_Library/Core/Inc/usbd_def.h **** #define USBD_MAX_SUPPORTED_CLASS                       4U
  58:Middlewares/ST/STM32_USB_Device_Library/Core/Inc/usbd_def.h **** #endif /* USBD_MAX_SUPPORTED_CLASS */
  59:Middlewares/ST/STM32_USB_Device_Library/Core/Inc/usbd_def.h **** #else
  60:Middlewares/ST/STM32_USB_Device_Library/Core/Inc/usbd_def.h **** #ifndef USBD_MAX_SUPPORTED_CLASS
  61:Middlewares/ST/STM32_USB_Device_Library/Core/Inc/usbd_def.h **** #define USBD_MAX_SUPPORTED_CLASS                       1U
  62:Middlewares/ST/STM32_USB_Device_Library/Core/Inc/usbd_def.h **** #endif /* USBD_MAX_SUPPORTED_CLASS */
  63:Middlewares/ST/STM32_USB_Device_Library/Core/Inc/usbd_def.h **** #endif /* USE_USBD_COMPOSITE */
  64:Middlewares/ST/STM32_USB_Device_Library/Core/Inc/usbd_def.h **** 
  65:Middlewares/ST/STM32_USB_Device_Library/Core/Inc/usbd_def.h **** #ifndef USBD_MAX_CLASS_ENDPOINTS
  66:Middlewares/ST/STM32_USB_Device_Library/Core/Inc/usbd_def.h **** #define USBD_MAX_CLASS_ENDPOINTS                       5U
  67:Middlewares/ST/STM32_USB_Device_Library/Core/Inc/usbd_def.h **** #endif /* USBD_MAX_CLASS_ENDPOINTS */
  68:Middlewares/ST/STM32_USB_Device_Library/Core/Inc/usbd_def.h **** 
  69:Middlewares/ST/STM32_USB_Device_Library/Core/Inc/usbd_def.h **** #ifndef USBD_MAX_CLASS_INTERFACES
  70:Middlewares/ST/STM32_USB_Device_Library/Core/Inc/usbd_def.h **** #define USBD_MAX_CLASS_INTERFACES                      5U
  71:Middlewares/ST/STM32_USB_Device_Library/Core/Inc/usbd_def.h **** #endif /* USBD_MAX_CLASS_INTERFACES */
  72:Middlewares/ST/STM32_USB_Device_Library/Core/Inc/usbd_def.h **** 
  73:Middlewares/ST/STM32_USB_Device_Library/Core/Inc/usbd_def.h **** #ifndef USBD_LPM_ENABLED
  74:Middlewares/ST/STM32_USB_Device_Library/Core/Inc/usbd_def.h **** #define USBD_LPM_ENABLED                                0U
  75:Middlewares/ST/STM32_USB_Device_Library/Core/Inc/usbd_def.h **** #endif /* USBD_LPM_ENABLED */
  76:Middlewares/ST/STM32_USB_Device_Library/Core/Inc/usbd_def.h **** 
  77:Middlewares/ST/STM32_USB_Device_Library/Core/Inc/usbd_def.h **** #ifndef USBD_SELF_POWERED
  78:Middlewares/ST/STM32_USB_Device_Library/Core/Inc/usbd_def.h **** #define USBD_SELF_POWERED                               1U
  79:Middlewares/ST/STM32_USB_Device_Library/Core/Inc/usbd_def.h **** #endif /*USBD_SELF_POWERED */
  80:Middlewares/ST/STM32_USB_Device_Library/Core/Inc/usbd_def.h **** 
  81:Middlewares/ST/STM32_USB_Device_Library/Core/Inc/usbd_def.h **** #ifndef USBD_MAX_POWER
  82:Middlewares/ST/STM32_USB_Device_Library/Core/Inc/usbd_def.h **** #define USBD_MAX_POWER                                  0x32U /* 100 mA */
  83:Middlewares/ST/STM32_USB_Device_Library/Core/Inc/usbd_def.h **** #endif /* USBD_MAX_POWER */
  84:Middlewares/ST/STM32_USB_Device_Library/Core/Inc/usbd_def.h **** 
  85:Middlewares/ST/STM32_USB_Device_Library/Core/Inc/usbd_def.h **** #ifndef USBD_SUPPORT_USER_STRING_DESC
  86:Middlewares/ST/STM32_USB_Device_Library/Core/Inc/usbd_def.h **** #define USBD_SUPPORT_USER_STRING_DESC                   0U
  87:Middlewares/ST/STM32_USB_Device_Library/Core/Inc/usbd_def.h **** #endif /* USBD_SUPPORT_USER_STRING_DESC */
  88:Middlewares/ST/STM32_USB_Device_Library/Core/Inc/usbd_def.h **** 
  89:Middlewares/ST/STM32_USB_Device_Library/Core/Inc/usbd_def.h **** #ifndef USBD_CLASS_USER_STRING_DESC
  90:Middlewares/ST/STM32_USB_Device_Library/Core/Inc/usbd_def.h **** #define USBD_CLASS_USER_STRING_DESC                     0U
  91:Middlewares/ST/STM32_USB_Device_Library/Core/Inc/usbd_def.h **** #endif /* USBD_CLASS_USER_STRING_DESC */
  92:Middlewares/ST/STM32_USB_Device_Library/Core/Inc/usbd_def.h **** 
  93:Middlewares/ST/STM32_USB_Device_Library/Core/Inc/usbd_def.h **** #define  USB_LEN_DEV_QUALIFIER_DESC                     0x0AU
  94:Middlewares/ST/STM32_USB_Device_Library/Core/Inc/usbd_def.h **** #define  USB_LEN_DEV_DESC                               0x12U
  95:Middlewares/ST/STM32_USB_Device_Library/Core/Inc/usbd_def.h **** #define  USB_LEN_CFG_DESC                               0x09U
  96:Middlewares/ST/STM32_USB_Device_Library/Core/Inc/usbd_def.h **** #define  USB_LEN_IF_DESC                                0x09U
  97:Middlewares/ST/STM32_USB_Device_Library/Core/Inc/usbd_def.h **** #define  USB_LEN_EP_DESC                                0x07U
ARM GAS  C:\Users\Domagoj\AppData\Local\Temp\ccZJCFTU.s 			page 23


  98:Middlewares/ST/STM32_USB_Device_Library/Core/Inc/usbd_def.h **** #define  USB_LEN_OTG_DESC                               0x03U
  99:Middlewares/ST/STM32_USB_Device_Library/Core/Inc/usbd_def.h **** #define  USB_LEN_LANGID_STR_DESC                        0x04U
 100:Middlewares/ST/STM32_USB_Device_Library/Core/Inc/usbd_def.h **** #define  USB_LEN_OTHER_SPEED_DESC_SIZ                   0x09U
 101:Middlewares/ST/STM32_USB_Device_Library/Core/Inc/usbd_def.h **** 
 102:Middlewares/ST/STM32_USB_Device_Library/Core/Inc/usbd_def.h **** #define  USBD_IDX_LANGID_STR                            0x00U
 103:Middlewares/ST/STM32_USB_Device_Library/Core/Inc/usbd_def.h **** #define  USBD_IDX_MFC_STR                               0x01U
 104:Middlewares/ST/STM32_USB_Device_Library/Core/Inc/usbd_def.h **** #define  USBD_IDX_PRODUCT_STR                           0x02U
 105:Middlewares/ST/STM32_USB_Device_Library/Core/Inc/usbd_def.h **** #define  USBD_IDX_SERIAL_STR                            0x03U
 106:Middlewares/ST/STM32_USB_Device_Library/Core/Inc/usbd_def.h **** #define  USBD_IDX_CONFIG_STR                            0x04U
 107:Middlewares/ST/STM32_USB_Device_Library/Core/Inc/usbd_def.h **** #define  USBD_IDX_INTERFACE_STR                         0x05U
 108:Middlewares/ST/STM32_USB_Device_Library/Core/Inc/usbd_def.h **** 
 109:Middlewares/ST/STM32_USB_Device_Library/Core/Inc/usbd_def.h **** #define  USB_REQ_TYPE_STANDARD                          0x00U
 110:Middlewares/ST/STM32_USB_Device_Library/Core/Inc/usbd_def.h **** #define  USB_REQ_TYPE_CLASS                             0x20U
 111:Middlewares/ST/STM32_USB_Device_Library/Core/Inc/usbd_def.h **** #define  USB_REQ_TYPE_VENDOR                            0x40U
 112:Middlewares/ST/STM32_USB_Device_Library/Core/Inc/usbd_def.h **** #define  USB_REQ_TYPE_MASK                              0x60U
 113:Middlewares/ST/STM32_USB_Device_Library/Core/Inc/usbd_def.h **** 
 114:Middlewares/ST/STM32_USB_Device_Library/Core/Inc/usbd_def.h **** #define  USB_REQ_RECIPIENT_DEVICE                       0x00U
 115:Middlewares/ST/STM32_USB_Device_Library/Core/Inc/usbd_def.h **** #define  USB_REQ_RECIPIENT_INTERFACE                    0x01U
 116:Middlewares/ST/STM32_USB_Device_Library/Core/Inc/usbd_def.h **** #define  USB_REQ_RECIPIENT_ENDPOINT                     0x02U
 117:Middlewares/ST/STM32_USB_Device_Library/Core/Inc/usbd_def.h **** #define  USB_REQ_RECIPIENT_MASK                         0x03U
 118:Middlewares/ST/STM32_USB_Device_Library/Core/Inc/usbd_def.h **** 
 119:Middlewares/ST/STM32_USB_Device_Library/Core/Inc/usbd_def.h **** #define  USB_REQ_GET_STATUS                             0x00U
 120:Middlewares/ST/STM32_USB_Device_Library/Core/Inc/usbd_def.h **** #define  USB_REQ_CLEAR_FEATURE                          0x01U
 121:Middlewares/ST/STM32_USB_Device_Library/Core/Inc/usbd_def.h **** #define  USB_REQ_SET_FEATURE                            0x03U
 122:Middlewares/ST/STM32_USB_Device_Library/Core/Inc/usbd_def.h **** #define  USB_REQ_SET_ADDRESS                            0x05U
 123:Middlewares/ST/STM32_USB_Device_Library/Core/Inc/usbd_def.h **** #define  USB_REQ_GET_DESCRIPTOR                         0x06U
 124:Middlewares/ST/STM32_USB_Device_Library/Core/Inc/usbd_def.h **** #define  USB_REQ_SET_DESCRIPTOR                         0x07U
 125:Middlewares/ST/STM32_USB_Device_Library/Core/Inc/usbd_def.h **** #define  USB_REQ_GET_CONFIGURATION                      0x08U
 126:Middlewares/ST/STM32_USB_Device_Library/Core/Inc/usbd_def.h **** #define  USB_REQ_SET_CONFIGURATION                      0x09U
 127:Middlewares/ST/STM32_USB_Device_Library/Core/Inc/usbd_def.h **** #define  USB_REQ_GET_INTERFACE                          0x0AU
 128:Middlewares/ST/STM32_USB_Device_Library/Core/Inc/usbd_def.h **** #define  USB_REQ_SET_INTERFACE                          0x0BU
 129:Middlewares/ST/STM32_USB_Device_Library/Core/Inc/usbd_def.h **** #define  USB_REQ_SYNCH_FRAME                            0x0CU
 130:Middlewares/ST/STM32_USB_Device_Library/Core/Inc/usbd_def.h **** 
 131:Middlewares/ST/STM32_USB_Device_Library/Core/Inc/usbd_def.h **** #define  USB_DESC_TYPE_DEVICE                           0x01U
 132:Middlewares/ST/STM32_USB_Device_Library/Core/Inc/usbd_def.h **** #define  USB_DESC_TYPE_CONFIGURATION                    0x02U
 133:Middlewares/ST/STM32_USB_Device_Library/Core/Inc/usbd_def.h **** #define  USB_DESC_TYPE_STRING                           0x03U
 134:Middlewares/ST/STM32_USB_Device_Library/Core/Inc/usbd_def.h **** #define  USB_DESC_TYPE_INTERFACE                        0x04U
 135:Middlewares/ST/STM32_USB_Device_Library/Core/Inc/usbd_def.h **** #define  USB_DESC_TYPE_ENDPOINT                         0x05U
 136:Middlewares/ST/STM32_USB_Device_Library/Core/Inc/usbd_def.h **** #define  USB_DESC_TYPE_DEVICE_QUALIFIER                 0x06U
 137:Middlewares/ST/STM32_USB_Device_Library/Core/Inc/usbd_def.h **** #define  USB_DESC_TYPE_OTHER_SPEED_CONFIGURATION        0x07U
 138:Middlewares/ST/STM32_USB_Device_Library/Core/Inc/usbd_def.h **** #define  USB_DESC_TYPE_IAD                              0x0BU
 139:Middlewares/ST/STM32_USB_Device_Library/Core/Inc/usbd_def.h **** #define  USB_DESC_TYPE_BOS                              0x0FU
 140:Middlewares/ST/STM32_USB_Device_Library/Core/Inc/usbd_def.h **** 
 141:Middlewares/ST/STM32_USB_Device_Library/Core/Inc/usbd_def.h **** #define USB_CONFIG_REMOTE_WAKEUP                        0x02U
 142:Middlewares/ST/STM32_USB_Device_Library/Core/Inc/usbd_def.h **** #define USB_CONFIG_SELF_POWERED                         0x01U
 143:Middlewares/ST/STM32_USB_Device_Library/Core/Inc/usbd_def.h **** 
 144:Middlewares/ST/STM32_USB_Device_Library/Core/Inc/usbd_def.h **** #define USB_FEATURE_EP_HALT                             0x00U
 145:Middlewares/ST/STM32_USB_Device_Library/Core/Inc/usbd_def.h **** #define USB_FEATURE_REMOTE_WAKEUP                       0x01U
 146:Middlewares/ST/STM32_USB_Device_Library/Core/Inc/usbd_def.h **** #define USB_FEATURE_TEST_MODE                           0x02U
 147:Middlewares/ST/STM32_USB_Device_Library/Core/Inc/usbd_def.h **** 
 148:Middlewares/ST/STM32_USB_Device_Library/Core/Inc/usbd_def.h **** #define USB_DEVICE_CAPABITY_TYPE                        0x10U
 149:Middlewares/ST/STM32_USB_Device_Library/Core/Inc/usbd_def.h **** 
 150:Middlewares/ST/STM32_USB_Device_Library/Core/Inc/usbd_def.h **** #define USB_CONF_DESC_SIZE                              0x09U
 151:Middlewares/ST/STM32_USB_Device_Library/Core/Inc/usbd_def.h **** #define USB_IF_DESC_SIZE                                0x09U
 152:Middlewares/ST/STM32_USB_Device_Library/Core/Inc/usbd_def.h **** #define USB_EP_DESC_SIZE                                0x07U
 153:Middlewares/ST/STM32_USB_Device_Library/Core/Inc/usbd_def.h **** #define USB_IAD_DESC_SIZE                               0x08U
 154:Middlewares/ST/STM32_USB_Device_Library/Core/Inc/usbd_def.h **** 
ARM GAS  C:\Users\Domagoj\AppData\Local\Temp\ccZJCFTU.s 			page 24


 155:Middlewares/ST/STM32_USB_Device_Library/Core/Inc/usbd_def.h **** #define USB_HS_MAX_PACKET_SIZE                          512U
 156:Middlewares/ST/STM32_USB_Device_Library/Core/Inc/usbd_def.h **** #define USB_FS_MAX_PACKET_SIZE                          64U
 157:Middlewares/ST/STM32_USB_Device_Library/Core/Inc/usbd_def.h **** #define USB_MAX_EP0_SIZE                                64U
 158:Middlewares/ST/STM32_USB_Device_Library/Core/Inc/usbd_def.h **** 
 159:Middlewares/ST/STM32_USB_Device_Library/Core/Inc/usbd_def.h **** /*  Device Status */
 160:Middlewares/ST/STM32_USB_Device_Library/Core/Inc/usbd_def.h **** #define USBD_STATE_DEFAULT                              0x01U
 161:Middlewares/ST/STM32_USB_Device_Library/Core/Inc/usbd_def.h **** #define USBD_STATE_ADDRESSED                            0x02U
 162:Middlewares/ST/STM32_USB_Device_Library/Core/Inc/usbd_def.h **** #define USBD_STATE_CONFIGURED                           0x03U
 163:Middlewares/ST/STM32_USB_Device_Library/Core/Inc/usbd_def.h **** #define USBD_STATE_SUSPENDED                            0x04U
 164:Middlewares/ST/STM32_USB_Device_Library/Core/Inc/usbd_def.h **** 
 165:Middlewares/ST/STM32_USB_Device_Library/Core/Inc/usbd_def.h **** 
 166:Middlewares/ST/STM32_USB_Device_Library/Core/Inc/usbd_def.h **** /*  EP0 State */
 167:Middlewares/ST/STM32_USB_Device_Library/Core/Inc/usbd_def.h **** #define USBD_EP0_IDLE                                   0x00U
 168:Middlewares/ST/STM32_USB_Device_Library/Core/Inc/usbd_def.h **** #define USBD_EP0_SETUP                                  0x01U
 169:Middlewares/ST/STM32_USB_Device_Library/Core/Inc/usbd_def.h **** #define USBD_EP0_DATA_IN                                0x02U
 170:Middlewares/ST/STM32_USB_Device_Library/Core/Inc/usbd_def.h **** #define USBD_EP0_DATA_OUT                               0x03U
 171:Middlewares/ST/STM32_USB_Device_Library/Core/Inc/usbd_def.h **** #define USBD_EP0_STATUS_IN                              0x04U
 172:Middlewares/ST/STM32_USB_Device_Library/Core/Inc/usbd_def.h **** #define USBD_EP0_STATUS_OUT                             0x05U
 173:Middlewares/ST/STM32_USB_Device_Library/Core/Inc/usbd_def.h **** #define USBD_EP0_STALL                                  0x06U
 174:Middlewares/ST/STM32_USB_Device_Library/Core/Inc/usbd_def.h **** 
 175:Middlewares/ST/STM32_USB_Device_Library/Core/Inc/usbd_def.h **** #define USBD_EP_TYPE_CTRL                               0x00U
 176:Middlewares/ST/STM32_USB_Device_Library/Core/Inc/usbd_def.h **** #define USBD_EP_TYPE_ISOC                               0x01U
 177:Middlewares/ST/STM32_USB_Device_Library/Core/Inc/usbd_def.h **** #define USBD_EP_TYPE_BULK                               0x02U
 178:Middlewares/ST/STM32_USB_Device_Library/Core/Inc/usbd_def.h **** #define USBD_EP_TYPE_INTR                               0x03U
 179:Middlewares/ST/STM32_USB_Device_Library/Core/Inc/usbd_def.h **** 
 180:Middlewares/ST/STM32_USB_Device_Library/Core/Inc/usbd_def.h **** #ifdef USE_USBD_COMPOSITE
 181:Middlewares/ST/STM32_USB_Device_Library/Core/Inc/usbd_def.h **** #define USBD_EP_IN                                      0x80U
 182:Middlewares/ST/STM32_USB_Device_Library/Core/Inc/usbd_def.h **** #define USBD_EP_OUT                                     0x00U
 183:Middlewares/ST/STM32_USB_Device_Library/Core/Inc/usbd_def.h **** #define USBD_FUNC_DESCRIPTOR_TYPE                       0x24U
 184:Middlewares/ST/STM32_USB_Device_Library/Core/Inc/usbd_def.h **** #define USBD_DESC_SUBTYPE_ACM                           0x0FU
 185:Middlewares/ST/STM32_USB_Device_Library/Core/Inc/usbd_def.h **** #define USBD_DESC_ECM_BCD_LOW                           0x00U
 186:Middlewares/ST/STM32_USB_Device_Library/Core/Inc/usbd_def.h **** #define USBD_DESC_ECM_BCD_HIGH                          0x10U
 187:Middlewares/ST/STM32_USB_Device_Library/Core/Inc/usbd_def.h **** #endif /* USE_USBD_COMPOSITE */
 188:Middlewares/ST/STM32_USB_Device_Library/Core/Inc/usbd_def.h **** /**
 189:Middlewares/ST/STM32_USB_Device_Library/Core/Inc/usbd_def.h ****   * @}
 190:Middlewares/ST/STM32_USB_Device_Library/Core/Inc/usbd_def.h ****   */
 191:Middlewares/ST/STM32_USB_Device_Library/Core/Inc/usbd_def.h **** 
 192:Middlewares/ST/STM32_USB_Device_Library/Core/Inc/usbd_def.h **** 
 193:Middlewares/ST/STM32_USB_Device_Library/Core/Inc/usbd_def.h **** /** @defgroup USBD_DEF_Exported_TypesDefinitions
 194:Middlewares/ST/STM32_USB_Device_Library/Core/Inc/usbd_def.h ****   * @{
 195:Middlewares/ST/STM32_USB_Device_Library/Core/Inc/usbd_def.h ****   */
 196:Middlewares/ST/STM32_USB_Device_Library/Core/Inc/usbd_def.h **** 
 197:Middlewares/ST/STM32_USB_Device_Library/Core/Inc/usbd_def.h **** typedef  struct  usb_setup_req
 198:Middlewares/ST/STM32_USB_Device_Library/Core/Inc/usbd_def.h **** {
 199:Middlewares/ST/STM32_USB_Device_Library/Core/Inc/usbd_def.h ****   uint8_t   bmRequest;
 200:Middlewares/ST/STM32_USB_Device_Library/Core/Inc/usbd_def.h ****   uint8_t   bRequest;
 201:Middlewares/ST/STM32_USB_Device_Library/Core/Inc/usbd_def.h ****   uint16_t  wValue;
 202:Middlewares/ST/STM32_USB_Device_Library/Core/Inc/usbd_def.h ****   uint16_t  wIndex;
 203:Middlewares/ST/STM32_USB_Device_Library/Core/Inc/usbd_def.h ****   uint16_t  wLength;
 204:Middlewares/ST/STM32_USB_Device_Library/Core/Inc/usbd_def.h **** } USBD_SetupReqTypedef;
 205:Middlewares/ST/STM32_USB_Device_Library/Core/Inc/usbd_def.h **** 
 206:Middlewares/ST/STM32_USB_Device_Library/Core/Inc/usbd_def.h **** typedef struct
 207:Middlewares/ST/STM32_USB_Device_Library/Core/Inc/usbd_def.h **** {
 208:Middlewares/ST/STM32_USB_Device_Library/Core/Inc/usbd_def.h ****   uint8_t   bLength;
 209:Middlewares/ST/STM32_USB_Device_Library/Core/Inc/usbd_def.h ****   uint8_t   bDescriptorType;
 210:Middlewares/ST/STM32_USB_Device_Library/Core/Inc/usbd_def.h ****   uint16_t  wTotalLength;
 211:Middlewares/ST/STM32_USB_Device_Library/Core/Inc/usbd_def.h ****   uint8_t   bNumInterfaces;
ARM GAS  C:\Users\Domagoj\AppData\Local\Temp\ccZJCFTU.s 			page 25


 212:Middlewares/ST/STM32_USB_Device_Library/Core/Inc/usbd_def.h ****   uint8_t   bConfigurationValue;
 213:Middlewares/ST/STM32_USB_Device_Library/Core/Inc/usbd_def.h ****   uint8_t   iConfiguration;
 214:Middlewares/ST/STM32_USB_Device_Library/Core/Inc/usbd_def.h ****   uint8_t   bmAttributes;
 215:Middlewares/ST/STM32_USB_Device_Library/Core/Inc/usbd_def.h ****   uint8_t   bMaxPower;
 216:Middlewares/ST/STM32_USB_Device_Library/Core/Inc/usbd_def.h **** } __PACKED USBD_ConfigDescTypeDef;
 217:Middlewares/ST/STM32_USB_Device_Library/Core/Inc/usbd_def.h **** 
 218:Middlewares/ST/STM32_USB_Device_Library/Core/Inc/usbd_def.h **** typedef struct
 219:Middlewares/ST/STM32_USB_Device_Library/Core/Inc/usbd_def.h **** {
 220:Middlewares/ST/STM32_USB_Device_Library/Core/Inc/usbd_def.h ****   uint8_t   bLength;
 221:Middlewares/ST/STM32_USB_Device_Library/Core/Inc/usbd_def.h ****   uint8_t   bDescriptorType;
 222:Middlewares/ST/STM32_USB_Device_Library/Core/Inc/usbd_def.h ****   uint16_t  wTotalLength;
 223:Middlewares/ST/STM32_USB_Device_Library/Core/Inc/usbd_def.h ****   uint8_t   bNumDeviceCaps;
 224:Middlewares/ST/STM32_USB_Device_Library/Core/Inc/usbd_def.h **** } USBD_BosDescTypeDef;
 225:Middlewares/ST/STM32_USB_Device_Library/Core/Inc/usbd_def.h **** 
 226:Middlewares/ST/STM32_USB_Device_Library/Core/Inc/usbd_def.h **** typedef struct
 227:Middlewares/ST/STM32_USB_Device_Library/Core/Inc/usbd_def.h **** {
 228:Middlewares/ST/STM32_USB_Device_Library/Core/Inc/usbd_def.h ****   uint8_t   bLength;
 229:Middlewares/ST/STM32_USB_Device_Library/Core/Inc/usbd_def.h ****   uint8_t   bDescriptorType;
 230:Middlewares/ST/STM32_USB_Device_Library/Core/Inc/usbd_def.h ****   uint8_t   bEndpointAddress;
 231:Middlewares/ST/STM32_USB_Device_Library/Core/Inc/usbd_def.h ****   uint8_t   bmAttributes;
 232:Middlewares/ST/STM32_USB_Device_Library/Core/Inc/usbd_def.h ****   uint16_t  wMaxPacketSize;
 233:Middlewares/ST/STM32_USB_Device_Library/Core/Inc/usbd_def.h ****   uint8_t   bInterval;
 234:Middlewares/ST/STM32_USB_Device_Library/Core/Inc/usbd_def.h **** } __PACKED USBD_EpDescTypeDef;
 235:Middlewares/ST/STM32_USB_Device_Library/Core/Inc/usbd_def.h **** 
 236:Middlewares/ST/STM32_USB_Device_Library/Core/Inc/usbd_def.h **** typedef  struct
 237:Middlewares/ST/STM32_USB_Device_Library/Core/Inc/usbd_def.h **** {
 238:Middlewares/ST/STM32_USB_Device_Library/Core/Inc/usbd_def.h ****   uint8_t  bLength;
 239:Middlewares/ST/STM32_USB_Device_Library/Core/Inc/usbd_def.h ****   uint8_t  bDescriptorType;
 240:Middlewares/ST/STM32_USB_Device_Library/Core/Inc/usbd_def.h ****   uint8_t  bDescriptorSubType;
 241:Middlewares/ST/STM32_USB_Device_Library/Core/Inc/usbd_def.h **** } USBD_DescHeaderTypeDef;
 242:Middlewares/ST/STM32_USB_Device_Library/Core/Inc/usbd_def.h **** 
 243:Middlewares/ST/STM32_USB_Device_Library/Core/Inc/usbd_def.h **** struct _USBD_HandleTypeDef;
 244:Middlewares/ST/STM32_USB_Device_Library/Core/Inc/usbd_def.h **** 
 245:Middlewares/ST/STM32_USB_Device_Library/Core/Inc/usbd_def.h **** typedef struct _Device_cb
 246:Middlewares/ST/STM32_USB_Device_Library/Core/Inc/usbd_def.h **** {
 247:Middlewares/ST/STM32_USB_Device_Library/Core/Inc/usbd_def.h ****   uint8_t (*Init)(struct _USBD_HandleTypeDef *pdev, uint8_t cfgidx);
 248:Middlewares/ST/STM32_USB_Device_Library/Core/Inc/usbd_def.h ****   uint8_t (*DeInit)(struct _USBD_HandleTypeDef *pdev, uint8_t cfgidx);
 249:Middlewares/ST/STM32_USB_Device_Library/Core/Inc/usbd_def.h ****   /* Control Endpoints*/
 250:Middlewares/ST/STM32_USB_Device_Library/Core/Inc/usbd_def.h ****   uint8_t (*Setup)(struct _USBD_HandleTypeDef *pdev, USBD_SetupReqTypedef  *req);
 251:Middlewares/ST/STM32_USB_Device_Library/Core/Inc/usbd_def.h ****   uint8_t (*EP0_TxSent)(struct _USBD_HandleTypeDef *pdev);
 252:Middlewares/ST/STM32_USB_Device_Library/Core/Inc/usbd_def.h ****   uint8_t (*EP0_RxReady)(struct _USBD_HandleTypeDef *pdev);
 253:Middlewares/ST/STM32_USB_Device_Library/Core/Inc/usbd_def.h ****   /* Class Specific Endpoints*/
 254:Middlewares/ST/STM32_USB_Device_Library/Core/Inc/usbd_def.h ****   uint8_t (*DataIn)(struct _USBD_HandleTypeDef *pdev, uint8_t epnum);
 255:Middlewares/ST/STM32_USB_Device_Library/Core/Inc/usbd_def.h ****   uint8_t (*DataOut)(struct _USBD_HandleTypeDef *pdev, uint8_t epnum);
 256:Middlewares/ST/STM32_USB_Device_Library/Core/Inc/usbd_def.h ****   uint8_t (*SOF)(struct _USBD_HandleTypeDef *pdev);
 257:Middlewares/ST/STM32_USB_Device_Library/Core/Inc/usbd_def.h ****   uint8_t (*IsoINIncomplete)(struct _USBD_HandleTypeDef *pdev, uint8_t epnum);
 258:Middlewares/ST/STM32_USB_Device_Library/Core/Inc/usbd_def.h ****   uint8_t (*IsoOUTIncomplete)(struct _USBD_HandleTypeDef *pdev, uint8_t epnum);
 259:Middlewares/ST/STM32_USB_Device_Library/Core/Inc/usbd_def.h **** 
 260:Middlewares/ST/STM32_USB_Device_Library/Core/Inc/usbd_def.h ****   uint8_t  *(*GetHSConfigDescriptor)(uint16_t *length);
 261:Middlewares/ST/STM32_USB_Device_Library/Core/Inc/usbd_def.h ****   uint8_t  *(*GetFSConfigDescriptor)(uint16_t *length);
 262:Middlewares/ST/STM32_USB_Device_Library/Core/Inc/usbd_def.h ****   uint8_t  *(*GetOtherSpeedConfigDescriptor)(uint16_t *length);
 263:Middlewares/ST/STM32_USB_Device_Library/Core/Inc/usbd_def.h ****   uint8_t  *(*GetDeviceQualifierDescriptor)(uint16_t *length);
 264:Middlewares/ST/STM32_USB_Device_Library/Core/Inc/usbd_def.h **** #if (USBD_SUPPORT_USER_STRING_DESC == 1U)
 265:Middlewares/ST/STM32_USB_Device_Library/Core/Inc/usbd_def.h ****   uint8_t  *(*GetUsrStrDescriptor)(struct _USBD_HandleTypeDef *pdev, uint8_t index,  uint16_t *leng
 266:Middlewares/ST/STM32_USB_Device_Library/Core/Inc/usbd_def.h **** #endif /* USBD_SUPPORT_USER_STRING_DESC  */
 267:Middlewares/ST/STM32_USB_Device_Library/Core/Inc/usbd_def.h **** 
 268:Middlewares/ST/STM32_USB_Device_Library/Core/Inc/usbd_def.h **** } USBD_ClassTypeDef;
ARM GAS  C:\Users\Domagoj\AppData\Local\Temp\ccZJCFTU.s 			page 26


 269:Middlewares/ST/STM32_USB_Device_Library/Core/Inc/usbd_def.h **** 
 270:Middlewares/ST/STM32_USB_Device_Library/Core/Inc/usbd_def.h **** /* Following USB Device Speed */
 271:Middlewares/ST/STM32_USB_Device_Library/Core/Inc/usbd_def.h **** typedef enum
 272:Middlewares/ST/STM32_USB_Device_Library/Core/Inc/usbd_def.h **** {
 273:Middlewares/ST/STM32_USB_Device_Library/Core/Inc/usbd_def.h ****   USBD_SPEED_HIGH  = 0U,
 274:Middlewares/ST/STM32_USB_Device_Library/Core/Inc/usbd_def.h ****   USBD_SPEED_FULL  = 1U,
 275:Middlewares/ST/STM32_USB_Device_Library/Core/Inc/usbd_def.h ****   USBD_SPEED_LOW   = 2U,
 276:Middlewares/ST/STM32_USB_Device_Library/Core/Inc/usbd_def.h **** } USBD_SpeedTypeDef;
 277:Middlewares/ST/STM32_USB_Device_Library/Core/Inc/usbd_def.h **** 
 278:Middlewares/ST/STM32_USB_Device_Library/Core/Inc/usbd_def.h **** /* Following USB Device status */
 279:Middlewares/ST/STM32_USB_Device_Library/Core/Inc/usbd_def.h **** typedef enum
 280:Middlewares/ST/STM32_USB_Device_Library/Core/Inc/usbd_def.h **** {
 281:Middlewares/ST/STM32_USB_Device_Library/Core/Inc/usbd_def.h ****   USBD_OK = 0U,
 282:Middlewares/ST/STM32_USB_Device_Library/Core/Inc/usbd_def.h ****   USBD_BUSY,
 283:Middlewares/ST/STM32_USB_Device_Library/Core/Inc/usbd_def.h ****   USBD_EMEM,
 284:Middlewares/ST/STM32_USB_Device_Library/Core/Inc/usbd_def.h ****   USBD_FAIL,
 285:Middlewares/ST/STM32_USB_Device_Library/Core/Inc/usbd_def.h **** } USBD_StatusTypeDef;
 286:Middlewares/ST/STM32_USB_Device_Library/Core/Inc/usbd_def.h **** 
 287:Middlewares/ST/STM32_USB_Device_Library/Core/Inc/usbd_def.h **** /* USB Device descriptors structure */
 288:Middlewares/ST/STM32_USB_Device_Library/Core/Inc/usbd_def.h **** typedef struct
 289:Middlewares/ST/STM32_USB_Device_Library/Core/Inc/usbd_def.h **** {
 290:Middlewares/ST/STM32_USB_Device_Library/Core/Inc/usbd_def.h ****   uint8_t *(*GetDeviceDescriptor)(USBD_SpeedTypeDef speed, uint16_t *length);
 291:Middlewares/ST/STM32_USB_Device_Library/Core/Inc/usbd_def.h ****   uint8_t *(*GetLangIDStrDescriptor)(USBD_SpeedTypeDef speed, uint16_t *length);
 292:Middlewares/ST/STM32_USB_Device_Library/Core/Inc/usbd_def.h ****   uint8_t *(*GetManufacturerStrDescriptor)(USBD_SpeedTypeDef speed, uint16_t *length);
 293:Middlewares/ST/STM32_USB_Device_Library/Core/Inc/usbd_def.h ****   uint8_t *(*GetProductStrDescriptor)(USBD_SpeedTypeDef speed, uint16_t *length);
 294:Middlewares/ST/STM32_USB_Device_Library/Core/Inc/usbd_def.h ****   uint8_t *(*GetSerialStrDescriptor)(USBD_SpeedTypeDef speed, uint16_t *length);
 295:Middlewares/ST/STM32_USB_Device_Library/Core/Inc/usbd_def.h ****   uint8_t *(*GetConfigurationStrDescriptor)(USBD_SpeedTypeDef speed, uint16_t *length);
 296:Middlewares/ST/STM32_USB_Device_Library/Core/Inc/usbd_def.h ****   uint8_t *(*GetInterfaceStrDescriptor)(USBD_SpeedTypeDef speed, uint16_t *length);
 297:Middlewares/ST/STM32_USB_Device_Library/Core/Inc/usbd_def.h **** #if (USBD_CLASS_USER_STRING_DESC == 1)
 298:Middlewares/ST/STM32_USB_Device_Library/Core/Inc/usbd_def.h ****   uint8_t *(*GetUserStrDescriptor)(USBD_SpeedTypeDef speed, uint8_t idx, uint16_t *length);
 299:Middlewares/ST/STM32_USB_Device_Library/Core/Inc/usbd_def.h **** #endif /* USBD_CLASS_USER_STRING_DESC */
 300:Middlewares/ST/STM32_USB_Device_Library/Core/Inc/usbd_def.h **** #if ((USBD_LPM_ENABLED == 1U) || (USBD_CLASS_BOS_ENABLED == 1))
 301:Middlewares/ST/STM32_USB_Device_Library/Core/Inc/usbd_def.h ****   uint8_t *(*GetBOSDescriptor)(USBD_SpeedTypeDef speed, uint16_t *length);
 302:Middlewares/ST/STM32_USB_Device_Library/Core/Inc/usbd_def.h **** #endif /* (USBD_LPM_ENABLED == 1U) || (USBD_CLASS_BOS_ENABLED == 1) */
 303:Middlewares/ST/STM32_USB_Device_Library/Core/Inc/usbd_def.h **** } USBD_DescriptorsTypeDef;
 304:Middlewares/ST/STM32_USB_Device_Library/Core/Inc/usbd_def.h **** 
 305:Middlewares/ST/STM32_USB_Device_Library/Core/Inc/usbd_def.h **** /* USB Device handle structure */
 306:Middlewares/ST/STM32_USB_Device_Library/Core/Inc/usbd_def.h **** typedef struct
 307:Middlewares/ST/STM32_USB_Device_Library/Core/Inc/usbd_def.h **** {
 308:Middlewares/ST/STM32_USB_Device_Library/Core/Inc/usbd_def.h ****   uint32_t status;
 309:Middlewares/ST/STM32_USB_Device_Library/Core/Inc/usbd_def.h ****   uint32_t total_length;
 310:Middlewares/ST/STM32_USB_Device_Library/Core/Inc/usbd_def.h ****   uint32_t rem_length;
 311:Middlewares/ST/STM32_USB_Device_Library/Core/Inc/usbd_def.h ****   uint32_t maxpacket;
 312:Middlewares/ST/STM32_USB_Device_Library/Core/Inc/usbd_def.h ****   uint16_t is_used;
 313:Middlewares/ST/STM32_USB_Device_Library/Core/Inc/usbd_def.h ****   uint16_t bInterval;
 314:Middlewares/ST/STM32_USB_Device_Library/Core/Inc/usbd_def.h **** } USBD_EndpointTypeDef;
 315:Middlewares/ST/STM32_USB_Device_Library/Core/Inc/usbd_def.h **** 
 316:Middlewares/ST/STM32_USB_Device_Library/Core/Inc/usbd_def.h **** #ifdef USE_USBD_COMPOSITE
 317:Middlewares/ST/STM32_USB_Device_Library/Core/Inc/usbd_def.h **** typedef enum
 318:Middlewares/ST/STM32_USB_Device_Library/Core/Inc/usbd_def.h **** {
 319:Middlewares/ST/STM32_USB_Device_Library/Core/Inc/usbd_def.h ****   CLASS_TYPE_NONE    = 0,
 320:Middlewares/ST/STM32_USB_Device_Library/Core/Inc/usbd_def.h ****   CLASS_TYPE_HID     = 1,
 321:Middlewares/ST/STM32_USB_Device_Library/Core/Inc/usbd_def.h ****   CLASS_TYPE_CDC     = 2,
 322:Middlewares/ST/STM32_USB_Device_Library/Core/Inc/usbd_def.h ****   CLASS_TYPE_MSC     = 3,
 323:Middlewares/ST/STM32_USB_Device_Library/Core/Inc/usbd_def.h ****   CLASS_TYPE_DFU     = 4,
 324:Middlewares/ST/STM32_USB_Device_Library/Core/Inc/usbd_def.h ****   CLASS_TYPE_CHID    = 5,
 325:Middlewares/ST/STM32_USB_Device_Library/Core/Inc/usbd_def.h ****   CLASS_TYPE_AUDIO   = 6,
ARM GAS  C:\Users\Domagoj\AppData\Local\Temp\ccZJCFTU.s 			page 27


 326:Middlewares/ST/STM32_USB_Device_Library/Core/Inc/usbd_def.h ****   CLASS_TYPE_ECM     = 7,
 327:Middlewares/ST/STM32_USB_Device_Library/Core/Inc/usbd_def.h ****   CLASS_TYPE_RNDIS   = 8,
 328:Middlewares/ST/STM32_USB_Device_Library/Core/Inc/usbd_def.h ****   CLASS_TYPE_MTP     = 9,
 329:Middlewares/ST/STM32_USB_Device_Library/Core/Inc/usbd_def.h ****   CLASS_TYPE_VIDEO   = 10,
 330:Middlewares/ST/STM32_USB_Device_Library/Core/Inc/usbd_def.h ****   CLASS_TYPE_PRINTER = 11,
 331:Middlewares/ST/STM32_USB_Device_Library/Core/Inc/usbd_def.h ****   CLASS_TYPE_CCID    = 12,
 332:Middlewares/ST/STM32_USB_Device_Library/Core/Inc/usbd_def.h **** } USBD_CompositeClassTypeDef;
 333:Middlewares/ST/STM32_USB_Device_Library/Core/Inc/usbd_def.h **** 
 334:Middlewares/ST/STM32_USB_Device_Library/Core/Inc/usbd_def.h **** 
 335:Middlewares/ST/STM32_USB_Device_Library/Core/Inc/usbd_def.h **** /* USB Device handle structure */
 336:Middlewares/ST/STM32_USB_Device_Library/Core/Inc/usbd_def.h **** typedef struct
 337:Middlewares/ST/STM32_USB_Device_Library/Core/Inc/usbd_def.h **** {
 338:Middlewares/ST/STM32_USB_Device_Library/Core/Inc/usbd_def.h ****   uint8_t                     add;
 339:Middlewares/ST/STM32_USB_Device_Library/Core/Inc/usbd_def.h ****   uint8_t                     type;
 340:Middlewares/ST/STM32_USB_Device_Library/Core/Inc/usbd_def.h ****   uint8_t                     size;
 341:Middlewares/ST/STM32_USB_Device_Library/Core/Inc/usbd_def.h ****   uint8_t                     is_used;
 342:Middlewares/ST/STM32_USB_Device_Library/Core/Inc/usbd_def.h **** } USBD_EPTypeDef;
 343:Middlewares/ST/STM32_USB_Device_Library/Core/Inc/usbd_def.h **** 
 344:Middlewares/ST/STM32_USB_Device_Library/Core/Inc/usbd_def.h **** /* USB Device handle structure */
 345:Middlewares/ST/STM32_USB_Device_Library/Core/Inc/usbd_def.h **** typedef struct
 346:Middlewares/ST/STM32_USB_Device_Library/Core/Inc/usbd_def.h **** {
 347:Middlewares/ST/STM32_USB_Device_Library/Core/Inc/usbd_def.h ****   USBD_CompositeClassTypeDef   ClassType;
 348:Middlewares/ST/STM32_USB_Device_Library/Core/Inc/usbd_def.h ****   uint32_t                     ClassId;
 349:Middlewares/ST/STM32_USB_Device_Library/Core/Inc/usbd_def.h ****   uint32_t                     Active;
 350:Middlewares/ST/STM32_USB_Device_Library/Core/Inc/usbd_def.h ****   uint32_t                     NumEps;
 351:Middlewares/ST/STM32_USB_Device_Library/Core/Inc/usbd_def.h ****   USBD_EPTypeDef               Eps[USBD_MAX_CLASS_ENDPOINTS];
 352:Middlewares/ST/STM32_USB_Device_Library/Core/Inc/usbd_def.h ****   uint8_t                      *EpAdd;
 353:Middlewares/ST/STM32_USB_Device_Library/Core/Inc/usbd_def.h ****   uint32_t                     NumIf;
 354:Middlewares/ST/STM32_USB_Device_Library/Core/Inc/usbd_def.h ****   uint8_t                      Ifs[USBD_MAX_CLASS_INTERFACES];
 355:Middlewares/ST/STM32_USB_Device_Library/Core/Inc/usbd_def.h ****   uint32_t                     CurrPcktSze;
 356:Middlewares/ST/STM32_USB_Device_Library/Core/Inc/usbd_def.h **** } USBD_CompositeElementTypeDef;
 357:Middlewares/ST/STM32_USB_Device_Library/Core/Inc/usbd_def.h **** #endif /* USE_USBD_COMPOSITE */
 358:Middlewares/ST/STM32_USB_Device_Library/Core/Inc/usbd_def.h **** 
 359:Middlewares/ST/STM32_USB_Device_Library/Core/Inc/usbd_def.h **** /* USB Device handle structure */
 360:Middlewares/ST/STM32_USB_Device_Library/Core/Inc/usbd_def.h **** typedef struct _USBD_HandleTypeDef
 361:Middlewares/ST/STM32_USB_Device_Library/Core/Inc/usbd_def.h **** {
 362:Middlewares/ST/STM32_USB_Device_Library/Core/Inc/usbd_def.h ****   uint8_t                 id;
 363:Middlewares/ST/STM32_USB_Device_Library/Core/Inc/usbd_def.h ****   uint32_t                dev_config;
 364:Middlewares/ST/STM32_USB_Device_Library/Core/Inc/usbd_def.h ****   uint32_t                dev_default_config;
 365:Middlewares/ST/STM32_USB_Device_Library/Core/Inc/usbd_def.h ****   uint32_t                dev_config_status;
 366:Middlewares/ST/STM32_USB_Device_Library/Core/Inc/usbd_def.h ****   USBD_SpeedTypeDef       dev_speed;
 367:Middlewares/ST/STM32_USB_Device_Library/Core/Inc/usbd_def.h ****   USBD_EndpointTypeDef    ep_in[16];
 368:Middlewares/ST/STM32_USB_Device_Library/Core/Inc/usbd_def.h ****   USBD_EndpointTypeDef    ep_out[16];
 369:Middlewares/ST/STM32_USB_Device_Library/Core/Inc/usbd_def.h ****   __IO uint32_t           ep0_state;
 370:Middlewares/ST/STM32_USB_Device_Library/Core/Inc/usbd_def.h ****   uint32_t                ep0_data_len;
 371:Middlewares/ST/STM32_USB_Device_Library/Core/Inc/usbd_def.h ****   __IO uint8_t            dev_state;
 372:Middlewares/ST/STM32_USB_Device_Library/Core/Inc/usbd_def.h ****   __IO uint8_t            dev_old_state;
 373:Middlewares/ST/STM32_USB_Device_Library/Core/Inc/usbd_def.h ****   uint8_t                 dev_address;
 374:Middlewares/ST/STM32_USB_Device_Library/Core/Inc/usbd_def.h ****   uint8_t                 dev_connection_status;
 375:Middlewares/ST/STM32_USB_Device_Library/Core/Inc/usbd_def.h ****   uint8_t                 dev_test_mode;
 376:Middlewares/ST/STM32_USB_Device_Library/Core/Inc/usbd_def.h ****   uint32_t                dev_remote_wakeup;
 377:Middlewares/ST/STM32_USB_Device_Library/Core/Inc/usbd_def.h ****   uint8_t                 ConfIdx;
 378:Middlewares/ST/STM32_USB_Device_Library/Core/Inc/usbd_def.h **** 
 379:Middlewares/ST/STM32_USB_Device_Library/Core/Inc/usbd_def.h ****   USBD_SetupReqTypedef    request;
 380:Middlewares/ST/STM32_USB_Device_Library/Core/Inc/usbd_def.h ****   USBD_DescriptorsTypeDef *pDesc;
 381:Middlewares/ST/STM32_USB_Device_Library/Core/Inc/usbd_def.h ****   USBD_ClassTypeDef       *pClass[USBD_MAX_SUPPORTED_CLASS];
 382:Middlewares/ST/STM32_USB_Device_Library/Core/Inc/usbd_def.h ****   void                    *pClassData;
ARM GAS  C:\Users\Domagoj\AppData\Local\Temp\ccZJCFTU.s 			page 28


 383:Middlewares/ST/STM32_USB_Device_Library/Core/Inc/usbd_def.h ****   void                    *pClassDataCmsit[USBD_MAX_SUPPORTED_CLASS];
 384:Middlewares/ST/STM32_USB_Device_Library/Core/Inc/usbd_def.h ****   void                    *pUserData[USBD_MAX_SUPPORTED_CLASS];
 385:Middlewares/ST/STM32_USB_Device_Library/Core/Inc/usbd_def.h ****   void                    *pData;
 386:Middlewares/ST/STM32_USB_Device_Library/Core/Inc/usbd_def.h ****   void                    *pBosDesc;
 387:Middlewares/ST/STM32_USB_Device_Library/Core/Inc/usbd_def.h ****   void                    *pConfDesc;
 388:Middlewares/ST/STM32_USB_Device_Library/Core/Inc/usbd_def.h ****   uint32_t                classId;
 389:Middlewares/ST/STM32_USB_Device_Library/Core/Inc/usbd_def.h ****   uint32_t                NumClasses;
 390:Middlewares/ST/STM32_USB_Device_Library/Core/Inc/usbd_def.h **** #ifdef USE_USBD_COMPOSITE
 391:Middlewares/ST/STM32_USB_Device_Library/Core/Inc/usbd_def.h ****   USBD_CompositeElementTypeDef tclasslist[USBD_MAX_SUPPORTED_CLASS];
 392:Middlewares/ST/STM32_USB_Device_Library/Core/Inc/usbd_def.h **** #endif /* USE_USBD_COMPOSITE */
 393:Middlewares/ST/STM32_USB_Device_Library/Core/Inc/usbd_def.h **** #if (USBD_USER_REGISTER_CALLBACK == 1U)
 394:Middlewares/ST/STM32_USB_Device_Library/Core/Inc/usbd_def.h ****   void (* DevStateCallback)(uint8_t dev_state, uint8_t cfgidx);                    /*!< User Notifi
 395:Middlewares/ST/STM32_USB_Device_Library/Core/Inc/usbd_def.h **** #endif /* USBD_USER_REGISTER_CALLBACK */
 396:Middlewares/ST/STM32_USB_Device_Library/Core/Inc/usbd_def.h **** } USBD_HandleTypeDef;
 397:Middlewares/ST/STM32_USB_Device_Library/Core/Inc/usbd_def.h **** 
 398:Middlewares/ST/STM32_USB_Device_Library/Core/Inc/usbd_def.h **** #if (USBD_USER_REGISTER_CALLBACK == 1U)
 399:Middlewares/ST/STM32_USB_Device_Library/Core/Inc/usbd_def.h **** typedef void (*USBD_DevStateCallbackTypeDef)(uint8_t dev_state, uint8_t cfgidx);   /*!< pointer to 
 400:Middlewares/ST/STM32_USB_Device_Library/Core/Inc/usbd_def.h **** #endif /* USBD_USER_REGISTER_CALLBACK */
 401:Middlewares/ST/STM32_USB_Device_Library/Core/Inc/usbd_def.h **** 
 402:Middlewares/ST/STM32_USB_Device_Library/Core/Inc/usbd_def.h **** /* USB Device endpoint direction */
 403:Middlewares/ST/STM32_USB_Device_Library/Core/Inc/usbd_def.h **** typedef enum
 404:Middlewares/ST/STM32_USB_Device_Library/Core/Inc/usbd_def.h **** {
 405:Middlewares/ST/STM32_USB_Device_Library/Core/Inc/usbd_def.h ****   OUT   = 0x00,
 406:Middlewares/ST/STM32_USB_Device_Library/Core/Inc/usbd_def.h ****   IN    = 0x80,
 407:Middlewares/ST/STM32_USB_Device_Library/Core/Inc/usbd_def.h **** } USBD_EPDirectionTypeDef;
 408:Middlewares/ST/STM32_USB_Device_Library/Core/Inc/usbd_def.h **** 
 409:Middlewares/ST/STM32_USB_Device_Library/Core/Inc/usbd_def.h **** typedef enum
 410:Middlewares/ST/STM32_USB_Device_Library/Core/Inc/usbd_def.h **** {
 411:Middlewares/ST/STM32_USB_Device_Library/Core/Inc/usbd_def.h ****   NETWORK_CONNECTION = 0x00,
 412:Middlewares/ST/STM32_USB_Device_Library/Core/Inc/usbd_def.h ****   RESPONSE_AVAILABLE = 0x01,
 413:Middlewares/ST/STM32_USB_Device_Library/Core/Inc/usbd_def.h ****   CONNECTION_SPEED_CHANGE = 0x2A
 414:Middlewares/ST/STM32_USB_Device_Library/Core/Inc/usbd_def.h **** } USBD_CDC_NotifCodeTypeDef;
 415:Middlewares/ST/STM32_USB_Device_Library/Core/Inc/usbd_def.h **** /**
 416:Middlewares/ST/STM32_USB_Device_Library/Core/Inc/usbd_def.h ****   * @}
 417:Middlewares/ST/STM32_USB_Device_Library/Core/Inc/usbd_def.h ****   */
 418:Middlewares/ST/STM32_USB_Device_Library/Core/Inc/usbd_def.h **** 
 419:Middlewares/ST/STM32_USB_Device_Library/Core/Inc/usbd_def.h **** 
 420:Middlewares/ST/STM32_USB_Device_Library/Core/Inc/usbd_def.h **** 
 421:Middlewares/ST/STM32_USB_Device_Library/Core/Inc/usbd_def.h **** /** @defgroup USBD_DEF_Exported_Macros
 422:Middlewares/ST/STM32_USB_Device_Library/Core/Inc/usbd_def.h ****   * @{
 423:Middlewares/ST/STM32_USB_Device_Library/Core/Inc/usbd_def.h ****   */
 424:Middlewares/ST/STM32_USB_Device_Library/Core/Inc/usbd_def.h **** __STATIC_INLINE uint16_t SWAPBYTE(uint8_t *addr)
 104              		.loc 2 424 26 view .LVU28
 105              	.LBB9:
 425:Middlewares/ST/STM32_USB_Device_Library/Core/Inc/usbd_def.h **** {
 426:Middlewares/ST/STM32_USB_Device_Library/Core/Inc/usbd_def.h ****   uint16_t _SwapVal;
 106              		.loc 2 426 3 view .LVU29
 427:Middlewares/ST/STM32_USB_Device_Library/Core/Inc/usbd_def.h ****   uint16_t _Byte1;
 107              		.loc 2 427 3 view .LVU30
 428:Middlewares/ST/STM32_USB_Device_Library/Core/Inc/usbd_def.h ****   uint16_t _Byte2;
 108              		.loc 2 428 3 view .LVU31
 429:Middlewares/ST/STM32_USB_Device_Library/Core/Inc/usbd_def.h ****   uint8_t *_pbuff = addr;
 109              		.loc 2 429 3 view .LVU32
 430:Middlewares/ST/STM32_USB_Device_Library/Core/Inc/usbd_def.h **** 
 431:Middlewares/ST/STM32_USB_Device_Library/Core/Inc/usbd_def.h ****   _Byte1 = *(uint8_t *)_pbuff;
 110              		.loc 2 431 3 view .LVU33
 111              		.loc 2 431 12 is_stmt 0 view .LVU34
ARM GAS  C:\Users\Domagoj\AppData\Local\Temp\ccZJCFTU.s 			page 29


 112 0008 8A78     		ldrb	r2, [r1, #2]
 113              	.LVL10:
 432:Middlewares/ST/STM32_USB_Device_Library/Core/Inc/usbd_def.h ****   _pbuff++;
 114              		.loc 2 432 3 is_stmt 1 view .LVU35
 433:Middlewares/ST/STM32_USB_Device_Library/Core/Inc/usbd_def.h ****   _Byte2 = *(uint8_t *)_pbuff;
 115              		.loc 2 433 3 view .LVU36
 116              		.loc 2 433 12 is_stmt 0 view .LVU37
 117 000a CB78     		ldrb	r3, [r1, #3]
 118              	.LVL11:
 434:Middlewares/ST/STM32_USB_Device_Library/Core/Inc/usbd_def.h **** 
 435:Middlewares/ST/STM32_USB_Device_Library/Core/Inc/usbd_def.h ****   _SwapVal = (_Byte2 << 8) | _Byte1;
 119              		.loc 2 435 3 is_stmt 1 view .LVU38
 120              		.loc 2 435 28 is_stmt 0 view .LVU39
 121 000c 1B02     		lsls	r3, r3, #8
 122              		.loc 2 435 12 view .LVU40
 123 000e 1343     		orrs	r3, r2
 124              	.LVL12:
 436:Middlewares/ST/STM32_USB_Device_Library/Core/Inc/usbd_def.h **** 
 437:Middlewares/ST/STM32_USB_Device_Library/Core/Inc/usbd_def.h ****   return _SwapVal;
 125              		.loc 2 437 3 is_stmt 1 view .LVU41
 126              		.loc 2 437 3 is_stmt 0 view .LVU42
 127              	.LBE9:
 128              	.LBE8:
 958:Middlewares/ST/STM32_USB_Device_Library/Core/Src/usbd_ctlreq.c **** 
 129              		.loc 1 958 15 discriminator 1 view .LVU43
 130 0010 4380     		strh	r3, [r0, #2]
 131              	.LVL13:
 960:Middlewares/ST/STM32_USB_Device_Library/Core/Src/usbd_ctlreq.c ****   pbuff++;
 132              		.loc 1 960 3 is_stmt 1 view .LVU44
 961:Middlewares/ST/STM32_USB_Device_Library/Core/Src/usbd_ctlreq.c ****   req->wIndex = SWAPBYTE(pbuff);
 133              		.loc 1 961 3 view .LVU45
 962:Middlewares/ST/STM32_USB_Device_Library/Core/Src/usbd_ctlreq.c **** 
 134              		.loc 1 962 3 view .LVU46
 135              	.LBB10:
 136              	.LBI10:
 424:Middlewares/ST/STM32_USB_Device_Library/Core/Inc/usbd_def.h **** {
 137              		.loc 2 424 26 view .LVU47
 138              	.LBB11:
 426:Middlewares/ST/STM32_USB_Device_Library/Core/Inc/usbd_def.h ****   uint16_t _Byte1;
 139              		.loc 2 426 3 view .LVU48
 427:Middlewares/ST/STM32_USB_Device_Library/Core/Inc/usbd_def.h ****   uint16_t _Byte2;
 140              		.loc 2 427 3 view .LVU49
 428:Middlewares/ST/STM32_USB_Device_Library/Core/Inc/usbd_def.h ****   uint8_t *_pbuff = addr;
 141              		.loc 2 428 3 view .LVU50
 429:Middlewares/ST/STM32_USB_Device_Library/Core/Inc/usbd_def.h **** 
 142              		.loc 2 429 3 view .LVU51
 431:Middlewares/ST/STM32_USB_Device_Library/Core/Inc/usbd_def.h ****   _pbuff++;
 143              		.loc 2 431 3 view .LVU52
 431:Middlewares/ST/STM32_USB_Device_Library/Core/Inc/usbd_def.h ****   _pbuff++;
 144              		.loc 2 431 12 is_stmt 0 view .LVU53
 145 0012 0A79     		ldrb	r2, [r1, #4]
 146              	.LVL14:
 432:Middlewares/ST/STM32_USB_Device_Library/Core/Inc/usbd_def.h ****   _Byte2 = *(uint8_t *)_pbuff;
 147              		.loc 2 432 3 is_stmt 1 view .LVU54
 433:Middlewares/ST/STM32_USB_Device_Library/Core/Inc/usbd_def.h **** 
 148              		.loc 2 433 3 view .LVU55
 433:Middlewares/ST/STM32_USB_Device_Library/Core/Inc/usbd_def.h **** 
ARM GAS  C:\Users\Domagoj\AppData\Local\Temp\ccZJCFTU.s 			page 30


 149              		.loc 2 433 12 is_stmt 0 view .LVU56
 150 0014 4B79     		ldrb	r3, [r1, #5]
 151              	.LVL15:
 435:Middlewares/ST/STM32_USB_Device_Library/Core/Inc/usbd_def.h **** 
 152              		.loc 2 435 3 is_stmt 1 view .LVU57
 435:Middlewares/ST/STM32_USB_Device_Library/Core/Inc/usbd_def.h **** 
 153              		.loc 2 435 28 is_stmt 0 view .LVU58
 154 0016 1B02     		lsls	r3, r3, #8
 435:Middlewares/ST/STM32_USB_Device_Library/Core/Inc/usbd_def.h **** 
 155              		.loc 2 435 12 view .LVU59
 156 0018 1343     		orrs	r3, r2
 157              	.LVL16:
 158              		.loc 2 437 3 is_stmt 1 view .LVU60
 159              		.loc 2 437 3 is_stmt 0 view .LVU61
 160              	.LBE11:
 161              	.LBE10:
 962:Middlewares/ST/STM32_USB_Device_Library/Core/Src/usbd_ctlreq.c **** 
 162              		.loc 1 962 15 discriminator 1 view .LVU62
 163 001a 8380     		strh	r3, [r0, #4]
 164              	.LVL17:
 964:Middlewares/ST/STM32_USB_Device_Library/Core/Src/usbd_ctlreq.c ****   pbuff++;
 165              		.loc 1 964 3 is_stmt 1 view .LVU63
 965:Middlewares/ST/STM32_USB_Device_Library/Core/Src/usbd_ctlreq.c ****   req->wLength = SWAPBYTE(pbuff);
 166              		.loc 1 965 3 view .LVU64
 966:Middlewares/ST/STM32_USB_Device_Library/Core/Src/usbd_ctlreq.c **** }
 167              		.loc 1 966 3 view .LVU65
 168              	.LBB12:
 169              	.LBI12:
 424:Middlewares/ST/STM32_USB_Device_Library/Core/Inc/usbd_def.h **** {
 170              		.loc 2 424 26 view .LVU66
 171              	.LBB13:
 426:Middlewares/ST/STM32_USB_Device_Library/Core/Inc/usbd_def.h ****   uint16_t _Byte1;
 172              		.loc 2 426 3 view .LVU67
 427:Middlewares/ST/STM32_USB_Device_Library/Core/Inc/usbd_def.h ****   uint16_t _Byte2;
 173              		.loc 2 427 3 view .LVU68
 428:Middlewares/ST/STM32_USB_Device_Library/Core/Inc/usbd_def.h ****   uint8_t *_pbuff = addr;
 174              		.loc 2 428 3 view .LVU69
 429:Middlewares/ST/STM32_USB_Device_Library/Core/Inc/usbd_def.h **** 
 175              		.loc 2 429 3 view .LVU70
 431:Middlewares/ST/STM32_USB_Device_Library/Core/Inc/usbd_def.h ****   _pbuff++;
 176              		.loc 2 431 3 view .LVU71
 431:Middlewares/ST/STM32_USB_Device_Library/Core/Inc/usbd_def.h ****   _pbuff++;
 177              		.loc 2 431 12 is_stmt 0 view .LVU72
 178 001c 8A79     		ldrb	r2, [r1, #6]
 179              	.LVL18:
 432:Middlewares/ST/STM32_USB_Device_Library/Core/Inc/usbd_def.h ****   _Byte2 = *(uint8_t *)_pbuff;
 180              		.loc 2 432 3 is_stmt 1 view .LVU73
 433:Middlewares/ST/STM32_USB_Device_Library/Core/Inc/usbd_def.h **** 
 181              		.loc 2 433 3 view .LVU74
 433:Middlewares/ST/STM32_USB_Device_Library/Core/Inc/usbd_def.h **** 
 182              		.loc 2 433 12 is_stmt 0 view .LVU75
 183 001e CB79     		ldrb	r3, [r1, #7]
 184              	.LVL19:
 435:Middlewares/ST/STM32_USB_Device_Library/Core/Inc/usbd_def.h **** 
 185              		.loc 2 435 3 is_stmt 1 view .LVU76
 435:Middlewares/ST/STM32_USB_Device_Library/Core/Inc/usbd_def.h **** 
 186              		.loc 2 435 28 is_stmt 0 view .LVU77
ARM GAS  C:\Users\Domagoj\AppData\Local\Temp\ccZJCFTU.s 			page 31


 187 0020 1B02     		lsls	r3, r3, #8
 435:Middlewares/ST/STM32_USB_Device_Library/Core/Inc/usbd_def.h **** 
 188              		.loc 2 435 12 view .LVU78
 189 0022 1343     		orrs	r3, r2
 190              	.LVL20:
 191              		.loc 2 437 3 is_stmt 1 view .LVU79
 192              		.loc 2 437 3 is_stmt 0 view .LVU80
 193              	.LBE13:
 194              	.LBE12:
 966:Middlewares/ST/STM32_USB_Device_Library/Core/Src/usbd_ctlreq.c **** }
 195              		.loc 1 966 16 discriminator 1 view .LVU81
 196 0024 C380     		strh	r3, [r0, #6]
 197              	.LVL21:
 967:Middlewares/ST/STM32_USB_Device_Library/Core/Src/usbd_ctlreq.c **** 
 198              		.loc 1 967 1 view .LVU82
 199              		@ sp needed
 200 0026 7047     		bx	lr
 201              		.cfi_endproc
 202              	.LFE380:
 204              		.section	.text.USBD_CtlError,"ax",%progbits
 205              		.align	1
 206              		.global	USBD_CtlError
 207              		.syntax unified
 208              		.code	16
 209              		.thumb_func
 211              	USBD_CtlError:
 212              	.LVL22:
 213              	.LFB381:
 978:Middlewares/ST/STM32_USB_Device_Library/Core/Src/usbd_ctlreq.c ****   UNUSED(req);
 214              		.loc 1 978 1 is_stmt 1 view -0
 215              		.cfi_startproc
 216              		@ args = 0, pretend = 0, frame = 0
 217              		@ frame_needed = 0, uses_anonymous_args = 0
 978:Middlewares/ST/STM32_USB_Device_Library/Core/Src/usbd_ctlreq.c ****   UNUSED(req);
 218              		.loc 1 978 1 is_stmt 0 view .LVU84
 219 0000 10B5     		push	{r4, lr}
 220              	.LCFI0:
 221              		.cfi_def_cfa_offset 8
 222              		.cfi_offset 4, -8
 223              		.cfi_offset 14, -4
 224 0002 0400     		movs	r4, r0
 979:Middlewares/ST/STM32_USB_Device_Library/Core/Src/usbd_ctlreq.c **** 
 225              		.loc 1 979 3 is_stmt 1 view .LVU85
 981:Middlewares/ST/STM32_USB_Device_Library/Core/Src/usbd_ctlreq.c ****   (void)USBD_LL_StallEP(pdev, 0U);
 226              		.loc 1 981 3 view .LVU86
 981:Middlewares/ST/STM32_USB_Device_Library/Core/Src/usbd_ctlreq.c ****   (void)USBD_LL_StallEP(pdev, 0U);
 227              		.loc 1 981 9 is_stmt 0 view .LVU87
 228 0004 8021     		movs	r1, #128
 229              	.LVL23:
 981:Middlewares/ST/STM32_USB_Device_Library/Core/Src/usbd_ctlreq.c ****   (void)USBD_LL_StallEP(pdev, 0U);
 230              		.loc 1 981 9 view .LVU88
 231 0006 FFF7FEFF 		bl	USBD_LL_StallEP
 232              	.LVL24:
 982:Middlewares/ST/STM32_USB_Device_Library/Core/Src/usbd_ctlreq.c **** }
 233              		.loc 1 982 3 is_stmt 1 view .LVU89
 982:Middlewares/ST/STM32_USB_Device_Library/Core/Src/usbd_ctlreq.c **** }
 234              		.loc 1 982 9 is_stmt 0 view .LVU90
ARM GAS  C:\Users\Domagoj\AppData\Local\Temp\ccZJCFTU.s 			page 32


 235 000a 0021     		movs	r1, #0
 236 000c 2000     		movs	r0, r4
 237 000e FFF7FEFF 		bl	USBD_LL_StallEP
 238              	.LVL25:
 983:Middlewares/ST/STM32_USB_Device_Library/Core/Src/usbd_ctlreq.c **** 
 239              		.loc 1 983 1 view .LVU91
 240              		@ sp needed
 241              	.LVL26:
 983:Middlewares/ST/STM32_USB_Device_Library/Core/Src/usbd_ctlreq.c **** 
 242              		.loc 1 983 1 view .LVU92
 243 0012 10BD     		pop	{r4, pc}
 244              		.cfi_endproc
 245              	.LFE381:
 247              		.section	.text.USBD_GetDescriptor,"ax",%progbits
 248              		.align	1
 249              		.syntax unified
 250              		.code	16
 251              		.thumb_func
 253              	USBD_GetDescriptor:
 254              	.LVL27:
 255              	.LFB373:
 427:Middlewares/ST/STM32_USB_Device_Library/Core/Src/usbd_ctlreq.c ****   uint16_t len = 0U;
 256              		.loc 1 427 1 is_stmt 1 view -0
 257              		.cfi_startproc
 258              		@ args = 0, pretend = 0, frame = 8
 259              		@ frame_needed = 0, uses_anonymous_args = 0
 427:Middlewares/ST/STM32_USB_Device_Library/Core/Src/usbd_ctlreq.c ****   uint16_t len = 0U;
 260              		.loc 1 427 1 is_stmt 0 view .LVU94
 261 0000 30B5     		push	{r4, r5, lr}
 262              	.LCFI1:
 263              		.cfi_def_cfa_offset 12
 264              		.cfi_offset 4, -12
 265              		.cfi_offset 5, -8
 266              		.cfi_offset 14, -4
 267 0002 83B0     		sub	sp, sp, #12
 268              	.LCFI2:
 269              		.cfi_def_cfa_offset 24
 270 0004 0500     		movs	r5, r0
 271 0006 0C00     		movs	r4, r1
 428:Middlewares/ST/STM32_USB_Device_Library/Core/Src/usbd_ctlreq.c ****   uint8_t *pbuf = NULL;
 272              		.loc 1 428 3 is_stmt 1 view .LVU95
 428:Middlewares/ST/STM32_USB_Device_Library/Core/Src/usbd_ctlreq.c ****   uint8_t *pbuf = NULL;
 273              		.loc 1 428 12 is_stmt 0 view .LVU96
 274 0008 6B46     		mov	r3, sp
 275 000a 0022     		movs	r2, #0
 276 000c DA80     		strh	r2, [r3, #6]
 429:Middlewares/ST/STM32_USB_Device_Library/Core/Src/usbd_ctlreq.c ****   uint8_t err = 0U;
 277              		.loc 1 429 3 is_stmt 1 view .LVU97
 278              	.LVL28:
 430:Middlewares/ST/STM32_USB_Device_Library/Core/Src/usbd_ctlreq.c **** 
 279              		.loc 1 430 3 view .LVU98
 432:Middlewares/ST/STM32_USB_Device_Library/Core/Src/usbd_ctlreq.c ****   {
 280              		.loc 1 432 3 view .LVU99
 432:Middlewares/ST/STM32_USB_Device_Library/Core/Src/usbd_ctlreq.c ****   {
 281              		.loc 1 432 14 is_stmt 0 view .LVU100
 282 000e 4A88     		ldrh	r2, [r1, #2]
 432:Middlewares/ST/STM32_USB_Device_Library/Core/Src/usbd_ctlreq.c ****   {
ARM GAS  C:\Users\Domagoj\AppData\Local\Temp\ccZJCFTU.s 			page 33


 283              		.loc 1 432 23 view .LVU101
 284 0010 130A     		lsrs	r3, r2, #8
 432:Middlewares/ST/STM32_USB_Device_Library/Core/Src/usbd_ctlreq.c ****   {
 285              		.loc 1 432 3 view .LVU102
 286 0012 0F2B     		cmp	r3, #15
 287 0014 00D9     		bls	.LCB236
 288 0016 D7E0     		b	.L7	@long jump
 289              	.LCB236:
 290 0018 9B00     		lsls	r3, r3, #2
 291 001a 7349     		ldr	r1, .L40
 292              	.LVL29:
 432:Middlewares/ST/STM32_USB_Device_Library/Core/Src/usbd_ctlreq.c ****   {
 293              		.loc 1 432 3 view .LVU103
 294 001c CB58     		ldr	r3, [r1, r3]
 295 001e 9F46     		mov	pc, r3
 296              		.section	.rodata.USBD_GetDescriptor,"a",%progbits
 297              		.align	2
 298              	.L9:
 299 0000 C8010000 		.word	.L7
 300 0004 40000000 		.word	.L14
 301 0008 7C000000 		.word	.L13
 302 000c AE000000 		.word	.L12
 303 0010 C8010000 		.word	.L7
 304 0014 C8010000 		.word	.L7
 305 0018 84010000 		.word	.L11
 306 001c A4010000 		.word	.L10
 307 0020 C8010000 		.word	.L7
 308 0024 C8010000 		.word	.L7
 309 0028 C8010000 		.word	.L7
 310 002c C8010000 		.word	.L7
 311 0030 C8010000 		.word	.L7
 312 0034 C8010000 		.word	.L7
 313 0038 C8010000 		.word	.L7
 314 003c 20000000 		.word	.L8
 315              		.section	.text.USBD_GetDescriptor
 316              	.L8:
 436:Middlewares/ST/STM32_USB_Device_Library/Core/Src/usbd_ctlreq.c ****       {
 317              		.loc 1 436 7 is_stmt 1 view .LVU104
 436:Middlewares/ST/STM32_USB_Device_Library/Core/Src/usbd_ctlreq.c ****       {
 318              		.loc 1 436 15 is_stmt 0 view .LVU105
 319 0020 AD23     		movs	r3, #173
 320 0022 9B00     		lsls	r3, r3, #2
 321 0024 C358     		ldr	r3, [r0, r3]
 436:Middlewares/ST/STM32_USB_Device_Library/Core/Src/usbd_ctlreq.c ****       {
 322              		.loc 1 436 22 view .LVU106
 323 0026 DB69     		ldr	r3, [r3, #28]
 436:Middlewares/ST/STM32_USB_Device_Library/Core/Src/usbd_ctlreq.c ****       {
 324              		.loc 1 436 10 view .LVU107
 325 0028 002B     		cmp	r3, #0
 326 002a 05D0     		beq	.L15
 438:Middlewares/ST/STM32_USB_Device_Library/Core/Src/usbd_ctlreq.c ****       }
 327              		.loc 1 438 9 is_stmt 1 view .LVU108
 438:Middlewares/ST/STM32_USB_Device_Library/Core/Src/usbd_ctlreq.c ****       }
 328              		.loc 1 438 16 is_stmt 0 view .LVU109
 329 002c 007C     		ldrb	r0, [r0, #16]
 330              	.LVL30:
 438:Middlewares/ST/STM32_USB_Device_Library/Core/Src/usbd_ctlreq.c ****       }
ARM GAS  C:\Users\Domagoj\AppData\Local\Temp\ccZJCFTU.s 			page 34


 331              		.loc 1 438 16 view .LVU110
 332 002e 6A46     		mov	r2, sp
 333 0030 911D     		adds	r1, r2, #6
 334 0032 9847     		blx	r3
 335              	.LVL31:
 336 0034 0100     		movs	r1, r0
 337              	.LVL32:
 649:Middlewares/ST/STM32_USB_Device_Library/Core/Src/usbd_ctlreq.c ****   {
 338              		.loc 1 649 3 is_stmt 1 view .LVU111
 339 0036 0CE0     		b	.L16
 340              	.LVL33:
 341              	.L15:
 442:Middlewares/ST/STM32_USB_Device_Library/Core/Src/usbd_ctlreq.c ****         err++;
 342              		.loc 1 442 9 view .LVU112
 343 0038 2100     		movs	r1, r4
 344 003a FFF7FEFF 		bl	USBD_CtlError
 345              	.LVL34:
 443:Middlewares/ST/STM32_USB_Device_Library/Core/Src/usbd_ctlreq.c ****       }
 346              		.loc 1 443 9 view .LVU113
 649:Middlewares/ST/STM32_USB_Device_Library/Core/Src/usbd_ctlreq.c ****   {
 347              		.loc 1 649 3 view .LVU114
 348 003e C7E0     		b	.L6
 349              	.LVL35:
 350              	.L14:
 448:Middlewares/ST/STM32_USB_Device_Library/Core/Src/usbd_ctlreq.c ****       break;
 351              		.loc 1 448 7 view .LVU115
 448:Middlewares/ST/STM32_USB_Device_Library/Core/Src/usbd_ctlreq.c ****       break;
 352              		.loc 1 448 18 is_stmt 0 view .LVU116
 353 0040 AD23     		movs	r3, #173
 354 0042 9B00     		lsls	r3, r3, #2
 355 0044 C358     		ldr	r3, [r0, r3]
 448:Middlewares/ST/STM32_USB_Device_Library/Core/Src/usbd_ctlreq.c ****       break;
 356              		.loc 1 448 25 view .LVU117
 357 0046 1B68     		ldr	r3, [r3]
 448:Middlewares/ST/STM32_USB_Device_Library/Core/Src/usbd_ctlreq.c ****       break;
 358              		.loc 1 448 14 view .LVU118
 359 0048 007C     		ldrb	r0, [r0, #16]
 360              	.LVL36:
 448:Middlewares/ST/STM32_USB_Device_Library/Core/Src/usbd_ctlreq.c ****       break;
 361              		.loc 1 448 14 view .LVU119
 362 004a 6A46     		mov	r2, sp
 363 004c 911D     		adds	r1, r2, #6
 364 004e 9847     		blx	r3
 365              	.LVL37:
 366 0050 0100     		movs	r1, r0
 367              	.LVL38:
 449:Middlewares/ST/STM32_USB_Device_Library/Core/Src/usbd_ctlreq.c **** 
 368              		.loc 1 449 7 is_stmt 1 view .LVU120
 649:Middlewares/ST/STM32_USB_Device_Library/Core/Src/usbd_ctlreq.c ****   {
 369              		.loc 1 649 3 view .LVU121
 370              	.L16:
 654:Middlewares/ST/STM32_USB_Device_Library/Core/Src/usbd_ctlreq.c ****   {
 371              		.loc 1 654 3 view .LVU122
 654:Middlewares/ST/STM32_USB_Device_Library/Core/Src/usbd_ctlreq.c ****   {
 372              		.loc 1 654 10 is_stmt 0 view .LVU123
 373 0052 E388     		ldrh	r3, [r4, #6]
 654:Middlewares/ST/STM32_USB_Device_Library/Core/Src/usbd_ctlreq.c ****   {
ARM GAS  C:\Users\Domagoj\AppData\Local\Temp\ccZJCFTU.s 			page 35


 374              		.loc 1 654 6 view .LVU124
 375 0054 002B     		cmp	r3, #0
 376 0056 00D1     		bne	.LCB310
 377 0058 C1E0     		b	.L36	@long jump
 378              	.LCB310:
 656:Middlewares/ST/STM32_USB_Device_Library/Core/Src/usbd_ctlreq.c ****     {
 379              		.loc 1 656 5 is_stmt 1 view .LVU125
 656:Middlewares/ST/STM32_USB_Device_Library/Core/Src/usbd_ctlreq.c ****     {
 380              		.loc 1 656 13 is_stmt 0 view .LVU126
 381 005a 6A46     		mov	r2, sp
 382 005c 0632     		adds	r2, r2, #6
 383 005e 1288     		ldrh	r2, [r2]
 656:Middlewares/ST/STM32_USB_Device_Library/Core/Src/usbd_ctlreq.c ****     {
 384              		.loc 1 656 8 view .LVU127
 385 0060 002A     		cmp	r2, #0
 386 0062 00D1     		bne	.LCB316
 387 0064 B6E0     		b	.L37	@long jump
 388              	.LCB316:
 658:Middlewares/ST/STM32_USB_Device_Library/Core/Src/usbd_ctlreq.c ****       (void)USBD_CtlSendData(pdev, pbuf, len);
 389              		.loc 1 658 7 is_stmt 1 view .LVU128
 658:Middlewares/ST/STM32_USB_Device_Library/Core/Src/usbd_ctlreq.c ****       (void)USBD_CtlSendData(pdev, pbuf, len);
 390              		.loc 1 658 13 is_stmt 0 view .LVU129
 391 0066 181C     		adds	r0, r3, #0
 392              	.LVL39:
 658:Middlewares/ST/STM32_USB_Device_Library/Core/Src/usbd_ctlreq.c ****       (void)USBD_CtlSendData(pdev, pbuf, len);
 393              		.loc 1 658 13 view .LVU130
 394 0068 9342     		cmp	r3, r2
 395 006a 00D9     		bls	.L38
 396 006c 101C     		adds	r0, r2, #0
 397              	.L38:
 398 006e 82B2     		uxth	r2, r0
 658:Middlewares/ST/STM32_USB_Device_Library/Core/Src/usbd_ctlreq.c ****       (void)USBD_CtlSendData(pdev, pbuf, len);
 399              		.loc 1 658 11 view .LVU131
 400 0070 6B46     		mov	r3, sp
 401 0072 D880     		strh	r0, [r3, #6]
 659:Middlewares/ST/STM32_USB_Device_Library/Core/Src/usbd_ctlreq.c ****     }
 402              		.loc 1 659 7 is_stmt 1 view .LVU132
 659:Middlewares/ST/STM32_USB_Device_Library/Core/Src/usbd_ctlreq.c ****     }
 403              		.loc 1 659 13 is_stmt 0 view .LVU133
 404 0074 2800     		movs	r0, r5
 405 0076 FFF7FEFF 		bl	USBD_CtlSendData
 406              	.LVL40:
 659:Middlewares/ST/STM32_USB_Device_Library/Core/Src/usbd_ctlreq.c ****     }
 407              		.loc 1 659 13 view .LVU134
 408 007a A9E0     		b	.L6
 409              	.LVL41:
 410              	.L13:
 452:Middlewares/ST/STM32_USB_Device_Library/Core/Src/usbd_ctlreq.c ****       {
 411              		.loc 1 452 7 is_stmt 1 view .LVU135
 452:Middlewares/ST/STM32_USB_Device_Library/Core/Src/usbd_ctlreq.c ****       {
 412              		.loc 1 452 15 is_stmt 0 view .LVU136
 413 007c 037C     		ldrb	r3, [r0, #16]
 452:Middlewares/ST/STM32_USB_Device_Library/Core/Src/usbd_ctlreq.c ****       {
 414              		.loc 1 452 10 view .LVU137
 415 007e 002B     		cmp	r3, #0
 416 0080 0AD1     		bne	.L18
 462:Middlewares/ST/STM32_USB_Device_Library/Core/Src/usbd_ctlreq.c ****         }
ARM GAS  C:\Users\Domagoj\AppData\Local\Temp\ccZJCFTU.s 			page 36


 417              		.loc 1 462 11 is_stmt 1 view .LVU138
 462:Middlewares/ST/STM32_USB_Device_Library/Core/Src/usbd_ctlreq.c ****         }
 418              		.loc 1 462 41 is_stmt 0 view .LVU139
 419 0082 AE23     		movs	r3, #174
 420 0084 9B00     		lsls	r3, r3, #2
 421 0086 C358     		ldr	r3, [r0, r3]
 462:Middlewares/ST/STM32_USB_Device_Library/Core/Src/usbd_ctlreq.c ****         }
 422              		.loc 1 462 44 view .LVU140
 423 0088 9B6A     		ldr	r3, [r3, #40]
 462:Middlewares/ST/STM32_USB_Device_Library/Core/Src/usbd_ctlreq.c ****         }
 424              		.loc 1 462 18 view .LVU141
 425 008a 6A46     		mov	r2, sp
 426 008c 901D     		adds	r0, r2, #6
 427              	.LVL42:
 462:Middlewares/ST/STM32_USB_Device_Library/Core/Src/usbd_ctlreq.c ****         }
 428              		.loc 1 462 18 view .LVU142
 429 008e 9847     		blx	r3
 430              	.LVL43:
 431 0090 0100     		movs	r1, r0
 432              	.LVL44:
 464:Middlewares/ST/STM32_USB_Device_Library/Core/Src/usbd_ctlreq.c ****       }
 433              		.loc 1 464 9 is_stmt 1 view .LVU143
 464:Middlewares/ST/STM32_USB_Device_Library/Core/Src/usbd_ctlreq.c ****       }
 434              		.loc 1 464 17 is_stmt 0 view .LVU144
 435 0092 0223     		movs	r3, #2
 436 0094 4370     		strb	r3, [r0, #1]
 649:Middlewares/ST/STM32_USB_Device_Library/Core/Src/usbd_ctlreq.c ****   {
 437              		.loc 1 649 3 is_stmt 1 view .LVU145
 438 0096 DCE7     		b	.L16
 439              	.LVL45:
 440              	.L18:
 476:Middlewares/ST/STM32_USB_Device_Library/Core/Src/usbd_ctlreq.c ****         }
 441              		.loc 1 476 11 view .LVU146
 476:Middlewares/ST/STM32_USB_Device_Library/Core/Src/usbd_ctlreq.c ****         }
 442              		.loc 1 476 41 is_stmt 0 view .LVU147
 443 0098 AE23     		movs	r3, #174
 444 009a 9B00     		lsls	r3, r3, #2
 445 009c C358     		ldr	r3, [r0, r3]
 476:Middlewares/ST/STM32_USB_Device_Library/Core/Src/usbd_ctlreq.c ****         }
 446              		.loc 1 476 44 view .LVU148
 447 009e DB6A     		ldr	r3, [r3, #44]
 476:Middlewares/ST/STM32_USB_Device_Library/Core/Src/usbd_ctlreq.c ****         }
 448              		.loc 1 476 18 view .LVU149
 449 00a0 6A46     		mov	r2, sp
 450 00a2 901D     		adds	r0, r2, #6
 451              	.LVL46:
 476:Middlewares/ST/STM32_USB_Device_Library/Core/Src/usbd_ctlreq.c ****         }
 452              		.loc 1 476 18 view .LVU150
 453 00a4 9847     		blx	r3
 454              	.LVL47:
 455 00a6 0100     		movs	r1, r0
 456              	.LVL48:
 478:Middlewares/ST/STM32_USB_Device_Library/Core/Src/usbd_ctlreq.c ****       }
 457              		.loc 1 478 9 is_stmt 1 view .LVU151
 478:Middlewares/ST/STM32_USB_Device_Library/Core/Src/usbd_ctlreq.c ****       }
 458              		.loc 1 478 17 is_stmt 0 view .LVU152
 459 00a8 0223     		movs	r3, #2
ARM GAS  C:\Users\Domagoj\AppData\Local\Temp\ccZJCFTU.s 			page 37


 460 00aa 4370     		strb	r3, [r0, #1]
 649:Middlewares/ST/STM32_USB_Device_Library/Core/Src/usbd_ctlreq.c ****   {
 461              		.loc 1 649 3 is_stmt 1 view .LVU153
 462 00ac D1E7     		b	.L16
 463              	.LVL49:
 464              	.L12:
 483:Middlewares/ST/STM32_USB_Device_Library/Core/Src/usbd_ctlreq.c ****       {
 465              		.loc 1 483 7 view .LVU154
 483:Middlewares/ST/STM32_USB_Device_Library/Core/Src/usbd_ctlreq.c ****       {
 466              		.loc 1 483 15 is_stmt 0 view .LVU155
 467 00ae D2B2     		uxtb	r2, r2
 483:Middlewares/ST/STM32_USB_Device_Library/Core/Src/usbd_ctlreq.c ****       {
 468              		.loc 1 483 7 view .LVU156
 469 00b0 052A     		cmp	r2, #5
 470 00b2 63D8     		bhi	.L19
 471 00b4 9200     		lsls	r2, r2, #2
 472 00b6 4D4B     		ldr	r3, .L40+4
 473 00b8 9B58     		ldr	r3, [r3, r2]
 474 00ba 9F46     		mov	pc, r3
 475              		.section	.rodata.USBD_GetDescriptor
 476              		.align	2
 477              	.L21:
 478 0040 BC000000 		.word	.L26
 479 0044 DC000000 		.word	.L25
 480 0048 FC000000 		.word	.L24
 481 004c 1C010000 		.word	.L23
 482 0050 3C010000 		.word	.L22
 483 0054 5C010000 		.word	.L20
 484              		.section	.text.USBD_GetDescriptor
 485              	.L26:
 486:Middlewares/ST/STM32_USB_Device_Library/Core/Src/usbd_ctlreq.c ****           {
 486              		.loc 1 486 11 is_stmt 1 view .LVU157
 486:Middlewares/ST/STM32_USB_Device_Library/Core/Src/usbd_ctlreq.c ****           {
 487              		.loc 1 486 19 is_stmt 0 view .LVU158
 488 00bc AD23     		movs	r3, #173
 489 00be 9B00     		lsls	r3, r3, #2
 490 00c0 C358     		ldr	r3, [r0, r3]
 486:Middlewares/ST/STM32_USB_Device_Library/Core/Src/usbd_ctlreq.c ****           {
 491              		.loc 1 486 26 view .LVU159
 492 00c2 5B68     		ldr	r3, [r3, #4]
 486:Middlewares/ST/STM32_USB_Device_Library/Core/Src/usbd_ctlreq.c ****           {
 493              		.loc 1 486 14 view .LVU160
 494 00c4 002B     		cmp	r3, #0
 495 00c6 05D0     		beq	.L27
 488:Middlewares/ST/STM32_USB_Device_Library/Core/Src/usbd_ctlreq.c ****           }
 496              		.loc 1 488 13 is_stmt 1 view .LVU161
 488:Middlewares/ST/STM32_USB_Device_Library/Core/Src/usbd_ctlreq.c ****           }
 497              		.loc 1 488 20 is_stmt 0 view .LVU162
 498 00c8 007C     		ldrb	r0, [r0, #16]
 499              	.LVL50:
 488:Middlewares/ST/STM32_USB_Device_Library/Core/Src/usbd_ctlreq.c ****           }
 500              		.loc 1 488 20 view .LVU163
 501 00ca 6A46     		mov	r2, sp
 502 00cc 911D     		adds	r1, r2, #6
 503 00ce 9847     		blx	r3
 504              	.LVL51:
 505 00d0 0100     		movs	r1, r0
ARM GAS  C:\Users\Domagoj\AppData\Local\Temp\ccZJCFTU.s 			page 38


 506              	.LVL52:
 649:Middlewares/ST/STM32_USB_Device_Library/Core/Src/usbd_ctlreq.c ****   {
 507              		.loc 1 649 3 is_stmt 1 view .LVU164
 508 00d2 BEE7     		b	.L16
 509              	.LVL53:
 510              	.L27:
 492:Middlewares/ST/STM32_USB_Device_Library/Core/Src/usbd_ctlreq.c ****             err++;
 511              		.loc 1 492 13 view .LVU165
 512 00d4 2100     		movs	r1, r4
 513 00d6 FFF7FEFF 		bl	USBD_CtlError
 514              	.LVL54:
 493:Middlewares/ST/STM32_USB_Device_Library/Core/Src/usbd_ctlreq.c ****           }
 515              		.loc 1 493 13 view .LVU166
 649:Middlewares/ST/STM32_USB_Device_Library/Core/Src/usbd_ctlreq.c ****   {
 516              		.loc 1 649 3 view .LVU167
 517 00da 79E0     		b	.L6
 518              	.LVL55:
 519              	.L25:
 498:Middlewares/ST/STM32_USB_Device_Library/Core/Src/usbd_ctlreq.c ****           {
 520              		.loc 1 498 11 view .LVU168
 498:Middlewares/ST/STM32_USB_Device_Library/Core/Src/usbd_ctlreq.c ****           {
 521              		.loc 1 498 19 is_stmt 0 view .LVU169
 522 00dc AD23     		movs	r3, #173
 523 00de 9B00     		lsls	r3, r3, #2
 524 00e0 C358     		ldr	r3, [r0, r3]
 498:Middlewares/ST/STM32_USB_Device_Library/Core/Src/usbd_ctlreq.c ****           {
 525              		.loc 1 498 26 view .LVU170
 526 00e2 9B68     		ldr	r3, [r3, #8]
 498:Middlewares/ST/STM32_USB_Device_Library/Core/Src/usbd_ctlreq.c ****           {
 527              		.loc 1 498 14 view .LVU171
 528 00e4 002B     		cmp	r3, #0
 529 00e6 05D0     		beq	.L28
 500:Middlewares/ST/STM32_USB_Device_Library/Core/Src/usbd_ctlreq.c ****           }
 530              		.loc 1 500 13 is_stmt 1 view .LVU172
 500:Middlewares/ST/STM32_USB_Device_Library/Core/Src/usbd_ctlreq.c ****           }
 531              		.loc 1 500 20 is_stmt 0 view .LVU173
 532 00e8 007C     		ldrb	r0, [r0, #16]
 533              	.LVL56:
 500:Middlewares/ST/STM32_USB_Device_Library/Core/Src/usbd_ctlreq.c ****           }
 534              		.loc 1 500 20 view .LVU174
 535 00ea 6A46     		mov	r2, sp
 536 00ec 911D     		adds	r1, r2, #6
 537 00ee 9847     		blx	r3
 538              	.LVL57:
 539 00f0 0100     		movs	r1, r0
 540              	.LVL58:
 649:Middlewares/ST/STM32_USB_Device_Library/Core/Src/usbd_ctlreq.c ****   {
 541              		.loc 1 649 3 is_stmt 1 view .LVU175
 542 00f2 AEE7     		b	.L16
 543              	.LVL59:
 544              	.L28:
 504:Middlewares/ST/STM32_USB_Device_Library/Core/Src/usbd_ctlreq.c ****             err++;
 545              		.loc 1 504 13 view .LVU176
 546 00f4 2100     		movs	r1, r4
 547 00f6 FFF7FEFF 		bl	USBD_CtlError
 548              	.LVL60:
 505:Middlewares/ST/STM32_USB_Device_Library/Core/Src/usbd_ctlreq.c ****           }
ARM GAS  C:\Users\Domagoj\AppData\Local\Temp\ccZJCFTU.s 			page 39


 549              		.loc 1 505 13 view .LVU177
 649:Middlewares/ST/STM32_USB_Device_Library/Core/Src/usbd_ctlreq.c ****   {
 550              		.loc 1 649 3 view .LVU178
 551 00fa 69E0     		b	.L6
 552              	.LVL61:
 553              	.L24:
 510:Middlewares/ST/STM32_USB_Device_Library/Core/Src/usbd_ctlreq.c ****           {
 554              		.loc 1 510 11 view .LVU179
 510:Middlewares/ST/STM32_USB_Device_Library/Core/Src/usbd_ctlreq.c ****           {
 555              		.loc 1 510 19 is_stmt 0 view .LVU180
 556 00fc AD23     		movs	r3, #173
 557 00fe 9B00     		lsls	r3, r3, #2
 558 0100 C358     		ldr	r3, [r0, r3]
 510:Middlewares/ST/STM32_USB_Device_Library/Core/Src/usbd_ctlreq.c ****           {
 559              		.loc 1 510 26 view .LVU181
 560 0102 DB68     		ldr	r3, [r3, #12]
 510:Middlewares/ST/STM32_USB_Device_Library/Core/Src/usbd_ctlreq.c ****           {
 561              		.loc 1 510 14 view .LVU182
 562 0104 002B     		cmp	r3, #0
 563 0106 05D0     		beq	.L29
 512:Middlewares/ST/STM32_USB_Device_Library/Core/Src/usbd_ctlreq.c ****           }
 564              		.loc 1 512 13 is_stmt 1 view .LVU183
 512:Middlewares/ST/STM32_USB_Device_Library/Core/Src/usbd_ctlreq.c ****           }
 565              		.loc 1 512 20 is_stmt 0 view .LVU184
 566 0108 007C     		ldrb	r0, [r0, #16]
 567              	.LVL62:
 512:Middlewares/ST/STM32_USB_Device_Library/Core/Src/usbd_ctlreq.c ****           }
 568              		.loc 1 512 20 view .LVU185
 569 010a 6A46     		mov	r2, sp
 570 010c 911D     		adds	r1, r2, #6
 571 010e 9847     		blx	r3
 572              	.LVL63:
 573 0110 0100     		movs	r1, r0
 574              	.LVL64:
 649:Middlewares/ST/STM32_USB_Device_Library/Core/Src/usbd_ctlreq.c ****   {
 575              		.loc 1 649 3 is_stmt 1 view .LVU186
 576 0112 9EE7     		b	.L16
 577              	.LVL65:
 578              	.L29:
 516:Middlewares/ST/STM32_USB_Device_Library/Core/Src/usbd_ctlreq.c ****             err++;
 579              		.loc 1 516 13 view .LVU187
 580 0114 2100     		movs	r1, r4
 581 0116 FFF7FEFF 		bl	USBD_CtlError
 582              	.LVL66:
 517:Middlewares/ST/STM32_USB_Device_Library/Core/Src/usbd_ctlreq.c ****           }
 583              		.loc 1 517 13 view .LVU188
 649:Middlewares/ST/STM32_USB_Device_Library/Core/Src/usbd_ctlreq.c ****   {
 584              		.loc 1 649 3 view .LVU189
 585 011a 59E0     		b	.L6
 586              	.LVL67:
 587              	.L23:
 522:Middlewares/ST/STM32_USB_Device_Library/Core/Src/usbd_ctlreq.c ****           {
 588              		.loc 1 522 11 view .LVU190
 522:Middlewares/ST/STM32_USB_Device_Library/Core/Src/usbd_ctlreq.c ****           {
 589              		.loc 1 522 19 is_stmt 0 view .LVU191
 590 011c AD23     		movs	r3, #173
 591 011e 9B00     		lsls	r3, r3, #2
ARM GAS  C:\Users\Domagoj\AppData\Local\Temp\ccZJCFTU.s 			page 40


 592 0120 C358     		ldr	r3, [r0, r3]
 522:Middlewares/ST/STM32_USB_Device_Library/Core/Src/usbd_ctlreq.c ****           {
 593              		.loc 1 522 26 view .LVU192
 594 0122 1B69     		ldr	r3, [r3, #16]
 522:Middlewares/ST/STM32_USB_Device_Library/Core/Src/usbd_ctlreq.c ****           {
 595              		.loc 1 522 14 view .LVU193
 596 0124 002B     		cmp	r3, #0
 597 0126 05D0     		beq	.L30
 524:Middlewares/ST/STM32_USB_Device_Library/Core/Src/usbd_ctlreq.c ****           }
 598              		.loc 1 524 13 is_stmt 1 view .LVU194
 524:Middlewares/ST/STM32_USB_Device_Library/Core/Src/usbd_ctlreq.c ****           }
 599              		.loc 1 524 20 is_stmt 0 view .LVU195
 600 0128 007C     		ldrb	r0, [r0, #16]
 601              	.LVL68:
 524:Middlewares/ST/STM32_USB_Device_Library/Core/Src/usbd_ctlreq.c ****           }
 602              		.loc 1 524 20 view .LVU196
 603 012a 6A46     		mov	r2, sp
 604 012c 911D     		adds	r1, r2, #6
 605 012e 9847     		blx	r3
 606              	.LVL69:
 607 0130 0100     		movs	r1, r0
 608              	.LVL70:
 649:Middlewares/ST/STM32_USB_Device_Library/Core/Src/usbd_ctlreq.c ****   {
 609              		.loc 1 649 3 is_stmt 1 view .LVU197
 610 0132 8EE7     		b	.L16
 611              	.LVL71:
 612              	.L30:
 528:Middlewares/ST/STM32_USB_Device_Library/Core/Src/usbd_ctlreq.c ****             err++;
 613              		.loc 1 528 13 view .LVU198
 614 0134 2100     		movs	r1, r4
 615 0136 FFF7FEFF 		bl	USBD_CtlError
 616              	.LVL72:
 529:Middlewares/ST/STM32_USB_Device_Library/Core/Src/usbd_ctlreq.c ****           }
 617              		.loc 1 529 13 view .LVU199
 649:Middlewares/ST/STM32_USB_Device_Library/Core/Src/usbd_ctlreq.c ****   {
 618              		.loc 1 649 3 view .LVU200
 619 013a 49E0     		b	.L6
 620              	.LVL73:
 621              	.L22:
 534:Middlewares/ST/STM32_USB_Device_Library/Core/Src/usbd_ctlreq.c ****           {
 622              		.loc 1 534 11 view .LVU201
 534:Middlewares/ST/STM32_USB_Device_Library/Core/Src/usbd_ctlreq.c ****           {
 623              		.loc 1 534 19 is_stmt 0 view .LVU202
 624 013c AD23     		movs	r3, #173
 625 013e 9B00     		lsls	r3, r3, #2
 626 0140 C358     		ldr	r3, [r0, r3]
 534:Middlewares/ST/STM32_USB_Device_Library/Core/Src/usbd_ctlreq.c ****           {
 627              		.loc 1 534 26 view .LVU203
 628 0142 5B69     		ldr	r3, [r3, #20]
 534:Middlewares/ST/STM32_USB_Device_Library/Core/Src/usbd_ctlreq.c ****           {
 629              		.loc 1 534 14 view .LVU204
 630 0144 002B     		cmp	r3, #0
 631 0146 05D0     		beq	.L31
 536:Middlewares/ST/STM32_USB_Device_Library/Core/Src/usbd_ctlreq.c ****           }
 632              		.loc 1 536 13 is_stmt 1 view .LVU205
 536:Middlewares/ST/STM32_USB_Device_Library/Core/Src/usbd_ctlreq.c ****           }
 633              		.loc 1 536 20 is_stmt 0 view .LVU206
ARM GAS  C:\Users\Domagoj\AppData\Local\Temp\ccZJCFTU.s 			page 41


 634 0148 007C     		ldrb	r0, [r0, #16]
 635              	.LVL74:
 536:Middlewares/ST/STM32_USB_Device_Library/Core/Src/usbd_ctlreq.c ****           }
 636              		.loc 1 536 20 view .LVU207
 637 014a 6A46     		mov	r2, sp
 638 014c 911D     		adds	r1, r2, #6
 639 014e 9847     		blx	r3
 640              	.LVL75:
 641 0150 0100     		movs	r1, r0
 642              	.LVL76:
 649:Middlewares/ST/STM32_USB_Device_Library/Core/Src/usbd_ctlreq.c ****   {
 643              		.loc 1 649 3 is_stmt 1 view .LVU208
 644 0152 7EE7     		b	.L16
 645              	.LVL77:
 646              	.L31:
 540:Middlewares/ST/STM32_USB_Device_Library/Core/Src/usbd_ctlreq.c ****             err++;
 647              		.loc 1 540 13 view .LVU209
 648 0154 2100     		movs	r1, r4
 649 0156 FFF7FEFF 		bl	USBD_CtlError
 650              	.LVL78:
 541:Middlewares/ST/STM32_USB_Device_Library/Core/Src/usbd_ctlreq.c ****           }
 651              		.loc 1 541 13 view .LVU210
 649:Middlewares/ST/STM32_USB_Device_Library/Core/Src/usbd_ctlreq.c ****   {
 652              		.loc 1 649 3 view .LVU211
 653 015a 39E0     		b	.L6
 654              	.LVL79:
 655              	.L20:
 546:Middlewares/ST/STM32_USB_Device_Library/Core/Src/usbd_ctlreq.c ****           {
 656              		.loc 1 546 11 view .LVU212
 546:Middlewares/ST/STM32_USB_Device_Library/Core/Src/usbd_ctlreq.c ****           {
 657              		.loc 1 546 19 is_stmt 0 view .LVU213
 658 015c AD23     		movs	r3, #173
 659 015e 9B00     		lsls	r3, r3, #2
 660 0160 C358     		ldr	r3, [r0, r3]
 546:Middlewares/ST/STM32_USB_Device_Library/Core/Src/usbd_ctlreq.c ****           {
 661              		.loc 1 546 26 view .LVU214
 662 0162 9B69     		ldr	r3, [r3, #24]
 546:Middlewares/ST/STM32_USB_Device_Library/Core/Src/usbd_ctlreq.c ****           {
 663              		.loc 1 546 14 view .LVU215
 664 0164 002B     		cmp	r3, #0
 665 0166 05D0     		beq	.L32
 548:Middlewares/ST/STM32_USB_Device_Library/Core/Src/usbd_ctlreq.c ****           }
 666              		.loc 1 548 13 is_stmt 1 view .LVU216
 548:Middlewares/ST/STM32_USB_Device_Library/Core/Src/usbd_ctlreq.c ****           }
 667              		.loc 1 548 20 is_stmt 0 view .LVU217
 668 0168 007C     		ldrb	r0, [r0, #16]
 669              	.LVL80:
 548:Middlewares/ST/STM32_USB_Device_Library/Core/Src/usbd_ctlreq.c ****           }
 670              		.loc 1 548 20 view .LVU218
 671 016a 6A46     		mov	r2, sp
 672 016c 911D     		adds	r1, r2, #6
 673 016e 9847     		blx	r3
 674              	.LVL81:
 675 0170 0100     		movs	r1, r0
 676              	.LVL82:
 649:Middlewares/ST/STM32_USB_Device_Library/Core/Src/usbd_ctlreq.c ****   {
 677              		.loc 1 649 3 is_stmt 1 view .LVU219
ARM GAS  C:\Users\Domagoj\AppData\Local\Temp\ccZJCFTU.s 			page 42


 678 0172 6EE7     		b	.L16
 679              	.LVL83:
 680              	.L32:
 552:Middlewares/ST/STM32_USB_Device_Library/Core/Src/usbd_ctlreq.c ****             err++;
 681              		.loc 1 552 13 view .LVU220
 682 0174 2100     		movs	r1, r4
 683 0176 FFF7FEFF 		bl	USBD_CtlError
 684              	.LVL84:
 553:Middlewares/ST/STM32_USB_Device_Library/Core/Src/usbd_ctlreq.c ****           }
 685              		.loc 1 553 13 view .LVU221
 649:Middlewares/ST/STM32_USB_Device_Library/Core/Src/usbd_ctlreq.c ****   {
 686              		.loc 1 649 3 view .LVU222
 687 017a 29E0     		b	.L6
 688              	.LVL85:
 689              	.L19:
 593:Middlewares/ST/STM32_USB_Device_Library/Core/Src/usbd_ctlreq.c ****           err++;
 690              		.loc 1 593 11 view .LVU223
 691 017c 2100     		movs	r1, r4
 692 017e FFF7FEFF 		bl	USBD_CtlError
 693              	.LVL86:
 594:Middlewares/ST/STM32_USB_Device_Library/Core/Src/usbd_ctlreq.c **** #endif /* (USBD_CLASS_USER_STRING_DESC == 0U) && (USBD_SUPPORT_USER_STRING_DESC == 0U) */
 694              		.loc 1 594 11 view .LVU224
 596:Middlewares/ST/STM32_USB_Device_Library/Core/Src/usbd_ctlreq.c ****       }
 695              		.loc 1 596 11 view .LVU225
 649:Middlewares/ST/STM32_USB_Device_Library/Core/Src/usbd_ctlreq.c ****   {
 696              		.loc 1 649 3 view .LVU226
 697 0182 25E0     		b	.L6
 698              	.LVL87:
 699              	.L11:
 601:Middlewares/ST/STM32_USB_Device_Library/Core/Src/usbd_ctlreq.c ****       {
 700              		.loc 1 601 7 view .LVU227
 601:Middlewares/ST/STM32_USB_Device_Library/Core/Src/usbd_ctlreq.c ****       {
 701              		.loc 1 601 15 is_stmt 0 view .LVU228
 702 0184 037C     		ldrb	r3, [r0, #16]
 601:Middlewares/ST/STM32_USB_Device_Library/Core/Src/usbd_ctlreq.c ****       {
 703              		.loc 1 601 10 view .LVU229
 704 0186 002B     		cmp	r3, #0
 705 0188 08D1     		bne	.L33
 611:Middlewares/ST/STM32_USB_Device_Library/Core/Src/usbd_ctlreq.c ****         }
 706              		.loc 1 611 11 is_stmt 1 view .LVU230
 611:Middlewares/ST/STM32_USB_Device_Library/Core/Src/usbd_ctlreq.c ****         }
 707              		.loc 1 611 41 is_stmt 0 view .LVU231
 708 018a AE23     		movs	r3, #174
 709 018c 9B00     		lsls	r3, r3, #2
 710 018e C358     		ldr	r3, [r0, r3]
 611:Middlewares/ST/STM32_USB_Device_Library/Core/Src/usbd_ctlreq.c ****         }
 711              		.loc 1 611 44 view .LVU232
 712 0190 5B6B     		ldr	r3, [r3, #52]
 611:Middlewares/ST/STM32_USB_Device_Library/Core/Src/usbd_ctlreq.c ****         }
 713              		.loc 1 611 18 view .LVU233
 714 0192 6A46     		mov	r2, sp
 715 0194 901D     		adds	r0, r2, #6
 716              	.LVL88:
 611:Middlewares/ST/STM32_USB_Device_Library/Core/Src/usbd_ctlreq.c ****         }
 717              		.loc 1 611 18 view .LVU234
 718 0196 9847     		blx	r3
 719              	.LVL89:
ARM GAS  C:\Users\Domagoj\AppData\Local\Temp\ccZJCFTU.s 			page 43


 720 0198 0100     		movs	r1, r0
 721              	.LVL90:
 649:Middlewares/ST/STM32_USB_Device_Library/Core/Src/usbd_ctlreq.c ****   {
 722              		.loc 1 649 3 is_stmt 1 view .LVU235
 723 019a 5AE7     		b	.L16
 724              	.LVL91:
 725              	.L33:
 616:Middlewares/ST/STM32_USB_Device_Library/Core/Src/usbd_ctlreq.c ****         err++;
 726              		.loc 1 616 9 view .LVU236
 727 019c 2100     		movs	r1, r4
 728 019e FFF7FEFF 		bl	USBD_CtlError
 729              	.LVL92:
 617:Middlewares/ST/STM32_USB_Device_Library/Core/Src/usbd_ctlreq.c ****       }
 730              		.loc 1 617 9 view .LVU237
 649:Middlewares/ST/STM32_USB_Device_Library/Core/Src/usbd_ctlreq.c ****   {
 731              		.loc 1 649 3 view .LVU238
 732 01a2 15E0     		b	.L6
 733              	.LVL93:
 734              	.L10:
 622:Middlewares/ST/STM32_USB_Device_Library/Core/Src/usbd_ctlreq.c ****       {
 735              		.loc 1 622 7 view .LVU239
 622:Middlewares/ST/STM32_USB_Device_Library/Core/Src/usbd_ctlreq.c ****       {
 736              		.loc 1 622 15 is_stmt 0 view .LVU240
 737 01a4 037C     		ldrb	r3, [r0, #16]
 622:Middlewares/ST/STM32_USB_Device_Library/Core/Src/usbd_ctlreq.c ****       {
 738              		.loc 1 622 10 view .LVU241
 739 01a6 002B     		cmp	r3, #0
 740 01a8 0AD1     		bne	.L34
 632:Middlewares/ST/STM32_USB_Device_Library/Core/Src/usbd_ctlreq.c ****         }
 741              		.loc 1 632 11 is_stmt 1 view .LVU242
 632:Middlewares/ST/STM32_USB_Device_Library/Core/Src/usbd_ctlreq.c ****         }
 742              		.loc 1 632 41 is_stmt 0 view .LVU243
 743 01aa AE23     		movs	r3, #174
 744 01ac 9B00     		lsls	r3, r3, #2
 745 01ae C358     		ldr	r3, [r0, r3]
 632:Middlewares/ST/STM32_USB_Device_Library/Core/Src/usbd_ctlreq.c ****         }
 746              		.loc 1 632 44 view .LVU244
 747 01b0 1B6B     		ldr	r3, [r3, #48]
 632:Middlewares/ST/STM32_USB_Device_Library/Core/Src/usbd_ctlreq.c ****         }
 748              		.loc 1 632 18 view .LVU245
 749 01b2 6A46     		mov	r2, sp
 750 01b4 901D     		adds	r0, r2, #6
 751              	.LVL94:
 632:Middlewares/ST/STM32_USB_Device_Library/Core/Src/usbd_ctlreq.c ****         }
 752              		.loc 1 632 18 view .LVU246
 753 01b6 9847     		blx	r3
 754              	.LVL95:
 755 01b8 0100     		movs	r1, r0
 756              	.LVL96:
 634:Middlewares/ST/STM32_USB_Device_Library/Core/Src/usbd_ctlreq.c ****       }
 757              		.loc 1 634 9 is_stmt 1 view .LVU247
 634:Middlewares/ST/STM32_USB_Device_Library/Core/Src/usbd_ctlreq.c ****       }
 758              		.loc 1 634 17 is_stmt 0 view .LVU248
 759 01ba 0723     		movs	r3, #7
 760 01bc 4370     		strb	r3, [r0, #1]
 649:Middlewares/ST/STM32_USB_Device_Library/Core/Src/usbd_ctlreq.c ****   {
 761              		.loc 1 649 3 is_stmt 1 view .LVU249
ARM GAS  C:\Users\Domagoj\AppData\Local\Temp\ccZJCFTU.s 			page 44


 762 01be 48E7     		b	.L16
 763              	.LVL97:
 764              	.L34:
 638:Middlewares/ST/STM32_USB_Device_Library/Core/Src/usbd_ctlreq.c ****         err++;
 765              		.loc 1 638 9 view .LVU250
 766 01c0 2100     		movs	r1, r4
 767 01c2 FFF7FEFF 		bl	USBD_CtlError
 768              	.LVL98:
 639:Middlewares/ST/STM32_USB_Device_Library/Core/Src/usbd_ctlreq.c ****       }
 769              		.loc 1 639 9 view .LVU251
 649:Middlewares/ST/STM32_USB_Device_Library/Core/Src/usbd_ctlreq.c ****   {
 770              		.loc 1 649 3 view .LVU252
 771 01c6 03E0     		b	.L6
 772              	.LVL99:
 773              	.L7:
 644:Middlewares/ST/STM32_USB_Device_Library/Core/Src/usbd_ctlreq.c ****       err++;
 774              		.loc 1 644 7 view .LVU253
 775 01c8 2100     		movs	r1, r4
 776 01ca 2800     		movs	r0, r5
 777              	.LVL100:
 644:Middlewares/ST/STM32_USB_Device_Library/Core/Src/usbd_ctlreq.c ****       err++;
 778              		.loc 1 644 7 is_stmt 0 view .LVU254
 779 01cc FFF7FEFF 		bl	USBD_CtlError
 780              	.LVL101:
 645:Middlewares/ST/STM32_USB_Device_Library/Core/Src/usbd_ctlreq.c ****       break;
 781              		.loc 1 645 7 is_stmt 1 view .LVU255
 646:Middlewares/ST/STM32_USB_Device_Library/Core/Src/usbd_ctlreq.c ****   }
 782              		.loc 1 646 7 view .LVU256
 649:Middlewares/ST/STM32_USB_Device_Library/Core/Src/usbd_ctlreq.c ****   {
 783              		.loc 1 649 3 view .LVU257
 651:Middlewares/ST/STM32_USB_Device_Library/Core/Src/usbd_ctlreq.c ****   }
 784              		.loc 1 651 5 view .LVU258
 785              	.L6:
 670:Middlewares/ST/STM32_USB_Device_Library/Core/Src/usbd_ctlreq.c **** 
 786              		.loc 1 670 1 is_stmt 0 view .LVU259
 787 01d0 03B0     		add	sp, sp, #12
 788              		@ sp needed
 789              	.LVL102:
 790              	.LVL103:
 670:Middlewares/ST/STM32_USB_Device_Library/Core/Src/usbd_ctlreq.c **** 
 791              		.loc 1 670 1 view .LVU260
 792 01d2 30BD     		pop	{r4, r5, pc}
 793              	.LVL104:
 794              	.L37:
 663:Middlewares/ST/STM32_USB_Device_Library/Core/Src/usbd_ctlreq.c ****     }
 795              		.loc 1 663 7 is_stmt 1 view .LVU261
 796 01d4 2100     		movs	r1, r4
 797 01d6 2800     		movs	r0, r5
 798              	.LVL105:
 663:Middlewares/ST/STM32_USB_Device_Library/Core/Src/usbd_ctlreq.c ****     }
 799              		.loc 1 663 7 is_stmt 0 view .LVU262
 800 01d8 FFF7FEFF 		bl	USBD_CtlError
 801              	.LVL106:
 802 01dc F8E7     		b	.L6
 803              	.LVL107:
 804              	.L36:
 668:Middlewares/ST/STM32_USB_Device_Library/Core/Src/usbd_ctlreq.c ****   }
ARM GAS  C:\Users\Domagoj\AppData\Local\Temp\ccZJCFTU.s 			page 45


 805              		.loc 1 668 5 is_stmt 1 view .LVU263
 668:Middlewares/ST/STM32_USB_Device_Library/Core/Src/usbd_ctlreq.c ****   }
 806              		.loc 1 668 11 is_stmt 0 view .LVU264
 807 01de 2800     		movs	r0, r5
 808              	.LVL108:
 668:Middlewares/ST/STM32_USB_Device_Library/Core/Src/usbd_ctlreq.c ****   }
 809              		.loc 1 668 11 view .LVU265
 810 01e0 FFF7FEFF 		bl	USBD_CtlSendStatus
 811              	.LVL109:
 668:Middlewares/ST/STM32_USB_Device_Library/Core/Src/usbd_ctlreq.c ****   }
 812              		.loc 1 668 11 view .LVU266
 813 01e4 F4E7     		b	.L6
 814              	.L41:
 815 01e6 C046     		.align	2
 816              	.L40:
 817 01e8 00000000 		.word	.L9
 818 01ec 40000000 		.word	.L21
 819              		.cfi_endproc
 820              	.LFE373:
 822              		.section	.text.USBD_SetAddress,"ax",%progbits
 823              		.align	1
 824              		.syntax unified
 825              		.code	16
 826              		.thumb_func
 828              	USBD_SetAddress:
 829              	.LVL110:
 830              	.LFB374:
 681:Middlewares/ST/STM32_USB_Device_Library/Core/Src/usbd_ctlreq.c ****   uint8_t  dev_addr;
 831              		.loc 1 681 1 is_stmt 1 view -0
 832              		.cfi_startproc
 833              		@ args = 0, pretend = 0, frame = 0
 834              		@ frame_needed = 0, uses_anonymous_args = 0
 681:Middlewares/ST/STM32_USB_Device_Library/Core/Src/usbd_ctlreq.c ****   uint8_t  dev_addr;
 835              		.loc 1 681 1 is_stmt 0 view .LVU268
 836 0000 70B5     		push	{r4, r5, r6, lr}
 837              	.LCFI3:
 838              		.cfi_def_cfa_offset 16
 839              		.cfi_offset 4, -16
 840              		.cfi_offset 5, -12
 841              		.cfi_offset 6, -8
 842              		.cfi_offset 14, -4
 843 0002 0400     		movs	r4, r0
 682:Middlewares/ST/STM32_USB_Device_Library/Core/Src/usbd_ctlreq.c **** 
 844              		.loc 1 682 3 is_stmt 1 view .LVU269
 684:Middlewares/ST/STM32_USB_Device_Library/Core/Src/usbd_ctlreq.c ****   {
 845              		.loc 1 684 3 view .LVU270
 684:Middlewares/ST/STM32_USB_Device_Library/Core/Src/usbd_ctlreq.c ****   {
 846              		.loc 1 684 11 is_stmt 0 view .LVU271
 847 0004 8B88     		ldrh	r3, [r1, #4]
 684:Middlewares/ST/STM32_USB_Device_Library/Core/Src/usbd_ctlreq.c ****   {
 848              		.loc 1 684 6 view .LVU272
 849 0006 002B     		cmp	r3, #0
 850 0008 23D1     		bne	.L43
 684:Middlewares/ST/STM32_USB_Device_Library/Core/Src/usbd_ctlreq.c ****   {
 851              		.loc 1 684 34 discriminator 1 view .LVU273
 852 000a CB88     		ldrh	r3, [r1, #6]
 684:Middlewares/ST/STM32_USB_Device_Library/Core/Src/usbd_ctlreq.c ****   {
ARM GAS  C:\Users\Domagoj\AppData\Local\Temp\ccZJCFTU.s 			page 46


 853              		.loc 1 684 27 discriminator 1 view .LVU274
 854 000c 002B     		cmp	r3, #0
 855 000e 20D1     		bne	.L43
 684:Middlewares/ST/STM32_USB_Device_Library/Core/Src/usbd_ctlreq.c ****   {
 856              		.loc 1 684 58 discriminator 2 view .LVU275
 857 0010 4B88     		ldrh	r3, [r1, #2]
 684:Middlewares/ST/STM32_USB_Device_Library/Core/Src/usbd_ctlreq.c ****   {
 858              		.loc 1 684 51 discriminator 2 view .LVU276
 859 0012 7F2B     		cmp	r3, #127
 860 0014 1DD8     		bhi	.L43
 686:Middlewares/ST/STM32_USB_Device_Library/Core/Src/usbd_ctlreq.c **** 
 861              		.loc 1 686 5 is_stmt 1 view .LVU277
 686:Middlewares/ST/STM32_USB_Device_Library/Core/Src/usbd_ctlreq.c **** 
 862              		.loc 1 686 14 is_stmt 0 view .LVU278
 863 0016 7F25     		movs	r5, #127
 864 0018 1D40     		ands	r5, r3
 865              	.LVL111:
 688:Middlewares/ST/STM32_USB_Device_Library/Core/Src/usbd_ctlreq.c ****     {
 866              		.loc 1 688 5 is_stmt 1 view .LVU279
 688:Middlewares/ST/STM32_USB_Device_Library/Core/Src/usbd_ctlreq.c ****     {
 867              		.loc 1 688 13 is_stmt 0 view .LVU280
 868 001a A723     		movs	r3, #167
 869 001c 9B00     		lsls	r3, r3, #2
 870 001e C35C     		ldrb	r3, [r0, r3]
 688:Middlewares/ST/STM32_USB_Device_Library/Core/Src/usbd_ctlreq.c ****     {
 871              		.loc 1 688 8 view .LVU281
 872 0020 032B     		cmp	r3, #3
 873 0022 0ED0     		beq	.L47
 694:Middlewares/ST/STM32_USB_Device_Library/Core/Src/usbd_ctlreq.c ****       (void)USBD_LL_SetUSBAddress(pdev, dev_addr);
 874              		.loc 1 694 7 is_stmt 1 view .LVU282
 694:Middlewares/ST/STM32_USB_Device_Library/Core/Src/usbd_ctlreq.c ****       (void)USBD_LL_SetUSBAddress(pdev, dev_addr);
 875              		.loc 1 694 25 is_stmt 0 view .LVU283
 876 0024 0D4B     		ldr	r3, .L48
 877 0026 C554     		strb	r5, [r0, r3]
 695:Middlewares/ST/STM32_USB_Device_Library/Core/Src/usbd_ctlreq.c ****       (void)USBD_CtlSendStatus(pdev);
 878              		.loc 1 695 7 is_stmt 1 view .LVU284
 695:Middlewares/ST/STM32_USB_Device_Library/Core/Src/usbd_ctlreq.c ****       (void)USBD_CtlSendStatus(pdev);
 879              		.loc 1 695 13 is_stmt 0 view .LVU285
 880 0028 2900     		movs	r1, r5
 881              	.LVL112:
 695:Middlewares/ST/STM32_USB_Device_Library/Core/Src/usbd_ctlreq.c ****       (void)USBD_CtlSendStatus(pdev);
 882              		.loc 1 695 13 view .LVU286
 883 002a FFF7FEFF 		bl	USBD_LL_SetUSBAddress
 884              	.LVL113:
 696:Middlewares/ST/STM32_USB_Device_Library/Core/Src/usbd_ctlreq.c **** 
 885              		.loc 1 696 7 is_stmt 1 view .LVU287
 696:Middlewares/ST/STM32_USB_Device_Library/Core/Src/usbd_ctlreq.c **** 
 886              		.loc 1 696 13 is_stmt 0 view .LVU288
 887 002e 2000     		movs	r0, r4
 888 0030 FFF7FEFF 		bl	USBD_CtlSendStatus
 889              	.LVL114:
 698:Middlewares/ST/STM32_USB_Device_Library/Core/Src/usbd_ctlreq.c ****       {
 890              		.loc 1 698 7 is_stmt 1 view .LVU289
 698:Middlewares/ST/STM32_USB_Device_Library/Core/Src/usbd_ctlreq.c ****       {
 891              		.loc 1 698 10 is_stmt 0 view .LVU290
 892 0034 002D     		cmp	r5, #0
 893 0036 07D0     		beq	.L46
ARM GAS  C:\Users\Domagoj\AppData\Local\Temp\ccZJCFTU.s 			page 47


 700:Middlewares/ST/STM32_USB_Device_Library/Core/Src/usbd_ctlreq.c ****       }
 894              		.loc 1 700 9 is_stmt 1 view .LVU291
 700:Middlewares/ST/STM32_USB_Device_Library/Core/Src/usbd_ctlreq.c ****       }
 895              		.loc 1 700 25 is_stmt 0 view .LVU292
 896 0038 A723     		movs	r3, #167
 897 003a 9B00     		lsls	r3, r3, #2
 898 003c 0222     		movs	r2, #2
 899 003e E254     		strb	r2, [r4, r3]
 900 0040 0AE0     		b	.L42
 901              	.LVL115:
 902              	.L47:
 690:Middlewares/ST/STM32_USB_Device_Library/Core/Src/usbd_ctlreq.c ****     }
 903              		.loc 1 690 7 is_stmt 1 view .LVU293
 904 0042 FFF7FEFF 		bl	USBD_CtlError
 905              	.LVL116:
 690:Middlewares/ST/STM32_USB_Device_Library/Core/Src/usbd_ctlreq.c ****     }
 906              		.loc 1 690 7 is_stmt 0 view .LVU294
 907 0046 07E0     		b	.L42
 908              	.L46:
 704:Middlewares/ST/STM32_USB_Device_Library/Core/Src/usbd_ctlreq.c ****       }
 909              		.loc 1 704 9 is_stmt 1 view .LVU295
 704:Middlewares/ST/STM32_USB_Device_Library/Core/Src/usbd_ctlreq.c ****       }
 910              		.loc 1 704 25 is_stmt 0 view .LVU296
 911 0048 A723     		movs	r3, #167
 912 004a 9B00     		lsls	r3, r3, #2
 913 004c 0122     		movs	r2, #1
 914 004e E254     		strb	r2, [r4, r3]
 915 0050 02E0     		b	.L42
 916              	.LVL117:
 917              	.L43:
 710:Middlewares/ST/STM32_USB_Device_Library/Core/Src/usbd_ctlreq.c ****   }
 918              		.loc 1 710 5 is_stmt 1 view .LVU297
 919 0052 2000     		movs	r0, r4
 920              	.LVL118:
 710:Middlewares/ST/STM32_USB_Device_Library/Core/Src/usbd_ctlreq.c ****   }
 921              		.loc 1 710 5 is_stmt 0 view .LVU298
 922 0054 FFF7FEFF 		bl	USBD_CtlError
 923              	.LVL119:
 924              	.L42:
 712:Middlewares/ST/STM32_USB_Device_Library/Core/Src/usbd_ctlreq.c **** 
 925              		.loc 1 712 1 view .LVU299
 926              		@ sp needed
 927              	.LVL120:
 712:Middlewares/ST/STM32_USB_Device_Library/Core/Src/usbd_ctlreq.c **** 
 928              		.loc 1 712 1 view .LVU300
 929 0058 70BD     		pop	{r4, r5, r6, pc}
 930              	.L49:
 931 005a C046     		.align	2
 932              	.L48:
 933 005c 9E020000 		.word	670
 934              		.cfi_endproc
 935              	.LFE374:
 937              		.section	.text.USBD_SetConfig,"ax",%progbits
 938              		.align	1
 939              		.syntax unified
 940              		.code	16
 941              		.thumb_func
ARM GAS  C:\Users\Domagoj\AppData\Local\Temp\ccZJCFTU.s 			page 48


 943              	USBD_SetConfig:
 944              	.LVL121:
 945              	.LFB375:
 722:Middlewares/ST/STM32_USB_Device_Library/Core/Src/usbd_ctlreq.c ****   USBD_StatusTypeDef ret = USBD_OK;
 946              		.loc 1 722 1 is_stmt 1 view -0
 947              		.cfi_startproc
 948              		@ args = 0, pretend = 0, frame = 0
 949              		@ frame_needed = 0, uses_anonymous_args = 0
 722:Middlewares/ST/STM32_USB_Device_Library/Core/Src/usbd_ctlreq.c ****   USBD_StatusTypeDef ret = USBD_OK;
 950              		.loc 1 722 1 is_stmt 0 view .LVU302
 951 0000 70B5     		push	{r4, r5, r6, lr}
 952              	.LCFI4:
 953              		.cfi_def_cfa_offset 16
 954              		.cfi_offset 4, -16
 955              		.cfi_offset 5, -12
 956              		.cfi_offset 6, -8
 957              		.cfi_offset 14, -4
 958 0002 0500     		movs	r5, r0
 959 0004 0E00     		movs	r6, r1
 723:Middlewares/ST/STM32_USB_Device_Library/Core/Src/usbd_ctlreq.c ****   static uint8_t cfgidx;
 960              		.loc 1 723 3 is_stmt 1 view .LVU303
 961              	.LVL122:
 724:Middlewares/ST/STM32_USB_Device_Library/Core/Src/usbd_ctlreq.c **** 
 962              		.loc 1 724 3 view .LVU304
 726:Middlewares/ST/STM32_USB_Device_Library/Core/Src/usbd_ctlreq.c **** 
 963              		.loc 1 726 3 view .LVU305
 726:Middlewares/ST/STM32_USB_Device_Library/Core/Src/usbd_ctlreq.c **** 
 964              		.loc 1 726 12 is_stmt 0 view .LVU306
 965 0006 8C78     		ldrb	r4, [r1, #2]
 726:Middlewares/ST/STM32_USB_Device_Library/Core/Src/usbd_ctlreq.c **** 
 966              		.loc 1 726 10 view .LVU307
 967 0008 334B     		ldr	r3, .L64
 968 000a 1C70     		strb	r4, [r3]
 728:Middlewares/ST/STM32_USB_Device_Library/Core/Src/usbd_ctlreq.c ****   {
 969              		.loc 1 728 3 is_stmt 1 view .LVU308
 728:Middlewares/ST/STM32_USB_Device_Library/Core/Src/usbd_ctlreq.c ****   {
 970              		.loc 1 728 6 is_stmt 0 view .LVU309
 971 000c 012C     		cmp	r4, #1
 972 000e 11D8     		bhi	.L62
 734:Middlewares/ST/STM32_USB_Device_Library/Core/Src/usbd_ctlreq.c ****   {
 973              		.loc 1 734 3 is_stmt 1 view .LVU310
 734:Middlewares/ST/STM32_USB_Device_Library/Core/Src/usbd_ctlreq.c ****   {
 974              		.loc 1 734 15 is_stmt 0 view .LVU311
 975 0010 A723     		movs	r3, #167
 976 0012 9B00     		lsls	r3, r3, #2
 977 0014 C35C     		ldrb	r3, [r0, r3]
 978 0016 DAB2     		uxtb	r2, r3
 734:Middlewares/ST/STM32_USB_Device_Library/Core/Src/usbd_ctlreq.c ****   {
 979              		.loc 1 734 3 view .LVU312
 980 0018 022B     		cmp	r3, #2
 981 001a 0FD0     		beq	.L53
 982 001c 032A     		cmp	r2, #3
 983 001e 29D0     		beq	.L54
 803:Middlewares/ST/STM32_USB_Device_Library/Core/Src/usbd_ctlreq.c ****       (void)USBD_ClrClassConfig(pdev, cfgidx);
 984              		.loc 1 803 7 is_stmt 1 view .LVU313
 985 0020 FFF7FEFF 		bl	USBD_CtlError
 986              	.LVL123:
ARM GAS  C:\Users\Domagoj\AppData\Local\Temp\ccZJCFTU.s 			page 49


 804:Middlewares/ST/STM32_USB_Device_Library/Core/Src/usbd_ctlreq.c ****       ret = USBD_FAIL;
 987              		.loc 1 804 7 view .LVU314
 988 0024 2C4B     		ldr	r3, .L64
 989 0026 1978     		ldrb	r1, [r3]
 804:Middlewares/ST/STM32_USB_Device_Library/Core/Src/usbd_ctlreq.c ****       ret = USBD_FAIL;
 990              		.loc 1 804 13 is_stmt 0 view .LVU315
 991 0028 2800     		movs	r0, r5
 992 002a FFF7FEFF 		bl	USBD_ClrClassConfig
 993              	.LVL124:
 805:Middlewares/ST/STM32_USB_Device_Library/Core/Src/usbd_ctlreq.c ****       break;
 994              		.loc 1 805 7 is_stmt 1 view .LVU316
 806:Middlewares/ST/STM32_USB_Device_Library/Core/Src/usbd_ctlreq.c ****   }
 995              		.loc 1 806 7 view .LVU317
 805:Middlewares/ST/STM32_USB_Device_Library/Core/Src/usbd_ctlreq.c ****       break;
 996              		.loc 1 805 11 is_stmt 0 view .LVU318
 997 002e 0324     		movs	r4, #3
 998              	.LVL125:
 999              	.L52:
 810:Middlewares/ST/STM32_USB_Device_Library/Core/Src/usbd_ctlreq.c **** 
 1000              		.loc 1 810 1 view .LVU319
 1001 0030 2000     		movs	r0, r4
 1002              		@ sp needed
 1003              	.LVL126:
 1004              	.LVL127:
 810:Middlewares/ST/STM32_USB_Device_Library/Core/Src/usbd_ctlreq.c **** 
 1005              		.loc 1 810 1 view .LVU320
 1006 0032 70BD     		pop	{r4, r5, r6, pc}
 1007              	.LVL128:
 1008              	.L62:
 730:Middlewares/ST/STM32_USB_Device_Library/Core/Src/usbd_ctlreq.c ****     return USBD_FAIL;
 1009              		.loc 1 730 5 is_stmt 1 view .LVU321
 1010 0034 FFF7FEFF 		bl	USBD_CtlError
 1011              	.LVL129:
 731:Middlewares/ST/STM32_USB_Device_Library/Core/Src/usbd_ctlreq.c ****   }
 1012              		.loc 1 731 5 view .LVU322
 731:Middlewares/ST/STM32_USB_Device_Library/Core/Src/usbd_ctlreq.c ****   }
 1013              		.loc 1 731 12 is_stmt 0 view .LVU323
 1014 0038 0324     		movs	r4, #3
 1015 003a F9E7     		b	.L52
 1016              	.LVL130:
 1017              	.L53:
 737:Middlewares/ST/STM32_USB_Device_Library/Core/Src/usbd_ctlreq.c ****       {
 1018              		.loc 1 737 7 is_stmt 1 view .LVU324
 737:Middlewares/ST/STM32_USB_Device_Library/Core/Src/usbd_ctlreq.c ****       {
 1019              		.loc 1 737 10 is_stmt 0 view .LVU325
 1020 003c 002C     		cmp	r4, #0
 1021 003e 16D0     		beq	.L56
 739:Middlewares/ST/STM32_USB_Device_Library/Core/Src/usbd_ctlreq.c **** 
 1022              		.loc 1 739 9 is_stmt 1 view .LVU326
 739:Middlewares/ST/STM32_USB_Device_Library/Core/Src/usbd_ctlreq.c **** 
 1023              		.loc 1 739 26 is_stmt 0 view .LVU327
 1024 0040 4460     		str	r4, [r0, #4]
 741:Middlewares/ST/STM32_USB_Device_Library/Core/Src/usbd_ctlreq.c **** 
 1025              		.loc 1 741 9 is_stmt 1 view .LVU328
 741:Middlewares/ST/STM32_USB_Device_Library/Core/Src/usbd_ctlreq.c **** 
 1026              		.loc 1 741 15 is_stmt 0 view .LVU329
 1027 0042 2100     		movs	r1, r4
ARM GAS  C:\Users\Domagoj\AppData\Local\Temp\ccZJCFTU.s 			page 50


 1028              	.LVL131:
 741:Middlewares/ST/STM32_USB_Device_Library/Core/Src/usbd_ctlreq.c **** 
 1029              		.loc 1 741 15 view .LVU330
 1030 0044 FFF7FEFF 		bl	USBD_SetClassConfig
 1031              	.LVL132:
 741:Middlewares/ST/STM32_USB_Device_Library/Core/Src/usbd_ctlreq.c **** 
 1032              		.loc 1 741 15 view .LVU331
 1033 0048 041E     		subs	r4, r0, #0
 1034              	.LVL133:
 743:Middlewares/ST/STM32_USB_Device_Library/Core/Src/usbd_ctlreq.c ****         {
 1035              		.loc 1 743 9 is_stmt 1 view .LVU332
 743:Middlewares/ST/STM32_USB_Device_Library/Core/Src/usbd_ctlreq.c ****         {
 1036              		.loc 1 743 12 is_stmt 0 view .LVU333
 1037 004a 08D0     		beq	.L57
 745:Middlewares/ST/STM32_USB_Device_Library/Core/Src/usbd_ctlreq.c ****           pdev->dev_state = USBD_STATE_ADDRESSED;
 1038              		.loc 1 745 11 is_stmt 1 view .LVU334
 1039 004c 3100     		movs	r1, r6
 1040 004e 2800     		movs	r0, r5
 1041              	.LVL134:
 745:Middlewares/ST/STM32_USB_Device_Library/Core/Src/usbd_ctlreq.c ****           pdev->dev_state = USBD_STATE_ADDRESSED;
 1042              		.loc 1 745 11 is_stmt 0 view .LVU335
 1043 0050 FFF7FEFF 		bl	USBD_CtlError
 1044              	.LVL135:
 746:Middlewares/ST/STM32_USB_Device_Library/Core/Src/usbd_ctlreq.c ****         }
 1045              		.loc 1 746 11 is_stmt 1 view .LVU336
 746:Middlewares/ST/STM32_USB_Device_Library/Core/Src/usbd_ctlreq.c ****         }
 1046              		.loc 1 746 27 is_stmt 0 view .LVU337
 1047 0054 A723     		movs	r3, #167
 1048 0056 9B00     		lsls	r3, r3, #2
 1049 0058 0222     		movs	r2, #2
 1050 005a EA54     		strb	r2, [r5, r3]
 1051 005c E8E7     		b	.L52
 1052              	.LVL136:
 1053              	.L57:
 750:Middlewares/ST/STM32_USB_Device_Library/Core/Src/usbd_ctlreq.c ****           pdev->dev_state = USBD_STATE_CONFIGURED;
 1054              		.loc 1 750 11 is_stmt 1 view .LVU338
 750:Middlewares/ST/STM32_USB_Device_Library/Core/Src/usbd_ctlreq.c ****           pdev->dev_state = USBD_STATE_CONFIGURED;
 1055              		.loc 1 750 17 is_stmt 0 view .LVU339
 1056 005e 2800     		movs	r0, r5
 1057              	.LVL137:
 750:Middlewares/ST/STM32_USB_Device_Library/Core/Src/usbd_ctlreq.c ****           pdev->dev_state = USBD_STATE_CONFIGURED;
 1058              		.loc 1 750 17 view .LVU340
 1059 0060 FFF7FEFF 		bl	USBD_CtlSendStatus
 1060              	.LVL138:
 751:Middlewares/ST/STM32_USB_Device_Library/Core/Src/usbd_ctlreq.c **** 
 1061              		.loc 1 751 11 is_stmt 1 view .LVU341
 751:Middlewares/ST/STM32_USB_Device_Library/Core/Src/usbd_ctlreq.c **** 
 1062              		.loc 1 751 27 is_stmt 0 view .LVU342
 1063 0064 A723     		movs	r3, #167
 1064 0066 9B00     		lsls	r3, r3, #2
 1065 0068 0322     		movs	r2, #3
 1066 006a EA54     		strb	r2, [r5, r3]
 1067 006c E0E7     		b	.L52
 1068              	.LVL139:
 1069              	.L56:
 763:Middlewares/ST/STM32_USB_Device_Library/Core/Src/usbd_ctlreq.c ****       }
 1070              		.loc 1 763 9 is_stmt 1 view .LVU343
ARM GAS  C:\Users\Domagoj\AppData\Local\Temp\ccZJCFTU.s 			page 51


 763:Middlewares/ST/STM32_USB_Device_Library/Core/Src/usbd_ctlreq.c ****       }
 1071              		.loc 1 763 15 is_stmt 0 view .LVU344
 1072 006e FFF7FEFF 		bl	USBD_CtlSendStatus
 1073              	.LVL140:
 763:Middlewares/ST/STM32_USB_Device_Library/Core/Src/usbd_ctlreq.c ****       }
 1074              		.loc 1 763 15 view .LVU345
 1075 0072 DDE7     		b	.L52
 1076              	.LVL141:
 1077              	.L54:
 768:Middlewares/ST/STM32_USB_Device_Library/Core/Src/usbd_ctlreq.c ****       {
 1078              		.loc 1 768 7 is_stmt 1 view .LVU346
 768:Middlewares/ST/STM32_USB_Device_Library/Core/Src/usbd_ctlreq.c ****       {
 1079              		.loc 1 768 10 is_stmt 0 view .LVU347
 1080 0074 002C     		cmp	r4, #0
 1081 0076 1AD0     		beq	.L63
 775:Middlewares/ST/STM32_USB_Device_Library/Core/Src/usbd_ctlreq.c ****       {
 1082              		.loc 1 775 12 is_stmt 1 view .LVU348
 775:Middlewares/ST/STM32_USB_Device_Library/Core/Src/usbd_ctlreq.c ****       {
 1083              		.loc 1 775 30 is_stmt 0 view .LVU349
 1084 0078 4168     		ldr	r1, [r0, #4]
 1085              	.LVL142:
 775:Middlewares/ST/STM32_USB_Device_Library/Core/Src/usbd_ctlreq.c ****       {
 1086              		.loc 1 775 15 view .LVU350
 1087 007a 8C42     		cmp	r4, r1
 1088 007c 27D0     		beq	.L59
 778:Middlewares/ST/STM32_USB_Device_Library/Core/Src/usbd_ctlreq.c **** 
 1089              		.loc 1 778 9 is_stmt 1 view .LVU351
 778:Middlewares/ST/STM32_USB_Device_Library/Core/Src/usbd_ctlreq.c **** 
 1090              		.loc 1 778 15 is_stmt 0 view .LVU352
 1091 007e C9B2     		uxtb	r1, r1
 1092 0080 FFF7FEFF 		bl	USBD_ClrClassConfig
 1093              	.LVL143:
 781:Middlewares/ST/STM32_USB_Device_Library/Core/Src/usbd_ctlreq.c **** 
 1094              		.loc 1 781 9 is_stmt 1 view .LVU353
 781:Middlewares/ST/STM32_USB_Device_Library/Core/Src/usbd_ctlreq.c **** 
 1095              		.loc 1 781 26 is_stmt 0 view .LVU354
 1096 0084 144B     		ldr	r3, .L64
 1097 0086 1978     		ldrb	r1, [r3]
 1098 0088 6960     		str	r1, [r5, #4]
 783:Middlewares/ST/STM32_USB_Device_Library/Core/Src/usbd_ctlreq.c **** 
 1099              		.loc 1 783 9 is_stmt 1 view .LVU355
 783:Middlewares/ST/STM32_USB_Device_Library/Core/Src/usbd_ctlreq.c **** 
 1100              		.loc 1 783 15 is_stmt 0 view .LVU356
 1101 008a 2800     		movs	r0, r5
 1102 008c FFF7FEFF 		bl	USBD_SetClassConfig
 1103              	.LVL144:
 1104 0090 041E     		subs	r4, r0, #0
 1105              	.LVL145:
 785:Middlewares/ST/STM32_USB_Device_Library/Core/Src/usbd_ctlreq.c ****         {
 1106              		.loc 1 785 9 is_stmt 1 view .LVU357
 785:Middlewares/ST/STM32_USB_Device_Library/Core/Src/usbd_ctlreq.c ****         {
 1107              		.loc 1 785 12 is_stmt 0 view .LVU358
 1108 0092 18D0     		beq	.L60
 787:Middlewares/ST/STM32_USB_Device_Library/Core/Src/usbd_ctlreq.c ****           (void)USBD_ClrClassConfig(pdev, (uint8_t)pdev->dev_config);
 1109              		.loc 1 787 11 is_stmt 1 view .LVU359
 1110 0094 3100     		movs	r1, r6
 1111 0096 2800     		movs	r0, r5
ARM GAS  C:\Users\Domagoj\AppData\Local\Temp\ccZJCFTU.s 			page 52


 1112              	.LVL146:
 787:Middlewares/ST/STM32_USB_Device_Library/Core/Src/usbd_ctlreq.c ****           (void)USBD_ClrClassConfig(pdev, (uint8_t)pdev->dev_config);
 1113              		.loc 1 787 11 is_stmt 0 view .LVU360
 1114 0098 FFF7FEFF 		bl	USBD_CtlError
 1115              	.LVL147:
 788:Middlewares/ST/STM32_USB_Device_Library/Core/Src/usbd_ctlreq.c ****           pdev->dev_state = USBD_STATE_ADDRESSED;
 1116              		.loc 1 788 11 is_stmt 1 view .LVU361
 788:Middlewares/ST/STM32_USB_Device_Library/Core/Src/usbd_ctlreq.c ****           pdev->dev_state = USBD_STATE_ADDRESSED;
 1117              		.loc 1 788 17 is_stmt 0 view .LVU362
 1118 009c 2979     		ldrb	r1, [r5, #4]
 1119 009e 2800     		movs	r0, r5
 1120 00a0 FFF7FEFF 		bl	USBD_ClrClassConfig
 1121              	.LVL148:
 789:Middlewares/ST/STM32_USB_Device_Library/Core/Src/usbd_ctlreq.c ****         }
 1122              		.loc 1 789 11 is_stmt 1 view .LVU363
 789:Middlewares/ST/STM32_USB_Device_Library/Core/Src/usbd_ctlreq.c ****         }
 1123              		.loc 1 789 27 is_stmt 0 view .LVU364
 1124 00a4 A723     		movs	r3, #167
 1125 00a6 9B00     		lsls	r3, r3, #2
 1126 00a8 0222     		movs	r2, #2
 1127 00aa EA54     		strb	r2, [r5, r3]
 1128 00ac C0E7     		b	.L52
 1129              	.LVL149:
 1130              	.L63:
 770:Middlewares/ST/STM32_USB_Device_Library/Core/Src/usbd_ctlreq.c ****         pdev->dev_config = cfgidx;
 1131              		.loc 1 770 9 is_stmt 1 view .LVU365
 770:Middlewares/ST/STM32_USB_Device_Library/Core/Src/usbd_ctlreq.c ****         pdev->dev_config = cfgidx;
 1132              		.loc 1 770 25 is_stmt 0 view .LVU366
 1133 00ae A723     		movs	r3, #167
 1134 00b0 9B00     		lsls	r3, r3, #2
 1135 00b2 0222     		movs	r2, #2
 1136 00b4 C254     		strb	r2, [r0, r3]
 771:Middlewares/ST/STM32_USB_Device_Library/Core/Src/usbd_ctlreq.c ****         (void)USBD_ClrClassConfig(pdev, cfgidx);
 1137              		.loc 1 771 9 is_stmt 1 view .LVU367
 771:Middlewares/ST/STM32_USB_Device_Library/Core/Src/usbd_ctlreq.c ****         (void)USBD_ClrClassConfig(pdev, cfgidx);
 1138              		.loc 1 771 26 is_stmt 0 view .LVU368
 1139 00b6 4460     		str	r4, [r0, #4]
 772:Middlewares/ST/STM32_USB_Device_Library/Core/Src/usbd_ctlreq.c ****         (void)USBD_CtlSendStatus(pdev);
 1140              		.loc 1 772 9 is_stmt 1 view .LVU369
 772:Middlewares/ST/STM32_USB_Device_Library/Core/Src/usbd_ctlreq.c ****         (void)USBD_CtlSendStatus(pdev);
 1141              		.loc 1 772 15 is_stmt 0 view .LVU370
 1142 00b8 2100     		movs	r1, r4
 1143              	.LVL150:
 772:Middlewares/ST/STM32_USB_Device_Library/Core/Src/usbd_ctlreq.c ****         (void)USBD_CtlSendStatus(pdev);
 1144              		.loc 1 772 15 view .LVU371
 1145 00ba FFF7FEFF 		bl	USBD_ClrClassConfig
 1146              	.LVL151:
 773:Middlewares/ST/STM32_USB_Device_Library/Core/Src/usbd_ctlreq.c ****       }
 1147              		.loc 1 773 9 is_stmt 1 view .LVU372
 773:Middlewares/ST/STM32_USB_Device_Library/Core/Src/usbd_ctlreq.c ****       }
 1148              		.loc 1 773 15 is_stmt 0 view .LVU373
 1149 00be 2800     		movs	r0, r5
 1150 00c0 FFF7FEFF 		bl	USBD_CtlSendStatus
 1151              	.LVL152:
 1152 00c4 B4E7     		b	.L52
 1153              	.LVL153:
 1154              	.L60:
ARM GAS  C:\Users\Domagoj\AppData\Local\Temp\ccZJCFTU.s 			page 53


 793:Middlewares/ST/STM32_USB_Device_Library/Core/Src/usbd_ctlreq.c ****         }
 1155              		.loc 1 793 11 is_stmt 1 view .LVU374
 793:Middlewares/ST/STM32_USB_Device_Library/Core/Src/usbd_ctlreq.c ****         }
 1156              		.loc 1 793 17 is_stmt 0 view .LVU375
 1157 00c6 2800     		movs	r0, r5
 1158              	.LVL154:
 793:Middlewares/ST/STM32_USB_Device_Library/Core/Src/usbd_ctlreq.c ****         }
 1159              		.loc 1 793 17 view .LVU376
 1160 00c8 FFF7FEFF 		bl	USBD_CtlSendStatus
 1161              	.LVL155:
 1162 00cc B0E7     		b	.L52
 1163              	.LVL156:
 1164              	.L59:
 798:Middlewares/ST/STM32_USB_Device_Library/Core/Src/usbd_ctlreq.c ****       }
 1165              		.loc 1 798 9 is_stmt 1 view .LVU377
 798:Middlewares/ST/STM32_USB_Device_Library/Core/Src/usbd_ctlreq.c ****       }
 1166              		.loc 1 798 15 is_stmt 0 view .LVU378
 1167 00ce FFF7FEFF 		bl	USBD_CtlSendStatus
 1168              	.LVL157:
 723:Middlewares/ST/STM32_USB_Device_Library/Core/Src/usbd_ctlreq.c ****   static uint8_t cfgidx;
 1169              		.loc 1 723 22 view .LVU379
 1170 00d2 0024     		movs	r4, #0
 1171 00d4 ACE7     		b	.L52
 1172              	.L65:
 1173 00d6 C046     		.align	2
 1174              	.L64:
 1175 00d8 00000000 		.word	cfgidx.0
 1176              		.cfi_endproc
 1177              	.LFE375:
 1179              		.section	.text.USBD_GetConfig,"ax",%progbits
 1180              		.align	1
 1181              		.syntax unified
 1182              		.code	16
 1183              		.thumb_func
 1185              	USBD_GetConfig:
 1186              	.LVL158:
 1187              	.LFB376:
 820:Middlewares/ST/STM32_USB_Device_Library/Core/Src/usbd_ctlreq.c ****   if (req->wLength != 1U)
 1188              		.loc 1 820 1 is_stmt 1 view -0
 1189              		.cfi_startproc
 1190              		@ args = 0, pretend = 0, frame = 0
 1191              		@ frame_needed = 0, uses_anonymous_args = 0
 820:Middlewares/ST/STM32_USB_Device_Library/Core/Src/usbd_ctlreq.c ****   if (req->wLength != 1U)
 1192              		.loc 1 820 1 is_stmt 0 view .LVU381
 1193 0000 10B5     		push	{r4, lr}
 1194              	.LCFI5:
 1195              		.cfi_def_cfa_offset 8
 1196              		.cfi_offset 4, -8
 1197              		.cfi_offset 14, -4
 821:Middlewares/ST/STM32_USB_Device_Library/Core/Src/usbd_ctlreq.c ****   {
 1198              		.loc 1 821 3 is_stmt 1 view .LVU382
 821:Middlewares/ST/STM32_USB_Device_Library/Core/Src/usbd_ctlreq.c ****   {
 1199              		.loc 1 821 10 is_stmt 0 view .LVU383
 1200 0002 CB88     		ldrh	r3, [r1, #6]
 821:Middlewares/ST/STM32_USB_Device_Library/Core/Src/usbd_ctlreq.c ****   {
 1201              		.loc 1 821 6 view .LVU384
 1202 0004 012B     		cmp	r3, #1
ARM GAS  C:\Users\Domagoj\AppData\Local\Temp\ccZJCFTU.s 			page 54


 1203 0006 0CD1     		bne	.L73
 827:Middlewares/ST/STM32_USB_Device_Library/Core/Src/usbd_ctlreq.c ****     {
 1204              		.loc 1 827 5 is_stmt 1 view .LVU385
 827:Middlewares/ST/STM32_USB_Device_Library/Core/Src/usbd_ctlreq.c ****     {
 1205              		.loc 1 827 17 is_stmt 0 view .LVU386
 1206 0008 A723     		movs	r3, #167
 1207 000a 9B00     		lsls	r3, r3, #2
 1208 000c C35C     		ldrb	r3, [r0, r3]
 1209 000e DBB2     		uxtb	r3, r3
 827:Middlewares/ST/STM32_USB_Device_Library/Core/Src/usbd_ctlreq.c ****     {
 1210              		.loc 1 827 5 view .LVU387
 1211 0010 022B     		cmp	r3, #2
 1212 0012 09D9     		bls	.L74
 1213 0014 032B     		cmp	r3, #3
 1214 0016 11D1     		bne	.L71
 836:Middlewares/ST/STM32_USB_Device_Library/Core/Src/usbd_ctlreq.c ****         break;
 1215              		.loc 1 836 9 is_stmt 1 view .LVU388
 836:Middlewares/ST/STM32_USB_Device_Library/Core/Src/usbd_ctlreq.c ****         break;
 1216              		.loc 1 836 49 is_stmt 0 view .LVU389
 1217 0018 011D     		adds	r1, r0, #4
 1218              	.LVL159:
 836:Middlewares/ST/STM32_USB_Device_Library/Core/Src/usbd_ctlreq.c ****         break;
 1219              		.loc 1 836 15 view .LVU390
 1220 001a 0122     		movs	r2, #1
 1221 001c FFF7FEFF 		bl	USBD_CtlSendData
 1222              	.LVL160:
 837:Middlewares/ST/STM32_USB_Device_Library/Core/Src/usbd_ctlreq.c **** 
 1223              		.loc 1 837 9 is_stmt 1 view .LVU391
 1224 0020 01E0     		b	.L66
 1225              	.LVL161:
 1226              	.L73:
 823:Middlewares/ST/STM32_USB_Device_Library/Core/Src/usbd_ctlreq.c ****   }
 1227              		.loc 1 823 5 view .LVU392
 1228 0022 FFF7FEFF 		bl	USBD_CtlError
 1229              	.LVL162:
 1230              	.L66:
 844:Middlewares/ST/STM32_USB_Device_Library/Core/Src/usbd_ctlreq.c **** 
 1231              		.loc 1 844 1 is_stmt 0 view .LVU393
 1232              		@ sp needed
 1233 0026 10BD     		pop	{r4, pc}
 1234              	.LVL163:
 1235              	.L74:
 827:Middlewares/ST/STM32_USB_Device_Library/Core/Src/usbd_ctlreq.c ****     {
 1236              		.loc 1 827 5 view .LVU394
 1237 0028 002B     		cmp	r3, #0
 1238 002a 07D0     		beq	.L71
 831:Middlewares/ST/STM32_USB_Device_Library/Core/Src/usbd_ctlreq.c ****         (void)USBD_CtlSendData(pdev, (uint8_t *)&pdev->dev_default_config, 1U);
 1239              		.loc 1 831 9 is_stmt 1 view .LVU395
 831:Middlewares/ST/STM32_USB_Device_Library/Core/Src/usbd_ctlreq.c ****         (void)USBD_CtlSendData(pdev, (uint8_t *)&pdev->dev_default_config, 1U);
 1240              		.loc 1 831 34 is_stmt 0 view .LVU396
 1241 002c 0023     		movs	r3, #0
 1242 002e 8360     		str	r3, [r0, #8]
 832:Middlewares/ST/STM32_USB_Device_Library/Core/Src/usbd_ctlreq.c ****         break;
 1243              		.loc 1 832 9 is_stmt 1 view .LVU397
 832:Middlewares/ST/STM32_USB_Device_Library/Core/Src/usbd_ctlreq.c ****         break;
 1244              		.loc 1 832 49 is_stmt 0 view .LVU398
 1245 0030 0100     		movs	r1, r0
ARM GAS  C:\Users\Domagoj\AppData\Local\Temp\ccZJCFTU.s 			page 55


 1246              	.LVL164:
 832:Middlewares/ST/STM32_USB_Device_Library/Core/Src/usbd_ctlreq.c ****         break;
 1247              		.loc 1 832 49 view .LVU399
 1248 0032 0831     		adds	r1, r1, #8
 832:Middlewares/ST/STM32_USB_Device_Library/Core/Src/usbd_ctlreq.c ****         break;
 1249              		.loc 1 832 15 view .LVU400
 1250 0034 0122     		movs	r2, #1
 1251 0036 FFF7FEFF 		bl	USBD_CtlSendData
 1252              	.LVL165:
 833:Middlewares/ST/STM32_USB_Device_Library/Core/Src/usbd_ctlreq.c **** 
 1253              		.loc 1 833 9 is_stmt 1 view .LVU401
 1254 003a F4E7     		b	.L66
 1255              	.LVL166:
 1256              	.L71:
 840:Middlewares/ST/STM32_USB_Device_Library/Core/Src/usbd_ctlreq.c ****         break;
 1257              		.loc 1 840 9 view .LVU402
 1258 003c FFF7FEFF 		bl	USBD_CtlError
 1259              	.LVL167:
 841:Middlewares/ST/STM32_USB_Device_Library/Core/Src/usbd_ctlreq.c ****     }
 1260              		.loc 1 841 9 view .LVU403
 844:Middlewares/ST/STM32_USB_Device_Library/Core/Src/usbd_ctlreq.c **** 
 1261              		.loc 1 844 1 is_stmt 0 view .LVU404
 1262 0040 F1E7     		b	.L66
 1263              		.cfi_endproc
 1264              	.LFE376:
 1266              		.section	.text.USBD_GetStatus,"ax",%progbits
 1267              		.align	1
 1268              		.syntax unified
 1269              		.code	16
 1270              		.thumb_func
 1272              	USBD_GetStatus:
 1273              	.LVL168:
 1274              	.LFB377:
 854:Middlewares/ST/STM32_USB_Device_Library/Core/Src/usbd_ctlreq.c ****   switch (pdev->dev_state)
 1275              		.loc 1 854 1 is_stmt 1 view -0
 1276              		.cfi_startproc
 1277              		@ args = 0, pretend = 0, frame = 0
 1278              		@ frame_needed = 0, uses_anonymous_args = 0
 854:Middlewares/ST/STM32_USB_Device_Library/Core/Src/usbd_ctlreq.c ****   switch (pdev->dev_state)
 1279              		.loc 1 854 1 is_stmt 0 view .LVU406
 1280 0000 10B5     		push	{r4, lr}
 1281              	.LCFI6:
 1282              		.cfi_def_cfa_offset 8
 1283              		.cfi_offset 4, -8
 1284              		.cfi_offset 14, -4
 855:Middlewares/ST/STM32_USB_Device_Library/Core/Src/usbd_ctlreq.c ****   {
 1285              		.loc 1 855 3 is_stmt 1 view .LVU407
 855:Middlewares/ST/STM32_USB_Device_Library/Core/Src/usbd_ctlreq.c ****   {
 1286              		.loc 1 855 15 is_stmt 0 view .LVU408
 1287 0002 A723     		movs	r3, #167
 1288 0004 9B00     		lsls	r3, r3, #2
 1289 0006 C35C     		ldrb	r3, [r0, r3]
 855:Middlewares/ST/STM32_USB_Device_Library/Core/Src/usbd_ctlreq.c ****   {
 1290              		.loc 1 855 3 view .LVU409
 1291 0008 013B     		subs	r3, r3, #1
 1292 000a 022B     		cmp	r3, #2
 1293 000c 14D8     		bhi	.L76
ARM GAS  C:\Users\Domagoj\AppData\Local\Temp\ccZJCFTU.s 			page 56


 860:Middlewares/ST/STM32_USB_Device_Library/Core/Src/usbd_ctlreq.c ****       {
 1294              		.loc 1 860 7 is_stmt 1 view .LVU410
 860:Middlewares/ST/STM32_USB_Device_Library/Core/Src/usbd_ctlreq.c ****       {
 1295              		.loc 1 860 14 is_stmt 0 view .LVU411
 1296 000e CB88     		ldrh	r3, [r1, #6]
 860:Middlewares/ST/STM32_USB_Device_Library/Core/Src/usbd_ctlreq.c ****       {
 1297              		.loc 1 860 10 view .LVU412
 1298 0010 022B     		cmp	r3, #2
 1299 0012 0ED1     		bne	.L80
 867:Middlewares/ST/STM32_USB_Device_Library/Core/Src/usbd_ctlreq.c **** #else
 1300              		.loc 1 867 7 is_stmt 1 view .LVU413
 867:Middlewares/ST/STM32_USB_Device_Library/Core/Src/usbd_ctlreq.c **** #else
 1301              		.loc 1 867 31 is_stmt 0 view .LVU414
 1302 0014 0123     		movs	r3, #1
 1303 0016 C360     		str	r3, [r0, #12]
 872:Middlewares/ST/STM32_USB_Device_Library/Core/Src/usbd_ctlreq.c ****       {
 1304              		.loc 1 872 7 is_stmt 1 view .LVU415
 872:Middlewares/ST/STM32_USB_Device_Library/Core/Src/usbd_ctlreq.c ****       {
 1305              		.loc 1 872 15 is_stmt 0 view .LVU416
 1306 0018 A923     		movs	r3, #169
 1307 001a 9B00     		lsls	r3, r3, #2
 1308 001c C358     		ldr	r3, [r0, r3]
 872:Middlewares/ST/STM32_USB_Device_Library/Core/Src/usbd_ctlreq.c ****       {
 1309              		.loc 1 872 10 view .LVU417
 1310 001e 002B     		cmp	r3, #0
 1311 0020 01D0     		beq	.L79
 874:Middlewares/ST/STM32_USB_Device_Library/Core/Src/usbd_ctlreq.c ****       }
 1312              		.loc 1 874 9 is_stmt 1 view .LVU418
 874:Middlewares/ST/STM32_USB_Device_Library/Core/Src/usbd_ctlreq.c ****       }
 1313              		.loc 1 874 33 is_stmt 0 view .LVU419
 1314 0022 0323     		movs	r3, #3
 1315 0024 C360     		str	r3, [r0, #12]
 1316              	.L79:
 877:Middlewares/ST/STM32_USB_Device_Library/Core/Src/usbd_ctlreq.c ****       break;
 1317              		.loc 1 877 7 is_stmt 1 view .LVU420
 877:Middlewares/ST/STM32_USB_Device_Library/Core/Src/usbd_ctlreq.c ****       break;
 1318              		.loc 1 877 47 is_stmt 0 view .LVU421
 1319 0026 0100     		movs	r1, r0
 1320              	.LVL169:
 877:Middlewares/ST/STM32_USB_Device_Library/Core/Src/usbd_ctlreq.c ****       break;
 1321              		.loc 1 877 47 view .LVU422
 1322 0028 0C31     		adds	r1, r1, #12
 877:Middlewares/ST/STM32_USB_Device_Library/Core/Src/usbd_ctlreq.c ****       break;
 1323              		.loc 1 877 13 view .LVU423
 1324 002a 0222     		movs	r2, #2
 1325 002c FFF7FEFF 		bl	USBD_CtlSendData
 1326              	.LVL170:
 878:Middlewares/ST/STM32_USB_Device_Library/Core/Src/usbd_ctlreq.c **** 
 1327              		.loc 1 878 7 is_stmt 1 view .LVU424
 1328              	.L75:
 884:Middlewares/ST/STM32_USB_Device_Library/Core/Src/usbd_ctlreq.c **** 
 1329              		.loc 1 884 1 is_stmt 0 view .LVU425
 1330              		@ sp needed
 1331 0030 10BD     		pop	{r4, pc}
 1332              	.LVL171:
 1333              	.L80:
 862:Middlewares/ST/STM32_USB_Device_Library/Core/Src/usbd_ctlreq.c ****         break;
ARM GAS  C:\Users\Domagoj\AppData\Local\Temp\ccZJCFTU.s 			page 57


 1334              		.loc 1 862 9 is_stmt 1 view .LVU426
 1335 0032 FFF7FEFF 		bl	USBD_CtlError
 1336              	.LVL172:
 863:Middlewares/ST/STM32_USB_Device_Library/Core/Src/usbd_ctlreq.c ****       }
 1337              		.loc 1 863 9 view .LVU427
 1338 0036 FBE7     		b	.L75
 1339              	.LVL173:
 1340              	.L76:
 881:Middlewares/ST/STM32_USB_Device_Library/Core/Src/usbd_ctlreq.c ****       break;
 1341              		.loc 1 881 7 view .LVU428
 1342 0038 FFF7FEFF 		bl	USBD_CtlError
 1343              	.LVL174:
 882:Middlewares/ST/STM32_USB_Device_Library/Core/Src/usbd_ctlreq.c ****   }
 1344              		.loc 1 882 7 view .LVU429
 884:Middlewares/ST/STM32_USB_Device_Library/Core/Src/usbd_ctlreq.c **** 
 1345              		.loc 1 884 1 is_stmt 0 view .LVU430
 1346 003c F8E7     		b	.L75
 1347              		.cfi_endproc
 1348              	.LFE377:
 1350              		.section	.text.USBD_SetFeature,"ax",%progbits
 1351              		.align	1
 1352              		.syntax unified
 1353              		.code	16
 1354              		.thumb_func
 1356              	USBD_SetFeature:
 1357              	.LVL175:
 1358              	.LFB378:
 895:Middlewares/ST/STM32_USB_Device_Library/Core/Src/usbd_ctlreq.c ****   if (req->wValue == USB_FEATURE_REMOTE_WAKEUP)
 1359              		.loc 1 895 1 is_stmt 1 view -0
 1360              		.cfi_startproc
 1361              		@ args = 0, pretend = 0, frame = 0
 1362              		@ frame_needed = 0, uses_anonymous_args = 0
 895:Middlewares/ST/STM32_USB_Device_Library/Core/Src/usbd_ctlreq.c ****   if (req->wValue == USB_FEATURE_REMOTE_WAKEUP)
 1363              		.loc 1 895 1 is_stmt 0 view .LVU432
 1364 0000 10B5     		push	{r4, lr}
 1365              	.LCFI7:
 1366              		.cfi_def_cfa_offset 8
 1367              		.cfi_offset 4, -8
 1368              		.cfi_offset 14, -4
 896:Middlewares/ST/STM32_USB_Device_Library/Core/Src/usbd_ctlreq.c ****   {
 1369              		.loc 1 896 3 is_stmt 1 view .LVU433
 896:Middlewares/ST/STM32_USB_Device_Library/Core/Src/usbd_ctlreq.c ****   {
 1370              		.loc 1 896 10 is_stmt 0 view .LVU434
 1371 0002 4B88     		ldrh	r3, [r1, #2]
 896:Middlewares/ST/STM32_USB_Device_Library/Core/Src/usbd_ctlreq.c ****   {
 1372              		.loc 1 896 6 view .LVU435
 1373 0004 012B     		cmp	r3, #1
 1374 0006 04D0     		beq	.L85
 901:Middlewares/ST/STM32_USB_Device_Library/Core/Src/usbd_ctlreq.c ****   {
 1375              		.loc 1 901 8 is_stmt 1 view .LVU436
 901:Middlewares/ST/STM32_USB_Device_Library/Core/Src/usbd_ctlreq.c ****   {
 1376              		.loc 1 901 11 is_stmt 0 view .LVU437
 1377 0008 022B     		cmp	r3, #2
 1378 000a 09D0     		beq	.L86
 908:Middlewares/ST/STM32_USB_Device_Library/Core/Src/usbd_ctlreq.c ****   }
 1379              		.loc 1 908 5 is_stmt 1 view .LVU438
 1380 000c FFF7FEFF 		bl	USBD_CtlError
ARM GAS  C:\Users\Domagoj\AppData\Local\Temp\ccZJCFTU.s 			page 58


 1381              	.LVL176:
 1382              	.L81:
 910:Middlewares/ST/STM32_USB_Device_Library/Core/Src/usbd_ctlreq.c **** 
 1383              		.loc 1 910 1 is_stmt 0 view .LVU439
 1384              		@ sp needed
 1385 0010 10BD     		pop	{r4, pc}
 1386              	.LVL177:
 1387              	.L85:
 898:Middlewares/ST/STM32_USB_Device_Library/Core/Src/usbd_ctlreq.c ****     (void)USBD_CtlSendStatus(pdev);
 1388              		.loc 1 898 5 is_stmt 1 view .LVU440
 898:Middlewares/ST/STM32_USB_Device_Library/Core/Src/usbd_ctlreq.c ****     (void)USBD_CtlSendStatus(pdev);
 1389              		.loc 1 898 29 is_stmt 0 view .LVU441
 1390 0012 A923     		movs	r3, #169
 1391 0014 9B00     		lsls	r3, r3, #2
 1392 0016 0122     		movs	r2, #1
 1393 0018 C250     		str	r2, [r0, r3]
 899:Middlewares/ST/STM32_USB_Device_Library/Core/Src/usbd_ctlreq.c ****   }
 1394              		.loc 1 899 5 is_stmt 1 view .LVU442
 899:Middlewares/ST/STM32_USB_Device_Library/Core/Src/usbd_ctlreq.c ****   }
 1395              		.loc 1 899 11 is_stmt 0 view .LVU443
 1396 001a FFF7FEFF 		bl	USBD_CtlSendStatus
 1397              	.LVL178:
 899:Middlewares/ST/STM32_USB_Device_Library/Core/Src/usbd_ctlreq.c ****   }
 1398              		.loc 1 899 11 view .LVU444
 1399 001e F7E7     		b	.L81
 1400              	.LVL179:
 1401              	.L86:
 903:Middlewares/ST/STM32_USB_Device_Library/Core/Src/usbd_ctlreq.c ****     (void)USBD_CtlSendStatus(pdev);
 1402              		.loc 1 903 5 is_stmt 1 view .LVU445
 903:Middlewares/ST/STM32_USB_Device_Library/Core/Src/usbd_ctlreq.c ****     (void)USBD_CtlSendStatus(pdev);
 1403              		.loc 1 903 40 is_stmt 0 view .LVU446
 1404 0020 8B88     		ldrh	r3, [r1, #4]
 903:Middlewares/ST/STM32_USB_Device_Library/Core/Src/usbd_ctlreq.c ****     (void)USBD_CtlSendStatus(pdev);
 1405              		.loc 1 903 27 view .LVU447
 1406 0022 1B0A     		lsrs	r3, r3, #8
 903:Middlewares/ST/STM32_USB_Device_Library/Core/Src/usbd_ctlreq.c ****     (void)USBD_CtlSendStatus(pdev);
 1407              		.loc 1 903 25 view .LVU448
 1408 0024 A822     		movs	r2, #168
 1409 0026 9200     		lsls	r2, r2, #2
 1410 0028 8354     		strb	r3, [r0, r2]
 904:Middlewares/ST/STM32_USB_Device_Library/Core/Src/usbd_ctlreq.c ****   }
 1411              		.loc 1 904 5 is_stmt 1 view .LVU449
 904:Middlewares/ST/STM32_USB_Device_Library/Core/Src/usbd_ctlreq.c ****   }
 1412              		.loc 1 904 11 is_stmt 0 view .LVU450
 1413 002a FFF7FEFF 		bl	USBD_CtlSendStatus
 1414              	.LVL180:
 904:Middlewares/ST/STM32_USB_Device_Library/Core/Src/usbd_ctlreq.c ****   }
 1415              		.loc 1 904 11 view .LVU451
 1416 002e EFE7     		b	.L81
 1417              		.cfi_endproc
 1418              	.LFE378:
 1420              		.section	.text.USBD_ClrFeature,"ax",%progbits
 1421              		.align	1
 1422              		.syntax unified
 1423              		.code	16
 1424              		.thumb_func
 1426              	USBD_ClrFeature:
ARM GAS  C:\Users\Domagoj\AppData\Local\Temp\ccZJCFTU.s 			page 59


 1427              	.LVL181:
 1428              	.LFB379:
 921:Middlewares/ST/STM32_USB_Device_Library/Core/Src/usbd_ctlreq.c ****   switch (pdev->dev_state)
 1429              		.loc 1 921 1 is_stmt 1 view -0
 1430              		.cfi_startproc
 1431              		@ args = 0, pretend = 0, frame = 0
 1432              		@ frame_needed = 0, uses_anonymous_args = 0
 921:Middlewares/ST/STM32_USB_Device_Library/Core/Src/usbd_ctlreq.c ****   switch (pdev->dev_state)
 1433              		.loc 1 921 1 is_stmt 0 view .LVU453
 1434 0000 10B5     		push	{r4, lr}
 1435              	.LCFI8:
 1436              		.cfi_def_cfa_offset 8
 1437              		.cfi_offset 4, -8
 1438              		.cfi_offset 14, -4
 922:Middlewares/ST/STM32_USB_Device_Library/Core/Src/usbd_ctlreq.c ****   {
 1439              		.loc 1 922 3 is_stmt 1 view .LVU454
 922:Middlewares/ST/STM32_USB_Device_Library/Core/Src/usbd_ctlreq.c ****   {
 1440              		.loc 1 922 15 is_stmt 0 view .LVU455
 1441 0002 A723     		movs	r3, #167
 1442 0004 9B00     		lsls	r3, r3, #2
 1443 0006 C35C     		ldrb	r3, [r0, r3]
 922:Middlewares/ST/STM32_USB_Device_Library/Core/Src/usbd_ctlreq.c ****   {
 1444              		.loc 1 922 3 view .LVU456
 1445 0008 013B     		subs	r3, r3, #1
 1446 000a 022B     		cmp	r3, #2
 1447 000c 0AD8     		bhi	.L88
 927:Middlewares/ST/STM32_USB_Device_Library/Core/Src/usbd_ctlreq.c ****       {
 1448              		.loc 1 927 7 is_stmt 1 view .LVU457
 927:Middlewares/ST/STM32_USB_Device_Library/Core/Src/usbd_ctlreq.c ****       {
 1449              		.loc 1 927 14 is_stmt 0 view .LVU458
 1450 000e 4B88     		ldrh	r3, [r1, #2]
 927:Middlewares/ST/STM32_USB_Device_Library/Core/Src/usbd_ctlreq.c ****       {
 1451              		.loc 1 927 10 view .LVU459
 1452 0010 012B     		cmp	r3, #1
 1453 0012 00D0     		beq	.L90
 1454              	.LVL182:
 1455              	.L87:
 938:Middlewares/ST/STM32_USB_Device_Library/Core/Src/usbd_ctlreq.c **** 
 1456              		.loc 1 938 1 view .LVU460
 1457              		@ sp needed
 1458 0014 10BD     		pop	{r4, pc}
 1459              	.LVL183:
 1460              	.L90:
 929:Middlewares/ST/STM32_USB_Device_Library/Core/Src/usbd_ctlreq.c ****         (void)USBD_CtlSendStatus(pdev);
 1461              		.loc 1 929 9 is_stmt 1 view .LVU461
 929:Middlewares/ST/STM32_USB_Device_Library/Core/Src/usbd_ctlreq.c ****         (void)USBD_CtlSendStatus(pdev);
 1462              		.loc 1 929 33 is_stmt 0 view .LVU462
 1463 0016 A923     		movs	r3, #169
 1464 0018 9B00     		lsls	r3, r3, #2
 1465 001a 0022     		movs	r2, #0
 1466 001c C250     		str	r2, [r0, r3]
 930:Middlewares/ST/STM32_USB_Device_Library/Core/Src/usbd_ctlreq.c ****       }
 1467              		.loc 1 930 9 is_stmt 1 view .LVU463
 930:Middlewares/ST/STM32_USB_Device_Library/Core/Src/usbd_ctlreq.c ****       }
 1468              		.loc 1 930 15 is_stmt 0 view .LVU464
 1469 001e FFF7FEFF 		bl	USBD_CtlSendStatus
 1470              	.LVL184:
ARM GAS  C:\Users\Domagoj\AppData\Local\Temp\ccZJCFTU.s 			page 60


 930:Middlewares/ST/STM32_USB_Device_Library/Core/Src/usbd_ctlreq.c ****       }
 1471              		.loc 1 930 15 view .LVU465
 1472 0022 F7E7     		b	.L87
 1473              	.LVL185:
 1474              	.L88:
 935:Middlewares/ST/STM32_USB_Device_Library/Core/Src/usbd_ctlreq.c ****       break;
 1475              		.loc 1 935 7 is_stmt 1 view .LVU466
 1476 0024 FFF7FEFF 		bl	USBD_CtlError
 1477              	.LVL186:
 936:Middlewares/ST/STM32_USB_Device_Library/Core/Src/usbd_ctlreq.c ****   }
 1478              		.loc 1 936 7 view .LVU467
 938:Middlewares/ST/STM32_USB_Device_Library/Core/Src/usbd_ctlreq.c **** 
 1479              		.loc 1 938 1 is_stmt 0 view .LVU468
 1480 0028 F4E7     		b	.L87
 1481              		.cfi_endproc
 1482              	.LFE379:
 1484              		.section	.text.USBD_StdDevReq,"ax",%progbits
 1485              		.align	1
 1486              		.global	USBD_StdDevReq
 1487              		.syntax unified
 1488              		.code	16
 1489              		.thumb_func
 1491              	USBD_StdDevReq:
 1492              	.LVL187:
 1493              	.LFB370:
 103:Middlewares/ST/STM32_USB_Device_Library/Core/Src/usbd_ctlreq.c ****   USBD_StatusTypeDef ret = USBD_OK;
 1494              		.loc 1 103 1 is_stmt 1 view -0
 1495              		.cfi_startproc
 1496              		@ args = 0, pretend = 0, frame = 0
 1497              		@ frame_needed = 0, uses_anonymous_args = 0
 103:Middlewares/ST/STM32_USB_Device_Library/Core/Src/usbd_ctlreq.c ****   USBD_StatusTypeDef ret = USBD_OK;
 1498              		.loc 1 103 1 is_stmt 0 view .LVU470
 1499 0000 70B5     		push	{r4, r5, r6, lr}
 1500              	.LCFI9:
 1501              		.cfi_def_cfa_offset 16
 1502              		.cfi_offset 4, -16
 1503              		.cfi_offset 5, -12
 1504              		.cfi_offset 6, -8
 1505              		.cfi_offset 14, -4
 104:Middlewares/ST/STM32_USB_Device_Library/Core/Src/usbd_ctlreq.c **** 
 1506              		.loc 1 104 3 is_stmt 1 view .LVU471
 1507              	.LVL188:
 106:Middlewares/ST/STM32_USB_Device_Library/Core/Src/usbd_ctlreq.c ****   {
 1508              		.loc 1 106 3 view .LVU472
 106:Middlewares/ST/STM32_USB_Device_Library/Core/Src/usbd_ctlreq.c ****   {
 1509              		.loc 1 106 14 is_stmt 0 view .LVU473
 1510 0002 0B78     		ldrb	r3, [r1]
 1511 0004 6024     		movs	r4, #96
 1512 0006 1C40     		ands	r4, r3
 106:Middlewares/ST/STM32_USB_Device_Library/Core/Src/usbd_ctlreq.c ****   {
 1513              		.loc 1 106 3 view .LVU474
 1514 0008 202C     		cmp	r4, #32
 1515 000a 07D0     		beq	.L92
 1516 000c 402C     		cmp	r4, #64
 1517 000e 05D0     		beq	.L92
 1518 0010 002C     		cmp	r4, #0
 1519 0012 0ED0     		beq	.L93
ARM GAS  C:\Users\Domagoj\AppData\Local\Temp\ccZJCFTU.s 			page 61


 151:Middlewares/ST/STM32_USB_Device_Library/Core/Src/usbd_ctlreq.c ****       break;
 1520              		.loc 1 151 7 is_stmt 1 view .LVU475
 1521 0014 FFF7FEFF 		bl	USBD_CtlError
 1522              	.LVL189:
 152:Middlewares/ST/STM32_USB_Device_Library/Core/Src/usbd_ctlreq.c ****   }
 1523              		.loc 1 152 7 view .LVU476
 104:Middlewares/ST/STM32_USB_Device_Library/Core/Src/usbd_ctlreq.c **** 
 1524              		.loc 1 104 22 is_stmt 0 view .LVU477
 1525 0018 0024     		movs	r4, #0
 152:Middlewares/ST/STM32_USB_Device_Library/Core/Src/usbd_ctlreq.c ****   }
 1526              		.loc 1 152 7 view .LVU478
 1527 001a 08E0     		b	.L95
 1528              	.LVL190:
 1529              	.L92:
 110:Middlewares/ST/STM32_USB_Device_Library/Core/Src/usbd_ctlreq.c ****       break;
 1530              		.loc 1 110 7 is_stmt 1 view .LVU479
 110:Middlewares/ST/STM32_USB_Device_Library/Core/Src/usbd_ctlreq.c ****       break;
 1531              		.loc 1 110 50 is_stmt 0 view .LVU480
 1532 001c B523     		movs	r3, #181
 1533 001e 9B00     		lsls	r3, r3, #2
 1534 0020 C358     		ldr	r3, [r0, r3]
 110:Middlewares/ST/STM32_USB_Device_Library/Core/Src/usbd_ctlreq.c ****       break;
 1535              		.loc 1 110 45 view .LVU481
 1536 0022 AE33     		adds	r3, r3, #174
 1537 0024 9B00     		lsls	r3, r3, #2
 1538 0026 1B58     		ldr	r3, [r3, r0]
 110:Middlewares/ST/STM32_USB_Device_Library/Core/Src/usbd_ctlreq.c ****       break;
 1539              		.loc 1 110 60 view .LVU482
 1540 0028 9B68     		ldr	r3, [r3, #8]
 110:Middlewares/ST/STM32_USB_Device_Library/Core/Src/usbd_ctlreq.c ****       break;
 1541              		.loc 1 110 33 view .LVU483
 1542 002a 9847     		blx	r3
 1543              	.LVL191:
 110:Middlewares/ST/STM32_USB_Device_Library/Core/Src/usbd_ctlreq.c ****       break;
 1544              		.loc 1 110 33 view .LVU484
 1545 002c 0400     		movs	r4, r0
 1546              	.LVL192:
 111:Middlewares/ST/STM32_USB_Device_Library/Core/Src/usbd_ctlreq.c **** 
 1547              		.loc 1 111 7 is_stmt 1 view .LVU485
 1548              	.L95:
 155:Middlewares/ST/STM32_USB_Device_Library/Core/Src/usbd_ctlreq.c **** }
 1549              		.loc 1 155 3 view .LVU486
 156:Middlewares/ST/STM32_USB_Device_Library/Core/Src/usbd_ctlreq.c **** 
 1550              		.loc 1 156 1 is_stmt 0 view .LVU487
 1551 002e 2000     		movs	r0, r4
 1552              		@ sp needed
 1553              	.LVL193:
 156:Middlewares/ST/STM32_USB_Device_Library/Core/Src/usbd_ctlreq.c **** 
 1554              		.loc 1 156 1 view .LVU488
 1555 0030 70BD     		pop	{r4, r5, r6, pc}
 1556              	.LVL194:
 1557              	.L93:
 114:Middlewares/ST/STM32_USB_Device_Library/Core/Src/usbd_ctlreq.c ****       {
 1558              		.loc 1 114 7 is_stmt 1 view .LVU489
 114:Middlewares/ST/STM32_USB_Device_Library/Core/Src/usbd_ctlreq.c ****       {
 1559              		.loc 1 114 18 is_stmt 0 view .LVU490
 1560 0032 4D78     		ldrb	r5, [r1, #1]
ARM GAS  C:\Users\Domagoj\AppData\Local\Temp\ccZJCFTU.s 			page 62


 114:Middlewares/ST/STM32_USB_Device_Library/Core/Src/usbd_ctlreq.c ****       {
 1561              		.loc 1 114 7 view .LVU491
 1562 0034 092D     		cmp	r5, #9
 1563 0036 1AD8     		bhi	.L96
 1564 0038 AB00     		lsls	r3, r5, #2
 1565 003a 0E4A     		ldr	r2, .L106
 1566 003c D358     		ldr	r3, [r2, r3]
 1567 003e 9F46     		mov	pc, r3
 1568              		.section	.rodata.USBD_StdDevReq,"a",%progbits
 1569              		.align	2
 1570              	.L98:
 1571 0000 5A000000 		.word	.L104
 1572 0004 68000000 		.word	.L103
 1573 0008 6E000000 		.word	.L96
 1574 000c 62000000 		.word	.L102
 1575 0010 6E000000 		.word	.L96
 1576 0014 46000000 		.word	.L101
 1577 0018 40000000 		.word	.L100
 1578 001c 6E000000 		.word	.L96
 1579 0020 54000000 		.word	.L99
 1580 0024 4C000000 		.word	.L97
 1581              		.section	.text.USBD_StdDevReq
 1582              	.L100:
 117:Middlewares/ST/STM32_USB_Device_Library/Core/Src/usbd_ctlreq.c ****           break;
 1583              		.loc 1 117 11 is_stmt 1 view .LVU492
 1584 0040 FFF7FEFF 		bl	USBD_GetDescriptor
 1585              	.LVL195:
 118:Middlewares/ST/STM32_USB_Device_Library/Core/Src/usbd_ctlreq.c **** 
 1586              		.loc 1 118 11 view .LVU493
 1587 0044 F3E7     		b	.L95
 1588              	.LVL196:
 1589              	.L101:
 121:Middlewares/ST/STM32_USB_Device_Library/Core/Src/usbd_ctlreq.c ****           break;
 1590              		.loc 1 121 11 view .LVU494
 1591 0046 FFF7FEFF 		bl	USBD_SetAddress
 1592              	.LVL197:
 122:Middlewares/ST/STM32_USB_Device_Library/Core/Src/usbd_ctlreq.c **** 
 1593              		.loc 1 122 11 view .LVU495
 1594 004a F0E7     		b	.L95
 1595              	.LVL198:
 1596              	.L97:
 125:Middlewares/ST/STM32_USB_Device_Library/Core/Src/usbd_ctlreq.c ****           break;
 1597              		.loc 1 125 11 view .LVU496
 125:Middlewares/ST/STM32_USB_Device_Library/Core/Src/usbd_ctlreq.c ****           break;
 1598              		.loc 1 125 17 is_stmt 0 view .LVU497
 1599 004c FFF7FEFF 		bl	USBD_SetConfig
 1600              	.LVL199:
 125:Middlewares/ST/STM32_USB_Device_Library/Core/Src/usbd_ctlreq.c ****           break;
 1601              		.loc 1 125 17 view .LVU498
 1602 0050 0400     		movs	r4, r0
 1603              	.LVL200:
 126:Middlewares/ST/STM32_USB_Device_Library/Core/Src/usbd_ctlreq.c **** 
 1604              		.loc 1 126 11 is_stmt 1 view .LVU499
 1605 0052 ECE7     		b	.L95
 1606              	.LVL201:
 1607              	.L99:
 129:Middlewares/ST/STM32_USB_Device_Library/Core/Src/usbd_ctlreq.c ****           break;
ARM GAS  C:\Users\Domagoj\AppData\Local\Temp\ccZJCFTU.s 			page 63


 1608              		.loc 1 129 11 view .LVU500
 1609 0054 FFF7FEFF 		bl	USBD_GetConfig
 1610              	.LVL202:
 130:Middlewares/ST/STM32_USB_Device_Library/Core/Src/usbd_ctlreq.c **** 
 1611              		.loc 1 130 11 view .LVU501
 1612 0058 E9E7     		b	.L95
 1613              	.LVL203:
 1614              	.L104:
 133:Middlewares/ST/STM32_USB_Device_Library/Core/Src/usbd_ctlreq.c ****           break;
 1615              		.loc 1 133 11 view .LVU502
 1616 005a FFF7FEFF 		bl	USBD_GetStatus
 1617              	.LVL204:
 134:Middlewares/ST/STM32_USB_Device_Library/Core/Src/usbd_ctlreq.c **** 
 1618              		.loc 1 134 11 view .LVU503
 104:Middlewares/ST/STM32_USB_Device_Library/Core/Src/usbd_ctlreq.c **** 
 1619              		.loc 1 104 22 is_stmt 0 view .LVU504
 1620 005e 2C00     		movs	r4, r5
 134:Middlewares/ST/STM32_USB_Device_Library/Core/Src/usbd_ctlreq.c **** 
 1621              		.loc 1 134 11 view .LVU505
 1622 0060 E5E7     		b	.L95
 1623              	.LVL205:
 1624              	.L102:
 137:Middlewares/ST/STM32_USB_Device_Library/Core/Src/usbd_ctlreq.c ****           break;
 1625              		.loc 1 137 11 is_stmt 1 view .LVU506
 1626 0062 FFF7FEFF 		bl	USBD_SetFeature
 1627              	.LVL206:
 138:Middlewares/ST/STM32_USB_Device_Library/Core/Src/usbd_ctlreq.c **** 
 1628              		.loc 1 138 11 view .LVU507
 1629 0066 E2E7     		b	.L95
 1630              	.LVL207:
 1631              	.L103:
 141:Middlewares/ST/STM32_USB_Device_Library/Core/Src/usbd_ctlreq.c ****           break;
 1632              		.loc 1 141 11 view .LVU508
 1633 0068 FFF7FEFF 		bl	USBD_ClrFeature
 1634              	.LVL208:
 142:Middlewares/ST/STM32_USB_Device_Library/Core/Src/usbd_ctlreq.c **** 
 1635              		.loc 1 142 11 view .LVU509
 1636 006c DFE7     		b	.L95
 1637              	.LVL209:
 1638              	.L96:
 145:Middlewares/ST/STM32_USB_Device_Library/Core/Src/usbd_ctlreq.c ****           break;
 1639              		.loc 1 145 11 view .LVU510
 1640 006e FFF7FEFF 		bl	USBD_CtlError
 1641              	.LVL210:
 146:Middlewares/ST/STM32_USB_Device_Library/Core/Src/usbd_ctlreq.c ****       }
 1642              		.loc 1 146 11 view .LVU511
 1643 0072 DCE7     		b	.L95
 1644              	.L107:
 1645              		.align	2
 1646              	.L106:
 1647 0074 00000000 		.word	.L98
 1648              		.cfi_endproc
 1649              	.LFE370:
 1651              		.section	.text.USBD_StdItfReq,"ax",%progbits
 1652              		.align	1
 1653              		.global	USBD_StdItfReq
 1654              		.syntax unified
ARM GAS  C:\Users\Domagoj\AppData\Local\Temp\ccZJCFTU.s 			page 64


 1655              		.code	16
 1656              		.thumb_func
 1658              	USBD_StdItfReq:
 1659              	.LVL211:
 1660              	.LFB371:
 166:Middlewares/ST/STM32_USB_Device_Library/Core/Src/usbd_ctlreq.c ****   USBD_StatusTypeDef ret = USBD_OK;
 1661              		.loc 1 166 1 view -0
 1662              		.cfi_startproc
 1663              		@ args = 0, pretend = 0, frame = 0
 1664              		@ frame_needed = 0, uses_anonymous_args = 0
 166:Middlewares/ST/STM32_USB_Device_Library/Core/Src/usbd_ctlreq.c ****   USBD_StatusTypeDef ret = USBD_OK;
 1665              		.loc 1 166 1 is_stmt 0 view .LVU513
 1666 0000 70B5     		push	{r4, r5, r6, lr}
 1667              	.LCFI10:
 1668              		.cfi_def_cfa_offset 16
 1669              		.cfi_offset 4, -16
 1670              		.cfi_offset 5, -12
 1671              		.cfi_offset 6, -8
 1672              		.cfi_offset 14, -4
 1673 0002 0500     		movs	r5, r0
 1674 0004 0C00     		movs	r4, r1
 167:Middlewares/ST/STM32_USB_Device_Library/Core/Src/usbd_ctlreq.c ****   uint8_t idx;
 1675              		.loc 1 167 3 is_stmt 1 view .LVU514
 1676              	.LVL212:
 168:Middlewares/ST/STM32_USB_Device_Library/Core/Src/usbd_ctlreq.c **** 
 1677              		.loc 1 168 3 view .LVU515
 170:Middlewares/ST/STM32_USB_Device_Library/Core/Src/usbd_ctlreq.c ****   {
 1678              		.loc 1 170 3 view .LVU516
 170:Middlewares/ST/STM32_USB_Device_Library/Core/Src/usbd_ctlreq.c ****   {
 1679              		.loc 1 170 14 is_stmt 0 view .LVU517
 1680 0006 0A78     		ldrb	r2, [r1]
 1681 0008 6023     		movs	r3, #96
 1682 000a 1340     		ands	r3, r2
 170:Middlewares/ST/STM32_USB_Device_Library/Core/Src/usbd_ctlreq.c ****   {
 1683              		.loc 1 170 3 view .LVU518
 1684 000c 202B     		cmp	r3, #32
 1685 000e 08D0     		beq	.L109
 1686 0010 402B     		cmp	r3, #64
 1687 0012 06D0     		beq	.L109
 1688 0014 002B     		cmp	r3, #0
 1689 0016 04D0     		beq	.L109
 223:Middlewares/ST/STM32_USB_Device_Library/Core/Src/usbd_ctlreq.c ****       break;
 1690              		.loc 1 223 7 is_stmt 1 view .LVU519
 1691 0018 FFF7FEFF 		bl	USBD_CtlError
 1692              	.LVL213:
 224:Middlewares/ST/STM32_USB_Device_Library/Core/Src/usbd_ctlreq.c ****   }
 1693              		.loc 1 224 7 view .LVU520
 167:Middlewares/ST/STM32_USB_Device_Library/Core/Src/usbd_ctlreq.c ****   uint8_t idx;
 1694              		.loc 1 167 22 is_stmt 0 view .LVU521
 1695 001c 0026     		movs	r6, #0
 1696              	.LVL214:
 1697              	.L114:
 227:Middlewares/ST/STM32_USB_Device_Library/Core/Src/usbd_ctlreq.c **** }
 1698              		.loc 1 227 3 is_stmt 1 view .LVU522
 228:Middlewares/ST/STM32_USB_Device_Library/Core/Src/usbd_ctlreq.c **** 
 1699              		.loc 1 228 1 is_stmt 0 view .LVU523
 1700 001e 3000     		movs	r0, r6
ARM GAS  C:\Users\Domagoj\AppData\Local\Temp\ccZJCFTU.s 			page 65


 1701              		@ sp needed
 1702              	.LVL215:
 1703              	.LVL216:
 1704              	.LVL217:
 228:Middlewares/ST/STM32_USB_Device_Library/Core/Src/usbd_ctlreq.c **** 
 1705              		.loc 1 228 1 view .LVU524
 1706 0020 70BD     		pop	{r4, r5, r6, pc}
 1707              	.LVL218:
 1708              	.L109:
 175:Middlewares/ST/STM32_USB_Device_Library/Core/Src/usbd_ctlreq.c ****       {
 1709              		.loc 1 175 7 is_stmt 1 view .LVU525
 175:Middlewares/ST/STM32_USB_Device_Library/Core/Src/usbd_ctlreq.c ****       {
 1710              		.loc 1 175 19 is_stmt 0 view .LVU526
 1711 0022 A723     		movs	r3, #167
 1712 0024 9B00     		lsls	r3, r3, #2
 1713 0026 EB5C     		ldrb	r3, [r5, r3]
 175:Middlewares/ST/STM32_USB_Device_Library/Core/Src/usbd_ctlreq.c ****       {
 1714              		.loc 1 175 7 view .LVU527
 1715 0028 013B     		subs	r3, r3, #1
 1716 002a 022B     		cmp	r3, #2
 1717 002c 29D8     		bhi	.L111
 181:Middlewares/ST/STM32_USB_Device_Library/Core/Src/usbd_ctlreq.c ****           {
 1718              		.loc 1 181 11 is_stmt 1 view .LVU528
 181:Middlewares/ST/STM32_USB_Device_Library/Core/Src/usbd_ctlreq.c ****           {
 1719              		.loc 1 181 15 is_stmt 0 view .LVU529
 1720 002e 2179     		ldrb	r1, [r4, #4]
 1721              	.LVL219:
 181:Middlewares/ST/STM32_USB_Device_Library/Core/Src/usbd_ctlreq.c ****           {
 1722              		.loc 1 181 14 view .LVU530
 1723 0030 0129     		cmp	r1, #1
 1724 0032 05D9     		bls	.L117
 212:Middlewares/ST/STM32_USB_Device_Library/Core/Src/usbd_ctlreq.c ****           }
 1725              		.loc 1 212 13 is_stmt 1 view .LVU531
 1726 0034 2100     		movs	r1, r4
 1727 0036 2800     		movs	r0, r5
 1728              	.LVL220:
 212:Middlewares/ST/STM32_USB_Device_Library/Core/Src/usbd_ctlreq.c ****           }
 1729              		.loc 1 212 13 is_stmt 0 view .LVU532
 1730 0038 FFF7FEFF 		bl	USBD_CtlError
 1731              	.LVL221:
 167:Middlewares/ST/STM32_USB_Device_Library/Core/Src/usbd_ctlreq.c ****   uint8_t idx;
 1732              		.loc 1 167 22 view .LVU533
 1733 003c 0026     		movs	r6, #0
 1734 003e EEE7     		b	.L114
 1735              	.LVL222:
 1736              	.L117:
 184:Middlewares/ST/STM32_USB_Device_Library/Core/Src/usbd_ctlreq.c ****             if (((uint8_t)idx != 0xFFU) && (idx < USBD_MAX_SUPPORTED_CLASS))
 1737              		.loc 1 184 13 is_stmt 1 view .LVU534
 184:Middlewares/ST/STM32_USB_Device_Library/Core/Src/usbd_ctlreq.c ****             if (((uint8_t)idx != 0xFFU) && (idx < USBD_MAX_SUPPORTED_CLASS))
 1738              		.loc 1 184 19 is_stmt 0 view .LVU535
 1739 0040 2800     		movs	r0, r5
 1740              	.LVL223:
 184:Middlewares/ST/STM32_USB_Device_Library/Core/Src/usbd_ctlreq.c ****             if (((uint8_t)idx != 0xFFU) && (idx < USBD_MAX_SUPPORTED_CLASS))
 1741              		.loc 1 184 19 view .LVU536
 1742 0042 FFF7FEFF 		bl	USBD_CoreFindIF
 1743              	.LVL224:
 185:Middlewares/ST/STM32_USB_Device_Library/Core/Src/usbd_ctlreq.c ****             {
ARM GAS  C:\Users\Domagoj\AppData\Local\Temp\ccZJCFTU.s 			page 66


 1744              		.loc 1 185 13 is_stmt 1 view .LVU537
 185:Middlewares/ST/STM32_USB_Device_Library/Core/Src/usbd_ctlreq.c ****             {
 1745              		.loc 1 185 16 is_stmt 0 view .LVU538
 1746 0046 0028     		cmp	r0, #0
 1747 0048 0FD1     		bne	.L115
 188:Middlewares/ST/STM32_USB_Device_Library/Core/Src/usbd_ctlreq.c ****               {
 1748              		.loc 1 188 15 is_stmt 1 view .LVU539
 188:Middlewares/ST/STM32_USB_Device_Library/Core/Src/usbd_ctlreq.c ****               {
 1749              		.loc 1 188 31 is_stmt 0 view .LVU540
 1750 004a 0300     		movs	r3, r0
 1751 004c AE33     		adds	r3, r3, #174
 1752 004e 9B00     		lsls	r3, r3, #2
 1753 0050 5B59     		ldr	r3, [r3, r5]
 188:Middlewares/ST/STM32_USB_Device_Library/Core/Src/usbd_ctlreq.c ****               {
 1754              		.loc 1 188 36 view .LVU541
 1755 0052 9A68     		ldr	r2, [r3, #8]
 188:Middlewares/ST/STM32_USB_Device_Library/Core/Src/usbd_ctlreq.c ****               {
 1756              		.loc 1 188 18 view .LVU542
 1757 0054 002A     		cmp	r2, #0
 1758 0056 12D0     		beq	.L116
 190:Middlewares/ST/STM32_USB_Device_Library/Core/Src/usbd_ctlreq.c ****                 ret = (USBD_StatusTypeDef)(pdev->pClass[idx]->Setup(pdev, req));
 1759              		.loc 1 190 17 is_stmt 1 view .LVU543
 190:Middlewares/ST/STM32_USB_Device_Library/Core/Src/usbd_ctlreq.c ****                 ret = (USBD_StatusTypeDef)(pdev->pClass[idx]->Setup(pdev, req));
 1760              		.loc 1 190 31 is_stmt 0 view .LVU544
 1761 0058 B522     		movs	r2, #181
 1762 005a 9200     		lsls	r2, r2, #2
 1763 005c A850     		str	r0, [r5, r2]
 191:Middlewares/ST/STM32_USB_Device_Library/Core/Src/usbd_ctlreq.c ****               }
 1764              		.loc 1 191 17 is_stmt 1 view .LVU545
 191:Middlewares/ST/STM32_USB_Device_Library/Core/Src/usbd_ctlreq.c ****               }
 1765              		.loc 1 191 61 is_stmt 0 view .LVU546
 1766 005e 9B68     		ldr	r3, [r3, #8]
 191:Middlewares/ST/STM32_USB_Device_Library/Core/Src/usbd_ctlreq.c ****               }
 1767              		.loc 1 191 44 view .LVU547
 1768 0060 2100     		movs	r1, r4
 1769 0062 2800     		movs	r0, r5
 1770              	.LVL225:
 191:Middlewares/ST/STM32_USB_Device_Library/Core/Src/usbd_ctlreq.c ****               }
 1771              		.loc 1 191 44 view .LVU548
 1772 0064 9847     		blx	r3
 1773              	.LVL226:
 191:Middlewares/ST/STM32_USB_Device_Library/Core/Src/usbd_ctlreq.c ****               }
 1774              		.loc 1 191 44 view .LVU549
 1775 0066 0600     		movs	r6, r0
 1776              	.LVL227:
 191:Middlewares/ST/STM32_USB_Device_Library/Core/Src/usbd_ctlreq.c ****               }
 1777              		.loc 1 191 44 view .LVU550
 1778 0068 00E0     		b	.L113
 1779              	.LVL228:
 1780              	.L115:
 202:Middlewares/ST/STM32_USB_Device_Library/Core/Src/usbd_ctlreq.c ****             }
 1781              		.loc 1 202 19 view .LVU551
 1782 006a 0326     		movs	r6, #3
 1783              	.LVL229:
 1784              	.L113:
 205:Middlewares/ST/STM32_USB_Device_Library/Core/Src/usbd_ctlreq.c ****             {
 1785              		.loc 1 205 13 is_stmt 1 view .LVU552
ARM GAS  C:\Users\Domagoj\AppData\Local\Temp\ccZJCFTU.s 			page 67


 205:Middlewares/ST/STM32_USB_Device_Library/Core/Src/usbd_ctlreq.c ****             {
 1786              		.loc 1 205 21 is_stmt 0 view .LVU553
 1787 006c E388     		ldrh	r3, [r4, #6]
 205:Middlewares/ST/STM32_USB_Device_Library/Core/Src/usbd_ctlreq.c ****             {
 1788              		.loc 1 205 16 view .LVU554
 1789 006e 002B     		cmp	r3, #0
 1790 0070 D5D1     		bne	.L114
 205:Middlewares/ST/STM32_USB_Device_Library/Core/Src/usbd_ctlreq.c ****             {
 1791              		.loc 1 205 38 discriminator 1 view .LVU555
 1792 0072 002E     		cmp	r6, #0
 1793 0074 D3D1     		bne	.L114
 207:Middlewares/ST/STM32_USB_Device_Library/Core/Src/usbd_ctlreq.c ****             }
 1794              		.loc 1 207 15 is_stmt 1 view .LVU556
 207:Middlewares/ST/STM32_USB_Device_Library/Core/Src/usbd_ctlreq.c ****             }
 1795              		.loc 1 207 21 is_stmt 0 view .LVU557
 1796 0076 2800     		movs	r0, r5
 1797 0078 FFF7FEFF 		bl	USBD_CtlSendStatus
 1798              	.LVL230:
 1799 007c CFE7     		b	.L114
 1800              	.LVL231:
 1801              	.L116:
 196:Middlewares/ST/STM32_USB_Device_Library/Core/Src/usbd_ctlreq.c ****               }
 1802              		.loc 1 196 21 view .LVU558
 1803 007e 0326     		movs	r6, #3
 1804 0080 F4E7     		b	.L113
 1805              	.LVL232:
 1806              	.L111:
 217:Middlewares/ST/STM32_USB_Device_Library/Core/Src/usbd_ctlreq.c ****           break;
 1807              		.loc 1 217 11 is_stmt 1 view .LVU559
 1808 0082 2100     		movs	r1, r4
 1809              	.LVL233:
 217:Middlewares/ST/STM32_USB_Device_Library/Core/Src/usbd_ctlreq.c ****           break;
 1810              		.loc 1 217 11 is_stmt 0 view .LVU560
 1811 0084 2800     		movs	r0, r5
 1812              	.LVL234:
 217:Middlewares/ST/STM32_USB_Device_Library/Core/Src/usbd_ctlreq.c ****           break;
 1813              		.loc 1 217 11 view .LVU561
 1814 0086 FFF7FEFF 		bl	USBD_CtlError
 1815              	.LVL235:
 218:Middlewares/ST/STM32_USB_Device_Library/Core/Src/usbd_ctlreq.c ****       }
 1816              		.loc 1 218 11 is_stmt 1 view .LVU562
 167:Middlewares/ST/STM32_USB_Device_Library/Core/Src/usbd_ctlreq.c ****   uint8_t idx;
 1817              		.loc 1 167 22 is_stmt 0 view .LVU563
 1818 008a 0026     		movs	r6, #0
 218:Middlewares/ST/STM32_USB_Device_Library/Core/Src/usbd_ctlreq.c ****       }
 1819              		.loc 1 218 11 view .LVU564
 1820 008c C7E7     		b	.L114
 1821              		.cfi_endproc
 1822              	.LFE371:
 1824              		.section	.text.USBD_StdEPReq,"ax",%progbits
 1825              		.align	1
 1826              		.global	USBD_StdEPReq
 1827              		.syntax unified
 1828              		.code	16
 1829              		.thumb_func
 1831              	USBD_StdEPReq:
 1832              	.LVL236:
ARM GAS  C:\Users\Domagoj\AppData\Local\Temp\ccZJCFTU.s 			page 68


 1833              	.LFB372:
 238:Middlewares/ST/STM32_USB_Device_Library/Core/Src/usbd_ctlreq.c ****   USBD_EndpointTypeDef *pep;
 1834              		.loc 1 238 1 is_stmt 1 view -0
 1835              		.cfi_startproc
 1836              		@ args = 0, pretend = 0, frame = 0
 1837              		@ frame_needed = 0, uses_anonymous_args = 0
 238:Middlewares/ST/STM32_USB_Device_Library/Core/Src/usbd_ctlreq.c ****   USBD_EndpointTypeDef *pep;
 1838              		.loc 1 238 1 is_stmt 0 view .LVU566
 1839 0000 F0B5     		push	{r4, r5, r6, r7, lr}
 1840              	.LCFI11:
 1841              		.cfi_def_cfa_offset 20
 1842              		.cfi_offset 4, -20
 1843              		.cfi_offset 5, -16
 1844              		.cfi_offset 6, -12
 1845              		.cfi_offset 7, -8
 1846              		.cfi_offset 14, -4
 1847 0002 C646     		mov	lr, r8
 1848 0004 00B5     		push	{lr}
 1849              	.LCFI12:
 1850              		.cfi_def_cfa_offset 24
 1851              		.cfi_offset 8, -24
 1852 0006 0600     		movs	r6, r0
 1853 0008 0D00     		movs	r5, r1
 239:Middlewares/ST/STM32_USB_Device_Library/Core/Src/usbd_ctlreq.c ****   uint8_t ep_addr;
 1854              		.loc 1 239 3 is_stmt 1 view .LVU567
 240:Middlewares/ST/STM32_USB_Device_Library/Core/Src/usbd_ctlreq.c ****   uint8_t idx;
 1855              		.loc 1 240 3 view .LVU568
 241:Middlewares/ST/STM32_USB_Device_Library/Core/Src/usbd_ctlreq.c ****   USBD_StatusTypeDef ret = USBD_OK;
 1856              		.loc 1 241 3 view .LVU569
 242:Middlewares/ST/STM32_USB_Device_Library/Core/Src/usbd_ctlreq.c **** 
 1857              		.loc 1 242 3 view .LVU570
 1858              	.LVL237:
 244:Middlewares/ST/STM32_USB_Device_Library/Core/Src/usbd_ctlreq.c **** 
 1859              		.loc 1 244 3 view .LVU571
 244:Middlewares/ST/STM32_USB_Device_Library/Core/Src/usbd_ctlreq.c **** 
 1860              		.loc 1 244 13 is_stmt 0 view .LVU572
 1861 000a 8A88     		ldrh	r2, [r1, #4]
 244:Middlewares/ST/STM32_USB_Device_Library/Core/Src/usbd_ctlreq.c **** 
 1862              		.loc 1 244 11 view .LVU573
 1863 000c 0F79     		ldrb	r7, [r1, #4]
 1864              	.LVL238:
 246:Middlewares/ST/STM32_USB_Device_Library/Core/Src/usbd_ctlreq.c ****   {
 1865              		.loc 1 246 3 is_stmt 1 view .LVU574
 246:Middlewares/ST/STM32_USB_Device_Library/Core/Src/usbd_ctlreq.c ****   {
 1866              		.loc 1 246 14 is_stmt 0 view .LVU575
 1867 000e 0B78     		ldrb	r3, [r1]
 1868 0010 6024     		movs	r4, #96
 1869 0012 1C40     		ands	r4, r3
 246:Middlewares/ST/STM32_USB_Device_Library/Core/Src/usbd_ctlreq.c ****   {
 1870              		.loc 1 246 3 view .LVU576
 1871 0014 202C     		cmp	r4, #32
 1872 0016 0AD0     		beq	.L119
 1873 0018 402C     		cmp	r4, #64
 1874 001a 08D0     		beq	.L119
 1875 001c 002C     		cmp	r4, #0
 1876 001e 1BD0     		beq	.L120
 411:Middlewares/ST/STM32_USB_Device_Library/Core/Src/usbd_ctlreq.c ****       break;
ARM GAS  C:\Users\Domagoj\AppData\Local\Temp\ccZJCFTU.s 			page 69


 1877              		.loc 1 411 7 is_stmt 1 view .LVU577
 1878 0020 FFF7FEFF 		bl	USBD_CtlError
 1879              	.LVL239:
 412:Middlewares/ST/STM32_USB_Device_Library/Core/Src/usbd_ctlreq.c ****   }
 1880              		.loc 1 412 7 view .LVU578
 242:Middlewares/ST/STM32_USB_Device_Library/Core/Src/usbd_ctlreq.c **** 
 1881              		.loc 1 242 22 is_stmt 0 view .LVU579
 1882 0024 0024     		movs	r4, #0
 1883              	.LVL240:
 1884              	.L122:
 415:Middlewares/ST/STM32_USB_Device_Library/Core/Src/usbd_ctlreq.c **** }
 1885              		.loc 1 415 3 is_stmt 1 view .LVU580
 416:Middlewares/ST/STM32_USB_Device_Library/Core/Src/usbd_ctlreq.c **** 
 1886              		.loc 1 416 1 is_stmt 0 view .LVU581
 1887 0026 2000     		movs	r0, r4
 1888              		@ sp needed
 1889              	.LVL241:
 1890              	.LVL242:
 1891              	.LVL243:
 1892              	.LVL244:
 416:Middlewares/ST/STM32_USB_Device_Library/Core/Src/usbd_ctlreq.c **** 
 1893              		.loc 1 416 1 view .LVU582
 1894 0028 80BC     		pop	{r7}
 1895 002a B846     		mov	r8, r7
 1896 002c F0BD     		pop	{r4, r5, r6, r7, pc}
 1897              	.LVL245:
 1898              	.L119:
 251:Middlewares/ST/STM32_USB_Device_Library/Core/Src/usbd_ctlreq.c ****       if (((uint8_t)idx != 0xFFU) && (idx < USBD_MAX_SUPPORTED_CLASS))
 1899              		.loc 1 251 7 is_stmt 1 view .LVU583
 251:Middlewares/ST/STM32_USB_Device_Library/Core/Src/usbd_ctlreq.c ****       if (((uint8_t)idx != 0xFFU) && (idx < USBD_MAX_SUPPORTED_CLASS))
 1900              		.loc 1 251 13 is_stmt 0 view .LVU584
 1901 002e 3900     		movs	r1, r7
 1902              	.LVL246:
 251:Middlewares/ST/STM32_USB_Device_Library/Core/Src/usbd_ctlreq.c ****       if (((uint8_t)idx != 0xFFU) && (idx < USBD_MAX_SUPPORTED_CLASS))
 1903              		.loc 1 251 13 view .LVU585
 1904 0030 3000     		movs	r0, r6
 1905              	.LVL247:
 251:Middlewares/ST/STM32_USB_Device_Library/Core/Src/usbd_ctlreq.c ****       if (((uint8_t)idx != 0xFFU) && (idx < USBD_MAX_SUPPORTED_CLASS))
 1906              		.loc 1 251 13 view .LVU586
 1907 0032 FFF7FEFF 		bl	USBD_CoreFindEP
 1908              	.LVL248:
 1909 0036 041E     		subs	r4, r0, #0
 1910              	.LVL249:
 252:Middlewares/ST/STM32_USB_Device_Library/Core/Src/usbd_ctlreq.c ****       {
 1911              		.loc 1 252 7 is_stmt 1 view .LVU587
 252:Middlewares/ST/STM32_USB_Device_Library/Core/Src/usbd_ctlreq.c ****       {
 1912              		.loc 1 252 10 is_stmt 0 view .LVU588
 1913 0038 00D0     		beq	.LCB1824
 1914 003a 06E1     		b	.L151	@long jump
 1915              	.LCB1824:
 254:Middlewares/ST/STM32_USB_Device_Library/Core/Src/usbd_ctlreq.c ****         /* Call the class data out function to manage the request */
 1916              		.loc 1 254 9 is_stmt 1 view .LVU589
 254:Middlewares/ST/STM32_USB_Device_Library/Core/Src/usbd_ctlreq.c ****         /* Call the class data out function to manage the request */
 1917              		.loc 1 254 23 is_stmt 0 view .LVU590
 1918 003c B523     		movs	r3, #181
 1919 003e 9B00     		lsls	r3, r3, #2
 1920 0040 F050     		str	r0, [r6, r3]
ARM GAS  C:\Users\Domagoj\AppData\Local\Temp\ccZJCFTU.s 			page 70


 256:Middlewares/ST/STM32_USB_Device_Library/Core/Src/usbd_ctlreq.c ****         {
 1921              		.loc 1 256 9 is_stmt 1 view .LVU591
 256:Middlewares/ST/STM32_USB_Device_Library/Core/Src/usbd_ctlreq.c ****         {
 1922              		.loc 1 256 25 is_stmt 0 view .LVU592
 1923 0042 AE30     		adds	r0, r0, #174
 1924              	.LVL250:
 256:Middlewares/ST/STM32_USB_Device_Library/Core/Src/usbd_ctlreq.c ****         {
 1925              		.loc 1 256 25 view .LVU593
 1926 0044 8000     		lsls	r0, r0, #2
 1927 0046 8359     		ldr	r3, [r0, r6]
 256:Middlewares/ST/STM32_USB_Device_Library/Core/Src/usbd_ctlreq.c ****         {
 1928              		.loc 1 256 30 view .LVU594
 1929 0048 9B68     		ldr	r3, [r3, #8]
 256:Middlewares/ST/STM32_USB_Device_Library/Core/Src/usbd_ctlreq.c ****         {
 1930              		.loc 1 256 12 view .LVU595
 1931 004a 002B     		cmp	r3, #0
 1932 004c EBD0     		beq	.L122
 258:Middlewares/ST/STM32_USB_Device_Library/Core/Src/usbd_ctlreq.c ****         }
 1933              		.loc 1 258 11 is_stmt 1 view .LVU596
 258:Middlewares/ST/STM32_USB_Device_Library/Core/Src/usbd_ctlreq.c ****         }
 1934              		.loc 1 258 37 is_stmt 0 view .LVU597
 1935 004e 2900     		movs	r1, r5
 1936 0050 3000     		movs	r0, r6
 1937 0052 9847     		blx	r3
 1938              	.LVL251:
 1939 0054 0400     		movs	r4, r0
 1940              	.LVL252:
 258:Middlewares/ST/STM32_USB_Device_Library/Core/Src/usbd_ctlreq.c ****         }
 1941              		.loc 1 258 37 view .LVU598
 1942 0056 E6E7     		b	.L122
 1943              	.LVL253:
 1944              	.L120:
 264:Middlewares/ST/STM32_USB_Device_Library/Core/Src/usbd_ctlreq.c ****       {
 1945              		.loc 1 264 7 is_stmt 1 view .LVU599
 264:Middlewares/ST/STM32_USB_Device_Library/Core/Src/usbd_ctlreq.c ****       {
 1946              		.loc 1 264 18 is_stmt 0 view .LVU600
 1947 0058 4B78     		ldrb	r3, [r1, #1]
 1948 005a 9846     		mov	r8, r3
 264:Middlewares/ST/STM32_USB_Device_Library/Core/Src/usbd_ctlreq.c ****       {
 1949              		.loc 1 264 7 view .LVU601
 1950 005c 012B     		cmp	r3, #1
 1951 005e 34D0     		beq	.L123
 1952 0060 032B     		cmp	r3, #3
 1953 0062 04D0     		beq	.L124
 1954 0064 002B     		cmp	r3, #0
 1955 0066 70D0     		beq	.L125
 405:Middlewares/ST/STM32_USB_Device_Library/Core/Src/usbd_ctlreq.c ****           break;
 1956              		.loc 1 405 11 is_stmt 1 view .LVU602
 1957 0068 FFF7FEFF 		bl	USBD_CtlError
 1958              	.LVL254:
 406:Middlewares/ST/STM32_USB_Device_Library/Core/Src/usbd_ctlreq.c ****       }
 1959              		.loc 1 406 11 view .LVU603
 1960 006c DBE7     		b	.L122
 1961              	.LVL255:
 1962              	.L124:
 267:Middlewares/ST/STM32_USB_Device_Library/Core/Src/usbd_ctlreq.c ****           {
 1963              		.loc 1 267 11 view .LVU604
ARM GAS  C:\Users\Domagoj\AppData\Local\Temp\ccZJCFTU.s 			page 71


 267:Middlewares/ST/STM32_USB_Device_Library/Core/Src/usbd_ctlreq.c ****           {
 1964              		.loc 1 267 23 is_stmt 0 view .LVU605
 1965 006e A723     		movs	r3, #167
 1966 0070 9B00     		lsls	r3, r3, #2
 1967 0072 C35C     		ldrb	r3, [r0, r3]
 1968 0074 DAB2     		uxtb	r2, r3
 267:Middlewares/ST/STM32_USB_Device_Library/Core/Src/usbd_ctlreq.c ****           {
 1969              		.loc 1 267 11 view .LVU606
 1970 0076 022B     		cmp	r3, #2
 1971 0078 04D0     		beq	.L127
 1972 007a 032A     		cmp	r2, #3
 1973 007c 13D0     		beq	.L128
 294:Middlewares/ST/STM32_USB_Device_Library/Core/Src/usbd_ctlreq.c ****               break;
 1974              		.loc 1 294 15 is_stmt 1 view .LVU607
 1975 007e FFF7FEFF 		bl	USBD_CtlError
 1976              	.LVL256:
 295:Middlewares/ST/STM32_USB_Device_Library/Core/Src/usbd_ctlreq.c ****           }
 1977              		.loc 1 295 15 view .LVU608
 1978 0082 D0E7     		b	.L122
 1979              	.LVL257:
 1980              	.L127:
 270:Middlewares/ST/STM32_USB_Device_Library/Core/Src/usbd_ctlreq.c ****               {
 1981              		.loc 1 270 15 view .LVU609
 270:Middlewares/ST/STM32_USB_Device_Library/Core/Src/usbd_ctlreq.c ****               {
 1982              		.loc 1 270 18 is_stmt 0 view .LVU610
 1983 0084 002F     		cmp	r7, #0
 1984 0086 01D0     		beq	.L130
 270:Middlewares/ST/STM32_USB_Device_Library/Core/Src/usbd_ctlreq.c ****               {
 1985              		.loc 1 270 38 discriminator 1 view .LVU611
 1986 0088 802F     		cmp	r7, #128
 1987 008a 04D1     		bne	.L159
 1988              	.L130:
 277:Middlewares/ST/STM32_USB_Device_Library/Core/Src/usbd_ctlreq.c ****               }
 1989              		.loc 1 277 17 is_stmt 1 view .LVU612
 1990 008c 2900     		movs	r1, r5
 1991              	.LVL258:
 277:Middlewares/ST/STM32_USB_Device_Library/Core/Src/usbd_ctlreq.c ****               }
 1992              		.loc 1 277 17 is_stmt 0 view .LVU613
 1993 008e 3000     		movs	r0, r6
 1994              	.LVL259:
 277:Middlewares/ST/STM32_USB_Device_Library/Core/Src/usbd_ctlreq.c ****               }
 1995              		.loc 1 277 17 view .LVU614
 1996 0090 FFF7FEFF 		bl	USBD_CtlError
 1997              	.LVL260:
 1998 0094 C7E7     		b	.L122
 1999              	.LVL261:
 2000              	.L159:
 272:Middlewares/ST/STM32_USB_Device_Library/Core/Src/usbd_ctlreq.c ****                 (void)USBD_LL_StallEP(pdev, 0x80U);
 2001              		.loc 1 272 17 is_stmt 1 view .LVU615
 272:Middlewares/ST/STM32_USB_Device_Library/Core/Src/usbd_ctlreq.c ****                 (void)USBD_LL_StallEP(pdev, 0x80U);
 2002              		.loc 1 272 23 is_stmt 0 view .LVU616
 2003 0096 3900     		movs	r1, r7
 2004              	.LVL262:
 272:Middlewares/ST/STM32_USB_Device_Library/Core/Src/usbd_ctlreq.c ****                 (void)USBD_LL_StallEP(pdev, 0x80U);
 2005              		.loc 1 272 23 view .LVU617
 2006 0098 FFF7FEFF 		bl	USBD_LL_StallEP
 2007              	.LVL263:
ARM GAS  C:\Users\Domagoj\AppData\Local\Temp\ccZJCFTU.s 			page 72


 273:Middlewares/ST/STM32_USB_Device_Library/Core/Src/usbd_ctlreq.c ****               }
 2008              		.loc 1 273 17 is_stmt 1 view .LVU618
 273:Middlewares/ST/STM32_USB_Device_Library/Core/Src/usbd_ctlreq.c ****               }
 2009              		.loc 1 273 23 is_stmt 0 view .LVU619
 2010 009c 8021     		movs	r1, #128
 2011 009e 3000     		movs	r0, r6
 2012 00a0 FFF7FEFF 		bl	USBD_LL_StallEP
 2013              	.LVL264:
 273:Middlewares/ST/STM32_USB_Device_Library/Core/Src/usbd_ctlreq.c ****               }
 2014              		.loc 1 273 17 view .LVU620
 2015 00a4 BFE7     		b	.L122
 2016              	.LVL265:
 2017              	.L128:
 282:Middlewares/ST/STM32_USB_Device_Library/Core/Src/usbd_ctlreq.c ****               {
 2018              		.loc 1 282 15 is_stmt 1 view .LVU621
 282:Middlewares/ST/STM32_USB_Device_Library/Core/Src/usbd_ctlreq.c ****               {
 2019              		.loc 1 282 22 is_stmt 0 view .LVU622
 2020 00a6 4B88     		ldrh	r3, [r1, #2]
 282:Middlewares/ST/STM32_USB_Device_Library/Core/Src/usbd_ctlreq.c ****               {
 2021              		.loc 1 282 18 view .LVU623
 2022 00a8 002B     		cmp	r3, #0
 2023 00aa 06D1     		bne	.L131
 284:Middlewares/ST/STM32_USB_Device_Library/Core/Src/usbd_ctlreq.c ****                 {
 2024              		.loc 1 284 17 is_stmt 1 view .LVU624
 284:Middlewares/ST/STM32_USB_Device_Library/Core/Src/usbd_ctlreq.c ****                 {
 2025              		.loc 1 284 20 is_stmt 0 view .LVU625
 2026 00ac 002F     		cmp	r7, #0
 2027 00ae 04D0     		beq	.L131
 284:Middlewares/ST/STM32_USB_Device_Library/Core/Src/usbd_ctlreq.c ****                 {
 2028              		.loc 1 284 40 discriminator 1 view .LVU626
 2029 00b0 802F     		cmp	r7, #128
 2030 00b2 02D0     		beq	.L131
 284:Middlewares/ST/STM32_USB_Device_Library/Core/Src/usbd_ctlreq.c ****                 {
 2031              		.loc 1 284 69 discriminator 2 view .LVU627
 2032 00b4 CB88     		ldrh	r3, [r1, #6]
 284:Middlewares/ST/STM32_USB_Device_Library/Core/Src/usbd_ctlreq.c ****                 {
 2033              		.loc 1 284 62 discriminator 2 view .LVU628
 2034 00b6 002B     		cmp	r3, #0
 2035 00b8 03D0     		beq	.L160
 2036              	.LVL266:
 2037              	.L131:
 289:Middlewares/ST/STM32_USB_Device_Library/Core/Src/usbd_ctlreq.c **** 
 2038              		.loc 1 289 15 is_stmt 1 view .LVU629
 289:Middlewares/ST/STM32_USB_Device_Library/Core/Src/usbd_ctlreq.c **** 
 2039              		.loc 1 289 21 is_stmt 0 view .LVU630
 2040 00ba 3000     		movs	r0, r6
 2041 00bc FFF7FEFF 		bl	USBD_CtlSendStatus
 2042              	.LVL267:
 291:Middlewares/ST/STM32_USB_Device_Library/Core/Src/usbd_ctlreq.c **** 
 2043              		.loc 1 291 15 is_stmt 1 view .LVU631
 2044 00c0 B1E7     		b	.L122
 2045              	.LVL268:
 2046              	.L160:
 286:Middlewares/ST/STM32_USB_Device_Library/Core/Src/usbd_ctlreq.c ****                 }
 2047              		.loc 1 286 19 view .LVU632
 286:Middlewares/ST/STM32_USB_Device_Library/Core/Src/usbd_ctlreq.c ****                 }
 2048              		.loc 1 286 25 is_stmt 0 view .LVU633
ARM GAS  C:\Users\Domagoj\AppData\Local\Temp\ccZJCFTU.s 			page 73


 2049 00c2 3900     		movs	r1, r7
 2050              	.LVL269:
 286:Middlewares/ST/STM32_USB_Device_Library/Core/Src/usbd_ctlreq.c ****                 }
 2051              		.loc 1 286 25 view .LVU634
 2052 00c4 FFF7FEFF 		bl	USBD_LL_StallEP
 2053              	.LVL270:
 286:Middlewares/ST/STM32_USB_Device_Library/Core/Src/usbd_ctlreq.c ****                 }
 2054              		.loc 1 286 25 view .LVU635
 2055 00c8 F7E7     		b	.L131
 2056              	.LVL271:
 2057              	.L123:
 301:Middlewares/ST/STM32_USB_Device_Library/Core/Src/usbd_ctlreq.c ****           {
 2058              		.loc 1 301 11 is_stmt 1 view .LVU636
 301:Middlewares/ST/STM32_USB_Device_Library/Core/Src/usbd_ctlreq.c ****           {
 2059              		.loc 1 301 23 is_stmt 0 view .LVU637
 2060 00ca A723     		movs	r3, #167
 2061 00cc 9B00     		lsls	r3, r3, #2
 2062 00ce C35C     		ldrb	r3, [r0, r3]
 2063 00d0 DAB2     		uxtb	r2, r3
 301:Middlewares/ST/STM32_USB_Device_Library/Core/Src/usbd_ctlreq.c ****           {
 2064              		.loc 1 301 11 view .LVU638
 2065 00d2 022B     		cmp	r3, #2
 2066 00d4 04D0     		beq	.L132
 2067 00d6 032A     		cmp	r2, #3
 2068 00d8 13D0     		beq	.L133
 339:Middlewares/ST/STM32_USB_Device_Library/Core/Src/usbd_ctlreq.c ****               break;
 2069              		.loc 1 339 15 is_stmt 1 view .LVU639
 2070 00da FFF7FEFF 		bl	USBD_CtlError
 2071              	.LVL272:
 340:Middlewares/ST/STM32_USB_Device_Library/Core/Src/usbd_ctlreq.c ****           }
 2072              		.loc 1 340 15 view .LVU640
 2073 00de A2E7     		b	.L122
 2074              	.LVL273:
 2075              	.L132:
 304:Middlewares/ST/STM32_USB_Device_Library/Core/Src/usbd_ctlreq.c ****               {
 2076              		.loc 1 304 15 view .LVU641
 304:Middlewares/ST/STM32_USB_Device_Library/Core/Src/usbd_ctlreq.c ****               {
 2077              		.loc 1 304 18 is_stmt 0 view .LVU642
 2078 00e0 002F     		cmp	r7, #0
 2079 00e2 01D0     		beq	.L135
 304:Middlewares/ST/STM32_USB_Device_Library/Core/Src/usbd_ctlreq.c ****               {
 2080              		.loc 1 304 38 discriminator 1 view .LVU643
 2081 00e4 802F     		cmp	r7, #128
 2082 00e6 04D1     		bne	.L161
 2083              	.L135:
 311:Middlewares/ST/STM32_USB_Device_Library/Core/Src/usbd_ctlreq.c ****               }
 2084              		.loc 1 311 17 is_stmt 1 view .LVU644
 2085 00e8 2900     		movs	r1, r5
 2086              	.LVL274:
 311:Middlewares/ST/STM32_USB_Device_Library/Core/Src/usbd_ctlreq.c ****               }
 2087              		.loc 1 311 17 is_stmt 0 view .LVU645
 2088 00ea 3000     		movs	r0, r6
 2089              	.LVL275:
 311:Middlewares/ST/STM32_USB_Device_Library/Core/Src/usbd_ctlreq.c ****               }
 2090              		.loc 1 311 17 view .LVU646
 2091 00ec FFF7FEFF 		bl	USBD_CtlError
 2092              	.LVL276:
ARM GAS  C:\Users\Domagoj\AppData\Local\Temp\ccZJCFTU.s 			page 74


 2093 00f0 99E7     		b	.L122
 2094              	.LVL277:
 2095              	.L161:
 306:Middlewares/ST/STM32_USB_Device_Library/Core/Src/usbd_ctlreq.c ****                 (void)USBD_LL_StallEP(pdev, 0x80U);
 2096              		.loc 1 306 17 is_stmt 1 view .LVU647
 306:Middlewares/ST/STM32_USB_Device_Library/Core/Src/usbd_ctlreq.c ****                 (void)USBD_LL_StallEP(pdev, 0x80U);
 2097              		.loc 1 306 23 is_stmt 0 view .LVU648
 2098 00f2 3900     		movs	r1, r7
 2099              	.LVL278:
 306:Middlewares/ST/STM32_USB_Device_Library/Core/Src/usbd_ctlreq.c ****                 (void)USBD_LL_StallEP(pdev, 0x80U);
 2100              		.loc 1 306 23 view .LVU649
 2101 00f4 FFF7FEFF 		bl	USBD_LL_StallEP
 2102              	.LVL279:
 307:Middlewares/ST/STM32_USB_Device_Library/Core/Src/usbd_ctlreq.c ****               }
 2103              		.loc 1 307 17 is_stmt 1 view .LVU650
 307:Middlewares/ST/STM32_USB_Device_Library/Core/Src/usbd_ctlreq.c ****               }
 2104              		.loc 1 307 23 is_stmt 0 view .LVU651
 2105 00f8 8021     		movs	r1, #128
 2106 00fa 3000     		movs	r0, r6
 2107 00fc FFF7FEFF 		bl	USBD_LL_StallEP
 2108              	.LVL280:
 307:Middlewares/ST/STM32_USB_Device_Library/Core/Src/usbd_ctlreq.c ****               }
 2109              		.loc 1 307 17 view .LVU652
 2110 0100 91E7     		b	.L122
 2111              	.LVL281:
 2112              	.L133:
 316:Middlewares/ST/STM32_USB_Device_Library/Core/Src/usbd_ctlreq.c ****               {
 2113              		.loc 1 316 15 is_stmt 1 view .LVU653
 316:Middlewares/ST/STM32_USB_Device_Library/Core/Src/usbd_ctlreq.c ****               {
 2114              		.loc 1 316 22 is_stmt 0 view .LVU654
 2115 0102 4B88     		ldrh	r3, [r1, #2]
 316:Middlewares/ST/STM32_USB_Device_Library/Core/Src/usbd_ctlreq.c ****               {
 2116              		.loc 1 316 18 view .LVU655
 2117 0104 002B     		cmp	r3, #0
 2118 0106 00D0     		beq	.LCB2017
 2119 0108 8DE7     		b	.L122	@long jump
 2120              	.LCB2017:
 318:Middlewares/ST/STM32_USB_Device_Library/Core/Src/usbd_ctlreq.c ****                 {
 2121              		.loc 1 318 17 is_stmt 1 view .LVU656
 318:Middlewares/ST/STM32_USB_Device_Library/Core/Src/usbd_ctlreq.c ****                 {
 2122              		.loc 1 318 20 is_stmt 0 view .LVU657
 2123 010a 7B06     		lsls	r3, r7, #25
 2124 010c 19D1     		bne	.L162
 2125              	.LVL282:
 2126              	.L136:
 322:Middlewares/ST/STM32_USB_Device_Library/Core/Src/usbd_ctlreq.c **** 
 2127              		.loc 1 322 17 is_stmt 1 view .LVU658
 322:Middlewares/ST/STM32_USB_Device_Library/Core/Src/usbd_ctlreq.c **** 
 2128              		.loc 1 322 23 is_stmt 0 view .LVU659
 2129 010e 3000     		movs	r0, r6
 2130 0110 FFF7FEFF 		bl	USBD_CtlSendStatus
 2131              	.LVL283:
 325:Middlewares/ST/STM32_USB_Device_Library/Core/Src/usbd_ctlreq.c ****                 if (((uint8_t)idx != 0xFFU) && (idx < USBD_MAX_SUPPORTED_CLASS))
 2132              		.loc 1 325 17 is_stmt 1 view .LVU660
 325:Middlewares/ST/STM32_USB_Device_Library/Core/Src/usbd_ctlreq.c ****                 if (((uint8_t)idx != 0xFFU) && (idx < USBD_MAX_SUPPORTED_CLASS))
 2133              		.loc 1 325 23 is_stmt 0 view .LVU661
 2134 0114 3900     		movs	r1, r7
ARM GAS  C:\Users\Domagoj\AppData\Local\Temp\ccZJCFTU.s 			page 75


 2135 0116 3000     		movs	r0, r6
 2136 0118 FFF7FEFF 		bl	USBD_CoreFindEP
 2137              	.LVL284:
 326:Middlewares/ST/STM32_USB_Device_Library/Core/Src/usbd_ctlreq.c ****                 {
 2138              		.loc 1 326 17 is_stmt 1 view .LVU662
 326:Middlewares/ST/STM32_USB_Device_Library/Core/Src/usbd_ctlreq.c ****                 {
 2139              		.loc 1 326 20 is_stmt 0 view .LVU663
 2140 011c 0028     		cmp	r0, #0
 2141 011e 00D0     		beq	.LCB2038
 2142 0120 81E7     		b	.L122	@long jump
 2143              	.LCB2038:
 328:Middlewares/ST/STM32_USB_Device_Library/Core/Src/usbd_ctlreq.c ****                   /* Call the class data out function to manage the request */
 2144              		.loc 1 328 19 is_stmt 1 view .LVU664
 328:Middlewares/ST/STM32_USB_Device_Library/Core/Src/usbd_ctlreq.c ****                   /* Call the class data out function to manage the request */
 2145              		.loc 1 328 33 is_stmt 0 view .LVU665
 2146 0122 B523     		movs	r3, #181
 2147 0124 9B00     		lsls	r3, r3, #2
 2148 0126 F050     		str	r0, [r6, r3]
 330:Middlewares/ST/STM32_USB_Device_Library/Core/Src/usbd_ctlreq.c ****                   {
 2149              		.loc 1 330 19 is_stmt 1 view .LVU666
 330:Middlewares/ST/STM32_USB_Device_Library/Core/Src/usbd_ctlreq.c ****                   {
 2150              		.loc 1 330 35 is_stmt 0 view .LVU667
 2151 0128 0300     		movs	r3, r0
 2152 012a AE33     		adds	r3, r3, #174
 2153 012c 9B00     		lsls	r3, r3, #2
 2154 012e 9B59     		ldr	r3, [r3, r6]
 330:Middlewares/ST/STM32_USB_Device_Library/Core/Src/usbd_ctlreq.c ****                   {
 2155              		.loc 1 330 40 view .LVU668
 2156 0130 9B68     		ldr	r3, [r3, #8]
 330:Middlewares/ST/STM32_USB_Device_Library/Core/Src/usbd_ctlreq.c ****                   {
 2157              		.loc 1 330 22 view .LVU669
 2158 0132 002B     		cmp	r3, #0
 2159 0134 00D1     		bne	.LCB2050
 2160 0136 8AE0     		b	.L152	@long jump
 2161              	.LCB2050:
 332:Middlewares/ST/STM32_USB_Device_Library/Core/Src/usbd_ctlreq.c ****                   }
 2162              		.loc 1 332 21 is_stmt 1 view .LVU670
 332:Middlewares/ST/STM32_USB_Device_Library/Core/Src/usbd_ctlreq.c ****                   }
 2163              		.loc 1 332 48 is_stmt 0 view .LVU671
 2164 0138 2900     		movs	r1, r5
 2165 013a 3000     		movs	r0, r6
 2166              	.LVL285:
 332:Middlewares/ST/STM32_USB_Device_Library/Core/Src/usbd_ctlreq.c ****                   }
 2167              		.loc 1 332 48 view .LVU672
 2168 013c 9847     		blx	r3
 2169              	.LVL286:
 332:Middlewares/ST/STM32_USB_Device_Library/Core/Src/usbd_ctlreq.c ****                   }
 2170              		.loc 1 332 48 view .LVU673
 2171 013e 0400     		movs	r4, r0
 2172              	.LVL287:
 332:Middlewares/ST/STM32_USB_Device_Library/Core/Src/usbd_ctlreq.c ****                   }
 2173              		.loc 1 332 48 view .LVU674
 2174 0140 71E7     		b	.L122
 2175              	.LVL288:
 2176              	.L162:
 320:Middlewares/ST/STM32_USB_Device_Library/Core/Src/usbd_ctlreq.c ****                 }
 2177              		.loc 1 320 19 is_stmt 1 view .LVU675
ARM GAS  C:\Users\Domagoj\AppData\Local\Temp\ccZJCFTU.s 			page 76


 320:Middlewares/ST/STM32_USB_Device_Library/Core/Src/usbd_ctlreq.c ****                 }
 2178              		.loc 1 320 25 is_stmt 0 view .LVU676
 2179 0142 3900     		movs	r1, r7
 2180              	.LVL289:
 320:Middlewares/ST/STM32_USB_Device_Library/Core/Src/usbd_ctlreq.c ****                 }
 2181              		.loc 1 320 25 view .LVU677
 2182 0144 FFF7FEFF 		bl	USBD_LL_ClearStallEP
 2183              	.LVL290:
 320:Middlewares/ST/STM32_USB_Device_Library/Core/Src/usbd_ctlreq.c ****                 }
 2184              		.loc 1 320 25 view .LVU678
 2185 0148 E1E7     		b	.L136
 2186              	.LVL291:
 2187              	.L125:
 345:Middlewares/ST/STM32_USB_Device_Library/Core/Src/usbd_ctlreq.c ****           {
 2188              		.loc 1 345 11 is_stmt 1 view .LVU679
 345:Middlewares/ST/STM32_USB_Device_Library/Core/Src/usbd_ctlreq.c ****           {
 2189              		.loc 1 345 23 is_stmt 0 view .LVU680
 2190 014a A723     		movs	r3, #167
 2191 014c 9B00     		lsls	r3, r3, #2
 2192 014e C35C     		ldrb	r3, [r0, r3]
 2193 0150 D9B2     		uxtb	r1, r3
 2194              	.LVL292:
 345:Middlewares/ST/STM32_USB_Device_Library/Core/Src/usbd_ctlreq.c ****           {
 2195              		.loc 1 345 11 view .LVU681
 2196 0152 022B     		cmp	r3, #2
 2197 0154 06D0     		beq	.L137
 2198 0156 0329     		cmp	r1, #3
 2199 0158 29D0     		beq	.L138
 399:Middlewares/ST/STM32_USB_Device_Library/Core/Src/usbd_ctlreq.c ****               break;
 2200              		.loc 1 399 15 is_stmt 1 view .LVU682
 2201 015a 2900     		movs	r1, r5
 2202 015c FFF7FEFF 		bl	USBD_CtlError
 2203              	.LVL293:
 400:Middlewares/ST/STM32_USB_Device_Library/Core/Src/usbd_ctlreq.c ****           }
 2204              		.loc 1 400 15 view .LVU683
 242:Middlewares/ST/STM32_USB_Device_Library/Core/Src/usbd_ctlreq.c **** 
 2205              		.loc 1 242 22 is_stmt 0 view .LVU684
 2206 0160 4446     		mov	r4, r8
 400:Middlewares/ST/STM32_USB_Device_Library/Core/Src/usbd_ctlreq.c ****           }
 2207              		.loc 1 400 15 view .LVU685
 2208 0162 60E7     		b	.L122
 2209              	.LVL294:
 2210              	.L137:
 348:Middlewares/ST/STM32_USB_Device_Library/Core/Src/usbd_ctlreq.c ****               {
 2211              		.loc 1 348 15 is_stmt 1 view .LVU686
 348:Middlewares/ST/STM32_USB_Device_Library/Core/Src/usbd_ctlreq.c ****               {
 2212              		.loc 1 348 18 is_stmt 0 view .LVU687
 2213 0164 002F     		cmp	r7, #0
 2214 0166 01D0     		beq	.L140
 348:Middlewares/ST/STM32_USB_Device_Library/Core/Src/usbd_ctlreq.c ****               {
 2215              		.loc 1 348 38 discriminator 1 view .LVU688
 2216 0168 802F     		cmp	r7, #128
 2217 016a 12D1     		bne	.L163
 2218              	.L140:
 353:Middlewares/ST/STM32_USB_Device_Library/Core/Src/usbd_ctlreq.c ****                     &pdev->ep_out[ep_addr & 0x7FU];
 2219              		.loc 1 353 15 is_stmt 1 view .LVU689
 353:Middlewares/ST/STM32_USB_Device_Library/Core/Src/usbd_ctlreq.c ****                     &pdev->ep_out[ep_addr & 0x7FU];
ARM GAS  C:\Users\Domagoj\AppData\Local\Temp\ccZJCFTU.s 			page 77


 2220              		.loc 1 353 82 is_stmt 0 view .LVU690
 2221 016c 1206     		lsls	r2, r2, #24
 2222 016e 15D4     		bmi	.L164
 354:Middlewares/ST/STM32_USB_Device_Library/Core/Src/usbd_ctlreq.c **** 
 2223              		.loc 1 354 43 view .LVU691
 2224 0170 7F23     		movs	r3, #127
 2225 0172 3B40     		ands	r3, r7
 353:Middlewares/ST/STM32_USB_Device_Library/Core/Src/usbd_ctlreq.c ****                     &pdev->ep_out[ep_addr & 0x7FU];
 2226              		.loc 1 353 82 discriminator 2 view .LVU692
 2227 0174 9900     		lsls	r1, r3, #2
 2228 0176 C918     		adds	r1, r1, r3
 2229 0178 8900     		lsls	r1, r1, #2
 2230 017a 5131     		adds	r1, r1, #81
 2231 017c FF31     		adds	r1, r1, #255
 2232 017e 7118     		adds	r1, r6, r1
 2233 0180 0431     		adds	r1, r1, #4
 2234              	.L142:
 2235              	.LVL295:
 356:Middlewares/ST/STM32_USB_Device_Library/Core/Src/usbd_ctlreq.c **** 
 2236              		.loc 1 356 15 is_stmt 1 view .LVU693
 356:Middlewares/ST/STM32_USB_Device_Library/Core/Src/usbd_ctlreq.c **** 
 2237              		.loc 1 356 27 is_stmt 0 view .LVU694
 2238 0182 0023     		movs	r3, #0
 2239 0184 0B60     		str	r3, [r1]
 358:Middlewares/ST/STM32_USB_Device_Library/Core/Src/usbd_ctlreq.c ****               break;
 2240              		.loc 1 358 15 is_stmt 1 view .LVU695
 358:Middlewares/ST/STM32_USB_Device_Library/Core/Src/usbd_ctlreq.c ****               break;
 2241              		.loc 1 358 21 is_stmt 0 view .LVU696
 2242 0186 0222     		movs	r2, #2
 2243 0188 3000     		movs	r0, r6
 2244              	.LVL296:
 358:Middlewares/ST/STM32_USB_Device_Library/Core/Src/usbd_ctlreq.c ****               break;
 2245              		.loc 1 358 21 view .LVU697
 2246 018a FFF7FEFF 		bl	USBD_CtlSendData
 2247              	.LVL297:
 359:Middlewares/ST/STM32_USB_Device_Library/Core/Src/usbd_ctlreq.c **** 
 2248              		.loc 1 359 15 is_stmt 1 view .LVU698
 242:Middlewares/ST/STM32_USB_Device_Library/Core/Src/usbd_ctlreq.c **** 
 2249              		.loc 1 242 22 is_stmt 0 view .LVU699
 2250 018e 4446     		mov	r4, r8
 359:Middlewares/ST/STM32_USB_Device_Library/Core/Src/usbd_ctlreq.c **** 
 2251              		.loc 1 359 15 view .LVU700
 2252 0190 49E7     		b	.L122
 2253              	.LVL298:
 2254              	.L163:
 350:Middlewares/ST/STM32_USB_Device_Library/Core/Src/usbd_ctlreq.c ****                 break;
 2255              		.loc 1 350 17 is_stmt 1 view .LVU701
 2256 0192 2900     		movs	r1, r5
 2257 0194 FFF7FEFF 		bl	USBD_CtlError
 2258              	.LVL299:
 351:Middlewares/ST/STM32_USB_Device_Library/Core/Src/usbd_ctlreq.c ****               }
 2259              		.loc 1 351 17 view .LVU702
 242:Middlewares/ST/STM32_USB_Device_Library/Core/Src/usbd_ctlreq.c **** 
 2260              		.loc 1 242 22 is_stmt 0 view .LVU703
 2261 0198 4446     		mov	r4, r8
 351:Middlewares/ST/STM32_USB_Device_Library/Core/Src/usbd_ctlreq.c ****               }
 2262              		.loc 1 351 17 view .LVU704
ARM GAS  C:\Users\Domagoj\AppData\Local\Temp\ccZJCFTU.s 			page 78


 2263 019a 44E7     		b	.L122
 2264              	.LVL300:
 2265              	.L164:
 353:Middlewares/ST/STM32_USB_Device_Library/Core/Src/usbd_ctlreq.c ****                     &pdev->ep_out[ep_addr & 0x7FU];
 2266              		.loc 1 353 73 discriminator 1 view .LVU705
 2267 019c 7F23     		movs	r3, #127
 2268 019e 3B40     		ands	r3, r7
 353:Middlewares/ST/STM32_USB_Device_Library/Core/Src/usbd_ctlreq.c ****                     &pdev->ep_out[ep_addr & 0x7FU];
 2269              		.loc 1 353 82 discriminator 1 view .LVU706
 2270 01a0 9900     		lsls	r1, r3, #2
 2271 01a2 C918     		adds	r1, r1, r3
 2272 01a4 8900     		lsls	r1, r1, #2
 2273 01a6 1031     		adds	r1, r1, #16
 2274 01a8 7118     		adds	r1, r6, r1
 2275 01aa 0431     		adds	r1, r1, #4
 2276 01ac E9E7     		b	.L142
 2277              	.L138:
 362:Middlewares/ST/STM32_USB_Device_Library/Core/Src/usbd_ctlreq.c ****               {
 2278              		.loc 1 362 15 is_stmt 1 view .LVU707
 362:Middlewares/ST/STM32_USB_Device_Library/Core/Src/usbd_ctlreq.c ****               {
 2279              		.loc 1 362 37 is_stmt 0 view .LVU708
 2280 01ae 51B2     		sxtb	r1, r2
 362:Middlewares/ST/STM32_USB_Device_Library/Core/Src/usbd_ctlreq.c ****               {
 2281              		.loc 1 362 18 view .LVU709
 2282 01b0 1206     		lsls	r2, r2, #24
 2283 01b2 22D4     		bmi	.L165
 372:Middlewares/ST/STM32_USB_Device_Library/Core/Src/usbd_ctlreq.c ****                 {
 2284              		.loc 1 372 17 is_stmt 1 view .LVU710
 372:Middlewares/ST/STM32_USB_Device_Library/Core/Src/usbd_ctlreq.c ****                 {
 2285              		.loc 1 372 42 is_stmt 0 view .LVU711
 2286 01b4 0F22     		movs	r2, #15
 2287 01b6 3A40     		ands	r2, r7
 372:Middlewares/ST/STM32_USB_Device_Library/Core/Src/usbd_ctlreq.c ****                 {
 2288              		.loc 1 372 49 view .LVU712
 2289 01b8 9300     		lsls	r3, r2, #2
 2290 01ba 9B18     		adds	r3, r3, r2
 2291 01bc 9B00     		lsls	r3, r3, #2
 2292 01be C318     		adds	r3, r0, r3
 2293 01c0 6533     		adds	r3, r3, #101
 2294 01c2 FF33     		adds	r3, r3, #255
 2295 01c4 1B88     		ldrh	r3, [r3]
 372:Middlewares/ST/STM32_USB_Device_Library/Core/Src/usbd_ctlreq.c ****                 {
 2296              		.loc 1 372 20 view .LVU713
 2297 01c6 002B     		cmp	r3, #0
 2298 01c8 25D0     		beq	.L166
 2299              	.L144:
 379:Middlewares/ST/STM32_USB_Device_Library/Core/Src/usbd_ctlreq.c ****                     &pdev->ep_out[ep_addr & 0x7FU];
 2300              		.loc 1 379 15 is_stmt 1 view .LVU714
 379:Middlewares/ST/STM32_USB_Device_Library/Core/Src/usbd_ctlreq.c ****                     &pdev->ep_out[ep_addr & 0x7FU];
 2301              		.loc 1 379 82 is_stmt 0 view .LVU715
 2302 01ca 0029     		cmp	r1, #0
 2303 01cc 28DB     		blt	.L167
 380:Middlewares/ST/STM32_USB_Device_Library/Core/Src/usbd_ctlreq.c **** 
 2304              		.loc 1 380 43 view .LVU716
 2305 01ce 7F23     		movs	r3, #127
 2306 01d0 3B40     		ands	r3, r7
 379:Middlewares/ST/STM32_USB_Device_Library/Core/Src/usbd_ctlreq.c ****                     &pdev->ep_out[ep_addr & 0x7FU];
ARM GAS  C:\Users\Domagoj\AppData\Local\Temp\ccZJCFTU.s 			page 79


 2307              		.loc 1 379 82 discriminator 2 view .LVU717
 2308 01d2 9C00     		lsls	r4, r3, #2
 2309 01d4 E418     		adds	r4, r4, r3
 2310 01d6 A400     		lsls	r4, r4, #2
 2311 01d8 5134     		adds	r4, r4, #81
 2312 01da FF34     		adds	r4, r4, #255
 2313 01dc 3419     		adds	r4, r6, r4
 2314 01de 0434     		adds	r4, r4, #4
 2315              	.L146:
 2316              	.LVL301:
 382:Middlewares/ST/STM32_USB_Device_Library/Core/Src/usbd_ctlreq.c ****               {
 2317              		.loc 1 382 15 is_stmt 1 view .LVU718
 382:Middlewares/ST/STM32_USB_Device_Library/Core/Src/usbd_ctlreq.c ****               {
 2318              		.loc 1 382 18 is_stmt 0 view .LVU719
 2319 01e0 002F     		cmp	r7, #0
 2320 01e2 01D0     		beq	.L147
 382:Middlewares/ST/STM32_USB_Device_Library/Core/Src/usbd_ctlreq.c ****               {
 2321              		.loc 1 382 38 discriminator 1 view .LVU720
 2322 01e4 802F     		cmp	r7, #128
 2323 01e6 24D1     		bne	.L148
 2324              	.L147:
 384:Middlewares/ST/STM32_USB_Device_Library/Core/Src/usbd_ctlreq.c ****               }
 2325              		.loc 1 384 17 is_stmt 1 view .LVU721
 384:Middlewares/ST/STM32_USB_Device_Library/Core/Src/usbd_ctlreq.c ****               }
 2326              		.loc 1 384 29 is_stmt 0 view .LVU722
 2327 01e8 0023     		movs	r3, #0
 2328 01ea 2360     		str	r3, [r4]
 2329              	.LVL302:
 2330              	.L149:
 395:Middlewares/ST/STM32_USB_Device_Library/Core/Src/usbd_ctlreq.c ****               break;
 2331              		.loc 1 395 15 is_stmt 1 view .LVU723
 395:Middlewares/ST/STM32_USB_Device_Library/Core/Src/usbd_ctlreq.c ****               break;
 2332              		.loc 1 395 21 is_stmt 0 view .LVU724
 2333 01ec 0222     		movs	r2, #2
 2334 01ee 2100     		movs	r1, r4
 2335 01f0 3000     		movs	r0, r6
 2336 01f2 FFF7FEFF 		bl	USBD_CtlSendData
 2337              	.LVL303:
 396:Middlewares/ST/STM32_USB_Device_Library/Core/Src/usbd_ctlreq.c **** 
 2338              		.loc 1 396 15 is_stmt 1 view .LVU725
 242:Middlewares/ST/STM32_USB_Device_Library/Core/Src/usbd_ctlreq.c **** 
 2339              		.loc 1 242 22 is_stmt 0 view .LVU726
 2340 01f6 4446     		mov	r4, r8
 2341              	.LVL304:
 396:Middlewares/ST/STM32_USB_Device_Library/Core/Src/usbd_ctlreq.c **** 
 2342              		.loc 1 396 15 view .LVU727
 2343 01f8 15E7     		b	.L122
 2344              	.LVL305:
 2345              	.L165:
 364:Middlewares/ST/STM32_USB_Device_Library/Core/Src/usbd_ctlreq.c ****                 {
 2346              		.loc 1 364 17 is_stmt 1 view .LVU728
 364:Middlewares/ST/STM32_USB_Device_Library/Core/Src/usbd_ctlreq.c ****                 {
 2347              		.loc 1 364 41 is_stmt 0 view .LVU729
 2348 01fa 0F22     		movs	r2, #15
 2349 01fc 3A40     		ands	r2, r7
 364:Middlewares/ST/STM32_USB_Device_Library/Core/Src/usbd_ctlreq.c ****                 {
 2350              		.loc 1 364 48 view .LVU730
ARM GAS  C:\Users\Domagoj\AppData\Local\Temp\ccZJCFTU.s 			page 80


 2351 01fe 9300     		lsls	r3, r2, #2
 2352 0200 9B18     		adds	r3, r3, r2
 2353 0202 9B00     		lsls	r3, r3, #2
 2354 0204 C318     		adds	r3, r0, r3
 2355 0206 9B8C     		ldrh	r3, [r3, #36]
 364:Middlewares/ST/STM32_USB_Device_Library/Core/Src/usbd_ctlreq.c ****                 {
 2356              		.loc 1 364 20 view .LVU731
 2357 0208 002B     		cmp	r3, #0
 2358 020a DED1     		bne	.L144
 366:Middlewares/ST/STM32_USB_Device_Library/Core/Src/usbd_ctlreq.c ****                   break;
 2359              		.loc 1 366 19 is_stmt 1 view .LVU732
 2360 020c 2900     		movs	r1, r5
 2361 020e FFF7FEFF 		bl	USBD_CtlError
 2362              	.LVL306:
 367:Middlewares/ST/STM32_USB_Device_Library/Core/Src/usbd_ctlreq.c ****                 }
 2363              		.loc 1 367 19 view .LVU733
 242:Middlewares/ST/STM32_USB_Device_Library/Core/Src/usbd_ctlreq.c **** 
 2364              		.loc 1 242 22 is_stmt 0 view .LVU734
 2365 0212 4446     		mov	r4, r8
 367:Middlewares/ST/STM32_USB_Device_Library/Core/Src/usbd_ctlreq.c ****                 }
 2366              		.loc 1 367 19 view .LVU735
 2367 0214 07E7     		b	.L122
 2368              	.LVL307:
 2369              	.L166:
 374:Middlewares/ST/STM32_USB_Device_Library/Core/Src/usbd_ctlreq.c ****                   break;
 2370              		.loc 1 374 19 is_stmt 1 view .LVU736
 2371 0216 2900     		movs	r1, r5
 2372 0218 FFF7FEFF 		bl	USBD_CtlError
 2373              	.LVL308:
 375:Middlewares/ST/STM32_USB_Device_Library/Core/Src/usbd_ctlreq.c ****                 }
 2374              		.loc 1 375 19 view .LVU737
 242:Middlewares/ST/STM32_USB_Device_Library/Core/Src/usbd_ctlreq.c **** 
 2375              		.loc 1 242 22 is_stmt 0 view .LVU738
 2376 021c 4446     		mov	r4, r8
 375:Middlewares/ST/STM32_USB_Device_Library/Core/Src/usbd_ctlreq.c ****                 }
 2377              		.loc 1 375 19 view .LVU739
 2378 021e 02E7     		b	.L122
 2379              	.LVL309:
 2380              	.L167:
 379:Middlewares/ST/STM32_USB_Device_Library/Core/Src/usbd_ctlreq.c ****                     &pdev->ep_out[ep_addr & 0x7FU];
 2381              		.loc 1 379 73 discriminator 1 view .LVU740
 2382 0220 7F23     		movs	r3, #127
 2383 0222 3B40     		ands	r3, r7
 379:Middlewares/ST/STM32_USB_Device_Library/Core/Src/usbd_ctlreq.c ****                     &pdev->ep_out[ep_addr & 0x7FU];
 2384              		.loc 1 379 82 discriminator 1 view .LVU741
 2385 0224 9C00     		lsls	r4, r3, #2
 2386 0226 E418     		adds	r4, r4, r3
 2387 0228 A400     		lsls	r4, r4, #2
 2388 022a 1034     		adds	r4, r4, #16
 2389 022c 3419     		adds	r4, r6, r4
 2390 022e 0434     		adds	r4, r4, #4
 2391 0230 D6E7     		b	.L146
 2392              	.LVL310:
 2393              	.L148:
 386:Middlewares/ST/STM32_USB_Device_Library/Core/Src/usbd_ctlreq.c ****               {
 2394              		.loc 1 386 20 is_stmt 1 view .LVU742
 386:Middlewares/ST/STM32_USB_Device_Library/Core/Src/usbd_ctlreq.c ****               {
ARM GAS  C:\Users\Domagoj\AppData\Local\Temp\ccZJCFTU.s 			page 81


 2395              		.loc 1 386 24 is_stmt 0 view .LVU743
 2396 0232 3900     		movs	r1, r7
 2397 0234 3000     		movs	r0, r6
 2398              	.LVL311:
 386:Middlewares/ST/STM32_USB_Device_Library/Core/Src/usbd_ctlreq.c ****               {
 2399              		.loc 1 386 24 view .LVU744
 2400 0236 FFF7FEFF 		bl	USBD_LL_IsStallEP
 2401              	.LVL312:
 386:Middlewares/ST/STM32_USB_Device_Library/Core/Src/usbd_ctlreq.c ****               {
 2402              		.loc 1 386 23 discriminator 1 view .LVU745
 2403 023a 0028     		cmp	r0, #0
 2404 023c 02D0     		beq	.L150
 388:Middlewares/ST/STM32_USB_Device_Library/Core/Src/usbd_ctlreq.c ****               }
 2405              		.loc 1 388 17 is_stmt 1 view .LVU746
 388:Middlewares/ST/STM32_USB_Device_Library/Core/Src/usbd_ctlreq.c ****               }
 2406              		.loc 1 388 29 is_stmt 0 view .LVU747
 2407 023e 0123     		movs	r3, #1
 2408 0240 2360     		str	r3, [r4]
 2409 0242 D3E7     		b	.L149
 2410              	.L150:
 392:Middlewares/ST/STM32_USB_Device_Library/Core/Src/usbd_ctlreq.c ****               }
 2411              		.loc 1 392 17 is_stmt 1 view .LVU748
 392:Middlewares/ST/STM32_USB_Device_Library/Core/Src/usbd_ctlreq.c ****               }
 2412              		.loc 1 392 29 is_stmt 0 view .LVU749
 2413 0244 0023     		movs	r3, #0
 2414 0246 2360     		str	r3, [r4]
 2415 0248 D0E7     		b	.L149
 2416              	.LVL313:
 2417              	.L151:
 242:Middlewares/ST/STM32_USB_Device_Library/Core/Src/usbd_ctlreq.c **** 
 2418              		.loc 1 242 22 view .LVU750
 2419 024a 0024     		movs	r4, #0
 2420 024c EBE6     		b	.L122
 2421              	.L152:
 242:Middlewares/ST/STM32_USB_Device_Library/Core/Src/usbd_ctlreq.c **** 
 2422              		.loc 1 242 22 view .LVU751
 2423 024e 0400     		movs	r4, r0
 2424 0250 E9E6     		b	.L122
 2425              		.cfi_endproc
 2426              	.LFE372:
 2428              		.section	.text.USBD_GetString,"ax",%progbits
 2429              		.align	1
 2430              		.global	USBD_GetString
 2431              		.syntax unified
 2432              		.code	16
 2433              		.thumb_func
 2435              	USBD_GetString:
 2436              	.LVL314:
 2437              	.LFB382:
 995:Middlewares/ST/STM32_USB_Device_Library/Core/Src/usbd_ctlreq.c ****   uint8_t idx = 0U;
 2438              		.loc 1 995 1 is_stmt 1 view -0
 2439              		.cfi_startproc
 2440              		@ args = 0, pretend = 0, frame = 0
 2441              		@ frame_needed = 0, uses_anonymous_args = 0
 995:Middlewares/ST/STM32_USB_Device_Library/Core/Src/usbd_ctlreq.c ****   uint8_t idx = 0U;
 2442              		.loc 1 995 1 is_stmt 0 view .LVU753
 2443 0000 70B5     		push	{r4, r5, r6, lr}
ARM GAS  C:\Users\Domagoj\AppData\Local\Temp\ccZJCFTU.s 			page 82


 2444              	.LCFI13:
 2445              		.cfi_def_cfa_offset 16
 2446              		.cfi_offset 4, -16
 2447              		.cfi_offset 5, -12
 2448              		.cfi_offset 6, -8
 2449              		.cfi_offset 14, -4
 2450 0002 0400     		movs	r4, r0
 2451 0004 0D00     		movs	r5, r1
 2452 0006 1600     		movs	r6, r2
 996:Middlewares/ST/STM32_USB_Device_Library/Core/Src/usbd_ctlreq.c ****   uint8_t *pdesc;
 2453              		.loc 1 996 3 is_stmt 1 view .LVU754
 2454              	.LVL315:
 997:Middlewares/ST/STM32_USB_Device_Library/Core/Src/usbd_ctlreq.c **** 
 2455              		.loc 1 997 3 view .LVU755
 999:Middlewares/ST/STM32_USB_Device_Library/Core/Src/usbd_ctlreq.c ****   {
 2456              		.loc 1 999 3 view .LVU756
 999:Middlewares/ST/STM32_USB_Device_Library/Core/Src/usbd_ctlreq.c ****   {
 2457              		.loc 1 999 6 is_stmt 0 view .LVU757
 2458 0008 0028     		cmp	r0, #0
 2459 000a 16D0     		beq	.L168
1004:Middlewares/ST/STM32_USB_Device_Library/Core/Src/usbd_ctlreq.c ****   *len = ((uint16_t)USBD_GetLen(pdesc) * 2U) + 2U;
 2460              		.loc 1 1004 3 is_stmt 1 view .LVU758
 2461              	.LVL316:
1005:Middlewares/ST/STM32_USB_Device_Library/Core/Src/usbd_ctlreq.c **** 
 2462              		.loc 1 1005 3 view .LVU759
1005:Middlewares/ST/STM32_USB_Device_Library/Core/Src/usbd_ctlreq.c **** 
 2463              		.loc 1 1005 21 is_stmt 0 view .LVU760
 2464 000c FFF7FEFF 		bl	USBD_GetLen
 2465              	.LVL317:
1005:Middlewares/ST/STM32_USB_Device_Library/Core/Src/usbd_ctlreq.c **** 
 2466              		.loc 1 1005 46 discriminator 1 view .LVU761
 2467 0010 0130     		adds	r0, r0, #1
1005:Middlewares/ST/STM32_USB_Device_Library/Core/Src/usbd_ctlreq.c **** 
 2468              		.loc 1 1005 8 discriminator 1 view .LVU762
 2469 0012 4300     		lsls	r3, r0, #1
 2470 0014 9BB2     		uxth	r3, r3
 2471 0016 3380     		strh	r3, [r6]
1007:Middlewares/ST/STM32_USB_Device_Library/Core/Src/usbd_ctlreq.c ****   idx++;
 2472              		.loc 1 1007 3 is_stmt 1 view .LVU763
1007:Middlewares/ST/STM32_USB_Device_Library/Core/Src/usbd_ctlreq.c ****   idx++;
 2473              		.loc 1 1007 16 is_stmt 0 view .LVU764
 2474 0018 2B70     		strb	r3, [r5]
1008:Middlewares/ST/STM32_USB_Device_Library/Core/Src/usbd_ctlreq.c ****   unicode[idx] = USB_DESC_TYPE_STRING;
 2475              		.loc 1 1008 3 is_stmt 1 view .LVU765
 2476              	.LVL318:
1009:Middlewares/ST/STM32_USB_Device_Library/Core/Src/usbd_ctlreq.c ****   idx++;
 2477              		.loc 1 1009 3 view .LVU766
1009:Middlewares/ST/STM32_USB_Device_Library/Core/Src/usbd_ctlreq.c ****   idx++;
 2478              		.loc 1 1009 16 is_stmt 0 view .LVU767
 2479 001a 0323     		movs	r3, #3
 2480 001c 6B70     		strb	r3, [r5, #1]
1010:Middlewares/ST/STM32_USB_Device_Library/Core/Src/usbd_ctlreq.c **** 
 2481              		.loc 1 1010 3 is_stmt 1 view .LVU768
 2482              	.LVL319:
1012:Middlewares/ST/STM32_USB_Device_Library/Core/Src/usbd_ctlreq.c ****   {
 2483              		.loc 1 1012 3 view .LVU769
1010:Middlewares/ST/STM32_USB_Device_Library/Core/Src/usbd_ctlreq.c **** 
ARM GAS  C:\Users\Domagoj\AppData\Local\Temp\ccZJCFTU.s 			page 83


 2484              		.loc 1 1010 6 is_stmt 0 view .LVU770
 2485 001e 013B     		subs	r3, r3, #1
1012:Middlewares/ST/STM32_USB_Device_Library/Core/Src/usbd_ctlreq.c ****   {
 2486              		.loc 1 1012 9 view .LVU771
 2487 0020 08E0     		b	.L170
 2488              	.LVL320:
 2489              	.L171:
1014:Middlewares/ST/STM32_USB_Device_Library/Core/Src/usbd_ctlreq.c ****     pdesc++;
 2490              		.loc 1 1014 5 is_stmt 1 view .LVU772
1014:Middlewares/ST/STM32_USB_Device_Library/Core/Src/usbd_ctlreq.c ****     pdesc++;
 2491              		.loc 1 1014 18 is_stmt 0 view .LVU773
 2492 0022 EA54     		strb	r2, [r5, r3]
1015:Middlewares/ST/STM32_USB_Device_Library/Core/Src/usbd_ctlreq.c ****     idx++;
 2493              		.loc 1 1015 5 is_stmt 1 view .LVU774
1015:Middlewares/ST/STM32_USB_Device_Library/Core/Src/usbd_ctlreq.c ****     idx++;
 2494              		.loc 1 1015 10 is_stmt 0 view .LVU775
 2495 0024 0134     		adds	r4, r4, #1
 2496              	.LVL321:
1016:Middlewares/ST/STM32_USB_Device_Library/Core/Src/usbd_ctlreq.c **** 
 2497              		.loc 1 1016 5 is_stmt 1 view .LVU776
1016:Middlewares/ST/STM32_USB_Device_Library/Core/Src/usbd_ctlreq.c **** 
 2498              		.loc 1 1016 8 is_stmt 0 view .LVU777
 2499 0026 5A1C     		adds	r2, r3, #1
 2500 0028 D2B2     		uxtb	r2, r2
 2501              	.LVL322:
1018:Middlewares/ST/STM32_USB_Device_Library/Core/Src/usbd_ctlreq.c ****     idx++;
 2502              		.loc 1 1018 5 is_stmt 1 view .LVU778
1018:Middlewares/ST/STM32_USB_Device_Library/Core/Src/usbd_ctlreq.c ****     idx++;
 2503              		.loc 1 1018 12 is_stmt 0 view .LVU779
 2504 002a AA18     		adds	r2, r5, r2
 2505              	.LVL323:
1018:Middlewares/ST/STM32_USB_Device_Library/Core/Src/usbd_ctlreq.c ****     idx++;
 2506              		.loc 1 1018 18 view .LVU780
 2507 002c 0021     		movs	r1, #0
 2508 002e 1170     		strb	r1, [r2]
1019:Middlewares/ST/STM32_USB_Device_Library/Core/Src/usbd_ctlreq.c ****   }
 2509              		.loc 1 1019 5 is_stmt 1 view .LVU781
1019:Middlewares/ST/STM32_USB_Device_Library/Core/Src/usbd_ctlreq.c ****   }
 2510              		.loc 1 1019 8 is_stmt 0 view .LVU782
 2511 0030 0233     		adds	r3, r3, #2
 2512              	.LVL324:
1019:Middlewares/ST/STM32_USB_Device_Library/Core/Src/usbd_ctlreq.c ****   }
 2513              		.loc 1 1019 8 view .LVU783
 2514 0032 DBB2     		uxtb	r3, r3
 2515              	.LVL325:
 2516              	.L170:
1012:Middlewares/ST/STM32_USB_Device_Library/Core/Src/usbd_ctlreq.c ****   {
 2517              		.loc 1 1012 17 is_stmt 1 view .LVU784
1012:Middlewares/ST/STM32_USB_Device_Library/Core/Src/usbd_ctlreq.c ****   {
 2518              		.loc 1 1012 10 is_stmt 0 view .LVU785
 2519 0034 2278     		ldrb	r2, [r4]
1012:Middlewares/ST/STM32_USB_Device_Library/Core/Src/usbd_ctlreq.c ****   {
 2520              		.loc 1 1012 17 view .LVU786
 2521 0036 002A     		cmp	r2, #0
 2522 0038 F3D1     		bne	.L171
 2523              	.LVL326:
 2524              	.L168:
ARM GAS  C:\Users\Domagoj\AppData\Local\Temp\ccZJCFTU.s 			page 84


1021:Middlewares/ST/STM32_USB_Device_Library/Core/Src/usbd_ctlreq.c **** 
 2525              		.loc 1 1021 1 view .LVU787
 2526              		@ sp needed
 2527              	.LVL327:
 2528              	.LVL328:
1021:Middlewares/ST/STM32_USB_Device_Library/Core/Src/usbd_ctlreq.c **** 
 2529              		.loc 1 1021 1 view .LVU788
 2530 003a 70BD     		pop	{r4, r5, r6, pc}
 2531              		.cfi_endproc
 2532              	.LFE382:
 2534              		.section	.bss.cfgidx.0,"aw",%nobits
 2537              	cfgidx.0:
 2538 0000 00       		.space	1
 2539              		.text
 2540              	.Letext0:
 2541              		.file 3 "C:\\ST\\STM32CubeIDE_2.2.0\\STM32CubeIDE\\plugins\\com.st.stm32cube.ide.mcu.externaltools
 2542              		.file 4 "C:\\ST\\STM32CubeIDE_2.2.0\\STM32CubeIDE\\plugins\\com.st.stm32cube.ide.mcu.externaltools
 2543              		.file 5 "Middlewares/ST/STM32_USB_Device_Library/Core/Inc/usbd_core.h"
 2544              		.file 6 "Middlewares/ST/STM32_USB_Device_Library/Core/Inc/usbd_ioreq.h"
 2545              		.file 7 "Drivers/STM32G0xx_HAL_Driver/Inc/stm32g0xx_ll_dma.h"
ARM GAS  C:\Users\Domagoj\AppData\Local\Temp\ccZJCFTU.s 			page 85


DEFINED SYMBOLS
                            *ABS*:00000000 usbd_ctlreq.c
C:\Users\Domagoj\AppData\Local\Temp\ccZJCFTU.s:19     .text.USBD_GetLen:00000000 $t
C:\Users\Domagoj\AppData\Local\Temp\ccZJCFTU.s:24     .text.USBD_GetLen:00000000 USBD_GetLen
C:\Users\Domagoj\AppData\Local\Temp\ccZJCFTU.s:71     .text.USBD_ParseSetupRequest:00000000 $t
C:\Users\Domagoj\AppData\Local\Temp\ccZJCFTU.s:77     .text.USBD_ParseSetupRequest:00000000 USBD_ParseSetupRequest
C:\Users\Domagoj\AppData\Local\Temp\ccZJCFTU.s:205    .text.USBD_CtlError:00000000 $t
C:\Users\Domagoj\AppData\Local\Temp\ccZJCFTU.s:211    .text.USBD_CtlError:00000000 USBD_CtlError
C:\Users\Domagoj\AppData\Local\Temp\ccZJCFTU.s:248    .text.USBD_GetDescriptor:00000000 $t
C:\Users\Domagoj\AppData\Local\Temp\ccZJCFTU.s:253    .text.USBD_GetDescriptor:00000000 USBD_GetDescriptor
C:\Users\Domagoj\AppData\Local\Temp\ccZJCFTU.s:297    .rodata.USBD_GetDescriptor:00000000 $d
C:\Users\Domagoj\AppData\Local\Temp\ccZJCFTU.s:817    .text.USBD_GetDescriptor:000001e8 $d
C:\Users\Domagoj\AppData\Local\Temp\ccZJCFTU.s:823    .text.USBD_SetAddress:00000000 $t
C:\Users\Domagoj\AppData\Local\Temp\ccZJCFTU.s:828    .text.USBD_SetAddress:00000000 USBD_SetAddress
C:\Users\Domagoj\AppData\Local\Temp\ccZJCFTU.s:933    .text.USBD_SetAddress:0000005c $d
C:\Users\Domagoj\AppData\Local\Temp\ccZJCFTU.s:938    .text.USBD_SetConfig:00000000 $t
C:\Users\Domagoj\AppData\Local\Temp\ccZJCFTU.s:943    .text.USBD_SetConfig:00000000 USBD_SetConfig
C:\Users\Domagoj\AppData\Local\Temp\ccZJCFTU.s:1175   .text.USBD_SetConfig:000000d8 $d
C:\Users\Domagoj\AppData\Local\Temp\ccZJCFTU.s:2537   .bss.cfgidx.0:00000000 cfgidx.0
C:\Users\Domagoj\AppData\Local\Temp\ccZJCFTU.s:1180   .text.USBD_GetConfig:00000000 $t
C:\Users\Domagoj\AppData\Local\Temp\ccZJCFTU.s:1185   .text.USBD_GetConfig:00000000 USBD_GetConfig
C:\Users\Domagoj\AppData\Local\Temp\ccZJCFTU.s:1267   .text.USBD_GetStatus:00000000 $t
C:\Users\Domagoj\AppData\Local\Temp\ccZJCFTU.s:1272   .text.USBD_GetStatus:00000000 USBD_GetStatus
C:\Users\Domagoj\AppData\Local\Temp\ccZJCFTU.s:1351   .text.USBD_SetFeature:00000000 $t
C:\Users\Domagoj\AppData\Local\Temp\ccZJCFTU.s:1356   .text.USBD_SetFeature:00000000 USBD_SetFeature
C:\Users\Domagoj\AppData\Local\Temp\ccZJCFTU.s:1421   .text.USBD_ClrFeature:00000000 $t
C:\Users\Domagoj\AppData\Local\Temp\ccZJCFTU.s:1426   .text.USBD_ClrFeature:00000000 USBD_ClrFeature
C:\Users\Domagoj\AppData\Local\Temp\ccZJCFTU.s:1485   .text.USBD_StdDevReq:00000000 $t
C:\Users\Domagoj\AppData\Local\Temp\ccZJCFTU.s:1491   .text.USBD_StdDevReq:00000000 USBD_StdDevReq
C:\Users\Domagoj\AppData\Local\Temp\ccZJCFTU.s:1569   .rodata.USBD_StdDevReq:00000000 $d
C:\Users\Domagoj\AppData\Local\Temp\ccZJCFTU.s:1647   .text.USBD_StdDevReq:00000074 $d
C:\Users\Domagoj\AppData\Local\Temp\ccZJCFTU.s:1652   .text.USBD_StdItfReq:00000000 $t
C:\Users\Domagoj\AppData\Local\Temp\ccZJCFTU.s:1658   .text.USBD_StdItfReq:00000000 USBD_StdItfReq
C:\Users\Domagoj\AppData\Local\Temp\ccZJCFTU.s:1825   .text.USBD_StdEPReq:00000000 $t
C:\Users\Domagoj\AppData\Local\Temp\ccZJCFTU.s:1831   .text.USBD_StdEPReq:00000000 USBD_StdEPReq
C:\Users\Domagoj\AppData\Local\Temp\ccZJCFTU.s:2429   .text.USBD_GetString:00000000 $t
C:\Users\Domagoj\AppData\Local\Temp\ccZJCFTU.s:2435   .text.USBD_GetString:00000000 USBD_GetString
C:\Users\Domagoj\AppData\Local\Temp\ccZJCFTU.s:2538   .bss.cfgidx.0:00000000 $d

UNDEFINED SYMBOLS
USBD_LL_StallEP
USBD_CtlSendData
USBD_CtlSendStatus
USBD_LL_SetUSBAddress
USBD_ClrClassConfig
USBD_SetClassConfig
USBD_CoreFindIF
USBD_CoreFindEP
USBD_LL_ClearStallEP
USBD_LL_IsStallEP
