ARM GAS  C:\Users\Domagoj\AppData\Local\Temp\ccuB6ZQy.s 			page 1


   1              		.cpu cortex-m0plus
   2              		.arch armv6s-m
   3              		.fpu softvfp
   4              		.eabi_attribute 20, 1
   5              		.eabi_attribute 21, 1
   6              		.eabi_attribute 23, 3
   7              		.eabi_attribute 24, 1
   8              		.eabi_attribute 25, 1
   9              		.eabi_attribute 26, 1
  10              		.eabi_attribute 30, 1
  11              		.eabi_attribute 34, 0
  12              		.eabi_attribute 18, 4
  13              		.file	"usbd_cdc.c"
  14              		.text
  15              	.Ltext0:
  16              		.cfi_sections	.debug_frame
  17              		.file 1 "Middlewares/ST/STM32_USB_Device_Library/Class/CDC/Src/usbd_cdc.c"
  18              		.section	.text.USBD_CDC_EP0_RxReady,"ax",%progbits
  19              		.align	1
  20              		.syntax unified
  21              		.code	16
  22              		.thumb_func
  24              	USBD_CDC_EP0_RxReady:
  25              	.LVL0:
  26              	.LFB375:
   1:Middlewares/ST/STM32_USB_Device_Library/Class/CDC/Src/usbd_cdc.c **** /**
   2:Middlewares/ST/STM32_USB_Device_Library/Class/CDC/Src/usbd_cdc.c ****   ******************************************************************************
   3:Middlewares/ST/STM32_USB_Device_Library/Class/CDC/Src/usbd_cdc.c ****   * @file    usbd_cdc.c
   4:Middlewares/ST/STM32_USB_Device_Library/Class/CDC/Src/usbd_cdc.c ****   * @author  MCD Application Team
   5:Middlewares/ST/STM32_USB_Device_Library/Class/CDC/Src/usbd_cdc.c ****   * @brief   This file provides the high layer firmware functions to manage the
   6:Middlewares/ST/STM32_USB_Device_Library/Class/CDC/Src/usbd_cdc.c ****   *          following functionalities of the USB CDC Class:
   7:Middlewares/ST/STM32_USB_Device_Library/Class/CDC/Src/usbd_cdc.c ****   *           - Initialization and Configuration of high and low layer
   8:Middlewares/ST/STM32_USB_Device_Library/Class/CDC/Src/usbd_cdc.c ****   *           - Enumeration as CDC Device (and enumeration for each implemented memory interface)
   9:Middlewares/ST/STM32_USB_Device_Library/Class/CDC/Src/usbd_cdc.c ****   *           - OUT/IN data transfer
  10:Middlewares/ST/STM32_USB_Device_Library/Class/CDC/Src/usbd_cdc.c ****   *           - Command IN transfer (class requests management)
  11:Middlewares/ST/STM32_USB_Device_Library/Class/CDC/Src/usbd_cdc.c ****   *           - Error management
  12:Middlewares/ST/STM32_USB_Device_Library/Class/CDC/Src/usbd_cdc.c ****   *
  13:Middlewares/ST/STM32_USB_Device_Library/Class/CDC/Src/usbd_cdc.c ****   ******************************************************************************
  14:Middlewares/ST/STM32_USB_Device_Library/Class/CDC/Src/usbd_cdc.c ****   * @attention
  15:Middlewares/ST/STM32_USB_Device_Library/Class/CDC/Src/usbd_cdc.c ****   *
  16:Middlewares/ST/STM32_USB_Device_Library/Class/CDC/Src/usbd_cdc.c ****   * Copyright (c) 2015 STMicroelectronics.
  17:Middlewares/ST/STM32_USB_Device_Library/Class/CDC/Src/usbd_cdc.c ****   * All rights reserved.
  18:Middlewares/ST/STM32_USB_Device_Library/Class/CDC/Src/usbd_cdc.c ****   *
  19:Middlewares/ST/STM32_USB_Device_Library/Class/CDC/Src/usbd_cdc.c ****   * This software is licensed under terms that can be found in the LICENSE file
  20:Middlewares/ST/STM32_USB_Device_Library/Class/CDC/Src/usbd_cdc.c ****   * in the root directory of this software component.
  21:Middlewares/ST/STM32_USB_Device_Library/Class/CDC/Src/usbd_cdc.c ****   * If no LICENSE file comes with this software, it is provided AS-IS.
  22:Middlewares/ST/STM32_USB_Device_Library/Class/CDC/Src/usbd_cdc.c ****   *
  23:Middlewares/ST/STM32_USB_Device_Library/Class/CDC/Src/usbd_cdc.c ****   ******************************************************************************
  24:Middlewares/ST/STM32_USB_Device_Library/Class/CDC/Src/usbd_cdc.c ****   *  @verbatim
  25:Middlewares/ST/STM32_USB_Device_Library/Class/CDC/Src/usbd_cdc.c ****   *
  26:Middlewares/ST/STM32_USB_Device_Library/Class/CDC/Src/usbd_cdc.c ****   *          ===================================================================
  27:Middlewares/ST/STM32_USB_Device_Library/Class/CDC/Src/usbd_cdc.c ****   *                                CDC Class Driver Description
  28:Middlewares/ST/STM32_USB_Device_Library/Class/CDC/Src/usbd_cdc.c ****   *          ===================================================================
  29:Middlewares/ST/STM32_USB_Device_Library/Class/CDC/Src/usbd_cdc.c ****   *           This driver manages the "Universal Serial Bus Class Definitions for Communications De
  30:Middlewares/ST/STM32_USB_Device_Library/Class/CDC/Src/usbd_cdc.c ****   *           Revision 1.2 November 16, 2007" and the sub-protocol specification of "Universal Seri
  31:Middlewares/ST/STM32_USB_Device_Library/Class/CDC/Src/usbd_cdc.c ****   *           Communications Class Subclass Specification for PSTN Devices Revision 1.2 February 9,
  32:Middlewares/ST/STM32_USB_Device_Library/Class/CDC/Src/usbd_cdc.c ****   *           This driver implements the following aspects of the specification:
ARM GAS  C:\Users\Domagoj\AppData\Local\Temp\ccuB6ZQy.s 			page 2


  33:Middlewares/ST/STM32_USB_Device_Library/Class/CDC/Src/usbd_cdc.c ****   *             - Device descriptor management
  34:Middlewares/ST/STM32_USB_Device_Library/Class/CDC/Src/usbd_cdc.c ****   *             - Configuration descriptor management
  35:Middlewares/ST/STM32_USB_Device_Library/Class/CDC/Src/usbd_cdc.c ****   *             - Enumeration as CDC device with 2 data endpoints (IN and OUT) and 1 command endpoi
  36:Middlewares/ST/STM32_USB_Device_Library/Class/CDC/Src/usbd_cdc.c ****   *             - Requests management (as described in section 6.2 in specification)
  37:Middlewares/ST/STM32_USB_Device_Library/Class/CDC/Src/usbd_cdc.c ****   *             - Abstract Control Model compliant
  38:Middlewares/ST/STM32_USB_Device_Library/Class/CDC/Src/usbd_cdc.c ****   *             - Union Functional collection (using 1 IN endpoint for control)
  39:Middlewares/ST/STM32_USB_Device_Library/Class/CDC/Src/usbd_cdc.c ****   *             - Data interface class
  40:Middlewares/ST/STM32_USB_Device_Library/Class/CDC/Src/usbd_cdc.c ****   *
  41:Middlewares/ST/STM32_USB_Device_Library/Class/CDC/Src/usbd_cdc.c ****   *           These aspects may be enriched or modified for a specific user application.
  42:Middlewares/ST/STM32_USB_Device_Library/Class/CDC/Src/usbd_cdc.c ****   *
  43:Middlewares/ST/STM32_USB_Device_Library/Class/CDC/Src/usbd_cdc.c ****   *            This driver doesn't implement the following aspects of the specification
  44:Middlewares/ST/STM32_USB_Device_Library/Class/CDC/Src/usbd_cdc.c ****   *            (but it is possible to manage these features with some modifications on this driver)
  45:Middlewares/ST/STM32_USB_Device_Library/Class/CDC/Src/usbd_cdc.c ****   *             - Any class-specific aspect relative to communication classes should be managed by 
  46:Middlewares/ST/STM32_USB_Device_Library/Class/CDC/Src/usbd_cdc.c ****   *             - All communication classes other than PSTN are not managed
  47:Middlewares/ST/STM32_USB_Device_Library/Class/CDC/Src/usbd_cdc.c ****   *
  48:Middlewares/ST/STM32_USB_Device_Library/Class/CDC/Src/usbd_cdc.c ****   *  @endverbatim
  49:Middlewares/ST/STM32_USB_Device_Library/Class/CDC/Src/usbd_cdc.c ****   *
  50:Middlewares/ST/STM32_USB_Device_Library/Class/CDC/Src/usbd_cdc.c ****   ******************************************************************************
  51:Middlewares/ST/STM32_USB_Device_Library/Class/CDC/Src/usbd_cdc.c ****   */
  52:Middlewares/ST/STM32_USB_Device_Library/Class/CDC/Src/usbd_cdc.c **** 
  53:Middlewares/ST/STM32_USB_Device_Library/Class/CDC/Src/usbd_cdc.c **** /* BSPDependencies
  54:Middlewares/ST/STM32_USB_Device_Library/Class/CDC/Src/usbd_cdc.c **** - "stm32xxxxx_{eval}{discovery}{nucleo_144}.c"
  55:Middlewares/ST/STM32_USB_Device_Library/Class/CDC/Src/usbd_cdc.c **** - "stm32xxxxx_{eval}{discovery}_io.c"
  56:Middlewares/ST/STM32_USB_Device_Library/Class/CDC/Src/usbd_cdc.c **** EndBSPDependencies */
  57:Middlewares/ST/STM32_USB_Device_Library/Class/CDC/Src/usbd_cdc.c **** 
  58:Middlewares/ST/STM32_USB_Device_Library/Class/CDC/Src/usbd_cdc.c **** /* Includes ------------------------------------------------------------------*/
  59:Middlewares/ST/STM32_USB_Device_Library/Class/CDC/Src/usbd_cdc.c **** #include "usbd_cdc.h"
  60:Middlewares/ST/STM32_USB_Device_Library/Class/CDC/Src/usbd_cdc.c **** #include "usbd_ctlreq.h"
  61:Middlewares/ST/STM32_USB_Device_Library/Class/CDC/Src/usbd_cdc.c **** 
  62:Middlewares/ST/STM32_USB_Device_Library/Class/CDC/Src/usbd_cdc.c **** 
  63:Middlewares/ST/STM32_USB_Device_Library/Class/CDC/Src/usbd_cdc.c **** /** @addtogroup STM32_USB_DEVICE_LIBRARY
  64:Middlewares/ST/STM32_USB_Device_Library/Class/CDC/Src/usbd_cdc.c ****   * @{
  65:Middlewares/ST/STM32_USB_Device_Library/Class/CDC/Src/usbd_cdc.c ****   */
  66:Middlewares/ST/STM32_USB_Device_Library/Class/CDC/Src/usbd_cdc.c **** 
  67:Middlewares/ST/STM32_USB_Device_Library/Class/CDC/Src/usbd_cdc.c **** 
  68:Middlewares/ST/STM32_USB_Device_Library/Class/CDC/Src/usbd_cdc.c **** /** @defgroup USBD_CDC
  69:Middlewares/ST/STM32_USB_Device_Library/Class/CDC/Src/usbd_cdc.c ****   * @brief usbd core module
  70:Middlewares/ST/STM32_USB_Device_Library/Class/CDC/Src/usbd_cdc.c ****   * @{
  71:Middlewares/ST/STM32_USB_Device_Library/Class/CDC/Src/usbd_cdc.c ****   */
  72:Middlewares/ST/STM32_USB_Device_Library/Class/CDC/Src/usbd_cdc.c **** 
  73:Middlewares/ST/STM32_USB_Device_Library/Class/CDC/Src/usbd_cdc.c **** /** @defgroup USBD_CDC_Private_TypesDefinitions
  74:Middlewares/ST/STM32_USB_Device_Library/Class/CDC/Src/usbd_cdc.c ****   * @{
  75:Middlewares/ST/STM32_USB_Device_Library/Class/CDC/Src/usbd_cdc.c ****   */
  76:Middlewares/ST/STM32_USB_Device_Library/Class/CDC/Src/usbd_cdc.c **** /**
  77:Middlewares/ST/STM32_USB_Device_Library/Class/CDC/Src/usbd_cdc.c ****   * @}
  78:Middlewares/ST/STM32_USB_Device_Library/Class/CDC/Src/usbd_cdc.c ****   */
  79:Middlewares/ST/STM32_USB_Device_Library/Class/CDC/Src/usbd_cdc.c **** 
  80:Middlewares/ST/STM32_USB_Device_Library/Class/CDC/Src/usbd_cdc.c **** 
  81:Middlewares/ST/STM32_USB_Device_Library/Class/CDC/Src/usbd_cdc.c **** /** @defgroup USBD_CDC_Private_Defines
  82:Middlewares/ST/STM32_USB_Device_Library/Class/CDC/Src/usbd_cdc.c ****   * @{
  83:Middlewares/ST/STM32_USB_Device_Library/Class/CDC/Src/usbd_cdc.c ****   */
  84:Middlewares/ST/STM32_USB_Device_Library/Class/CDC/Src/usbd_cdc.c **** /**
  85:Middlewares/ST/STM32_USB_Device_Library/Class/CDC/Src/usbd_cdc.c ****   * @}
  86:Middlewares/ST/STM32_USB_Device_Library/Class/CDC/Src/usbd_cdc.c ****   */
  87:Middlewares/ST/STM32_USB_Device_Library/Class/CDC/Src/usbd_cdc.c **** 
  88:Middlewares/ST/STM32_USB_Device_Library/Class/CDC/Src/usbd_cdc.c **** 
  89:Middlewares/ST/STM32_USB_Device_Library/Class/CDC/Src/usbd_cdc.c **** /** @defgroup USBD_CDC_Private_Macros
ARM GAS  C:\Users\Domagoj\AppData\Local\Temp\ccuB6ZQy.s 			page 3


  90:Middlewares/ST/STM32_USB_Device_Library/Class/CDC/Src/usbd_cdc.c ****   * @{
  91:Middlewares/ST/STM32_USB_Device_Library/Class/CDC/Src/usbd_cdc.c ****   */
  92:Middlewares/ST/STM32_USB_Device_Library/Class/CDC/Src/usbd_cdc.c **** 
  93:Middlewares/ST/STM32_USB_Device_Library/Class/CDC/Src/usbd_cdc.c **** /**
  94:Middlewares/ST/STM32_USB_Device_Library/Class/CDC/Src/usbd_cdc.c ****   * @}
  95:Middlewares/ST/STM32_USB_Device_Library/Class/CDC/Src/usbd_cdc.c ****   */
  96:Middlewares/ST/STM32_USB_Device_Library/Class/CDC/Src/usbd_cdc.c **** 
  97:Middlewares/ST/STM32_USB_Device_Library/Class/CDC/Src/usbd_cdc.c **** 
  98:Middlewares/ST/STM32_USB_Device_Library/Class/CDC/Src/usbd_cdc.c **** /** @defgroup USBD_CDC_Private_FunctionPrototypes
  99:Middlewares/ST/STM32_USB_Device_Library/Class/CDC/Src/usbd_cdc.c ****   * @{
 100:Middlewares/ST/STM32_USB_Device_Library/Class/CDC/Src/usbd_cdc.c ****   */
 101:Middlewares/ST/STM32_USB_Device_Library/Class/CDC/Src/usbd_cdc.c **** 
 102:Middlewares/ST/STM32_USB_Device_Library/Class/CDC/Src/usbd_cdc.c **** static uint8_t USBD_CDC_Init(USBD_HandleTypeDef *pdev, uint8_t cfgidx);
 103:Middlewares/ST/STM32_USB_Device_Library/Class/CDC/Src/usbd_cdc.c **** static uint8_t USBD_CDC_DeInit(USBD_HandleTypeDef *pdev, uint8_t cfgidx);
 104:Middlewares/ST/STM32_USB_Device_Library/Class/CDC/Src/usbd_cdc.c **** static uint8_t USBD_CDC_Setup(USBD_HandleTypeDef *pdev, USBD_SetupReqTypedef *req);
 105:Middlewares/ST/STM32_USB_Device_Library/Class/CDC/Src/usbd_cdc.c **** static uint8_t USBD_CDC_DataIn(USBD_HandleTypeDef *pdev, uint8_t epnum);
 106:Middlewares/ST/STM32_USB_Device_Library/Class/CDC/Src/usbd_cdc.c **** static uint8_t USBD_CDC_DataOut(USBD_HandleTypeDef *pdev, uint8_t epnum);
 107:Middlewares/ST/STM32_USB_Device_Library/Class/CDC/Src/usbd_cdc.c **** static uint8_t USBD_CDC_EP0_RxReady(USBD_HandleTypeDef *pdev);
 108:Middlewares/ST/STM32_USB_Device_Library/Class/CDC/Src/usbd_cdc.c **** #ifndef USE_USBD_COMPOSITE
 109:Middlewares/ST/STM32_USB_Device_Library/Class/CDC/Src/usbd_cdc.c **** static uint8_t *USBD_CDC_GetFSCfgDesc(uint16_t *length);
 110:Middlewares/ST/STM32_USB_Device_Library/Class/CDC/Src/usbd_cdc.c **** static uint8_t *USBD_CDC_GetHSCfgDesc(uint16_t *length);
 111:Middlewares/ST/STM32_USB_Device_Library/Class/CDC/Src/usbd_cdc.c **** static uint8_t *USBD_CDC_GetOtherSpeedCfgDesc(uint16_t *length);
 112:Middlewares/ST/STM32_USB_Device_Library/Class/CDC/Src/usbd_cdc.c **** uint8_t *USBD_CDC_GetDeviceQualifierDescriptor(uint16_t *length);
 113:Middlewares/ST/STM32_USB_Device_Library/Class/CDC/Src/usbd_cdc.c **** #endif /* USE_USBD_COMPOSITE  */
 114:Middlewares/ST/STM32_USB_Device_Library/Class/CDC/Src/usbd_cdc.c **** 
 115:Middlewares/ST/STM32_USB_Device_Library/Class/CDC/Src/usbd_cdc.c **** #ifndef USE_USBD_COMPOSITE
 116:Middlewares/ST/STM32_USB_Device_Library/Class/CDC/Src/usbd_cdc.c **** /* USB Standard Device Descriptor */
 117:Middlewares/ST/STM32_USB_Device_Library/Class/CDC/Src/usbd_cdc.c **** __ALIGN_BEGIN static uint8_t USBD_CDC_DeviceQualifierDesc[USB_LEN_DEV_QUALIFIER_DESC] __ALIGN_END =
 118:Middlewares/ST/STM32_USB_Device_Library/Class/CDC/Src/usbd_cdc.c **** {
 119:Middlewares/ST/STM32_USB_Device_Library/Class/CDC/Src/usbd_cdc.c ****   USB_LEN_DEV_QUALIFIER_DESC,
 120:Middlewares/ST/STM32_USB_Device_Library/Class/CDC/Src/usbd_cdc.c ****   USB_DESC_TYPE_DEVICE_QUALIFIER,
 121:Middlewares/ST/STM32_USB_Device_Library/Class/CDC/Src/usbd_cdc.c ****   0x00,
 122:Middlewares/ST/STM32_USB_Device_Library/Class/CDC/Src/usbd_cdc.c ****   0x02,
 123:Middlewares/ST/STM32_USB_Device_Library/Class/CDC/Src/usbd_cdc.c ****   0x00,
 124:Middlewares/ST/STM32_USB_Device_Library/Class/CDC/Src/usbd_cdc.c ****   0x00,
 125:Middlewares/ST/STM32_USB_Device_Library/Class/CDC/Src/usbd_cdc.c ****   0x00,
 126:Middlewares/ST/STM32_USB_Device_Library/Class/CDC/Src/usbd_cdc.c ****   0x40,
 127:Middlewares/ST/STM32_USB_Device_Library/Class/CDC/Src/usbd_cdc.c ****   0x01,
 128:Middlewares/ST/STM32_USB_Device_Library/Class/CDC/Src/usbd_cdc.c ****   0x00,
 129:Middlewares/ST/STM32_USB_Device_Library/Class/CDC/Src/usbd_cdc.c **** };
 130:Middlewares/ST/STM32_USB_Device_Library/Class/CDC/Src/usbd_cdc.c **** #endif /* USE_USBD_COMPOSITE  */
 131:Middlewares/ST/STM32_USB_Device_Library/Class/CDC/Src/usbd_cdc.c **** /**
 132:Middlewares/ST/STM32_USB_Device_Library/Class/CDC/Src/usbd_cdc.c ****   * @}
 133:Middlewares/ST/STM32_USB_Device_Library/Class/CDC/Src/usbd_cdc.c ****   */
 134:Middlewares/ST/STM32_USB_Device_Library/Class/CDC/Src/usbd_cdc.c **** 
 135:Middlewares/ST/STM32_USB_Device_Library/Class/CDC/Src/usbd_cdc.c **** /** @defgroup USBD_CDC_Private_Variables
 136:Middlewares/ST/STM32_USB_Device_Library/Class/CDC/Src/usbd_cdc.c ****   * @{
 137:Middlewares/ST/STM32_USB_Device_Library/Class/CDC/Src/usbd_cdc.c ****   */
 138:Middlewares/ST/STM32_USB_Device_Library/Class/CDC/Src/usbd_cdc.c **** 
 139:Middlewares/ST/STM32_USB_Device_Library/Class/CDC/Src/usbd_cdc.c **** 
 140:Middlewares/ST/STM32_USB_Device_Library/Class/CDC/Src/usbd_cdc.c **** /* CDC interface class callbacks structure */
 141:Middlewares/ST/STM32_USB_Device_Library/Class/CDC/Src/usbd_cdc.c **** USBD_ClassTypeDef  USBD_CDC =
 142:Middlewares/ST/STM32_USB_Device_Library/Class/CDC/Src/usbd_cdc.c **** {
 143:Middlewares/ST/STM32_USB_Device_Library/Class/CDC/Src/usbd_cdc.c ****   USBD_CDC_Init,
 144:Middlewares/ST/STM32_USB_Device_Library/Class/CDC/Src/usbd_cdc.c ****   USBD_CDC_DeInit,
 145:Middlewares/ST/STM32_USB_Device_Library/Class/CDC/Src/usbd_cdc.c ****   USBD_CDC_Setup,
 146:Middlewares/ST/STM32_USB_Device_Library/Class/CDC/Src/usbd_cdc.c ****   NULL,                 /* EP0_TxSent */
ARM GAS  C:\Users\Domagoj\AppData\Local\Temp\ccuB6ZQy.s 			page 4


 147:Middlewares/ST/STM32_USB_Device_Library/Class/CDC/Src/usbd_cdc.c ****   USBD_CDC_EP0_RxReady,
 148:Middlewares/ST/STM32_USB_Device_Library/Class/CDC/Src/usbd_cdc.c ****   USBD_CDC_DataIn,
 149:Middlewares/ST/STM32_USB_Device_Library/Class/CDC/Src/usbd_cdc.c ****   USBD_CDC_DataOut,
 150:Middlewares/ST/STM32_USB_Device_Library/Class/CDC/Src/usbd_cdc.c ****   NULL,
 151:Middlewares/ST/STM32_USB_Device_Library/Class/CDC/Src/usbd_cdc.c ****   NULL,
 152:Middlewares/ST/STM32_USB_Device_Library/Class/CDC/Src/usbd_cdc.c ****   NULL,
 153:Middlewares/ST/STM32_USB_Device_Library/Class/CDC/Src/usbd_cdc.c **** #ifdef USE_USBD_COMPOSITE
 154:Middlewares/ST/STM32_USB_Device_Library/Class/CDC/Src/usbd_cdc.c ****   NULL,
 155:Middlewares/ST/STM32_USB_Device_Library/Class/CDC/Src/usbd_cdc.c ****   NULL,
 156:Middlewares/ST/STM32_USB_Device_Library/Class/CDC/Src/usbd_cdc.c ****   NULL,
 157:Middlewares/ST/STM32_USB_Device_Library/Class/CDC/Src/usbd_cdc.c ****   NULL,
 158:Middlewares/ST/STM32_USB_Device_Library/Class/CDC/Src/usbd_cdc.c **** #else
 159:Middlewares/ST/STM32_USB_Device_Library/Class/CDC/Src/usbd_cdc.c ****   USBD_CDC_GetHSCfgDesc,
 160:Middlewares/ST/STM32_USB_Device_Library/Class/CDC/Src/usbd_cdc.c ****   USBD_CDC_GetFSCfgDesc,
 161:Middlewares/ST/STM32_USB_Device_Library/Class/CDC/Src/usbd_cdc.c ****   USBD_CDC_GetOtherSpeedCfgDesc,
 162:Middlewares/ST/STM32_USB_Device_Library/Class/CDC/Src/usbd_cdc.c ****   USBD_CDC_GetDeviceQualifierDescriptor,
 163:Middlewares/ST/STM32_USB_Device_Library/Class/CDC/Src/usbd_cdc.c **** #endif /* USE_USBD_COMPOSITE  */
 164:Middlewares/ST/STM32_USB_Device_Library/Class/CDC/Src/usbd_cdc.c **** };
 165:Middlewares/ST/STM32_USB_Device_Library/Class/CDC/Src/usbd_cdc.c **** 
 166:Middlewares/ST/STM32_USB_Device_Library/Class/CDC/Src/usbd_cdc.c **** #ifndef USE_USBD_COMPOSITE
 167:Middlewares/ST/STM32_USB_Device_Library/Class/CDC/Src/usbd_cdc.c **** /* USB CDC device Configuration Descriptor */
 168:Middlewares/ST/STM32_USB_Device_Library/Class/CDC/Src/usbd_cdc.c **** __ALIGN_BEGIN static uint8_t USBD_CDC_CfgDesc[USB_CDC_CONFIG_DESC_SIZ] __ALIGN_END =
 169:Middlewares/ST/STM32_USB_Device_Library/Class/CDC/Src/usbd_cdc.c **** {
 170:Middlewares/ST/STM32_USB_Device_Library/Class/CDC/Src/usbd_cdc.c ****   /* Configuration Descriptor */
 171:Middlewares/ST/STM32_USB_Device_Library/Class/CDC/Src/usbd_cdc.c ****   0x09,                                       /* bLength: Configuration Descriptor size */
 172:Middlewares/ST/STM32_USB_Device_Library/Class/CDC/Src/usbd_cdc.c ****   USB_DESC_TYPE_CONFIGURATION,                /* bDescriptorType: Configuration */
 173:Middlewares/ST/STM32_USB_Device_Library/Class/CDC/Src/usbd_cdc.c ****   USB_CDC_CONFIG_DESC_SIZ,                    /* wTotalLength */
 174:Middlewares/ST/STM32_USB_Device_Library/Class/CDC/Src/usbd_cdc.c ****   0x00,
 175:Middlewares/ST/STM32_USB_Device_Library/Class/CDC/Src/usbd_cdc.c ****   0x02,                                       /* bNumInterfaces: 2 interfaces */
 176:Middlewares/ST/STM32_USB_Device_Library/Class/CDC/Src/usbd_cdc.c ****   0x01,                                       /* bConfigurationValue: Configuration value */
 177:Middlewares/ST/STM32_USB_Device_Library/Class/CDC/Src/usbd_cdc.c ****   0x00,                                       /* iConfiguration: Index of string descriptor
 178:Middlewares/ST/STM32_USB_Device_Library/Class/CDC/Src/usbd_cdc.c ****                                                  describing the configuration */
 179:Middlewares/ST/STM32_USB_Device_Library/Class/CDC/Src/usbd_cdc.c **** #if (USBD_SELF_POWERED == 1U)
 180:Middlewares/ST/STM32_USB_Device_Library/Class/CDC/Src/usbd_cdc.c ****   0xC0,                                       /* bmAttributes: Bus Powered according to user config
 181:Middlewares/ST/STM32_USB_Device_Library/Class/CDC/Src/usbd_cdc.c **** #else
 182:Middlewares/ST/STM32_USB_Device_Library/Class/CDC/Src/usbd_cdc.c ****   0x80,                                       /* bmAttributes: Bus Powered according to user config
 183:Middlewares/ST/STM32_USB_Device_Library/Class/CDC/Src/usbd_cdc.c **** #endif /* USBD_SELF_POWERED */
 184:Middlewares/ST/STM32_USB_Device_Library/Class/CDC/Src/usbd_cdc.c ****   USBD_MAX_POWER,                             /* MaxPower (mA) */
 185:Middlewares/ST/STM32_USB_Device_Library/Class/CDC/Src/usbd_cdc.c **** 
 186:Middlewares/ST/STM32_USB_Device_Library/Class/CDC/Src/usbd_cdc.c ****   /*---------------------------------------------------------------------------*/
 187:Middlewares/ST/STM32_USB_Device_Library/Class/CDC/Src/usbd_cdc.c **** 
 188:Middlewares/ST/STM32_USB_Device_Library/Class/CDC/Src/usbd_cdc.c ****   /* Interface Descriptor */
 189:Middlewares/ST/STM32_USB_Device_Library/Class/CDC/Src/usbd_cdc.c ****   0x09,                                       /* bLength: Interface Descriptor size */
 190:Middlewares/ST/STM32_USB_Device_Library/Class/CDC/Src/usbd_cdc.c ****   USB_DESC_TYPE_INTERFACE,                    /* bDescriptorType: Interface */
 191:Middlewares/ST/STM32_USB_Device_Library/Class/CDC/Src/usbd_cdc.c ****   /* Interface descriptor type */
 192:Middlewares/ST/STM32_USB_Device_Library/Class/CDC/Src/usbd_cdc.c ****   0x00,                                       /* bInterfaceNumber: Number of Interface */
 193:Middlewares/ST/STM32_USB_Device_Library/Class/CDC/Src/usbd_cdc.c ****   0x00,                                       /* bAlternateSetting: Alternate setting */
 194:Middlewares/ST/STM32_USB_Device_Library/Class/CDC/Src/usbd_cdc.c ****   0x01,                                       /* bNumEndpoints: One endpoint used */
 195:Middlewares/ST/STM32_USB_Device_Library/Class/CDC/Src/usbd_cdc.c ****   0x02,                                       /* bInterfaceClass: Communication Interface Class */
 196:Middlewares/ST/STM32_USB_Device_Library/Class/CDC/Src/usbd_cdc.c ****   0x02,                                       /* bInterfaceSubClass: Abstract Control Model */
 197:Middlewares/ST/STM32_USB_Device_Library/Class/CDC/Src/usbd_cdc.c ****   0x01,                                       /* bInterfaceProtocol: Common AT commands */
 198:Middlewares/ST/STM32_USB_Device_Library/Class/CDC/Src/usbd_cdc.c ****   0x00,                                       /* iInterface */
 199:Middlewares/ST/STM32_USB_Device_Library/Class/CDC/Src/usbd_cdc.c **** 
 200:Middlewares/ST/STM32_USB_Device_Library/Class/CDC/Src/usbd_cdc.c ****   /* Header Functional Descriptor */
 201:Middlewares/ST/STM32_USB_Device_Library/Class/CDC/Src/usbd_cdc.c ****   0x05,                                       /* bLength: Endpoint Descriptor size */
 202:Middlewares/ST/STM32_USB_Device_Library/Class/CDC/Src/usbd_cdc.c ****   0x24,                                       /* bDescriptorType: CS_INTERFACE */
 203:Middlewares/ST/STM32_USB_Device_Library/Class/CDC/Src/usbd_cdc.c ****   0x00,                                       /* bDescriptorSubtype: Header Func Desc */
ARM GAS  C:\Users\Domagoj\AppData\Local\Temp\ccuB6ZQy.s 			page 5


 204:Middlewares/ST/STM32_USB_Device_Library/Class/CDC/Src/usbd_cdc.c ****   0x10,                                       /* bcdCDC: spec release number */
 205:Middlewares/ST/STM32_USB_Device_Library/Class/CDC/Src/usbd_cdc.c ****   0x01,
 206:Middlewares/ST/STM32_USB_Device_Library/Class/CDC/Src/usbd_cdc.c **** 
 207:Middlewares/ST/STM32_USB_Device_Library/Class/CDC/Src/usbd_cdc.c ****   /* Call Management Functional Descriptor */
 208:Middlewares/ST/STM32_USB_Device_Library/Class/CDC/Src/usbd_cdc.c ****   0x05,                                       /* bFunctionLength */
 209:Middlewares/ST/STM32_USB_Device_Library/Class/CDC/Src/usbd_cdc.c ****   0x24,                                       /* bDescriptorType: CS_INTERFACE */
 210:Middlewares/ST/STM32_USB_Device_Library/Class/CDC/Src/usbd_cdc.c ****   0x01,                                       /* bDescriptorSubtype: Call Management Func Desc */
 211:Middlewares/ST/STM32_USB_Device_Library/Class/CDC/Src/usbd_cdc.c ****   0x00,                                       /* bmCapabilities: D0+D1 */
 212:Middlewares/ST/STM32_USB_Device_Library/Class/CDC/Src/usbd_cdc.c ****   0x01,                                       /* bDataInterface */
 213:Middlewares/ST/STM32_USB_Device_Library/Class/CDC/Src/usbd_cdc.c **** 
 214:Middlewares/ST/STM32_USB_Device_Library/Class/CDC/Src/usbd_cdc.c ****   /* ACM Functional Descriptor */
 215:Middlewares/ST/STM32_USB_Device_Library/Class/CDC/Src/usbd_cdc.c ****   0x04,                                       /* bFunctionLength */
 216:Middlewares/ST/STM32_USB_Device_Library/Class/CDC/Src/usbd_cdc.c ****   0x24,                                       /* bDescriptorType: CS_INTERFACE */
 217:Middlewares/ST/STM32_USB_Device_Library/Class/CDC/Src/usbd_cdc.c ****   0x02,                                       /* bDescriptorSubtype: Abstract Control Management de
 218:Middlewares/ST/STM32_USB_Device_Library/Class/CDC/Src/usbd_cdc.c ****   0x02,                                       /* bmCapabilities */
 219:Middlewares/ST/STM32_USB_Device_Library/Class/CDC/Src/usbd_cdc.c **** 
 220:Middlewares/ST/STM32_USB_Device_Library/Class/CDC/Src/usbd_cdc.c ****   /* Union Functional Descriptor */
 221:Middlewares/ST/STM32_USB_Device_Library/Class/CDC/Src/usbd_cdc.c ****   0x05,                                       /* bFunctionLength */
 222:Middlewares/ST/STM32_USB_Device_Library/Class/CDC/Src/usbd_cdc.c ****   0x24,                                       /* bDescriptorType: CS_INTERFACE */
 223:Middlewares/ST/STM32_USB_Device_Library/Class/CDC/Src/usbd_cdc.c ****   0x06,                                       /* bDescriptorSubtype: Union func desc */
 224:Middlewares/ST/STM32_USB_Device_Library/Class/CDC/Src/usbd_cdc.c ****   0x00,                                       /* bMasterInterface: Communication class interface */
 225:Middlewares/ST/STM32_USB_Device_Library/Class/CDC/Src/usbd_cdc.c ****   0x01,                                       /* bSlaveInterface0: Data Class Interface */
 226:Middlewares/ST/STM32_USB_Device_Library/Class/CDC/Src/usbd_cdc.c **** 
 227:Middlewares/ST/STM32_USB_Device_Library/Class/CDC/Src/usbd_cdc.c ****   /* Endpoint 2 Descriptor */
 228:Middlewares/ST/STM32_USB_Device_Library/Class/CDC/Src/usbd_cdc.c ****   0x07,                                       /* bLength: Endpoint Descriptor size */
 229:Middlewares/ST/STM32_USB_Device_Library/Class/CDC/Src/usbd_cdc.c ****   USB_DESC_TYPE_ENDPOINT,                     /* bDescriptorType: Endpoint */
 230:Middlewares/ST/STM32_USB_Device_Library/Class/CDC/Src/usbd_cdc.c ****   CDC_CMD_EP,                                 /* bEndpointAddress */
 231:Middlewares/ST/STM32_USB_Device_Library/Class/CDC/Src/usbd_cdc.c ****   0x03,                                       /* bmAttributes: Interrupt */
 232:Middlewares/ST/STM32_USB_Device_Library/Class/CDC/Src/usbd_cdc.c ****   LOBYTE(CDC_CMD_PACKET_SIZE),                /* wMaxPacketSize */
 233:Middlewares/ST/STM32_USB_Device_Library/Class/CDC/Src/usbd_cdc.c ****   HIBYTE(CDC_CMD_PACKET_SIZE),
 234:Middlewares/ST/STM32_USB_Device_Library/Class/CDC/Src/usbd_cdc.c ****   CDC_FS_BINTERVAL,                           /* bInterval */
 235:Middlewares/ST/STM32_USB_Device_Library/Class/CDC/Src/usbd_cdc.c ****   /*---------------------------------------------------------------------------*/
 236:Middlewares/ST/STM32_USB_Device_Library/Class/CDC/Src/usbd_cdc.c **** 
 237:Middlewares/ST/STM32_USB_Device_Library/Class/CDC/Src/usbd_cdc.c ****   /* Data class interface descriptor */
 238:Middlewares/ST/STM32_USB_Device_Library/Class/CDC/Src/usbd_cdc.c ****   0x09,                                       /* bLength: Endpoint Descriptor size */
 239:Middlewares/ST/STM32_USB_Device_Library/Class/CDC/Src/usbd_cdc.c ****   USB_DESC_TYPE_INTERFACE,                    /* bDescriptorType: */
 240:Middlewares/ST/STM32_USB_Device_Library/Class/CDC/Src/usbd_cdc.c ****   0x01,                                       /* bInterfaceNumber: Number of Interface */
 241:Middlewares/ST/STM32_USB_Device_Library/Class/CDC/Src/usbd_cdc.c ****   0x00,                                       /* bAlternateSetting: Alternate setting */
 242:Middlewares/ST/STM32_USB_Device_Library/Class/CDC/Src/usbd_cdc.c ****   0x02,                                       /* bNumEndpoints: Two endpoints used */
 243:Middlewares/ST/STM32_USB_Device_Library/Class/CDC/Src/usbd_cdc.c ****   0x0A,                                       /* bInterfaceClass: CDC */
 244:Middlewares/ST/STM32_USB_Device_Library/Class/CDC/Src/usbd_cdc.c ****   0x00,                                       /* bInterfaceSubClass */
 245:Middlewares/ST/STM32_USB_Device_Library/Class/CDC/Src/usbd_cdc.c ****   0x00,                                       /* bInterfaceProtocol */
 246:Middlewares/ST/STM32_USB_Device_Library/Class/CDC/Src/usbd_cdc.c ****   0x00,                                       /* iInterface */
 247:Middlewares/ST/STM32_USB_Device_Library/Class/CDC/Src/usbd_cdc.c **** 
 248:Middlewares/ST/STM32_USB_Device_Library/Class/CDC/Src/usbd_cdc.c ****   /* Endpoint OUT Descriptor */
 249:Middlewares/ST/STM32_USB_Device_Library/Class/CDC/Src/usbd_cdc.c ****   0x07,                                       /* bLength: Endpoint Descriptor size */
 250:Middlewares/ST/STM32_USB_Device_Library/Class/CDC/Src/usbd_cdc.c ****   USB_DESC_TYPE_ENDPOINT,                     /* bDescriptorType: Endpoint */
 251:Middlewares/ST/STM32_USB_Device_Library/Class/CDC/Src/usbd_cdc.c ****   CDC_OUT_EP,                                 /* bEndpointAddress */
 252:Middlewares/ST/STM32_USB_Device_Library/Class/CDC/Src/usbd_cdc.c ****   0x02,                                       /* bmAttributes: Bulk */
 253:Middlewares/ST/STM32_USB_Device_Library/Class/CDC/Src/usbd_cdc.c ****   LOBYTE(CDC_DATA_FS_MAX_PACKET_SIZE),        /* wMaxPacketSize */
 254:Middlewares/ST/STM32_USB_Device_Library/Class/CDC/Src/usbd_cdc.c ****   HIBYTE(CDC_DATA_FS_MAX_PACKET_SIZE),
 255:Middlewares/ST/STM32_USB_Device_Library/Class/CDC/Src/usbd_cdc.c ****   0x00,                                       /* bInterval */
 256:Middlewares/ST/STM32_USB_Device_Library/Class/CDC/Src/usbd_cdc.c **** 
 257:Middlewares/ST/STM32_USB_Device_Library/Class/CDC/Src/usbd_cdc.c ****   /* Endpoint IN Descriptor */
 258:Middlewares/ST/STM32_USB_Device_Library/Class/CDC/Src/usbd_cdc.c ****   0x07,                                       /* bLength: Endpoint Descriptor size */
 259:Middlewares/ST/STM32_USB_Device_Library/Class/CDC/Src/usbd_cdc.c ****   USB_DESC_TYPE_ENDPOINT,                     /* bDescriptorType: Endpoint */
 260:Middlewares/ST/STM32_USB_Device_Library/Class/CDC/Src/usbd_cdc.c ****   CDC_IN_EP,                                  /* bEndpointAddress */
ARM GAS  C:\Users\Domagoj\AppData\Local\Temp\ccuB6ZQy.s 			page 6


 261:Middlewares/ST/STM32_USB_Device_Library/Class/CDC/Src/usbd_cdc.c ****   0x02,                                       /* bmAttributes: Bulk */
 262:Middlewares/ST/STM32_USB_Device_Library/Class/CDC/Src/usbd_cdc.c ****   LOBYTE(CDC_DATA_FS_MAX_PACKET_SIZE),        /* wMaxPacketSize */
 263:Middlewares/ST/STM32_USB_Device_Library/Class/CDC/Src/usbd_cdc.c ****   HIBYTE(CDC_DATA_FS_MAX_PACKET_SIZE),
 264:Middlewares/ST/STM32_USB_Device_Library/Class/CDC/Src/usbd_cdc.c ****   0x00                                        /* bInterval */
 265:Middlewares/ST/STM32_USB_Device_Library/Class/CDC/Src/usbd_cdc.c **** };
 266:Middlewares/ST/STM32_USB_Device_Library/Class/CDC/Src/usbd_cdc.c **** #endif /* USE_USBD_COMPOSITE  */
 267:Middlewares/ST/STM32_USB_Device_Library/Class/CDC/Src/usbd_cdc.c **** 
 268:Middlewares/ST/STM32_USB_Device_Library/Class/CDC/Src/usbd_cdc.c **** static uint8_t CDCInEpAdd = CDC_IN_EP;
 269:Middlewares/ST/STM32_USB_Device_Library/Class/CDC/Src/usbd_cdc.c **** static uint8_t CDCOutEpAdd = CDC_OUT_EP;
 270:Middlewares/ST/STM32_USB_Device_Library/Class/CDC/Src/usbd_cdc.c **** static uint8_t CDCCmdEpAdd = CDC_CMD_EP;
 271:Middlewares/ST/STM32_USB_Device_Library/Class/CDC/Src/usbd_cdc.c **** 
 272:Middlewares/ST/STM32_USB_Device_Library/Class/CDC/Src/usbd_cdc.c **** /**
 273:Middlewares/ST/STM32_USB_Device_Library/Class/CDC/Src/usbd_cdc.c ****   * @}
 274:Middlewares/ST/STM32_USB_Device_Library/Class/CDC/Src/usbd_cdc.c ****   */
 275:Middlewares/ST/STM32_USB_Device_Library/Class/CDC/Src/usbd_cdc.c **** 
 276:Middlewares/ST/STM32_USB_Device_Library/Class/CDC/Src/usbd_cdc.c **** /** @defgroup USBD_CDC_Private_Functions
 277:Middlewares/ST/STM32_USB_Device_Library/Class/CDC/Src/usbd_cdc.c ****   * @{
 278:Middlewares/ST/STM32_USB_Device_Library/Class/CDC/Src/usbd_cdc.c ****   */
 279:Middlewares/ST/STM32_USB_Device_Library/Class/CDC/Src/usbd_cdc.c **** 
 280:Middlewares/ST/STM32_USB_Device_Library/Class/CDC/Src/usbd_cdc.c **** /**
 281:Middlewares/ST/STM32_USB_Device_Library/Class/CDC/Src/usbd_cdc.c ****   * @brief  USBD_CDC_Init
 282:Middlewares/ST/STM32_USB_Device_Library/Class/CDC/Src/usbd_cdc.c ****   *         Initialize the CDC interface
 283:Middlewares/ST/STM32_USB_Device_Library/Class/CDC/Src/usbd_cdc.c ****   * @param  pdev: device instance
 284:Middlewares/ST/STM32_USB_Device_Library/Class/CDC/Src/usbd_cdc.c ****   * @param  cfgidx: Configuration index
 285:Middlewares/ST/STM32_USB_Device_Library/Class/CDC/Src/usbd_cdc.c ****   * @retval status
 286:Middlewares/ST/STM32_USB_Device_Library/Class/CDC/Src/usbd_cdc.c ****   */
 287:Middlewares/ST/STM32_USB_Device_Library/Class/CDC/Src/usbd_cdc.c **** static uint8_t USBD_CDC_Init(USBD_HandleTypeDef *pdev, uint8_t cfgidx)
 288:Middlewares/ST/STM32_USB_Device_Library/Class/CDC/Src/usbd_cdc.c **** {
 289:Middlewares/ST/STM32_USB_Device_Library/Class/CDC/Src/usbd_cdc.c ****   UNUSED(cfgidx);
 290:Middlewares/ST/STM32_USB_Device_Library/Class/CDC/Src/usbd_cdc.c ****   USBD_CDC_HandleTypeDef *hcdc;
 291:Middlewares/ST/STM32_USB_Device_Library/Class/CDC/Src/usbd_cdc.c **** 
 292:Middlewares/ST/STM32_USB_Device_Library/Class/CDC/Src/usbd_cdc.c ****   hcdc = (USBD_CDC_HandleTypeDef *)USBD_malloc(sizeof(USBD_CDC_HandleTypeDef));
 293:Middlewares/ST/STM32_USB_Device_Library/Class/CDC/Src/usbd_cdc.c **** 
 294:Middlewares/ST/STM32_USB_Device_Library/Class/CDC/Src/usbd_cdc.c ****   if (hcdc == NULL)
 295:Middlewares/ST/STM32_USB_Device_Library/Class/CDC/Src/usbd_cdc.c ****   {
 296:Middlewares/ST/STM32_USB_Device_Library/Class/CDC/Src/usbd_cdc.c ****     pdev->pClassDataCmsit[pdev->classId] = NULL;
 297:Middlewares/ST/STM32_USB_Device_Library/Class/CDC/Src/usbd_cdc.c ****     return (uint8_t)USBD_EMEM;
 298:Middlewares/ST/STM32_USB_Device_Library/Class/CDC/Src/usbd_cdc.c ****   }
 299:Middlewares/ST/STM32_USB_Device_Library/Class/CDC/Src/usbd_cdc.c **** 
 300:Middlewares/ST/STM32_USB_Device_Library/Class/CDC/Src/usbd_cdc.c ****   (void)USBD_memset(hcdc, 0, sizeof(USBD_CDC_HandleTypeDef));
 301:Middlewares/ST/STM32_USB_Device_Library/Class/CDC/Src/usbd_cdc.c **** 
 302:Middlewares/ST/STM32_USB_Device_Library/Class/CDC/Src/usbd_cdc.c ****   pdev->pClassDataCmsit[pdev->classId] = (void *)hcdc;
 303:Middlewares/ST/STM32_USB_Device_Library/Class/CDC/Src/usbd_cdc.c ****   pdev->pClassData = pdev->pClassDataCmsit[pdev->classId];
 304:Middlewares/ST/STM32_USB_Device_Library/Class/CDC/Src/usbd_cdc.c **** 
 305:Middlewares/ST/STM32_USB_Device_Library/Class/CDC/Src/usbd_cdc.c **** #ifdef USE_USBD_COMPOSITE
 306:Middlewares/ST/STM32_USB_Device_Library/Class/CDC/Src/usbd_cdc.c ****   /* Get the Endpoints addresses allocated for this class instance */
 307:Middlewares/ST/STM32_USB_Device_Library/Class/CDC/Src/usbd_cdc.c ****   CDCInEpAdd  = USBD_CoreGetEPAdd(pdev, USBD_EP_IN, USBD_EP_TYPE_BULK, (uint8_t)pdev->classId);
 308:Middlewares/ST/STM32_USB_Device_Library/Class/CDC/Src/usbd_cdc.c ****   CDCOutEpAdd = USBD_CoreGetEPAdd(pdev, USBD_EP_OUT, USBD_EP_TYPE_BULK, (uint8_t)pdev->classId);
 309:Middlewares/ST/STM32_USB_Device_Library/Class/CDC/Src/usbd_cdc.c ****   CDCCmdEpAdd = USBD_CoreGetEPAdd(pdev, USBD_EP_IN, USBD_EP_TYPE_INTR, (uint8_t)pdev->classId);
 310:Middlewares/ST/STM32_USB_Device_Library/Class/CDC/Src/usbd_cdc.c **** #endif /* USE_USBD_COMPOSITE */
 311:Middlewares/ST/STM32_USB_Device_Library/Class/CDC/Src/usbd_cdc.c **** 
 312:Middlewares/ST/STM32_USB_Device_Library/Class/CDC/Src/usbd_cdc.c ****   if (pdev->dev_speed == USBD_SPEED_HIGH)
 313:Middlewares/ST/STM32_USB_Device_Library/Class/CDC/Src/usbd_cdc.c ****   {
 314:Middlewares/ST/STM32_USB_Device_Library/Class/CDC/Src/usbd_cdc.c ****     /* Open EP IN */
 315:Middlewares/ST/STM32_USB_Device_Library/Class/CDC/Src/usbd_cdc.c ****     (void)USBD_LL_OpenEP(pdev, CDCInEpAdd, USBD_EP_TYPE_BULK,
 316:Middlewares/ST/STM32_USB_Device_Library/Class/CDC/Src/usbd_cdc.c ****                          CDC_DATA_HS_IN_PACKET_SIZE);
 317:Middlewares/ST/STM32_USB_Device_Library/Class/CDC/Src/usbd_cdc.c **** 
ARM GAS  C:\Users\Domagoj\AppData\Local\Temp\ccuB6ZQy.s 			page 7


 318:Middlewares/ST/STM32_USB_Device_Library/Class/CDC/Src/usbd_cdc.c ****     pdev->ep_in[CDCInEpAdd & 0xFU].is_used = 1U;
 319:Middlewares/ST/STM32_USB_Device_Library/Class/CDC/Src/usbd_cdc.c **** 
 320:Middlewares/ST/STM32_USB_Device_Library/Class/CDC/Src/usbd_cdc.c ****     /* Open EP OUT */
 321:Middlewares/ST/STM32_USB_Device_Library/Class/CDC/Src/usbd_cdc.c ****     (void)USBD_LL_OpenEP(pdev, CDCOutEpAdd, USBD_EP_TYPE_BULK,
 322:Middlewares/ST/STM32_USB_Device_Library/Class/CDC/Src/usbd_cdc.c ****                          CDC_DATA_HS_OUT_PACKET_SIZE);
 323:Middlewares/ST/STM32_USB_Device_Library/Class/CDC/Src/usbd_cdc.c **** 
 324:Middlewares/ST/STM32_USB_Device_Library/Class/CDC/Src/usbd_cdc.c ****     pdev->ep_out[CDCOutEpAdd & 0xFU].is_used = 1U;
 325:Middlewares/ST/STM32_USB_Device_Library/Class/CDC/Src/usbd_cdc.c **** 
 326:Middlewares/ST/STM32_USB_Device_Library/Class/CDC/Src/usbd_cdc.c ****     /* Set bInterval for CDC CMD Endpoint */
 327:Middlewares/ST/STM32_USB_Device_Library/Class/CDC/Src/usbd_cdc.c ****     pdev->ep_in[CDCCmdEpAdd & 0xFU].bInterval = CDC_HS_BINTERVAL;
 328:Middlewares/ST/STM32_USB_Device_Library/Class/CDC/Src/usbd_cdc.c ****   }
 329:Middlewares/ST/STM32_USB_Device_Library/Class/CDC/Src/usbd_cdc.c ****   else
 330:Middlewares/ST/STM32_USB_Device_Library/Class/CDC/Src/usbd_cdc.c ****   {
 331:Middlewares/ST/STM32_USB_Device_Library/Class/CDC/Src/usbd_cdc.c ****     /* Open EP IN */
 332:Middlewares/ST/STM32_USB_Device_Library/Class/CDC/Src/usbd_cdc.c ****     (void)USBD_LL_OpenEP(pdev, CDCInEpAdd, USBD_EP_TYPE_BULK,
 333:Middlewares/ST/STM32_USB_Device_Library/Class/CDC/Src/usbd_cdc.c ****                          CDC_DATA_FS_IN_PACKET_SIZE);
 334:Middlewares/ST/STM32_USB_Device_Library/Class/CDC/Src/usbd_cdc.c **** 
 335:Middlewares/ST/STM32_USB_Device_Library/Class/CDC/Src/usbd_cdc.c ****     pdev->ep_in[CDCInEpAdd & 0xFU].is_used = 1U;
 336:Middlewares/ST/STM32_USB_Device_Library/Class/CDC/Src/usbd_cdc.c **** 
 337:Middlewares/ST/STM32_USB_Device_Library/Class/CDC/Src/usbd_cdc.c ****     /* Open EP OUT */
 338:Middlewares/ST/STM32_USB_Device_Library/Class/CDC/Src/usbd_cdc.c ****     (void)USBD_LL_OpenEP(pdev, CDCOutEpAdd, USBD_EP_TYPE_BULK,
 339:Middlewares/ST/STM32_USB_Device_Library/Class/CDC/Src/usbd_cdc.c ****                          CDC_DATA_FS_OUT_PACKET_SIZE);
 340:Middlewares/ST/STM32_USB_Device_Library/Class/CDC/Src/usbd_cdc.c **** 
 341:Middlewares/ST/STM32_USB_Device_Library/Class/CDC/Src/usbd_cdc.c ****     pdev->ep_out[CDCOutEpAdd & 0xFU].is_used = 1U;
 342:Middlewares/ST/STM32_USB_Device_Library/Class/CDC/Src/usbd_cdc.c **** 
 343:Middlewares/ST/STM32_USB_Device_Library/Class/CDC/Src/usbd_cdc.c ****     /* Set bInterval for CMD Endpoint */
 344:Middlewares/ST/STM32_USB_Device_Library/Class/CDC/Src/usbd_cdc.c ****     pdev->ep_in[CDCCmdEpAdd & 0xFU].bInterval = CDC_FS_BINTERVAL;
 345:Middlewares/ST/STM32_USB_Device_Library/Class/CDC/Src/usbd_cdc.c ****   }
 346:Middlewares/ST/STM32_USB_Device_Library/Class/CDC/Src/usbd_cdc.c **** 
 347:Middlewares/ST/STM32_USB_Device_Library/Class/CDC/Src/usbd_cdc.c ****   /* Open Command IN EP */
 348:Middlewares/ST/STM32_USB_Device_Library/Class/CDC/Src/usbd_cdc.c ****   (void)USBD_LL_OpenEP(pdev, CDCCmdEpAdd, USBD_EP_TYPE_INTR, CDC_CMD_PACKET_SIZE);
 349:Middlewares/ST/STM32_USB_Device_Library/Class/CDC/Src/usbd_cdc.c ****   pdev->ep_in[CDCCmdEpAdd & 0xFU].is_used = 1U;
 350:Middlewares/ST/STM32_USB_Device_Library/Class/CDC/Src/usbd_cdc.c **** 
 351:Middlewares/ST/STM32_USB_Device_Library/Class/CDC/Src/usbd_cdc.c ****   hcdc->RxBuffer = NULL;
 352:Middlewares/ST/STM32_USB_Device_Library/Class/CDC/Src/usbd_cdc.c **** 
 353:Middlewares/ST/STM32_USB_Device_Library/Class/CDC/Src/usbd_cdc.c ****   /* Init  physical Interface components */
 354:Middlewares/ST/STM32_USB_Device_Library/Class/CDC/Src/usbd_cdc.c ****   ((USBD_CDC_ItfTypeDef *)pdev->pUserData[pdev->classId])->Init();
 355:Middlewares/ST/STM32_USB_Device_Library/Class/CDC/Src/usbd_cdc.c **** 
 356:Middlewares/ST/STM32_USB_Device_Library/Class/CDC/Src/usbd_cdc.c ****   /* Init Xfer states */
 357:Middlewares/ST/STM32_USB_Device_Library/Class/CDC/Src/usbd_cdc.c ****   hcdc->TxState = 0U;
 358:Middlewares/ST/STM32_USB_Device_Library/Class/CDC/Src/usbd_cdc.c ****   hcdc->RxState = 0U;
 359:Middlewares/ST/STM32_USB_Device_Library/Class/CDC/Src/usbd_cdc.c **** 
 360:Middlewares/ST/STM32_USB_Device_Library/Class/CDC/Src/usbd_cdc.c ****   if (hcdc->RxBuffer == NULL)
 361:Middlewares/ST/STM32_USB_Device_Library/Class/CDC/Src/usbd_cdc.c ****   {
 362:Middlewares/ST/STM32_USB_Device_Library/Class/CDC/Src/usbd_cdc.c ****     return (uint8_t)USBD_EMEM;
 363:Middlewares/ST/STM32_USB_Device_Library/Class/CDC/Src/usbd_cdc.c ****   }
 364:Middlewares/ST/STM32_USB_Device_Library/Class/CDC/Src/usbd_cdc.c **** 
 365:Middlewares/ST/STM32_USB_Device_Library/Class/CDC/Src/usbd_cdc.c ****   if (pdev->dev_speed == USBD_SPEED_HIGH)
 366:Middlewares/ST/STM32_USB_Device_Library/Class/CDC/Src/usbd_cdc.c ****   {
 367:Middlewares/ST/STM32_USB_Device_Library/Class/CDC/Src/usbd_cdc.c ****     /* Prepare Out endpoint to receive next packet */
 368:Middlewares/ST/STM32_USB_Device_Library/Class/CDC/Src/usbd_cdc.c ****     (void)USBD_LL_PrepareReceive(pdev, CDCOutEpAdd, hcdc->RxBuffer,
 369:Middlewares/ST/STM32_USB_Device_Library/Class/CDC/Src/usbd_cdc.c ****                                  CDC_DATA_HS_OUT_PACKET_SIZE);
 370:Middlewares/ST/STM32_USB_Device_Library/Class/CDC/Src/usbd_cdc.c ****   }
 371:Middlewares/ST/STM32_USB_Device_Library/Class/CDC/Src/usbd_cdc.c ****   else
 372:Middlewares/ST/STM32_USB_Device_Library/Class/CDC/Src/usbd_cdc.c ****   {
 373:Middlewares/ST/STM32_USB_Device_Library/Class/CDC/Src/usbd_cdc.c ****     /* Prepare Out endpoint to receive next packet */
 374:Middlewares/ST/STM32_USB_Device_Library/Class/CDC/Src/usbd_cdc.c ****     (void)USBD_LL_PrepareReceive(pdev, CDCOutEpAdd, hcdc->RxBuffer,
ARM GAS  C:\Users\Domagoj\AppData\Local\Temp\ccuB6ZQy.s 			page 8


 375:Middlewares/ST/STM32_USB_Device_Library/Class/CDC/Src/usbd_cdc.c ****                                  CDC_DATA_FS_OUT_PACKET_SIZE);
 376:Middlewares/ST/STM32_USB_Device_Library/Class/CDC/Src/usbd_cdc.c ****   }
 377:Middlewares/ST/STM32_USB_Device_Library/Class/CDC/Src/usbd_cdc.c **** 
 378:Middlewares/ST/STM32_USB_Device_Library/Class/CDC/Src/usbd_cdc.c ****   return (uint8_t)USBD_OK;
 379:Middlewares/ST/STM32_USB_Device_Library/Class/CDC/Src/usbd_cdc.c **** }
 380:Middlewares/ST/STM32_USB_Device_Library/Class/CDC/Src/usbd_cdc.c **** 
 381:Middlewares/ST/STM32_USB_Device_Library/Class/CDC/Src/usbd_cdc.c **** /**
 382:Middlewares/ST/STM32_USB_Device_Library/Class/CDC/Src/usbd_cdc.c ****   * @brief  USBD_CDC_Init
 383:Middlewares/ST/STM32_USB_Device_Library/Class/CDC/Src/usbd_cdc.c ****   *         DeInitialize the CDC layer
 384:Middlewares/ST/STM32_USB_Device_Library/Class/CDC/Src/usbd_cdc.c ****   * @param  pdev: device instance
 385:Middlewares/ST/STM32_USB_Device_Library/Class/CDC/Src/usbd_cdc.c ****   * @param  cfgidx: Configuration index
 386:Middlewares/ST/STM32_USB_Device_Library/Class/CDC/Src/usbd_cdc.c ****   * @retval status
 387:Middlewares/ST/STM32_USB_Device_Library/Class/CDC/Src/usbd_cdc.c ****   */
 388:Middlewares/ST/STM32_USB_Device_Library/Class/CDC/Src/usbd_cdc.c **** static uint8_t USBD_CDC_DeInit(USBD_HandleTypeDef *pdev, uint8_t cfgidx)
 389:Middlewares/ST/STM32_USB_Device_Library/Class/CDC/Src/usbd_cdc.c **** {
 390:Middlewares/ST/STM32_USB_Device_Library/Class/CDC/Src/usbd_cdc.c ****   UNUSED(cfgidx);
 391:Middlewares/ST/STM32_USB_Device_Library/Class/CDC/Src/usbd_cdc.c **** 
 392:Middlewares/ST/STM32_USB_Device_Library/Class/CDC/Src/usbd_cdc.c **** 
 393:Middlewares/ST/STM32_USB_Device_Library/Class/CDC/Src/usbd_cdc.c **** #ifdef USE_USBD_COMPOSITE
 394:Middlewares/ST/STM32_USB_Device_Library/Class/CDC/Src/usbd_cdc.c ****   /* Get the Endpoints addresses allocated for this CDC class instance */
 395:Middlewares/ST/STM32_USB_Device_Library/Class/CDC/Src/usbd_cdc.c ****   CDCInEpAdd  = USBD_CoreGetEPAdd(pdev, USBD_EP_IN, USBD_EP_TYPE_BULK, (uint8_t)pdev->classId);
 396:Middlewares/ST/STM32_USB_Device_Library/Class/CDC/Src/usbd_cdc.c ****   CDCOutEpAdd = USBD_CoreGetEPAdd(pdev, USBD_EP_OUT, USBD_EP_TYPE_BULK, (uint8_t)pdev->classId);
 397:Middlewares/ST/STM32_USB_Device_Library/Class/CDC/Src/usbd_cdc.c ****   CDCCmdEpAdd = USBD_CoreGetEPAdd(pdev, USBD_EP_IN, USBD_EP_TYPE_INTR, (uint8_t)pdev->classId);
 398:Middlewares/ST/STM32_USB_Device_Library/Class/CDC/Src/usbd_cdc.c **** #endif /* USE_USBD_COMPOSITE */
 399:Middlewares/ST/STM32_USB_Device_Library/Class/CDC/Src/usbd_cdc.c **** 
 400:Middlewares/ST/STM32_USB_Device_Library/Class/CDC/Src/usbd_cdc.c ****   /* Close EP IN */
 401:Middlewares/ST/STM32_USB_Device_Library/Class/CDC/Src/usbd_cdc.c ****   (void)USBD_LL_CloseEP(pdev, CDCInEpAdd);
 402:Middlewares/ST/STM32_USB_Device_Library/Class/CDC/Src/usbd_cdc.c ****   pdev->ep_in[CDCInEpAdd & 0xFU].is_used = 0U;
 403:Middlewares/ST/STM32_USB_Device_Library/Class/CDC/Src/usbd_cdc.c **** 
 404:Middlewares/ST/STM32_USB_Device_Library/Class/CDC/Src/usbd_cdc.c ****   /* Close EP OUT */
 405:Middlewares/ST/STM32_USB_Device_Library/Class/CDC/Src/usbd_cdc.c ****   (void)USBD_LL_CloseEP(pdev, CDCOutEpAdd);
 406:Middlewares/ST/STM32_USB_Device_Library/Class/CDC/Src/usbd_cdc.c ****   pdev->ep_out[CDCOutEpAdd & 0xFU].is_used = 0U;
 407:Middlewares/ST/STM32_USB_Device_Library/Class/CDC/Src/usbd_cdc.c **** 
 408:Middlewares/ST/STM32_USB_Device_Library/Class/CDC/Src/usbd_cdc.c ****   /* Close Command IN EP */
 409:Middlewares/ST/STM32_USB_Device_Library/Class/CDC/Src/usbd_cdc.c ****   (void)USBD_LL_CloseEP(pdev, CDCCmdEpAdd);
 410:Middlewares/ST/STM32_USB_Device_Library/Class/CDC/Src/usbd_cdc.c ****   pdev->ep_in[CDCCmdEpAdd & 0xFU].is_used = 0U;
 411:Middlewares/ST/STM32_USB_Device_Library/Class/CDC/Src/usbd_cdc.c ****   pdev->ep_in[CDCCmdEpAdd & 0xFU].bInterval = 0U;
 412:Middlewares/ST/STM32_USB_Device_Library/Class/CDC/Src/usbd_cdc.c **** 
 413:Middlewares/ST/STM32_USB_Device_Library/Class/CDC/Src/usbd_cdc.c ****   /* DeInit  physical Interface components */
 414:Middlewares/ST/STM32_USB_Device_Library/Class/CDC/Src/usbd_cdc.c ****   if (pdev->pClassDataCmsit[pdev->classId] != NULL)
 415:Middlewares/ST/STM32_USB_Device_Library/Class/CDC/Src/usbd_cdc.c ****   {
 416:Middlewares/ST/STM32_USB_Device_Library/Class/CDC/Src/usbd_cdc.c ****     ((USBD_CDC_ItfTypeDef *)pdev->pUserData[pdev->classId])->DeInit();
 417:Middlewares/ST/STM32_USB_Device_Library/Class/CDC/Src/usbd_cdc.c ****     (void)USBD_free(pdev->pClassDataCmsit[pdev->classId]);
 418:Middlewares/ST/STM32_USB_Device_Library/Class/CDC/Src/usbd_cdc.c ****     pdev->pClassDataCmsit[pdev->classId] = NULL;
 419:Middlewares/ST/STM32_USB_Device_Library/Class/CDC/Src/usbd_cdc.c ****     pdev->pClassData = NULL;
 420:Middlewares/ST/STM32_USB_Device_Library/Class/CDC/Src/usbd_cdc.c ****   }
 421:Middlewares/ST/STM32_USB_Device_Library/Class/CDC/Src/usbd_cdc.c **** 
 422:Middlewares/ST/STM32_USB_Device_Library/Class/CDC/Src/usbd_cdc.c ****   return (uint8_t)USBD_OK;
 423:Middlewares/ST/STM32_USB_Device_Library/Class/CDC/Src/usbd_cdc.c **** }
 424:Middlewares/ST/STM32_USB_Device_Library/Class/CDC/Src/usbd_cdc.c **** 
 425:Middlewares/ST/STM32_USB_Device_Library/Class/CDC/Src/usbd_cdc.c **** /**
 426:Middlewares/ST/STM32_USB_Device_Library/Class/CDC/Src/usbd_cdc.c ****   * @brief  USBD_CDC_Setup
 427:Middlewares/ST/STM32_USB_Device_Library/Class/CDC/Src/usbd_cdc.c ****   *         Handle the CDC specific requests
 428:Middlewares/ST/STM32_USB_Device_Library/Class/CDC/Src/usbd_cdc.c ****   * @param  pdev: instance
 429:Middlewares/ST/STM32_USB_Device_Library/Class/CDC/Src/usbd_cdc.c ****   * @param  req: usb requests
 430:Middlewares/ST/STM32_USB_Device_Library/Class/CDC/Src/usbd_cdc.c ****   * @retval status
 431:Middlewares/ST/STM32_USB_Device_Library/Class/CDC/Src/usbd_cdc.c ****   */
ARM GAS  C:\Users\Domagoj\AppData\Local\Temp\ccuB6ZQy.s 			page 9


 432:Middlewares/ST/STM32_USB_Device_Library/Class/CDC/Src/usbd_cdc.c **** static uint8_t USBD_CDC_Setup(USBD_HandleTypeDef *pdev,
 433:Middlewares/ST/STM32_USB_Device_Library/Class/CDC/Src/usbd_cdc.c ****                               USBD_SetupReqTypedef *req)
 434:Middlewares/ST/STM32_USB_Device_Library/Class/CDC/Src/usbd_cdc.c **** {
 435:Middlewares/ST/STM32_USB_Device_Library/Class/CDC/Src/usbd_cdc.c ****   USBD_CDC_HandleTypeDef *hcdc = (USBD_CDC_HandleTypeDef *)pdev->pClassDataCmsit[pdev->classId];
 436:Middlewares/ST/STM32_USB_Device_Library/Class/CDC/Src/usbd_cdc.c ****   uint16_t len;
 437:Middlewares/ST/STM32_USB_Device_Library/Class/CDC/Src/usbd_cdc.c ****   uint8_t ifalt = 0U;
 438:Middlewares/ST/STM32_USB_Device_Library/Class/CDC/Src/usbd_cdc.c ****   uint16_t status_info = 0U;
 439:Middlewares/ST/STM32_USB_Device_Library/Class/CDC/Src/usbd_cdc.c ****   USBD_StatusTypeDef ret = USBD_OK;
 440:Middlewares/ST/STM32_USB_Device_Library/Class/CDC/Src/usbd_cdc.c **** 
 441:Middlewares/ST/STM32_USB_Device_Library/Class/CDC/Src/usbd_cdc.c ****   if (hcdc == NULL)
 442:Middlewares/ST/STM32_USB_Device_Library/Class/CDC/Src/usbd_cdc.c ****   {
 443:Middlewares/ST/STM32_USB_Device_Library/Class/CDC/Src/usbd_cdc.c ****     return (uint8_t)USBD_FAIL;
 444:Middlewares/ST/STM32_USB_Device_Library/Class/CDC/Src/usbd_cdc.c ****   }
 445:Middlewares/ST/STM32_USB_Device_Library/Class/CDC/Src/usbd_cdc.c **** 
 446:Middlewares/ST/STM32_USB_Device_Library/Class/CDC/Src/usbd_cdc.c ****   switch (req->bmRequest & USB_REQ_TYPE_MASK)
 447:Middlewares/ST/STM32_USB_Device_Library/Class/CDC/Src/usbd_cdc.c ****   {
 448:Middlewares/ST/STM32_USB_Device_Library/Class/CDC/Src/usbd_cdc.c ****     case USB_REQ_TYPE_CLASS:
 449:Middlewares/ST/STM32_USB_Device_Library/Class/CDC/Src/usbd_cdc.c ****       if (req->wLength != 0U)
 450:Middlewares/ST/STM32_USB_Device_Library/Class/CDC/Src/usbd_cdc.c ****       {
 451:Middlewares/ST/STM32_USB_Device_Library/Class/CDC/Src/usbd_cdc.c ****         if ((req->bmRequest & 0x80U) != 0U)
 452:Middlewares/ST/STM32_USB_Device_Library/Class/CDC/Src/usbd_cdc.c ****         {
 453:Middlewares/ST/STM32_USB_Device_Library/Class/CDC/Src/usbd_cdc.c ****           ((USBD_CDC_ItfTypeDef *)pdev->pUserData[pdev->classId])->Control(req->bRequest,
 454:Middlewares/ST/STM32_USB_Device_Library/Class/CDC/Src/usbd_cdc.c ****                                                                            (uint8_t *)hcdc->data,
 455:Middlewares/ST/STM32_USB_Device_Library/Class/CDC/Src/usbd_cdc.c ****                                                                            req->wLength);
 456:Middlewares/ST/STM32_USB_Device_Library/Class/CDC/Src/usbd_cdc.c **** 
 457:Middlewares/ST/STM32_USB_Device_Library/Class/CDC/Src/usbd_cdc.c ****           len = MIN(CDC_REQ_MAX_DATA_SIZE, req->wLength);
 458:Middlewares/ST/STM32_USB_Device_Library/Class/CDC/Src/usbd_cdc.c ****           (void)USBD_CtlSendData(pdev, (uint8_t *)hcdc->data, len);
 459:Middlewares/ST/STM32_USB_Device_Library/Class/CDC/Src/usbd_cdc.c ****         }
 460:Middlewares/ST/STM32_USB_Device_Library/Class/CDC/Src/usbd_cdc.c ****         else
 461:Middlewares/ST/STM32_USB_Device_Library/Class/CDC/Src/usbd_cdc.c ****         {
 462:Middlewares/ST/STM32_USB_Device_Library/Class/CDC/Src/usbd_cdc.c ****           hcdc->CmdOpCode = req->bRequest;
 463:Middlewares/ST/STM32_USB_Device_Library/Class/CDC/Src/usbd_cdc.c ****           hcdc->CmdLength = (uint8_t)MIN(req->wLength, USB_MAX_EP0_SIZE);
 464:Middlewares/ST/STM32_USB_Device_Library/Class/CDC/Src/usbd_cdc.c **** 
 465:Middlewares/ST/STM32_USB_Device_Library/Class/CDC/Src/usbd_cdc.c ****           (void)USBD_CtlPrepareRx(pdev, (uint8_t *)hcdc->data, hcdc->CmdLength);
 466:Middlewares/ST/STM32_USB_Device_Library/Class/CDC/Src/usbd_cdc.c ****         }
 467:Middlewares/ST/STM32_USB_Device_Library/Class/CDC/Src/usbd_cdc.c ****       }
 468:Middlewares/ST/STM32_USB_Device_Library/Class/CDC/Src/usbd_cdc.c ****       else
 469:Middlewares/ST/STM32_USB_Device_Library/Class/CDC/Src/usbd_cdc.c ****       {
 470:Middlewares/ST/STM32_USB_Device_Library/Class/CDC/Src/usbd_cdc.c ****         ((USBD_CDC_ItfTypeDef *)pdev->pUserData[pdev->classId])->Control(req->bRequest,
 471:Middlewares/ST/STM32_USB_Device_Library/Class/CDC/Src/usbd_cdc.c ****                                                                          (uint8_t *)req, 0U);
 472:Middlewares/ST/STM32_USB_Device_Library/Class/CDC/Src/usbd_cdc.c ****       }
 473:Middlewares/ST/STM32_USB_Device_Library/Class/CDC/Src/usbd_cdc.c ****       break;
 474:Middlewares/ST/STM32_USB_Device_Library/Class/CDC/Src/usbd_cdc.c **** 
 475:Middlewares/ST/STM32_USB_Device_Library/Class/CDC/Src/usbd_cdc.c ****     case USB_REQ_TYPE_STANDARD:
 476:Middlewares/ST/STM32_USB_Device_Library/Class/CDC/Src/usbd_cdc.c ****       switch (req->bRequest)
 477:Middlewares/ST/STM32_USB_Device_Library/Class/CDC/Src/usbd_cdc.c ****       {
 478:Middlewares/ST/STM32_USB_Device_Library/Class/CDC/Src/usbd_cdc.c ****         case USB_REQ_GET_STATUS:
 479:Middlewares/ST/STM32_USB_Device_Library/Class/CDC/Src/usbd_cdc.c ****           if (pdev->dev_state == USBD_STATE_CONFIGURED)
 480:Middlewares/ST/STM32_USB_Device_Library/Class/CDC/Src/usbd_cdc.c ****           {
 481:Middlewares/ST/STM32_USB_Device_Library/Class/CDC/Src/usbd_cdc.c ****             (void)USBD_CtlSendData(pdev, (uint8_t *)&status_info, 2U);
 482:Middlewares/ST/STM32_USB_Device_Library/Class/CDC/Src/usbd_cdc.c ****           }
 483:Middlewares/ST/STM32_USB_Device_Library/Class/CDC/Src/usbd_cdc.c ****           else
 484:Middlewares/ST/STM32_USB_Device_Library/Class/CDC/Src/usbd_cdc.c ****           {
 485:Middlewares/ST/STM32_USB_Device_Library/Class/CDC/Src/usbd_cdc.c ****             USBD_CtlError(pdev, req);
 486:Middlewares/ST/STM32_USB_Device_Library/Class/CDC/Src/usbd_cdc.c ****             ret = USBD_FAIL;
 487:Middlewares/ST/STM32_USB_Device_Library/Class/CDC/Src/usbd_cdc.c ****           }
 488:Middlewares/ST/STM32_USB_Device_Library/Class/CDC/Src/usbd_cdc.c ****           break;
ARM GAS  C:\Users\Domagoj\AppData\Local\Temp\ccuB6ZQy.s 			page 10


 489:Middlewares/ST/STM32_USB_Device_Library/Class/CDC/Src/usbd_cdc.c **** 
 490:Middlewares/ST/STM32_USB_Device_Library/Class/CDC/Src/usbd_cdc.c ****         case USB_REQ_GET_INTERFACE:
 491:Middlewares/ST/STM32_USB_Device_Library/Class/CDC/Src/usbd_cdc.c ****           if (pdev->dev_state == USBD_STATE_CONFIGURED)
 492:Middlewares/ST/STM32_USB_Device_Library/Class/CDC/Src/usbd_cdc.c ****           {
 493:Middlewares/ST/STM32_USB_Device_Library/Class/CDC/Src/usbd_cdc.c ****             (void)USBD_CtlSendData(pdev, &ifalt, 1U);
 494:Middlewares/ST/STM32_USB_Device_Library/Class/CDC/Src/usbd_cdc.c ****           }
 495:Middlewares/ST/STM32_USB_Device_Library/Class/CDC/Src/usbd_cdc.c ****           else
 496:Middlewares/ST/STM32_USB_Device_Library/Class/CDC/Src/usbd_cdc.c ****           {
 497:Middlewares/ST/STM32_USB_Device_Library/Class/CDC/Src/usbd_cdc.c ****             USBD_CtlError(pdev, req);
 498:Middlewares/ST/STM32_USB_Device_Library/Class/CDC/Src/usbd_cdc.c ****             ret = USBD_FAIL;
 499:Middlewares/ST/STM32_USB_Device_Library/Class/CDC/Src/usbd_cdc.c ****           }
 500:Middlewares/ST/STM32_USB_Device_Library/Class/CDC/Src/usbd_cdc.c ****           break;
 501:Middlewares/ST/STM32_USB_Device_Library/Class/CDC/Src/usbd_cdc.c **** 
 502:Middlewares/ST/STM32_USB_Device_Library/Class/CDC/Src/usbd_cdc.c ****         case USB_REQ_SET_INTERFACE:
 503:Middlewares/ST/STM32_USB_Device_Library/Class/CDC/Src/usbd_cdc.c ****           if (pdev->dev_state != USBD_STATE_CONFIGURED)
 504:Middlewares/ST/STM32_USB_Device_Library/Class/CDC/Src/usbd_cdc.c ****           {
 505:Middlewares/ST/STM32_USB_Device_Library/Class/CDC/Src/usbd_cdc.c ****             USBD_CtlError(pdev, req);
 506:Middlewares/ST/STM32_USB_Device_Library/Class/CDC/Src/usbd_cdc.c ****             ret = USBD_FAIL;
 507:Middlewares/ST/STM32_USB_Device_Library/Class/CDC/Src/usbd_cdc.c ****           }
 508:Middlewares/ST/STM32_USB_Device_Library/Class/CDC/Src/usbd_cdc.c ****           break;
 509:Middlewares/ST/STM32_USB_Device_Library/Class/CDC/Src/usbd_cdc.c **** 
 510:Middlewares/ST/STM32_USB_Device_Library/Class/CDC/Src/usbd_cdc.c ****         case USB_REQ_CLEAR_FEATURE:
 511:Middlewares/ST/STM32_USB_Device_Library/Class/CDC/Src/usbd_cdc.c ****           break;
 512:Middlewares/ST/STM32_USB_Device_Library/Class/CDC/Src/usbd_cdc.c **** 
 513:Middlewares/ST/STM32_USB_Device_Library/Class/CDC/Src/usbd_cdc.c ****         default:
 514:Middlewares/ST/STM32_USB_Device_Library/Class/CDC/Src/usbd_cdc.c ****           USBD_CtlError(pdev, req);
 515:Middlewares/ST/STM32_USB_Device_Library/Class/CDC/Src/usbd_cdc.c ****           ret = USBD_FAIL;
 516:Middlewares/ST/STM32_USB_Device_Library/Class/CDC/Src/usbd_cdc.c ****           break;
 517:Middlewares/ST/STM32_USB_Device_Library/Class/CDC/Src/usbd_cdc.c ****       }
 518:Middlewares/ST/STM32_USB_Device_Library/Class/CDC/Src/usbd_cdc.c ****       break;
 519:Middlewares/ST/STM32_USB_Device_Library/Class/CDC/Src/usbd_cdc.c **** 
 520:Middlewares/ST/STM32_USB_Device_Library/Class/CDC/Src/usbd_cdc.c ****     default:
 521:Middlewares/ST/STM32_USB_Device_Library/Class/CDC/Src/usbd_cdc.c ****       USBD_CtlError(pdev, req);
 522:Middlewares/ST/STM32_USB_Device_Library/Class/CDC/Src/usbd_cdc.c ****       ret = USBD_FAIL;
 523:Middlewares/ST/STM32_USB_Device_Library/Class/CDC/Src/usbd_cdc.c ****       break;
 524:Middlewares/ST/STM32_USB_Device_Library/Class/CDC/Src/usbd_cdc.c ****   }
 525:Middlewares/ST/STM32_USB_Device_Library/Class/CDC/Src/usbd_cdc.c **** 
 526:Middlewares/ST/STM32_USB_Device_Library/Class/CDC/Src/usbd_cdc.c ****   return (uint8_t)ret;
 527:Middlewares/ST/STM32_USB_Device_Library/Class/CDC/Src/usbd_cdc.c **** }
 528:Middlewares/ST/STM32_USB_Device_Library/Class/CDC/Src/usbd_cdc.c **** 
 529:Middlewares/ST/STM32_USB_Device_Library/Class/CDC/Src/usbd_cdc.c **** /**
 530:Middlewares/ST/STM32_USB_Device_Library/Class/CDC/Src/usbd_cdc.c ****   * @brief  USBD_CDC_DataIn
 531:Middlewares/ST/STM32_USB_Device_Library/Class/CDC/Src/usbd_cdc.c ****   *         Data sent on non-control IN endpoint
 532:Middlewares/ST/STM32_USB_Device_Library/Class/CDC/Src/usbd_cdc.c ****   * @param  pdev: device instance
 533:Middlewares/ST/STM32_USB_Device_Library/Class/CDC/Src/usbd_cdc.c ****   * @param  epnum: endpoint number
 534:Middlewares/ST/STM32_USB_Device_Library/Class/CDC/Src/usbd_cdc.c ****   * @retval status
 535:Middlewares/ST/STM32_USB_Device_Library/Class/CDC/Src/usbd_cdc.c ****   */
 536:Middlewares/ST/STM32_USB_Device_Library/Class/CDC/Src/usbd_cdc.c **** static uint8_t USBD_CDC_DataIn(USBD_HandleTypeDef *pdev, uint8_t epnum)
 537:Middlewares/ST/STM32_USB_Device_Library/Class/CDC/Src/usbd_cdc.c **** {
 538:Middlewares/ST/STM32_USB_Device_Library/Class/CDC/Src/usbd_cdc.c ****   USBD_CDC_HandleTypeDef *hcdc;
 539:Middlewares/ST/STM32_USB_Device_Library/Class/CDC/Src/usbd_cdc.c ****   PCD_HandleTypeDef *hpcd = (PCD_HandleTypeDef *)pdev->pData;
 540:Middlewares/ST/STM32_USB_Device_Library/Class/CDC/Src/usbd_cdc.c **** 
 541:Middlewares/ST/STM32_USB_Device_Library/Class/CDC/Src/usbd_cdc.c ****   if (pdev->pClassDataCmsit[pdev->classId] == NULL)
 542:Middlewares/ST/STM32_USB_Device_Library/Class/CDC/Src/usbd_cdc.c ****   {
 543:Middlewares/ST/STM32_USB_Device_Library/Class/CDC/Src/usbd_cdc.c ****     return (uint8_t)USBD_FAIL;
 544:Middlewares/ST/STM32_USB_Device_Library/Class/CDC/Src/usbd_cdc.c ****   }
 545:Middlewares/ST/STM32_USB_Device_Library/Class/CDC/Src/usbd_cdc.c **** 
ARM GAS  C:\Users\Domagoj\AppData\Local\Temp\ccuB6ZQy.s 			page 11


 546:Middlewares/ST/STM32_USB_Device_Library/Class/CDC/Src/usbd_cdc.c ****   hcdc = (USBD_CDC_HandleTypeDef *)pdev->pClassDataCmsit[pdev->classId];
 547:Middlewares/ST/STM32_USB_Device_Library/Class/CDC/Src/usbd_cdc.c **** 
 548:Middlewares/ST/STM32_USB_Device_Library/Class/CDC/Src/usbd_cdc.c ****   if ((pdev->ep_in[epnum & 0xFU].total_length > 0U) &&
 549:Middlewares/ST/STM32_USB_Device_Library/Class/CDC/Src/usbd_cdc.c ****       ((pdev->ep_in[epnum & 0xFU].total_length % hpcd->IN_ep[epnum & 0xFU].maxpacket) == 0U))
 550:Middlewares/ST/STM32_USB_Device_Library/Class/CDC/Src/usbd_cdc.c ****   {
 551:Middlewares/ST/STM32_USB_Device_Library/Class/CDC/Src/usbd_cdc.c ****     /* Update the packet total length */
 552:Middlewares/ST/STM32_USB_Device_Library/Class/CDC/Src/usbd_cdc.c ****     pdev->ep_in[epnum & 0xFU].total_length = 0U;
 553:Middlewares/ST/STM32_USB_Device_Library/Class/CDC/Src/usbd_cdc.c **** 
 554:Middlewares/ST/STM32_USB_Device_Library/Class/CDC/Src/usbd_cdc.c ****     /* Send ZLP */
 555:Middlewares/ST/STM32_USB_Device_Library/Class/CDC/Src/usbd_cdc.c ****     (void)USBD_LL_Transmit(pdev, epnum, NULL, 0U);
 556:Middlewares/ST/STM32_USB_Device_Library/Class/CDC/Src/usbd_cdc.c ****   }
 557:Middlewares/ST/STM32_USB_Device_Library/Class/CDC/Src/usbd_cdc.c ****   else
 558:Middlewares/ST/STM32_USB_Device_Library/Class/CDC/Src/usbd_cdc.c ****   {
 559:Middlewares/ST/STM32_USB_Device_Library/Class/CDC/Src/usbd_cdc.c ****     hcdc->TxState = 0U;
 560:Middlewares/ST/STM32_USB_Device_Library/Class/CDC/Src/usbd_cdc.c **** 
 561:Middlewares/ST/STM32_USB_Device_Library/Class/CDC/Src/usbd_cdc.c ****     if (((USBD_CDC_ItfTypeDef *)pdev->pUserData[pdev->classId])->TransmitCplt != NULL)
 562:Middlewares/ST/STM32_USB_Device_Library/Class/CDC/Src/usbd_cdc.c ****     {
 563:Middlewares/ST/STM32_USB_Device_Library/Class/CDC/Src/usbd_cdc.c ****       ((USBD_CDC_ItfTypeDef *)pdev->pUserData[pdev->classId])->TransmitCplt(hcdc->TxBuffer, &hcdc->
 564:Middlewares/ST/STM32_USB_Device_Library/Class/CDC/Src/usbd_cdc.c ****     }
 565:Middlewares/ST/STM32_USB_Device_Library/Class/CDC/Src/usbd_cdc.c ****   }
 566:Middlewares/ST/STM32_USB_Device_Library/Class/CDC/Src/usbd_cdc.c **** 
 567:Middlewares/ST/STM32_USB_Device_Library/Class/CDC/Src/usbd_cdc.c ****   return (uint8_t)USBD_OK;
 568:Middlewares/ST/STM32_USB_Device_Library/Class/CDC/Src/usbd_cdc.c **** }
 569:Middlewares/ST/STM32_USB_Device_Library/Class/CDC/Src/usbd_cdc.c **** 
 570:Middlewares/ST/STM32_USB_Device_Library/Class/CDC/Src/usbd_cdc.c **** /**
 571:Middlewares/ST/STM32_USB_Device_Library/Class/CDC/Src/usbd_cdc.c ****   * @brief  USBD_CDC_DataOut
 572:Middlewares/ST/STM32_USB_Device_Library/Class/CDC/Src/usbd_cdc.c ****   *         Data received on non-control Out endpoint
 573:Middlewares/ST/STM32_USB_Device_Library/Class/CDC/Src/usbd_cdc.c ****   * @param  pdev: device instance
 574:Middlewares/ST/STM32_USB_Device_Library/Class/CDC/Src/usbd_cdc.c ****   * @param  epnum: endpoint number
 575:Middlewares/ST/STM32_USB_Device_Library/Class/CDC/Src/usbd_cdc.c ****   * @retval status
 576:Middlewares/ST/STM32_USB_Device_Library/Class/CDC/Src/usbd_cdc.c ****   */
 577:Middlewares/ST/STM32_USB_Device_Library/Class/CDC/Src/usbd_cdc.c **** static uint8_t USBD_CDC_DataOut(USBD_HandleTypeDef *pdev, uint8_t epnum)
 578:Middlewares/ST/STM32_USB_Device_Library/Class/CDC/Src/usbd_cdc.c **** {
 579:Middlewares/ST/STM32_USB_Device_Library/Class/CDC/Src/usbd_cdc.c ****   USBD_CDC_HandleTypeDef *hcdc = (USBD_CDC_HandleTypeDef *)pdev->pClassDataCmsit[pdev->classId];
 580:Middlewares/ST/STM32_USB_Device_Library/Class/CDC/Src/usbd_cdc.c **** 
 581:Middlewares/ST/STM32_USB_Device_Library/Class/CDC/Src/usbd_cdc.c ****   if (pdev->pClassDataCmsit[pdev->classId] == NULL)
 582:Middlewares/ST/STM32_USB_Device_Library/Class/CDC/Src/usbd_cdc.c ****   {
 583:Middlewares/ST/STM32_USB_Device_Library/Class/CDC/Src/usbd_cdc.c ****     return (uint8_t)USBD_FAIL;
 584:Middlewares/ST/STM32_USB_Device_Library/Class/CDC/Src/usbd_cdc.c ****   }
 585:Middlewares/ST/STM32_USB_Device_Library/Class/CDC/Src/usbd_cdc.c **** 
 586:Middlewares/ST/STM32_USB_Device_Library/Class/CDC/Src/usbd_cdc.c ****   /* Get the received data length */
 587:Middlewares/ST/STM32_USB_Device_Library/Class/CDC/Src/usbd_cdc.c ****   hcdc->RxLength = USBD_LL_GetRxDataSize(pdev, epnum);
 588:Middlewares/ST/STM32_USB_Device_Library/Class/CDC/Src/usbd_cdc.c **** 
 589:Middlewares/ST/STM32_USB_Device_Library/Class/CDC/Src/usbd_cdc.c ****   /* USB data will be immediately processed, this allow next USB traffic being
 590:Middlewares/ST/STM32_USB_Device_Library/Class/CDC/Src/usbd_cdc.c ****   NAKed till the end of the application Xfer */
 591:Middlewares/ST/STM32_USB_Device_Library/Class/CDC/Src/usbd_cdc.c **** 
 592:Middlewares/ST/STM32_USB_Device_Library/Class/CDC/Src/usbd_cdc.c ****   ((USBD_CDC_ItfTypeDef *)pdev->pUserData[pdev->classId])->Receive(hcdc->RxBuffer, &hcdc->RxLength)
 593:Middlewares/ST/STM32_USB_Device_Library/Class/CDC/Src/usbd_cdc.c **** 
 594:Middlewares/ST/STM32_USB_Device_Library/Class/CDC/Src/usbd_cdc.c ****   return (uint8_t)USBD_OK;
 595:Middlewares/ST/STM32_USB_Device_Library/Class/CDC/Src/usbd_cdc.c **** }
 596:Middlewares/ST/STM32_USB_Device_Library/Class/CDC/Src/usbd_cdc.c **** 
 597:Middlewares/ST/STM32_USB_Device_Library/Class/CDC/Src/usbd_cdc.c **** /**
 598:Middlewares/ST/STM32_USB_Device_Library/Class/CDC/Src/usbd_cdc.c ****   * @brief  USBD_CDC_EP0_RxReady
 599:Middlewares/ST/STM32_USB_Device_Library/Class/CDC/Src/usbd_cdc.c ****   *         Handle EP0 Rx Ready event
 600:Middlewares/ST/STM32_USB_Device_Library/Class/CDC/Src/usbd_cdc.c ****   * @param  pdev: device instance
 601:Middlewares/ST/STM32_USB_Device_Library/Class/CDC/Src/usbd_cdc.c ****   * @retval status
 602:Middlewares/ST/STM32_USB_Device_Library/Class/CDC/Src/usbd_cdc.c ****   */
ARM GAS  C:\Users\Domagoj\AppData\Local\Temp\ccuB6ZQy.s 			page 12


 603:Middlewares/ST/STM32_USB_Device_Library/Class/CDC/Src/usbd_cdc.c **** static uint8_t USBD_CDC_EP0_RxReady(USBD_HandleTypeDef *pdev)
 604:Middlewares/ST/STM32_USB_Device_Library/Class/CDC/Src/usbd_cdc.c **** {
  27              		.loc 1 604 1 view -0
  28              		.cfi_startproc
  29              		@ args = 0, pretend = 0, frame = 0
  30              		@ frame_needed = 0, uses_anonymous_args = 0
  31              		.loc 1 604 1 is_stmt 0 view .LVU1
  32 0000 10B5     		push	{r4, lr}
  33              	.LCFI0:
  34              		.cfi_def_cfa_offset 8
  35              		.cfi_offset 4, -8
  36              		.cfi_offset 14, -4
 605:Middlewares/ST/STM32_USB_Device_Library/Class/CDC/Src/usbd_cdc.c ****   USBD_CDC_HandleTypeDef *hcdc = (USBD_CDC_HandleTypeDef *)pdev->pClassDataCmsit[pdev->classId];
  37              		.loc 1 605 3 is_stmt 1 view .LVU2
  38              		.loc 1 605 86 is_stmt 0 view .LVU3
  39 0002 B523     		movs	r3, #181
  40 0004 9B00     		lsls	r3, r3, #2
  41 0006 C358     		ldr	r3, [r0, r3]
  42              		.loc 1 605 27 view .LVU4
  43 0008 1A00     		movs	r2, r3
  44 000a B032     		adds	r2, r2, #176
  45 000c 9200     		lsls	r2, r2, #2
  46 000e 1458     		ldr	r4, [r2, r0]
  47              	.LVL1:
 606:Middlewares/ST/STM32_USB_Device_Library/Class/CDC/Src/usbd_cdc.c **** 
 607:Middlewares/ST/STM32_USB_Device_Library/Class/CDC/Src/usbd_cdc.c ****   if (hcdc == NULL)
  48              		.loc 1 607 3 is_stmt 1 view .LVU5
  49              		.loc 1 607 6 is_stmt 0 view .LVU6
  50 0010 002C     		cmp	r4, #0
  51 0012 13D0     		beq	.L3
 608:Middlewares/ST/STM32_USB_Device_Library/Class/CDC/Src/usbd_cdc.c ****   {
 609:Middlewares/ST/STM32_USB_Device_Library/Class/CDC/Src/usbd_cdc.c ****     return (uint8_t)USBD_FAIL;
 610:Middlewares/ST/STM32_USB_Device_Library/Class/CDC/Src/usbd_cdc.c ****   }
 611:Middlewares/ST/STM32_USB_Device_Library/Class/CDC/Src/usbd_cdc.c **** 
 612:Middlewares/ST/STM32_USB_Device_Library/Class/CDC/Src/usbd_cdc.c ****   if ((pdev->pUserData[pdev->classId] != NULL) && (hcdc->CmdOpCode != 0xFFU))
  52              		.loc 1 612 3 is_stmt 1 view .LVU7
  53              		.loc 1 612 23 is_stmt 0 view .LVU8
  54 0014 8018     		adds	r0, r0, r2
  55              	.LVL2:
  56              		.loc 1 612 23 view .LVU9
  57 0016 4368     		ldr	r3, [r0, #4]
  58              		.loc 1 612 6 view .LVU10
  59 0018 002B     		cmp	r3, #0
  60 001a 11D0     		beq	.L4
  61              		.loc 1 612 56 discriminator 1 view .LVU11
  62 001c 8022     		movs	r2, #128
  63 001e 9200     		lsls	r2, r2, #2
  64 0020 A05C     		ldrb	r0, [r4, r2]
  65              		.loc 1 612 48 discriminator 1 view .LVU12
  66 0022 FF28     		cmp	r0, #255
  67 0024 0ED0     		beq	.L5
 613:Middlewares/ST/STM32_USB_Device_Library/Class/CDC/Src/usbd_cdc.c ****   {
 614:Middlewares/ST/STM32_USB_Device_Library/Class/CDC/Src/usbd_cdc.c ****     ((USBD_CDC_ItfTypeDef *)pdev->pUserData[pdev->classId])->Control(hcdc->CmdOpCode,
  68              		.loc 1 614 5 is_stmt 1 view .LVU13
  69              		.loc 1 614 60 is_stmt 0 view .LVU14
  70 0026 9B68     		ldr	r3, [r3, #8]
 615:Middlewares/ST/STM32_USB_Device_Library/Class/CDC/Src/usbd_cdc.c ****                                                                      (uint8_t *)hcdc->data,
ARM GAS  C:\Users\Domagoj\AppData\Local\Temp\ccuB6ZQy.s 			page 13


 616:Middlewares/ST/STM32_USB_Device_Library/Class/CDC/Src/usbd_cdc.c ****                                                                      (uint16_t)hcdc->CmdLength);
  71              		.loc 1 616 84 view .LVU15
  72 0028 074A     		ldr	r2, .L6
  73 002a A25C     		ldrb	r2, [r4, r2]
 614:Middlewares/ST/STM32_USB_Device_Library/Class/CDC/Src/usbd_cdc.c ****                                                                      (uint8_t *)hcdc->data,
  74              		.loc 1 614 6 view .LVU16
  75 002c 2100     		movs	r1, r4
  76 002e 9847     		blx	r3
  77              	.LVL3:
 617:Middlewares/ST/STM32_USB_Device_Library/Class/CDC/Src/usbd_cdc.c ****     hcdc->CmdOpCode = 0xFFU;
  78              		.loc 1 617 5 is_stmt 1 view .LVU17
  79              		.loc 1 617 21 is_stmt 0 view .LVU18
  80 0030 8023     		movs	r3, #128
  81 0032 9B00     		lsls	r3, r3, #2
  82 0034 FF22     		movs	r2, #255
  83 0036 E254     		strb	r2, [r4, r3]
 618:Middlewares/ST/STM32_USB_Device_Library/Class/CDC/Src/usbd_cdc.c ****   }
 619:Middlewares/ST/STM32_USB_Device_Library/Class/CDC/Src/usbd_cdc.c **** 
 620:Middlewares/ST/STM32_USB_Device_Library/Class/CDC/Src/usbd_cdc.c ****   return (uint8_t)USBD_OK;
  84              		.loc 1 620 10 view .LVU19
  85 0038 0020     		movs	r0, #0
  86              	.L2:
 621:Middlewares/ST/STM32_USB_Device_Library/Class/CDC/Src/usbd_cdc.c **** }
  87              		.loc 1 621 1 view .LVU20
  88              		@ sp needed
  89              	.LVL4:
  90              		.loc 1 621 1 view .LVU21
  91 003a 10BD     		pop	{r4, pc}
  92              	.LVL5:
  93              	.L3:
 609:Middlewares/ST/STM32_USB_Device_Library/Class/CDC/Src/usbd_cdc.c ****   }
  94              		.loc 1 609 12 view .LVU22
  95 003c 0320     		movs	r0, #3
  96              	.LVL6:
 609:Middlewares/ST/STM32_USB_Device_Library/Class/CDC/Src/usbd_cdc.c ****   }
  97              		.loc 1 609 12 view .LVU23
  98 003e FCE7     		b	.L2
  99              	.L4:
 620:Middlewares/ST/STM32_USB_Device_Library/Class/CDC/Src/usbd_cdc.c **** }
 100              		.loc 1 620 10 view .LVU24
 101 0040 0020     		movs	r0, #0
 102 0042 FAE7     		b	.L2
 103              	.L5:
 104 0044 0020     		movs	r0, #0
 105 0046 F8E7     		b	.L2
 106              	.L7:
 107              		.align	2
 108              	.L6:
 109 0048 01020000 		.word	513
 110              		.cfi_endproc
 111              	.LFE375:
 113              		.section	.text.USBD_CDC_GetDeviceQualifierDescriptor,"ax",%progbits
 114              		.align	1
 115              		.global	USBD_CDC_GetDeviceQualifierDescriptor
 116              		.syntax unified
 117              		.code	16
 118              		.thumb_func
ARM GAS  C:\Users\Domagoj\AppData\Local\Temp\ccuB6ZQy.s 			page 14


 120              	USBD_CDC_GetDeviceQualifierDescriptor:
 121              	.LVL7:
 122              	.LFB379:
 622:Middlewares/ST/STM32_USB_Device_Library/Class/CDC/Src/usbd_cdc.c **** #ifndef USE_USBD_COMPOSITE
 623:Middlewares/ST/STM32_USB_Device_Library/Class/CDC/Src/usbd_cdc.c **** /**
 624:Middlewares/ST/STM32_USB_Device_Library/Class/CDC/Src/usbd_cdc.c ****   * @brief  USBD_CDC_GetFSCfgDesc
 625:Middlewares/ST/STM32_USB_Device_Library/Class/CDC/Src/usbd_cdc.c ****   *         Return configuration descriptor
 626:Middlewares/ST/STM32_USB_Device_Library/Class/CDC/Src/usbd_cdc.c ****   * @param  length : pointer data length
 627:Middlewares/ST/STM32_USB_Device_Library/Class/CDC/Src/usbd_cdc.c ****   * @retval pointer to descriptor buffer
 628:Middlewares/ST/STM32_USB_Device_Library/Class/CDC/Src/usbd_cdc.c ****   */
 629:Middlewares/ST/STM32_USB_Device_Library/Class/CDC/Src/usbd_cdc.c **** static uint8_t *USBD_CDC_GetFSCfgDesc(uint16_t *length)
 630:Middlewares/ST/STM32_USB_Device_Library/Class/CDC/Src/usbd_cdc.c **** {
 631:Middlewares/ST/STM32_USB_Device_Library/Class/CDC/Src/usbd_cdc.c ****   USBD_EpDescTypeDef *pEpCmdDesc = USBD_GetEpDesc(USBD_CDC_CfgDesc, CDC_CMD_EP);
 632:Middlewares/ST/STM32_USB_Device_Library/Class/CDC/Src/usbd_cdc.c ****   USBD_EpDescTypeDef *pEpOutDesc = USBD_GetEpDesc(USBD_CDC_CfgDesc, CDC_OUT_EP);
 633:Middlewares/ST/STM32_USB_Device_Library/Class/CDC/Src/usbd_cdc.c ****   USBD_EpDescTypeDef *pEpInDesc = USBD_GetEpDesc(USBD_CDC_CfgDesc, CDC_IN_EP);
 634:Middlewares/ST/STM32_USB_Device_Library/Class/CDC/Src/usbd_cdc.c **** 
 635:Middlewares/ST/STM32_USB_Device_Library/Class/CDC/Src/usbd_cdc.c ****   if (pEpCmdDesc != NULL)
 636:Middlewares/ST/STM32_USB_Device_Library/Class/CDC/Src/usbd_cdc.c ****   {
 637:Middlewares/ST/STM32_USB_Device_Library/Class/CDC/Src/usbd_cdc.c ****     pEpCmdDesc->bInterval = CDC_FS_BINTERVAL;
 638:Middlewares/ST/STM32_USB_Device_Library/Class/CDC/Src/usbd_cdc.c ****   }
 639:Middlewares/ST/STM32_USB_Device_Library/Class/CDC/Src/usbd_cdc.c **** 
 640:Middlewares/ST/STM32_USB_Device_Library/Class/CDC/Src/usbd_cdc.c ****   if (pEpOutDesc != NULL)
 641:Middlewares/ST/STM32_USB_Device_Library/Class/CDC/Src/usbd_cdc.c ****   {
 642:Middlewares/ST/STM32_USB_Device_Library/Class/CDC/Src/usbd_cdc.c ****     pEpOutDesc->wMaxPacketSize = CDC_DATA_FS_MAX_PACKET_SIZE;
 643:Middlewares/ST/STM32_USB_Device_Library/Class/CDC/Src/usbd_cdc.c ****   }
 644:Middlewares/ST/STM32_USB_Device_Library/Class/CDC/Src/usbd_cdc.c **** 
 645:Middlewares/ST/STM32_USB_Device_Library/Class/CDC/Src/usbd_cdc.c ****   if (pEpInDesc != NULL)
 646:Middlewares/ST/STM32_USB_Device_Library/Class/CDC/Src/usbd_cdc.c ****   {
 647:Middlewares/ST/STM32_USB_Device_Library/Class/CDC/Src/usbd_cdc.c ****     pEpInDesc->wMaxPacketSize = CDC_DATA_FS_MAX_PACKET_SIZE;
 648:Middlewares/ST/STM32_USB_Device_Library/Class/CDC/Src/usbd_cdc.c ****   }
 649:Middlewares/ST/STM32_USB_Device_Library/Class/CDC/Src/usbd_cdc.c **** 
 650:Middlewares/ST/STM32_USB_Device_Library/Class/CDC/Src/usbd_cdc.c ****   *length = (uint16_t)sizeof(USBD_CDC_CfgDesc);
 651:Middlewares/ST/STM32_USB_Device_Library/Class/CDC/Src/usbd_cdc.c ****   return USBD_CDC_CfgDesc;
 652:Middlewares/ST/STM32_USB_Device_Library/Class/CDC/Src/usbd_cdc.c **** }
 653:Middlewares/ST/STM32_USB_Device_Library/Class/CDC/Src/usbd_cdc.c **** 
 654:Middlewares/ST/STM32_USB_Device_Library/Class/CDC/Src/usbd_cdc.c **** /**
 655:Middlewares/ST/STM32_USB_Device_Library/Class/CDC/Src/usbd_cdc.c ****   * @brief  USBD_CDC_GetHSCfgDesc
 656:Middlewares/ST/STM32_USB_Device_Library/Class/CDC/Src/usbd_cdc.c ****   *         Return configuration descriptor
 657:Middlewares/ST/STM32_USB_Device_Library/Class/CDC/Src/usbd_cdc.c ****   * @param  length : pointer data length
 658:Middlewares/ST/STM32_USB_Device_Library/Class/CDC/Src/usbd_cdc.c ****   * @retval pointer to descriptor buffer
 659:Middlewares/ST/STM32_USB_Device_Library/Class/CDC/Src/usbd_cdc.c ****   */
 660:Middlewares/ST/STM32_USB_Device_Library/Class/CDC/Src/usbd_cdc.c **** static uint8_t *USBD_CDC_GetHSCfgDesc(uint16_t *length)
 661:Middlewares/ST/STM32_USB_Device_Library/Class/CDC/Src/usbd_cdc.c **** {
 662:Middlewares/ST/STM32_USB_Device_Library/Class/CDC/Src/usbd_cdc.c ****   USBD_EpDescTypeDef *pEpCmdDesc = USBD_GetEpDesc(USBD_CDC_CfgDesc, CDC_CMD_EP);
 663:Middlewares/ST/STM32_USB_Device_Library/Class/CDC/Src/usbd_cdc.c ****   USBD_EpDescTypeDef *pEpOutDesc = USBD_GetEpDesc(USBD_CDC_CfgDesc, CDC_OUT_EP);
 664:Middlewares/ST/STM32_USB_Device_Library/Class/CDC/Src/usbd_cdc.c ****   USBD_EpDescTypeDef *pEpInDesc = USBD_GetEpDesc(USBD_CDC_CfgDesc, CDC_IN_EP);
 665:Middlewares/ST/STM32_USB_Device_Library/Class/CDC/Src/usbd_cdc.c **** 
 666:Middlewares/ST/STM32_USB_Device_Library/Class/CDC/Src/usbd_cdc.c ****   if (pEpCmdDesc != NULL)
 667:Middlewares/ST/STM32_USB_Device_Library/Class/CDC/Src/usbd_cdc.c ****   {
 668:Middlewares/ST/STM32_USB_Device_Library/Class/CDC/Src/usbd_cdc.c ****     pEpCmdDesc->bInterval = CDC_HS_BINTERVAL;
 669:Middlewares/ST/STM32_USB_Device_Library/Class/CDC/Src/usbd_cdc.c ****   }
 670:Middlewares/ST/STM32_USB_Device_Library/Class/CDC/Src/usbd_cdc.c **** 
 671:Middlewares/ST/STM32_USB_Device_Library/Class/CDC/Src/usbd_cdc.c ****   if (pEpOutDesc != NULL)
 672:Middlewares/ST/STM32_USB_Device_Library/Class/CDC/Src/usbd_cdc.c ****   {
 673:Middlewares/ST/STM32_USB_Device_Library/Class/CDC/Src/usbd_cdc.c ****     pEpOutDesc->wMaxPacketSize = CDC_DATA_HS_MAX_PACKET_SIZE;
 674:Middlewares/ST/STM32_USB_Device_Library/Class/CDC/Src/usbd_cdc.c ****   }
 675:Middlewares/ST/STM32_USB_Device_Library/Class/CDC/Src/usbd_cdc.c **** 
ARM GAS  C:\Users\Domagoj\AppData\Local\Temp\ccuB6ZQy.s 			page 15


 676:Middlewares/ST/STM32_USB_Device_Library/Class/CDC/Src/usbd_cdc.c ****   if (pEpInDesc != NULL)
 677:Middlewares/ST/STM32_USB_Device_Library/Class/CDC/Src/usbd_cdc.c ****   {
 678:Middlewares/ST/STM32_USB_Device_Library/Class/CDC/Src/usbd_cdc.c ****     pEpInDesc->wMaxPacketSize = CDC_DATA_HS_MAX_PACKET_SIZE;
 679:Middlewares/ST/STM32_USB_Device_Library/Class/CDC/Src/usbd_cdc.c ****   }
 680:Middlewares/ST/STM32_USB_Device_Library/Class/CDC/Src/usbd_cdc.c **** 
 681:Middlewares/ST/STM32_USB_Device_Library/Class/CDC/Src/usbd_cdc.c ****   *length = (uint16_t)sizeof(USBD_CDC_CfgDesc);
 682:Middlewares/ST/STM32_USB_Device_Library/Class/CDC/Src/usbd_cdc.c ****   return USBD_CDC_CfgDesc;
 683:Middlewares/ST/STM32_USB_Device_Library/Class/CDC/Src/usbd_cdc.c **** }
 684:Middlewares/ST/STM32_USB_Device_Library/Class/CDC/Src/usbd_cdc.c **** 
 685:Middlewares/ST/STM32_USB_Device_Library/Class/CDC/Src/usbd_cdc.c **** /**
 686:Middlewares/ST/STM32_USB_Device_Library/Class/CDC/Src/usbd_cdc.c ****   * @brief  USBD_CDC_GetOtherSpeedCfgDesc
 687:Middlewares/ST/STM32_USB_Device_Library/Class/CDC/Src/usbd_cdc.c ****   *         Return configuration descriptor
 688:Middlewares/ST/STM32_USB_Device_Library/Class/CDC/Src/usbd_cdc.c ****   * @param  length : pointer data length
 689:Middlewares/ST/STM32_USB_Device_Library/Class/CDC/Src/usbd_cdc.c ****   * @retval pointer to descriptor buffer
 690:Middlewares/ST/STM32_USB_Device_Library/Class/CDC/Src/usbd_cdc.c ****   */
 691:Middlewares/ST/STM32_USB_Device_Library/Class/CDC/Src/usbd_cdc.c **** static uint8_t *USBD_CDC_GetOtherSpeedCfgDesc(uint16_t *length)
 692:Middlewares/ST/STM32_USB_Device_Library/Class/CDC/Src/usbd_cdc.c **** {
 693:Middlewares/ST/STM32_USB_Device_Library/Class/CDC/Src/usbd_cdc.c ****   USBD_EpDescTypeDef *pEpCmdDesc = USBD_GetEpDesc(USBD_CDC_CfgDesc, CDC_CMD_EP);
 694:Middlewares/ST/STM32_USB_Device_Library/Class/CDC/Src/usbd_cdc.c ****   USBD_EpDescTypeDef *pEpOutDesc = USBD_GetEpDesc(USBD_CDC_CfgDesc, CDC_OUT_EP);
 695:Middlewares/ST/STM32_USB_Device_Library/Class/CDC/Src/usbd_cdc.c ****   USBD_EpDescTypeDef *pEpInDesc = USBD_GetEpDesc(USBD_CDC_CfgDesc, CDC_IN_EP);
 696:Middlewares/ST/STM32_USB_Device_Library/Class/CDC/Src/usbd_cdc.c **** 
 697:Middlewares/ST/STM32_USB_Device_Library/Class/CDC/Src/usbd_cdc.c ****   if (pEpCmdDesc != NULL)
 698:Middlewares/ST/STM32_USB_Device_Library/Class/CDC/Src/usbd_cdc.c ****   {
 699:Middlewares/ST/STM32_USB_Device_Library/Class/CDC/Src/usbd_cdc.c ****     pEpCmdDesc->bInterval = CDC_FS_BINTERVAL;
 700:Middlewares/ST/STM32_USB_Device_Library/Class/CDC/Src/usbd_cdc.c ****   }
 701:Middlewares/ST/STM32_USB_Device_Library/Class/CDC/Src/usbd_cdc.c **** 
 702:Middlewares/ST/STM32_USB_Device_Library/Class/CDC/Src/usbd_cdc.c ****   if (pEpOutDesc != NULL)
 703:Middlewares/ST/STM32_USB_Device_Library/Class/CDC/Src/usbd_cdc.c ****   {
 704:Middlewares/ST/STM32_USB_Device_Library/Class/CDC/Src/usbd_cdc.c ****     pEpOutDesc->wMaxPacketSize = CDC_DATA_FS_MAX_PACKET_SIZE;
 705:Middlewares/ST/STM32_USB_Device_Library/Class/CDC/Src/usbd_cdc.c ****   }
 706:Middlewares/ST/STM32_USB_Device_Library/Class/CDC/Src/usbd_cdc.c **** 
 707:Middlewares/ST/STM32_USB_Device_Library/Class/CDC/Src/usbd_cdc.c ****   if (pEpInDesc != NULL)
 708:Middlewares/ST/STM32_USB_Device_Library/Class/CDC/Src/usbd_cdc.c ****   {
 709:Middlewares/ST/STM32_USB_Device_Library/Class/CDC/Src/usbd_cdc.c ****     pEpInDesc->wMaxPacketSize = CDC_DATA_FS_MAX_PACKET_SIZE;
 710:Middlewares/ST/STM32_USB_Device_Library/Class/CDC/Src/usbd_cdc.c ****   }
 711:Middlewares/ST/STM32_USB_Device_Library/Class/CDC/Src/usbd_cdc.c **** 
 712:Middlewares/ST/STM32_USB_Device_Library/Class/CDC/Src/usbd_cdc.c ****   *length = (uint16_t)sizeof(USBD_CDC_CfgDesc);
 713:Middlewares/ST/STM32_USB_Device_Library/Class/CDC/Src/usbd_cdc.c ****   return USBD_CDC_CfgDesc;
 714:Middlewares/ST/STM32_USB_Device_Library/Class/CDC/Src/usbd_cdc.c **** }
 715:Middlewares/ST/STM32_USB_Device_Library/Class/CDC/Src/usbd_cdc.c **** 
 716:Middlewares/ST/STM32_USB_Device_Library/Class/CDC/Src/usbd_cdc.c **** /**
 717:Middlewares/ST/STM32_USB_Device_Library/Class/CDC/Src/usbd_cdc.c ****   * @brief  USBD_CDC_GetDeviceQualifierDescriptor
 718:Middlewares/ST/STM32_USB_Device_Library/Class/CDC/Src/usbd_cdc.c ****   *         return Device Qualifier descriptor
 719:Middlewares/ST/STM32_USB_Device_Library/Class/CDC/Src/usbd_cdc.c ****   * @param  length : pointer data length
 720:Middlewares/ST/STM32_USB_Device_Library/Class/CDC/Src/usbd_cdc.c ****   * @retval pointer to descriptor buffer
 721:Middlewares/ST/STM32_USB_Device_Library/Class/CDC/Src/usbd_cdc.c ****   */
 722:Middlewares/ST/STM32_USB_Device_Library/Class/CDC/Src/usbd_cdc.c **** uint8_t *USBD_CDC_GetDeviceQualifierDescriptor(uint16_t *length)
 723:Middlewares/ST/STM32_USB_Device_Library/Class/CDC/Src/usbd_cdc.c **** {
 123              		.loc 1 723 1 is_stmt 1 view -0
 124              		.cfi_startproc
 125              		@ args = 0, pretend = 0, frame = 0
 126              		@ frame_needed = 0, uses_anonymous_args = 0
 127              		@ link register save eliminated.
 724:Middlewares/ST/STM32_USB_Device_Library/Class/CDC/Src/usbd_cdc.c ****   *length = (uint16_t)sizeof(USBD_CDC_DeviceQualifierDesc);
 128              		.loc 1 724 3 view .LVU26
 129              		.loc 1 724 11 is_stmt 0 view .LVU27
 130 0000 0A23     		movs	r3, #10
ARM GAS  C:\Users\Domagoj\AppData\Local\Temp\ccuB6ZQy.s 			page 16


 131 0002 0380     		strh	r3, [r0]
 725:Middlewares/ST/STM32_USB_Device_Library/Class/CDC/Src/usbd_cdc.c **** 
 726:Middlewares/ST/STM32_USB_Device_Library/Class/CDC/Src/usbd_cdc.c ****   return USBD_CDC_DeviceQualifierDesc;
 132              		.loc 1 726 3 is_stmt 1 view .LVU28
 133              		.loc 1 726 10 is_stmt 0 discriminator 1 view .LVU29
 134 0004 0048     		ldr	r0, .L9
 135              	.LVL8:
 727:Middlewares/ST/STM32_USB_Device_Library/Class/CDC/Src/usbd_cdc.c **** }
 136              		.loc 1 727 1 view .LVU30
 137              		@ sp needed
 138 0006 7047     		bx	lr
 139              	.L10:
 140              		.align	2
 141              	.L9:
 142 0008 00000000 		.word	USBD_CDC_DeviceQualifierDesc
 143              		.cfi_endproc
 144              	.LFE379:
 146              		.section	.text.USBD_CDC_GetOtherSpeedCfgDesc,"ax",%progbits
 147              		.align	1
 148              		.syntax unified
 149              		.code	16
 150              		.thumb_func
 152              	USBD_CDC_GetOtherSpeedCfgDesc:
 153              	.LVL9:
 154              	.LFB378:
 692:Middlewares/ST/STM32_USB_Device_Library/Class/CDC/Src/usbd_cdc.c ****   USBD_EpDescTypeDef *pEpCmdDesc = USBD_GetEpDesc(USBD_CDC_CfgDesc, CDC_CMD_EP);
 155              		.loc 1 692 1 is_stmt 1 view -0
 156              		.cfi_startproc
 157              		@ args = 0, pretend = 0, frame = 0
 158              		@ frame_needed = 0, uses_anonymous_args = 0
 692:Middlewares/ST/STM32_USB_Device_Library/Class/CDC/Src/usbd_cdc.c ****   USBD_EpDescTypeDef *pEpCmdDesc = USBD_GetEpDesc(USBD_CDC_CfgDesc, CDC_CMD_EP);
 159              		.loc 1 692 1 is_stmt 0 view .LVU32
 160 0000 F8B5     		push	{r3, r4, r5, r6, r7, lr}
 161              	.LCFI1:
 162              		.cfi_def_cfa_offset 24
 163              		.cfi_offset 3, -24
 164              		.cfi_offset 4, -20
 165              		.cfi_offset 5, -16
 166              		.cfi_offset 6, -12
 167              		.cfi_offset 7, -8
 168              		.cfi_offset 14, -4
 169 0002 0700     		movs	r7, r0
 693:Middlewares/ST/STM32_USB_Device_Library/Class/CDC/Src/usbd_cdc.c ****   USBD_EpDescTypeDef *pEpOutDesc = USBD_GetEpDesc(USBD_CDC_CfgDesc, CDC_OUT_EP);
 170              		.loc 1 693 3 is_stmt 1 view .LVU33
 693:Middlewares/ST/STM32_USB_Device_Library/Class/CDC/Src/usbd_cdc.c ****   USBD_EpDescTypeDef *pEpOutDesc = USBD_GetEpDesc(USBD_CDC_CfgDesc, CDC_OUT_EP);
 171              		.loc 1 693 36 is_stmt 0 view .LVU34
 172 0004 114C     		ldr	r4, .L15
 173 0006 8221     		movs	r1, #130
 174 0008 2000     		movs	r0, r4
 175              	.LVL10:
 693:Middlewares/ST/STM32_USB_Device_Library/Class/CDC/Src/usbd_cdc.c ****   USBD_EpDescTypeDef *pEpOutDesc = USBD_GetEpDesc(USBD_CDC_CfgDesc, CDC_OUT_EP);
 176              		.loc 1 693 36 view .LVU35
 177 000a FFF7FEFF 		bl	USBD_GetEpDesc
 178              	.LVL11:
 179 000e 0600     		movs	r6, r0
 180              	.LVL12:
 694:Middlewares/ST/STM32_USB_Device_Library/Class/CDC/Src/usbd_cdc.c ****   USBD_EpDescTypeDef *pEpInDesc = USBD_GetEpDesc(USBD_CDC_CfgDesc, CDC_IN_EP);
ARM GAS  C:\Users\Domagoj\AppData\Local\Temp\ccuB6ZQy.s 			page 17


 181              		.loc 1 694 3 is_stmt 1 view .LVU36
 694:Middlewares/ST/STM32_USB_Device_Library/Class/CDC/Src/usbd_cdc.c ****   USBD_EpDescTypeDef *pEpInDesc = USBD_GetEpDesc(USBD_CDC_CfgDesc, CDC_IN_EP);
 182              		.loc 1 694 36 is_stmt 0 view .LVU37
 183 0010 0121     		movs	r1, #1
 184 0012 2000     		movs	r0, r4
 185              	.LVL13:
 694:Middlewares/ST/STM32_USB_Device_Library/Class/CDC/Src/usbd_cdc.c ****   USBD_EpDescTypeDef *pEpInDesc = USBD_GetEpDesc(USBD_CDC_CfgDesc, CDC_IN_EP);
 186              		.loc 1 694 36 view .LVU38
 187 0014 FFF7FEFF 		bl	USBD_GetEpDesc
 188              	.LVL14:
 189 0018 0500     		movs	r5, r0
 190              	.LVL15:
 695:Middlewares/ST/STM32_USB_Device_Library/Class/CDC/Src/usbd_cdc.c **** 
 191              		.loc 1 695 3 is_stmt 1 view .LVU39
 695:Middlewares/ST/STM32_USB_Device_Library/Class/CDC/Src/usbd_cdc.c **** 
 192              		.loc 1 695 35 is_stmt 0 view .LVU40
 193 001a 8121     		movs	r1, #129
 194 001c 2000     		movs	r0, r4
 195              	.LVL16:
 695:Middlewares/ST/STM32_USB_Device_Library/Class/CDC/Src/usbd_cdc.c **** 
 196              		.loc 1 695 35 view .LVU41
 197 001e FFF7FEFF 		bl	USBD_GetEpDesc
 198              	.LVL17:
 697:Middlewares/ST/STM32_USB_Device_Library/Class/CDC/Src/usbd_cdc.c ****   {
 199              		.loc 1 697 3 is_stmt 1 view .LVU42
 697:Middlewares/ST/STM32_USB_Device_Library/Class/CDC/Src/usbd_cdc.c ****   {
 200              		.loc 1 697 6 is_stmt 0 view .LVU43
 201 0022 002E     		cmp	r6, #0
 202 0024 01D0     		beq	.L12
 699:Middlewares/ST/STM32_USB_Device_Library/Class/CDC/Src/usbd_cdc.c ****   }
 203              		.loc 1 699 5 is_stmt 1 view .LVU44
 699:Middlewares/ST/STM32_USB_Device_Library/Class/CDC/Src/usbd_cdc.c ****   }
 204              		.loc 1 699 27 is_stmt 0 view .LVU45
 205 0026 1022     		movs	r2, #16
 206 0028 B271     		strb	r2, [r6, #6]
 207              	.L12:
 702:Middlewares/ST/STM32_USB_Device_Library/Class/CDC/Src/usbd_cdc.c ****   {
 208              		.loc 1 702 3 is_stmt 1 view .LVU46
 702:Middlewares/ST/STM32_USB_Device_Library/Class/CDC/Src/usbd_cdc.c ****   {
 209              		.loc 1 702 6 is_stmt 0 view .LVU47
 210 002a 002D     		cmp	r5, #0
 211 002c 03D0     		beq	.L13
 704:Middlewares/ST/STM32_USB_Device_Library/Class/CDC/Src/usbd_cdc.c ****   }
 212              		.loc 1 704 5 is_stmt 1 view .LVU48
 704:Middlewares/ST/STM32_USB_Device_Library/Class/CDC/Src/usbd_cdc.c ****   }
 213              		.loc 1 704 32 is_stmt 0 view .LVU49
 214 002e 4022     		movs	r2, #64
 215 0030 2A71     		strb	r2, [r5, #4]
 216 0032 0022     		movs	r2, #0
 217 0034 6A71     		strb	r2, [r5, #5]
 218              	.L13:
 707:Middlewares/ST/STM32_USB_Device_Library/Class/CDC/Src/usbd_cdc.c ****   {
 219              		.loc 1 707 3 is_stmt 1 view .LVU50
 707:Middlewares/ST/STM32_USB_Device_Library/Class/CDC/Src/usbd_cdc.c ****   {
 220              		.loc 1 707 6 is_stmt 0 view .LVU51
 221 0036 0028     		cmp	r0, #0
 222 0038 03D0     		beq	.L14
ARM GAS  C:\Users\Domagoj\AppData\Local\Temp\ccuB6ZQy.s 			page 18


 709:Middlewares/ST/STM32_USB_Device_Library/Class/CDC/Src/usbd_cdc.c ****   }
 223              		.loc 1 709 5 is_stmt 1 view .LVU52
 709:Middlewares/ST/STM32_USB_Device_Library/Class/CDC/Src/usbd_cdc.c ****   }
 224              		.loc 1 709 31 is_stmt 0 view .LVU53
 225 003a 4022     		movs	r2, #64
 226 003c 0271     		strb	r2, [r0, #4]
 227 003e 0022     		movs	r2, #0
 228 0040 4271     		strb	r2, [r0, #5]
 229              	.L14:
 712:Middlewares/ST/STM32_USB_Device_Library/Class/CDC/Src/usbd_cdc.c ****   return USBD_CDC_CfgDesc;
 230              		.loc 1 712 3 is_stmt 1 view .LVU54
 712:Middlewares/ST/STM32_USB_Device_Library/Class/CDC/Src/usbd_cdc.c ****   return USBD_CDC_CfgDesc;
 231              		.loc 1 712 11 is_stmt 0 view .LVU55
 232 0042 4323     		movs	r3, #67
 233 0044 3B80     		strh	r3, [r7]
 713:Middlewares/ST/STM32_USB_Device_Library/Class/CDC/Src/usbd_cdc.c **** }
 234              		.loc 1 713 3 is_stmt 1 view .LVU56
 713:Middlewares/ST/STM32_USB_Device_Library/Class/CDC/Src/usbd_cdc.c **** }
 235              		.loc 1 713 10 is_stmt 0 discriminator 1 view .LVU57
 236 0046 0148     		ldr	r0, .L15
 237              	.LVL18:
 714:Middlewares/ST/STM32_USB_Device_Library/Class/CDC/Src/usbd_cdc.c **** 
 238              		.loc 1 714 1 view .LVU58
 239              		@ sp needed
 240              	.LVL19:
 241              	.LVL20:
 242              	.LVL21:
 714:Middlewares/ST/STM32_USB_Device_Library/Class/CDC/Src/usbd_cdc.c **** 
 243              		.loc 1 714 1 view .LVU59
 244 0048 F8BD     		pop	{r3, r4, r5, r6, r7, pc}
 245              	.L16:
 246 004a C046     		.align	2
 247              	.L15:
 248 004c 00000000 		.word	USBD_CDC_CfgDesc
 249              		.cfi_endproc
 250              	.LFE378:
 252              		.section	.text.USBD_CDC_GetFSCfgDesc,"ax",%progbits
 253              		.align	1
 254              		.syntax unified
 255              		.code	16
 256              		.thumb_func
 258              	USBD_CDC_GetFSCfgDesc:
 259              	.LVL22:
 260              	.LFB376:
 630:Middlewares/ST/STM32_USB_Device_Library/Class/CDC/Src/usbd_cdc.c ****   USBD_EpDescTypeDef *pEpCmdDesc = USBD_GetEpDesc(USBD_CDC_CfgDesc, CDC_CMD_EP);
 261              		.loc 1 630 1 is_stmt 1 view -0
 262              		.cfi_startproc
 263              		@ args = 0, pretend = 0, frame = 0
 264              		@ frame_needed = 0, uses_anonymous_args = 0
 630:Middlewares/ST/STM32_USB_Device_Library/Class/CDC/Src/usbd_cdc.c ****   USBD_EpDescTypeDef *pEpCmdDesc = USBD_GetEpDesc(USBD_CDC_CfgDesc, CDC_CMD_EP);
 265              		.loc 1 630 1 is_stmt 0 view .LVU61
 266 0000 F8B5     		push	{r3, r4, r5, r6, r7, lr}
 267              	.LCFI2:
 268              		.cfi_def_cfa_offset 24
 269              		.cfi_offset 3, -24
 270              		.cfi_offset 4, -20
 271              		.cfi_offset 5, -16
ARM GAS  C:\Users\Domagoj\AppData\Local\Temp\ccuB6ZQy.s 			page 19


 272              		.cfi_offset 6, -12
 273              		.cfi_offset 7, -8
 274              		.cfi_offset 14, -4
 275 0002 0700     		movs	r7, r0
 631:Middlewares/ST/STM32_USB_Device_Library/Class/CDC/Src/usbd_cdc.c ****   USBD_EpDescTypeDef *pEpOutDesc = USBD_GetEpDesc(USBD_CDC_CfgDesc, CDC_OUT_EP);
 276              		.loc 1 631 3 is_stmt 1 view .LVU62
 631:Middlewares/ST/STM32_USB_Device_Library/Class/CDC/Src/usbd_cdc.c ****   USBD_EpDescTypeDef *pEpOutDesc = USBD_GetEpDesc(USBD_CDC_CfgDesc, CDC_OUT_EP);
 277              		.loc 1 631 36 is_stmt 0 view .LVU63
 278 0004 114C     		ldr	r4, .L21
 279 0006 8221     		movs	r1, #130
 280 0008 2000     		movs	r0, r4
 281              	.LVL23:
 631:Middlewares/ST/STM32_USB_Device_Library/Class/CDC/Src/usbd_cdc.c ****   USBD_EpDescTypeDef *pEpOutDesc = USBD_GetEpDesc(USBD_CDC_CfgDesc, CDC_OUT_EP);
 282              		.loc 1 631 36 view .LVU64
 283 000a FFF7FEFF 		bl	USBD_GetEpDesc
 284              	.LVL24:
 285 000e 0600     		movs	r6, r0
 286              	.LVL25:
 632:Middlewares/ST/STM32_USB_Device_Library/Class/CDC/Src/usbd_cdc.c ****   USBD_EpDescTypeDef *pEpInDesc = USBD_GetEpDesc(USBD_CDC_CfgDesc, CDC_IN_EP);
 287              		.loc 1 632 3 is_stmt 1 view .LVU65
 632:Middlewares/ST/STM32_USB_Device_Library/Class/CDC/Src/usbd_cdc.c ****   USBD_EpDescTypeDef *pEpInDesc = USBD_GetEpDesc(USBD_CDC_CfgDesc, CDC_IN_EP);
 288              		.loc 1 632 36 is_stmt 0 view .LVU66
 289 0010 0121     		movs	r1, #1
 290 0012 2000     		movs	r0, r4
 291              	.LVL26:
 632:Middlewares/ST/STM32_USB_Device_Library/Class/CDC/Src/usbd_cdc.c ****   USBD_EpDescTypeDef *pEpInDesc = USBD_GetEpDesc(USBD_CDC_CfgDesc, CDC_IN_EP);
 292              		.loc 1 632 36 view .LVU67
 293 0014 FFF7FEFF 		bl	USBD_GetEpDesc
 294              	.LVL27:
 295 0018 0500     		movs	r5, r0
 296              	.LVL28:
 633:Middlewares/ST/STM32_USB_Device_Library/Class/CDC/Src/usbd_cdc.c **** 
 297              		.loc 1 633 3 is_stmt 1 view .LVU68
 633:Middlewares/ST/STM32_USB_Device_Library/Class/CDC/Src/usbd_cdc.c **** 
 298              		.loc 1 633 35 is_stmt 0 view .LVU69
 299 001a 8121     		movs	r1, #129
 300 001c 2000     		movs	r0, r4
 301              	.LVL29:
 633:Middlewares/ST/STM32_USB_Device_Library/Class/CDC/Src/usbd_cdc.c **** 
 302              		.loc 1 633 35 view .LVU70
 303 001e FFF7FEFF 		bl	USBD_GetEpDesc
 304              	.LVL30:
 635:Middlewares/ST/STM32_USB_Device_Library/Class/CDC/Src/usbd_cdc.c ****   {
 305              		.loc 1 635 3 is_stmt 1 view .LVU71
 635:Middlewares/ST/STM32_USB_Device_Library/Class/CDC/Src/usbd_cdc.c ****   {
 306              		.loc 1 635 6 is_stmt 0 view .LVU72
 307 0022 002E     		cmp	r6, #0
 308 0024 01D0     		beq	.L18
 637:Middlewares/ST/STM32_USB_Device_Library/Class/CDC/Src/usbd_cdc.c ****   }
 309              		.loc 1 637 5 is_stmt 1 view .LVU73
 637:Middlewares/ST/STM32_USB_Device_Library/Class/CDC/Src/usbd_cdc.c ****   }
 310              		.loc 1 637 27 is_stmt 0 view .LVU74
 311 0026 1022     		movs	r2, #16
 312 0028 B271     		strb	r2, [r6, #6]
 313              	.L18:
 640:Middlewares/ST/STM32_USB_Device_Library/Class/CDC/Src/usbd_cdc.c ****   {
 314              		.loc 1 640 3 is_stmt 1 view .LVU75
ARM GAS  C:\Users\Domagoj\AppData\Local\Temp\ccuB6ZQy.s 			page 20


 640:Middlewares/ST/STM32_USB_Device_Library/Class/CDC/Src/usbd_cdc.c ****   {
 315              		.loc 1 640 6 is_stmt 0 view .LVU76
 316 002a 002D     		cmp	r5, #0
 317 002c 03D0     		beq	.L19
 642:Middlewares/ST/STM32_USB_Device_Library/Class/CDC/Src/usbd_cdc.c ****   }
 318              		.loc 1 642 5 is_stmt 1 view .LVU77
 642:Middlewares/ST/STM32_USB_Device_Library/Class/CDC/Src/usbd_cdc.c ****   }
 319              		.loc 1 642 32 is_stmt 0 view .LVU78
 320 002e 4022     		movs	r2, #64
 321 0030 2A71     		strb	r2, [r5, #4]
 322 0032 0022     		movs	r2, #0
 323 0034 6A71     		strb	r2, [r5, #5]
 324              	.L19:
 645:Middlewares/ST/STM32_USB_Device_Library/Class/CDC/Src/usbd_cdc.c ****   {
 325              		.loc 1 645 3 is_stmt 1 view .LVU79
 645:Middlewares/ST/STM32_USB_Device_Library/Class/CDC/Src/usbd_cdc.c ****   {
 326              		.loc 1 645 6 is_stmt 0 view .LVU80
 327 0036 0028     		cmp	r0, #0
 328 0038 03D0     		beq	.L20
 647:Middlewares/ST/STM32_USB_Device_Library/Class/CDC/Src/usbd_cdc.c ****   }
 329              		.loc 1 647 5 is_stmt 1 view .LVU81
 647:Middlewares/ST/STM32_USB_Device_Library/Class/CDC/Src/usbd_cdc.c ****   }
 330              		.loc 1 647 31 is_stmt 0 view .LVU82
 331 003a 4022     		movs	r2, #64
 332 003c 0271     		strb	r2, [r0, #4]
 333 003e 0022     		movs	r2, #0
 334 0040 4271     		strb	r2, [r0, #5]
 335              	.L20:
 650:Middlewares/ST/STM32_USB_Device_Library/Class/CDC/Src/usbd_cdc.c ****   return USBD_CDC_CfgDesc;
 336              		.loc 1 650 3 is_stmt 1 view .LVU83
 650:Middlewares/ST/STM32_USB_Device_Library/Class/CDC/Src/usbd_cdc.c ****   return USBD_CDC_CfgDesc;
 337              		.loc 1 650 11 is_stmt 0 view .LVU84
 338 0042 4323     		movs	r3, #67
 339 0044 3B80     		strh	r3, [r7]
 651:Middlewares/ST/STM32_USB_Device_Library/Class/CDC/Src/usbd_cdc.c **** }
 340              		.loc 1 651 3 is_stmt 1 view .LVU85
 651:Middlewares/ST/STM32_USB_Device_Library/Class/CDC/Src/usbd_cdc.c **** }
 341              		.loc 1 651 10 is_stmt 0 discriminator 1 view .LVU86
 342 0046 0148     		ldr	r0, .L21
 343              	.LVL31:
 652:Middlewares/ST/STM32_USB_Device_Library/Class/CDC/Src/usbd_cdc.c **** 
 344              		.loc 1 652 1 view .LVU87
 345              		@ sp needed
 346              	.LVL32:
 347              	.LVL33:
 348              	.LVL34:
 652:Middlewares/ST/STM32_USB_Device_Library/Class/CDC/Src/usbd_cdc.c **** 
 349              		.loc 1 652 1 view .LVU88
 350 0048 F8BD     		pop	{r3, r4, r5, r6, r7, pc}
 351              	.L22:
 352 004a C046     		.align	2
 353              	.L21:
 354 004c 00000000 		.word	USBD_CDC_CfgDesc
 355              		.cfi_endproc
 356              	.LFE376:
 358              		.section	.text.USBD_CDC_GetHSCfgDesc,"ax",%progbits
 359              		.align	1
ARM GAS  C:\Users\Domagoj\AppData\Local\Temp\ccuB6ZQy.s 			page 21


 360              		.syntax unified
 361              		.code	16
 362              		.thumb_func
 364              	USBD_CDC_GetHSCfgDesc:
 365              	.LVL35:
 366              	.LFB377:
 661:Middlewares/ST/STM32_USB_Device_Library/Class/CDC/Src/usbd_cdc.c ****   USBD_EpDescTypeDef *pEpCmdDesc = USBD_GetEpDesc(USBD_CDC_CfgDesc, CDC_CMD_EP);
 367              		.loc 1 661 1 is_stmt 1 view -0
 368              		.cfi_startproc
 369              		@ args = 0, pretend = 0, frame = 0
 370              		@ frame_needed = 0, uses_anonymous_args = 0
 661:Middlewares/ST/STM32_USB_Device_Library/Class/CDC/Src/usbd_cdc.c ****   USBD_EpDescTypeDef *pEpCmdDesc = USBD_GetEpDesc(USBD_CDC_CfgDesc, CDC_CMD_EP);
 371              		.loc 1 661 1 is_stmt 0 view .LVU90
 372 0000 F8B5     		push	{r3, r4, r5, r6, r7, lr}
 373              	.LCFI3:
 374              		.cfi_def_cfa_offset 24
 375              		.cfi_offset 3, -24
 376              		.cfi_offset 4, -20
 377              		.cfi_offset 5, -16
 378              		.cfi_offset 6, -12
 379              		.cfi_offset 7, -8
 380              		.cfi_offset 14, -4
 381 0002 0700     		movs	r7, r0
 662:Middlewares/ST/STM32_USB_Device_Library/Class/CDC/Src/usbd_cdc.c ****   USBD_EpDescTypeDef *pEpOutDesc = USBD_GetEpDesc(USBD_CDC_CfgDesc, CDC_OUT_EP);
 382              		.loc 1 662 3 is_stmt 1 view .LVU91
 662:Middlewares/ST/STM32_USB_Device_Library/Class/CDC/Src/usbd_cdc.c ****   USBD_EpDescTypeDef *pEpOutDesc = USBD_GetEpDesc(USBD_CDC_CfgDesc, CDC_OUT_EP);
 383              		.loc 1 662 36 is_stmt 0 view .LVU92
 384 0004 114C     		ldr	r4, .L27
 385 0006 8221     		movs	r1, #130
 386 0008 2000     		movs	r0, r4
 387              	.LVL36:
 662:Middlewares/ST/STM32_USB_Device_Library/Class/CDC/Src/usbd_cdc.c ****   USBD_EpDescTypeDef *pEpOutDesc = USBD_GetEpDesc(USBD_CDC_CfgDesc, CDC_OUT_EP);
 388              		.loc 1 662 36 view .LVU93
 389 000a FFF7FEFF 		bl	USBD_GetEpDesc
 390              	.LVL37:
 391 000e 0600     		movs	r6, r0
 392              	.LVL38:
 663:Middlewares/ST/STM32_USB_Device_Library/Class/CDC/Src/usbd_cdc.c ****   USBD_EpDescTypeDef *pEpInDesc = USBD_GetEpDesc(USBD_CDC_CfgDesc, CDC_IN_EP);
 393              		.loc 1 663 3 is_stmt 1 view .LVU94
 663:Middlewares/ST/STM32_USB_Device_Library/Class/CDC/Src/usbd_cdc.c ****   USBD_EpDescTypeDef *pEpInDesc = USBD_GetEpDesc(USBD_CDC_CfgDesc, CDC_IN_EP);
 394              		.loc 1 663 36 is_stmt 0 view .LVU95
 395 0010 0121     		movs	r1, #1
 396 0012 2000     		movs	r0, r4
 397              	.LVL39:
 663:Middlewares/ST/STM32_USB_Device_Library/Class/CDC/Src/usbd_cdc.c ****   USBD_EpDescTypeDef *pEpInDesc = USBD_GetEpDesc(USBD_CDC_CfgDesc, CDC_IN_EP);
 398              		.loc 1 663 36 view .LVU96
 399 0014 FFF7FEFF 		bl	USBD_GetEpDesc
 400              	.LVL40:
 401 0018 0500     		movs	r5, r0
 402              	.LVL41:
 664:Middlewares/ST/STM32_USB_Device_Library/Class/CDC/Src/usbd_cdc.c **** 
 403              		.loc 1 664 3 is_stmt 1 view .LVU97
 664:Middlewares/ST/STM32_USB_Device_Library/Class/CDC/Src/usbd_cdc.c **** 
 404              		.loc 1 664 35 is_stmt 0 view .LVU98
 405 001a 8121     		movs	r1, #129
 406 001c 2000     		movs	r0, r4
 407              	.LVL42:
ARM GAS  C:\Users\Domagoj\AppData\Local\Temp\ccuB6ZQy.s 			page 22


 664:Middlewares/ST/STM32_USB_Device_Library/Class/CDC/Src/usbd_cdc.c **** 
 408              		.loc 1 664 35 view .LVU99
 409 001e FFF7FEFF 		bl	USBD_GetEpDesc
 410              	.LVL43:
 666:Middlewares/ST/STM32_USB_Device_Library/Class/CDC/Src/usbd_cdc.c ****   {
 411              		.loc 1 666 3 is_stmt 1 view .LVU100
 666:Middlewares/ST/STM32_USB_Device_Library/Class/CDC/Src/usbd_cdc.c ****   {
 412              		.loc 1 666 6 is_stmt 0 view .LVU101
 413 0022 002E     		cmp	r6, #0
 414 0024 01D0     		beq	.L24
 668:Middlewares/ST/STM32_USB_Device_Library/Class/CDC/Src/usbd_cdc.c ****   }
 415              		.loc 1 668 5 is_stmt 1 view .LVU102
 668:Middlewares/ST/STM32_USB_Device_Library/Class/CDC/Src/usbd_cdc.c ****   }
 416              		.loc 1 668 27 is_stmt 0 view .LVU103
 417 0026 1022     		movs	r2, #16
 418 0028 B271     		strb	r2, [r6, #6]
 419              	.L24:
 671:Middlewares/ST/STM32_USB_Device_Library/Class/CDC/Src/usbd_cdc.c ****   {
 420              		.loc 1 671 3 is_stmt 1 view .LVU104
 671:Middlewares/ST/STM32_USB_Device_Library/Class/CDC/Src/usbd_cdc.c ****   {
 421              		.loc 1 671 6 is_stmt 0 view .LVU105
 422 002a 002D     		cmp	r5, #0
 423 002c 03D0     		beq	.L25
 673:Middlewares/ST/STM32_USB_Device_Library/Class/CDC/Src/usbd_cdc.c ****   }
 424              		.loc 1 673 5 is_stmt 1 view .LVU106
 673:Middlewares/ST/STM32_USB_Device_Library/Class/CDC/Src/usbd_cdc.c ****   }
 425              		.loc 1 673 32 is_stmt 0 view .LVU107
 426 002e 0022     		movs	r2, #0
 427 0030 2A71     		strb	r2, [r5, #4]
 428 0032 0232     		adds	r2, r2, #2
 429 0034 6A71     		strb	r2, [r5, #5]
 430              	.L25:
 676:Middlewares/ST/STM32_USB_Device_Library/Class/CDC/Src/usbd_cdc.c ****   {
 431              		.loc 1 676 3 is_stmt 1 view .LVU108
 676:Middlewares/ST/STM32_USB_Device_Library/Class/CDC/Src/usbd_cdc.c ****   {
 432              		.loc 1 676 6 is_stmt 0 view .LVU109
 433 0036 0028     		cmp	r0, #0
 434 0038 03D0     		beq	.L26
 678:Middlewares/ST/STM32_USB_Device_Library/Class/CDC/Src/usbd_cdc.c ****   }
 435              		.loc 1 678 5 is_stmt 1 view .LVU110
 678:Middlewares/ST/STM32_USB_Device_Library/Class/CDC/Src/usbd_cdc.c ****   }
 436              		.loc 1 678 31 is_stmt 0 view .LVU111
 437 003a 0022     		movs	r2, #0
 438 003c 0271     		strb	r2, [r0, #4]
 439 003e 0232     		adds	r2, r2, #2
 440 0040 4271     		strb	r2, [r0, #5]
 441              	.L26:
 681:Middlewares/ST/STM32_USB_Device_Library/Class/CDC/Src/usbd_cdc.c ****   return USBD_CDC_CfgDesc;
 442              		.loc 1 681 3 is_stmt 1 view .LVU112
 681:Middlewares/ST/STM32_USB_Device_Library/Class/CDC/Src/usbd_cdc.c ****   return USBD_CDC_CfgDesc;
 443              		.loc 1 681 11 is_stmt 0 view .LVU113
 444 0042 4323     		movs	r3, #67
 445 0044 3B80     		strh	r3, [r7]
 682:Middlewares/ST/STM32_USB_Device_Library/Class/CDC/Src/usbd_cdc.c **** }
 446              		.loc 1 682 3 is_stmt 1 view .LVU114
 682:Middlewares/ST/STM32_USB_Device_Library/Class/CDC/Src/usbd_cdc.c **** }
 447              		.loc 1 682 10 is_stmt 0 discriminator 1 view .LVU115
ARM GAS  C:\Users\Domagoj\AppData\Local\Temp\ccuB6ZQy.s 			page 23


 448 0046 0148     		ldr	r0, .L27
 449              	.LVL44:
 683:Middlewares/ST/STM32_USB_Device_Library/Class/CDC/Src/usbd_cdc.c **** 
 450              		.loc 1 683 1 view .LVU116
 451              		@ sp needed
 452              	.LVL45:
 453              	.LVL46:
 454              	.LVL47:
 683:Middlewares/ST/STM32_USB_Device_Library/Class/CDC/Src/usbd_cdc.c **** 
 455              		.loc 1 683 1 view .LVU117
 456 0048 F8BD     		pop	{r3, r4, r5, r6, r7, pc}
 457              	.L28:
 458 004a C046     		.align	2
 459              	.L27:
 460 004c 00000000 		.word	USBD_CDC_CfgDesc
 461              		.cfi_endproc
 462              	.LFE377:
 464              		.section	.text.USBD_CDC_DataOut,"ax",%progbits
 465              		.align	1
 466              		.syntax unified
 467              		.code	16
 468              		.thumb_func
 470              	USBD_CDC_DataOut:
 471              	.LVL48:
 472              	.LFB374:
 578:Middlewares/ST/STM32_USB_Device_Library/Class/CDC/Src/usbd_cdc.c ****   USBD_CDC_HandleTypeDef *hcdc = (USBD_CDC_HandleTypeDef *)pdev->pClassDataCmsit[pdev->classId];
 473              		.loc 1 578 1 is_stmt 1 view -0
 474              		.cfi_startproc
 475              		@ args = 0, pretend = 0, frame = 0
 476              		@ frame_needed = 0, uses_anonymous_args = 0
 578:Middlewares/ST/STM32_USB_Device_Library/Class/CDC/Src/usbd_cdc.c ****   USBD_CDC_HandleTypeDef *hcdc = (USBD_CDC_HandleTypeDef *)pdev->pClassDataCmsit[pdev->classId];
 477              		.loc 1 578 1 is_stmt 0 view .LVU119
 478 0000 70B5     		push	{r4, r5, r6, lr}
 479              	.LCFI4:
 480              		.cfi_def_cfa_offset 16
 481              		.cfi_offset 4, -16
 482              		.cfi_offset 5, -12
 483              		.cfi_offset 6, -8
 484              		.cfi_offset 14, -4
 485 0002 0400     		movs	r4, r0
 579:Middlewares/ST/STM32_USB_Device_Library/Class/CDC/Src/usbd_cdc.c **** 
 486              		.loc 1 579 3 is_stmt 1 view .LVU120
 579:Middlewares/ST/STM32_USB_Device_Library/Class/CDC/Src/usbd_cdc.c **** 
 487              		.loc 1 579 86 is_stmt 0 view .LVU121
 488 0004 B523     		movs	r3, #181
 489 0006 9B00     		lsls	r3, r3, #2
 490 0008 C358     		ldr	r3, [r0, r3]
 579:Middlewares/ST/STM32_USB_Device_Library/Class/CDC/Src/usbd_cdc.c **** 
 491              		.loc 1 579 27 view .LVU122
 492 000a B033     		adds	r3, r3, #176
 493 000c 9B00     		lsls	r3, r3, #2
 494 000e 1D58     		ldr	r5, [r3, r0]
 495              	.LVL49:
 581:Middlewares/ST/STM32_USB_Device_Library/Class/CDC/Src/usbd_cdc.c ****   {
 496              		.loc 1 581 3 is_stmt 1 view .LVU123
 581:Middlewares/ST/STM32_USB_Device_Library/Class/CDC/Src/usbd_cdc.c ****   {
 497              		.loc 1 581 6 is_stmt 0 view .LVU124
ARM GAS  C:\Users\Domagoj\AppData\Local\Temp\ccuB6ZQy.s 			page 24


 498 0010 002D     		cmp	r5, #0
 499 0012 13D0     		beq	.L31
 587:Middlewares/ST/STM32_USB_Device_Library/Class/CDC/Src/usbd_cdc.c **** 
 500              		.loc 1 587 3 is_stmt 1 view .LVU125
 587:Middlewares/ST/STM32_USB_Device_Library/Class/CDC/Src/usbd_cdc.c **** 
 501              		.loc 1 587 20 is_stmt 0 view .LVU126
 502 0014 FFF7FEFF 		bl	USBD_LL_GetRxDataSize
 503              	.LVL50:
 587:Middlewares/ST/STM32_USB_Device_Library/Class/CDC/Src/usbd_cdc.c **** 
 504              		.loc 1 587 18 discriminator 1 view .LVU127
 505 0018 8323     		movs	r3, #131
 506 001a 9B00     		lsls	r3, r3, #2
 507 001c E850     		str	r0, [r5, r3]
 592:Middlewares/ST/STM32_USB_Device_Library/Class/CDC/Src/usbd_cdc.c **** 
 508              		.loc 1 592 3 is_stmt 1 view .LVU128
 592:Middlewares/ST/STM32_USB_Device_Library/Class/CDC/Src/usbd_cdc.c **** 
 509              		.loc 1 592 47 is_stmt 0 view .LVU129
 510 001e C833     		adds	r3, r3, #200
 511 0020 E358     		ldr	r3, [r4, r3]
 592:Middlewares/ST/STM32_USB_Device_Library/Class/CDC/Src/usbd_cdc.c **** 
 512              		.loc 1 592 42 view .LVU130
 513 0022 B033     		adds	r3, r3, #176
 514 0024 9B00     		lsls	r3, r3, #2
 515 0026 E418     		adds	r4, r4, r3
 516              	.LVL51:
 592:Middlewares/ST/STM32_USB_Device_Library/Class/CDC/Src/usbd_cdc.c **** 
 517              		.loc 1 592 42 view .LVU131
 518 0028 6368     		ldr	r3, [r4, #4]
 592:Middlewares/ST/STM32_USB_Device_Library/Class/CDC/Src/usbd_cdc.c **** 
 519              		.loc 1 592 58 view .LVU132
 520 002a DB68     		ldr	r3, [r3, #12]
 592:Middlewares/ST/STM32_USB_Device_Library/Class/CDC/Src/usbd_cdc.c **** 
 521              		.loc 1 592 4 view .LVU133
 522 002c 8322     		movs	r2, #131
 523 002e 9200     		lsls	r2, r2, #2
 524 0030 A918     		adds	r1, r5, r2
 525 0032 083A     		subs	r2, r2, #8
 526 0034 A858     		ldr	r0, [r5, r2]
 527 0036 9847     		blx	r3
 528              	.LVL52:
 594:Middlewares/ST/STM32_USB_Device_Library/Class/CDC/Src/usbd_cdc.c **** }
 529              		.loc 1 594 3 is_stmt 1 view .LVU134
 594:Middlewares/ST/STM32_USB_Device_Library/Class/CDC/Src/usbd_cdc.c **** }
 530              		.loc 1 594 10 is_stmt 0 view .LVU135
 531 0038 0020     		movs	r0, #0
 532              	.L30:
 595:Middlewares/ST/STM32_USB_Device_Library/Class/CDC/Src/usbd_cdc.c **** 
 533              		.loc 1 595 1 view .LVU136
 534              		@ sp needed
 535              	.LVL53:
 595:Middlewares/ST/STM32_USB_Device_Library/Class/CDC/Src/usbd_cdc.c **** 
 536              		.loc 1 595 1 view .LVU137
 537 003a 70BD     		pop	{r4, r5, r6, pc}
 538              	.LVL54:
 539              	.L31:
 583:Middlewares/ST/STM32_USB_Device_Library/Class/CDC/Src/usbd_cdc.c ****   }
 540              		.loc 1 583 12 view .LVU138
ARM GAS  C:\Users\Domagoj\AppData\Local\Temp\ccuB6ZQy.s 			page 25


 541 003c 0320     		movs	r0, #3
 542              	.LVL55:
 583:Middlewares/ST/STM32_USB_Device_Library/Class/CDC/Src/usbd_cdc.c ****   }
 543              		.loc 1 583 12 view .LVU139
 544 003e FCE7     		b	.L30
 545              		.cfi_endproc
 546              	.LFE374:
 548              		.section	.text.USBD_CDC_DataIn,"ax",%progbits
 549              		.align	1
 550              		.syntax unified
 551              		.code	16
 552              		.thumb_func
 554              	USBD_CDC_DataIn:
 555              	.LVL56:
 556              	.LFB373:
 537:Middlewares/ST/STM32_USB_Device_Library/Class/CDC/Src/usbd_cdc.c ****   USBD_CDC_HandleTypeDef *hcdc;
 557              		.loc 1 537 1 is_stmt 1 view -0
 558              		.cfi_startproc
 559              		@ args = 0, pretend = 0, frame = 0
 560              		@ frame_needed = 0, uses_anonymous_args = 0
 537:Middlewares/ST/STM32_USB_Device_Library/Class/CDC/Src/usbd_cdc.c ****   USBD_CDC_HandleTypeDef *hcdc;
 561              		.loc 1 537 1 is_stmt 0 view .LVU141
 562 0000 F8B5     		push	{r3, r4, r5, r6, r7, lr}
 563              	.LCFI5:
 564              		.cfi_def_cfa_offset 24
 565              		.cfi_offset 3, -24
 566              		.cfi_offset 4, -20
 567              		.cfi_offset 5, -16
 568              		.cfi_offset 6, -12
 569              		.cfi_offset 7, -8
 570              		.cfi_offset 14, -4
 571 0002 0400     		movs	r4, r0
 572 0004 0D00     		movs	r5, r1
 538:Middlewares/ST/STM32_USB_Device_Library/Class/CDC/Src/usbd_cdc.c ****   PCD_HandleTypeDef *hpcd = (PCD_HandleTypeDef *)pdev->pData;
 573              		.loc 1 538 3 is_stmt 1 view .LVU142
 539:Middlewares/ST/STM32_USB_Device_Library/Class/CDC/Src/usbd_cdc.c **** 
 574              		.loc 1 539 3 view .LVU143
 539:Middlewares/ST/STM32_USB_Device_Library/Class/CDC/Src/usbd_cdc.c **** 
 575              		.loc 1 539 22 is_stmt 0 view .LVU144
 576 0006 B223     		movs	r3, #178
 577 0008 9B00     		lsls	r3, r3, #2
 578 000a C258     		ldr	r2, [r0, r3]
 579              	.LVL57:
 541:Middlewares/ST/STM32_USB_Device_Library/Class/CDC/Src/usbd_cdc.c ****   {
 580              		.loc 1 541 3 is_stmt 1 view .LVU145
 541:Middlewares/ST/STM32_USB_Device_Library/Class/CDC/Src/usbd_cdc.c ****   {
 581              		.loc 1 541 33 is_stmt 0 view .LVU146
 582 000c 0C33     		adds	r3, r3, #12
 583 000e C358     		ldr	r3, [r0, r3]
 541:Middlewares/ST/STM32_USB_Device_Library/Class/CDC/Src/usbd_cdc.c ****   {
 584              		.loc 1 541 28 view .LVU147
 585 0010 B033     		adds	r3, r3, #176
 586 0012 9B00     		lsls	r3, r3, #2
 587 0014 1E58     		ldr	r6, [r3, r0]
 541:Middlewares/ST/STM32_USB_Device_Library/Class/CDC/Src/usbd_cdc.c ****   {
 588              		.loc 1 541 6 view .LVU148
 589 0016 002E     		cmp	r6, #0
ARM GAS  C:\Users\Domagoj\AppData\Local\Temp\ccuB6ZQy.s 			page 26


 590 0018 34D0     		beq	.L35
 546:Middlewares/ST/STM32_USB_Device_Library/Class/CDC/Src/usbd_cdc.c **** 
 591              		.loc 1 546 3 is_stmt 1 view .LVU149
 592              	.LVL58:
 548:Middlewares/ST/STM32_USB_Device_Library/Class/CDC/Src/usbd_cdc.c ****       ((pdev->ep_in[epnum & 0xFU].total_length % hpcd->IN_ep[epnum & 0xFU].maxpacket) == 0U))
 593              		.loc 1 548 3 view .LVU150
 548:Middlewares/ST/STM32_USB_Device_Library/Class/CDC/Src/usbd_cdc.c ****       ((pdev->ep_in[epnum & 0xFU].total_length % hpcd->IN_ep[epnum & 0xFU].maxpacket) == 0U))
 594              		.loc 1 548 26 is_stmt 0 view .LVU151
 595 001a 0F27     		movs	r7, #15
 596 001c 0F40     		ands	r7, r1
 548:Middlewares/ST/STM32_USB_Device_Library/Class/CDC/Src/usbd_cdc.c ****       ((pdev->ep_in[epnum & 0xFU].total_length % hpcd->IN_ep[epnum & 0xFU].maxpacket) == 0U))
 597              		.loc 1 548 33 view .LVU152
 598 001e BB00     		lsls	r3, r7, #2
 599 0020 DB19     		adds	r3, r3, r7
 600 0022 9B00     		lsls	r3, r3, #2
 601 0024 C318     		adds	r3, r0, r3
 602 0026 9869     		ldr	r0, [r3, #24]
 603              	.LVL59:
 548:Middlewares/ST/STM32_USB_Device_Library/Class/CDC/Src/usbd_cdc.c ****       ((pdev->ep_in[epnum & 0xFU].total_length % hpcd->IN_ep[epnum & 0xFU].maxpacket) == 0U))
 604              		.loc 1 548 6 view .LVU153
 605 0028 0028     		cmp	r0, #0
 606 002a 08D0     		beq	.L34
 549:Middlewares/ST/STM32_USB_Device_Library/Class/CDC/Src/usbd_cdc.c ****   {
 607              		.loc 1 549 75 view .LVU154
 608 002c BB00     		lsls	r3, r7, #2
 609 002e DB19     		adds	r3, r3, r7
 610 0030 DB00     		lsls	r3, r3, #3
 611 0032 D218     		adds	r2, r2, r3
 612              	.LVL60:
 549:Middlewares/ST/STM32_USB_Device_Library/Class/CDC/Src/usbd_cdc.c ****   {
 613              		.loc 1 549 75 view .LVU155
 614 0034 516A     		ldr	r1, [r2, #36]
 615              	.LVL61:
 549:Middlewares/ST/STM32_USB_Device_Library/Class/CDC/Src/usbd_cdc.c ****   {
 616              		.loc 1 549 48 view .LVU156
 617 0036 FFF7FEFF 		bl	__aeabi_uidivmod
 618              	.LVL62:
 548:Middlewares/ST/STM32_USB_Device_Library/Class/CDC/Src/usbd_cdc.c ****       ((pdev->ep_in[epnum & 0xFU].total_length % hpcd->IN_ep[epnum & 0xFU].maxpacket) == 0U))
 619              		.loc 1 548 53 discriminator 1 view .LVU157
 620 003a 0029     		cmp	r1, #0
 621 003c 15D0     		beq	.L37
 622              	.L34:
 559:Middlewares/ST/STM32_USB_Device_Library/Class/CDC/Src/usbd_cdc.c **** 
 623              		.loc 1 559 5 is_stmt 1 view .LVU158
 559:Middlewares/ST/STM32_USB_Device_Library/Class/CDC/Src/usbd_cdc.c **** 
 624              		.loc 1 559 19 is_stmt 0 view .LVU159
 625 003e 8523     		movs	r3, #133
 626 0040 9B00     		lsls	r3, r3, #2
 627 0042 0022     		movs	r2, #0
 628 0044 F250     		str	r2, [r6, r3]
 561:Middlewares/ST/STM32_USB_Device_Library/Class/CDC/Src/usbd_cdc.c ****     {
 629              		.loc 1 561 5 is_stmt 1 view .LVU160
 561:Middlewares/ST/STM32_USB_Device_Library/Class/CDC/Src/usbd_cdc.c ****     {
 630              		.loc 1 561 53 is_stmt 0 view .LVU161
 631 0046 C033     		adds	r3, r3, #192
 632 0048 E358     		ldr	r3, [r4, r3]
 561:Middlewares/ST/STM32_USB_Device_Library/Class/CDC/Src/usbd_cdc.c ****     {
ARM GAS  C:\Users\Domagoj\AppData\Local\Temp\ccuB6ZQy.s 			page 27


 633              		.loc 1 561 48 view .LVU162
 634 004a B033     		adds	r3, r3, #176
 635 004c 9B00     		lsls	r3, r3, #2
 636 004e E418     		adds	r4, r4, r3
 637              	.LVL63:
 561:Middlewares/ST/STM32_USB_Device_Library/Class/CDC/Src/usbd_cdc.c ****     {
 638              		.loc 1 561 48 view .LVU163
 639 0050 6368     		ldr	r3, [r4, #4]
 561:Middlewares/ST/STM32_USB_Device_Library/Class/CDC/Src/usbd_cdc.c ****     {
 640              		.loc 1 561 64 view .LVU164
 641 0052 1B69     		ldr	r3, [r3, #16]
 561:Middlewares/ST/STM32_USB_Device_Library/Class/CDC/Src/usbd_cdc.c ****     {
 642              		.loc 1 561 8 view .LVU165
 643 0054 002B     		cmp	r3, #0
 644 0056 17D0     		beq	.L36
 563:Middlewares/ST/STM32_USB_Device_Library/Class/CDC/Src/usbd_cdc.c ****     }
 645              		.loc 1 563 7 is_stmt 1 view .LVU166
 563:Middlewares/ST/STM32_USB_Device_Library/Class/CDC/Src/usbd_cdc.c ****     }
 646              		.loc 1 563 8 is_stmt 0 view .LVU167
 647 0058 8422     		movs	r2, #132
 648 005a 9200     		lsls	r2, r2, #2
 649 005c B118     		adds	r1, r6, r2
 650 005e 083A     		subs	r2, r2, #8
 651 0060 B058     		ldr	r0, [r6, r2]
 652 0062 2A00     		movs	r2, r5
 653 0064 9847     		blx	r3
 654              	.LVL64:
 567:Middlewares/ST/STM32_USB_Device_Library/Class/CDC/Src/usbd_cdc.c **** }
 655              		.loc 1 567 10 view .LVU168
 656 0066 0020     		movs	r0, #0
 657              	.LVL65:
 658              	.L33:
 568:Middlewares/ST/STM32_USB_Device_Library/Class/CDC/Src/usbd_cdc.c **** 
 659              		.loc 1 568 1 view .LVU169
 660              		@ sp needed
 661              	.LVL66:
 568:Middlewares/ST/STM32_USB_Device_Library/Class/CDC/Src/usbd_cdc.c **** 
 662              		.loc 1 568 1 view .LVU170
 663 0068 F8BD     		pop	{r3, r4, r5, r6, r7, pc}
 664              	.LVL67:
 665              	.L37:
 552:Middlewares/ST/STM32_USB_Device_Library/Class/CDC/Src/usbd_cdc.c **** 
 666              		.loc 1 552 5 is_stmt 1 view .LVU171
 552:Middlewares/ST/STM32_USB_Device_Library/Class/CDC/Src/usbd_cdc.c **** 
 667              		.loc 1 552 44 is_stmt 0 view .LVU172
 668 006a BB00     		lsls	r3, r7, #2
 669 006c DB19     		adds	r3, r3, r7
 670 006e 9B00     		lsls	r3, r3, #2
 671 0070 E318     		adds	r3, r4, r3
 672 0072 0022     		movs	r2, #0
 673 0074 9A61     		str	r2, [r3, #24]
 555:Middlewares/ST/STM32_USB_Device_Library/Class/CDC/Src/usbd_cdc.c ****   }
 674              		.loc 1 555 5 is_stmt 1 view .LVU173
 555:Middlewares/ST/STM32_USB_Device_Library/Class/CDC/Src/usbd_cdc.c ****   }
 675              		.loc 1 555 11 is_stmt 0 view .LVU174
 676 0076 0023     		movs	r3, #0
 677 0078 2900     		movs	r1, r5
ARM GAS  C:\Users\Domagoj\AppData\Local\Temp\ccuB6ZQy.s 			page 28


 678 007a 2000     		movs	r0, r4
 679 007c FFF7FEFF 		bl	USBD_LL_Transmit
 680              	.LVL68:
 567:Middlewares/ST/STM32_USB_Device_Library/Class/CDC/Src/usbd_cdc.c **** }
 681              		.loc 1 567 10 view .LVU175
 682 0080 0020     		movs	r0, #0
 555:Middlewares/ST/STM32_USB_Device_Library/Class/CDC/Src/usbd_cdc.c ****   }
 683              		.loc 1 555 5 view .LVU176
 684 0082 F1E7     		b	.L33
 685              	.LVL69:
 686              	.L35:
 543:Middlewares/ST/STM32_USB_Device_Library/Class/CDC/Src/usbd_cdc.c ****   }
 687              		.loc 1 543 12 view .LVU177
 688 0084 0320     		movs	r0, #3
 689              	.LVL70:
 543:Middlewares/ST/STM32_USB_Device_Library/Class/CDC/Src/usbd_cdc.c ****   }
 690              		.loc 1 543 12 view .LVU178
 691 0086 EFE7     		b	.L33
 692              	.LVL71:
 693              	.L36:
 567:Middlewares/ST/STM32_USB_Device_Library/Class/CDC/Src/usbd_cdc.c **** }
 694              		.loc 1 567 10 view .LVU179
 695 0088 0020     		movs	r0, #0
 696 008a EDE7     		b	.L33
 697              		.cfi_endproc
 698              	.LFE373:
 700              		.section	.text.USBD_CDC_Setup,"ax",%progbits
 701              		.align	1
 702              		.syntax unified
 703              		.code	16
 704              		.thumb_func
 706              	USBD_CDC_Setup:
 707              	.LVL72:
 708              	.LFB372:
 434:Middlewares/ST/STM32_USB_Device_Library/Class/CDC/Src/usbd_cdc.c ****   USBD_CDC_HandleTypeDef *hcdc = (USBD_CDC_HandleTypeDef *)pdev->pClassDataCmsit[pdev->classId];
 709              		.loc 1 434 1 is_stmt 1 view -0
 710              		.cfi_startproc
 711              		@ args = 0, pretend = 0, frame = 8
 712              		@ frame_needed = 0, uses_anonymous_args = 0
 434:Middlewares/ST/STM32_USB_Device_Library/Class/CDC/Src/usbd_cdc.c ****   USBD_CDC_HandleTypeDef *hcdc = (USBD_CDC_HandleTypeDef *)pdev->pClassDataCmsit[pdev->classId];
 713              		.loc 1 434 1 is_stmt 0 view .LVU181
 714 0000 F0B5     		push	{r4, r5, r6, r7, lr}
 715              	.LCFI6:
 716              		.cfi_def_cfa_offset 20
 717              		.cfi_offset 4, -20
 718              		.cfi_offset 5, -16
 719              		.cfi_offset 6, -12
 720              		.cfi_offset 7, -8
 721              		.cfi_offset 14, -4
 722 0002 83B0     		sub	sp, sp, #12
 723              	.LCFI7:
 724              		.cfi_def_cfa_offset 32
 725 0004 0400     		movs	r4, r0
 726 0006 0D00     		movs	r5, r1
 435:Middlewares/ST/STM32_USB_Device_Library/Class/CDC/Src/usbd_cdc.c ****   uint16_t len;
 727              		.loc 1 435 3 is_stmt 1 view .LVU182
 435:Middlewares/ST/STM32_USB_Device_Library/Class/CDC/Src/usbd_cdc.c ****   uint16_t len;
ARM GAS  C:\Users\Domagoj\AppData\Local\Temp\ccuB6ZQy.s 			page 29


 728              		.loc 1 435 86 is_stmt 0 view .LVU183
 729 0008 B523     		movs	r3, #181
 730 000a 9B00     		lsls	r3, r3, #2
 731 000c C158     		ldr	r1, [r0, r3]
 732              	.LVL73:
 435:Middlewares/ST/STM32_USB_Device_Library/Class/CDC/Src/usbd_cdc.c ****   uint16_t len;
 733              		.loc 1 435 27 view .LVU184
 734 000e 0B00     		movs	r3, r1
 735 0010 B033     		adds	r3, r3, #176
 736 0012 9B00     		lsls	r3, r3, #2
 737 0014 1F58     		ldr	r7, [r3, r0]
 738              	.LVL74:
 436:Middlewares/ST/STM32_USB_Device_Library/Class/CDC/Src/usbd_cdc.c ****   uint8_t ifalt = 0U;
 739              		.loc 1 436 3 is_stmt 1 view .LVU185
 437:Middlewares/ST/STM32_USB_Device_Library/Class/CDC/Src/usbd_cdc.c ****   uint16_t status_info = 0U;
 740              		.loc 1 437 3 view .LVU186
 437:Middlewares/ST/STM32_USB_Device_Library/Class/CDC/Src/usbd_cdc.c ****   uint16_t status_info = 0U;
 741              		.loc 1 437 11 is_stmt 0 view .LVU187
 742 0016 0023     		movs	r3, #0
 743 0018 6A46     		mov	r2, sp
 744 001a D371     		strb	r3, [r2, #7]
 438:Middlewares/ST/STM32_USB_Device_Library/Class/CDC/Src/usbd_cdc.c ****   USBD_StatusTypeDef ret = USBD_OK;
 745              		.loc 1 438 3 is_stmt 1 view .LVU188
 438:Middlewares/ST/STM32_USB_Device_Library/Class/CDC/Src/usbd_cdc.c ****   USBD_StatusTypeDef ret = USBD_OK;
 746              		.loc 1 438 12 is_stmt 0 view .LVU189
 747 001c 01AA     		add	r2, sp, #4
 748 001e 1380     		strh	r3, [r2]
 439:Middlewares/ST/STM32_USB_Device_Library/Class/CDC/Src/usbd_cdc.c **** 
 749              		.loc 1 439 3 is_stmt 1 view .LVU190
 750              	.LVL75:
 441:Middlewares/ST/STM32_USB_Device_Library/Class/CDC/Src/usbd_cdc.c ****   {
 751              		.loc 1 441 3 view .LVU191
 441:Middlewares/ST/STM32_USB_Device_Library/Class/CDC/Src/usbd_cdc.c ****   {
 752              		.loc 1 441 6 is_stmt 0 view .LVU192
 753 0020 002F     		cmp	r7, #0
 754 0022 00D1     		bne	.LCB625
 755 0024 7FE0     		b	.L53	@long jump
 756              	.LCB625:
 446:Middlewares/ST/STM32_USB_Device_Library/Class/CDC/Src/usbd_cdc.c ****   {
 757              		.loc 1 446 3 is_stmt 1 view .LVU193
 446:Middlewares/ST/STM32_USB_Device_Library/Class/CDC/Src/usbd_cdc.c ****   {
 758              		.loc 1 446 14 is_stmt 0 view .LVU194
 759 0026 2B78     		ldrb	r3, [r5]
 760 0028 6022     		movs	r2, #96
 761 002a 1600     		movs	r6, r2
 762 002c 1E40     		ands	r6, r3
 446:Middlewares/ST/STM32_USB_Device_Library/Class/CDC/Src/usbd_cdc.c ****   {
 763              		.loc 1 446 3 view .LVU195
 764 002e 1A42     		tst	r2, r3
 765 0030 38D0     		beq	.L40
 766 0032 202E     		cmp	r6, #32
 767 0034 70D1     		bne	.L41
 449:Middlewares/ST/STM32_USB_Device_Library/Class/CDC/Src/usbd_cdc.c ****       {
 768              		.loc 1 449 7 is_stmt 1 view .LVU196
 449:Middlewares/ST/STM32_USB_Device_Library/Class/CDC/Src/usbd_cdc.c ****       {
 769              		.loc 1 449 14 is_stmt 0 view .LVU197
 770 0036 EA88     		ldrh	r2, [r5, #6]
ARM GAS  C:\Users\Domagoj\AppData\Local\Temp\ccuB6ZQy.s 			page 30


 449:Middlewares/ST/STM32_USB_Device_Library/Class/CDC/Src/usbd_cdc.c ****       {
 771              		.loc 1 449 10 view .LVU198
 772 0038 002A     		cmp	r2, #0
 773 003a 28D0     		beq	.L42
 451:Middlewares/ST/STM32_USB_Device_Library/Class/CDC/Src/usbd_cdc.c ****         {
 774              		.loc 1 451 9 is_stmt 1 view .LVU199
 451:Middlewares/ST/STM32_USB_Device_Library/Class/CDC/Src/usbd_cdc.c ****         {
 775              		.loc 1 451 38 is_stmt 0 view .LVU200
 776 003c 5BB2     		sxtb	r3, r3
 451:Middlewares/ST/STM32_USB_Device_Library/Class/CDC/Src/usbd_cdc.c ****         {
 777              		.loc 1 451 12 view .LVU201
 778 003e 002B     		cmp	r3, #0
 779 0040 08DB     		blt	.L55
 462:Middlewares/ST/STM32_USB_Device_Library/Class/CDC/Src/usbd_cdc.c ****           hcdc->CmdLength = (uint8_t)MIN(req->wLength, USB_MAX_EP0_SIZE);
 780              		.loc 1 462 11 is_stmt 1 view .LVU202
 462:Middlewares/ST/STM32_USB_Device_Library/Class/CDC/Src/usbd_cdc.c ****           hcdc->CmdLength = (uint8_t)MIN(req->wLength, USB_MAX_EP0_SIZE);
 781              		.loc 1 462 32 is_stmt 0 view .LVU203
 782 0042 6A78     		ldrb	r2, [r5, #1]
 462:Middlewares/ST/STM32_USB_Device_Library/Class/CDC/Src/usbd_cdc.c ****           hcdc->CmdLength = (uint8_t)MIN(req->wLength, USB_MAX_EP0_SIZE);
 783              		.loc 1 462 27 view .LVU204
 784 0044 8023     		movs	r3, #128
 785 0046 9B00     		lsls	r3, r3, #2
 786 0048 FA54     		strb	r2, [r7, r3]
 463:Middlewares/ST/STM32_USB_Device_Library/Class/CDC/Src/usbd_cdc.c **** 
 787              		.loc 1 463 11 is_stmt 1 view .LVU205
 463:Middlewares/ST/STM32_USB_Device_Library/Class/CDC/Src/usbd_cdc.c **** 
 788              		.loc 1 463 38 is_stmt 0 view .LVU206
 789 004a EA88     		ldrh	r2, [r5, #6]
 463:Middlewares/ST/STM32_USB_Device_Library/Class/CDC/Src/usbd_cdc.c **** 
 790              		.loc 1 463 29 view .LVU207
 791 004c 3F2A     		cmp	r2, #63
 792 004e 15D8     		bhi	.L54
 463:Middlewares/ST/STM32_USB_Device_Library/Class/CDC/Src/usbd_cdc.c **** 
 793              		.loc 1 463 29 discriminator 1 view .LVU208
 794 0050 D2B2     		uxtb	r2, r2
 795 0052 14E0     		b	.L45
 796              	.L55:
 453:Middlewares/ST/STM32_USB_Device_Library/Class/CDC/Src/usbd_cdc.c ****                                                                            (uint8_t *)hcdc->data,
 797              		.loc 1 453 11 is_stmt 1 view .LVU209
 453:Middlewares/ST/STM32_USB_Device_Library/Class/CDC/Src/usbd_cdc.c ****                                                                            (uint8_t *)hcdc->data,
 798              		.loc 1 453 50 is_stmt 0 view .LVU210
 799 0054 B031     		adds	r1, r1, #176
 800 0056 8900     		lsls	r1, r1, #2
 801 0058 4118     		adds	r1, r0, r1
 802 005a 4B68     		ldr	r3, [r1, #4]
 453:Middlewares/ST/STM32_USB_Device_Library/Class/CDC/Src/usbd_cdc.c ****                                                                            (uint8_t *)hcdc->data,
 803              		.loc 1 453 66 view .LVU211
 804 005c 9B68     		ldr	r3, [r3, #8]
 453:Middlewares/ST/STM32_USB_Device_Library/Class/CDC/Src/usbd_cdc.c ****                                                                            (uint8_t *)hcdc->data,
 805              		.loc 1 453 12 view .LVU212
 806 005e 6878     		ldrb	r0, [r5, #1]
 807              	.LVL76:
 453:Middlewares/ST/STM32_USB_Device_Library/Class/CDC/Src/usbd_cdc.c ****                                                                            (uint8_t *)hcdc->data,
 808              		.loc 1 453 12 view .LVU213
 809 0060 3900     		movs	r1, r7
 810 0062 9847     		blx	r3
 811              	.LVL77:
ARM GAS  C:\Users\Domagoj\AppData\Local\Temp\ccuB6ZQy.s 			page 31


 457:Middlewares/ST/STM32_USB_Device_Library/Class/CDC/Src/usbd_cdc.c ****           (void)USBD_CtlSendData(pdev, (uint8_t *)hcdc->data, len);
 812              		.loc 1 457 11 is_stmt 1 view .LVU214
 457:Middlewares/ST/STM32_USB_Device_Library/Class/CDC/Src/usbd_cdc.c ****           (void)USBD_CtlSendData(pdev, (uint8_t *)hcdc->data, len);
 813              		.loc 1 457 17 is_stmt 0 view .LVU215
 814 0064 EB88     		ldrh	r3, [r5, #6]
 457:Middlewares/ST/STM32_USB_Device_Library/Class/CDC/Src/usbd_cdc.c ****           (void)USBD_CtlSendData(pdev, (uint8_t *)hcdc->data, len);
 815              		.loc 1 457 15 view .LVU216
 816 0066 1A1C     		adds	r2, r3, #0
 817 0068 072B     		cmp	r3, #7
 818 006a 00D9     		bls	.L44
 819 006c 0722     		movs	r2, #7
 820              	.L44:
 821 006e 92B2     		uxth	r2, r2
 822              	.LVL78:
 458:Middlewares/ST/STM32_USB_Device_Library/Class/CDC/Src/usbd_cdc.c ****         }
 823              		.loc 1 458 11 is_stmt 1 view .LVU217
 458:Middlewares/ST/STM32_USB_Device_Library/Class/CDC/Src/usbd_cdc.c ****         }
 824              		.loc 1 458 17 is_stmt 0 view .LVU218
 825 0070 3900     		movs	r1, r7
 826 0072 2000     		movs	r0, r4
 827 0074 FFF7FEFF 		bl	USBD_CtlSendData
 828              	.LVL79:
 439:Middlewares/ST/STM32_USB_Device_Library/Class/CDC/Src/usbd_cdc.c **** 
 829              		.loc 1 439 22 view .LVU219
 830 0078 0026     		movs	r6, #0
 831 007a 51E0     		b	.L39
 832              	.LVL80:
 833              	.L54:
 463:Middlewares/ST/STM32_USB_Device_Library/Class/CDC/Src/usbd_cdc.c **** 
 834              		.loc 1 463 29 discriminator 2 view .LVU220
 835 007c 4022     		movs	r2, #64
 836              	.L45:
 463:Middlewares/ST/STM32_USB_Device_Library/Class/CDC/Src/usbd_cdc.c **** 
 837              		.loc 1 463 27 discriminator 4 view .LVU221
 838 007e 2B4B     		ldr	r3, .L58
 839 0080 FA54     		strb	r2, [r7, r3]
 465:Middlewares/ST/STM32_USB_Device_Library/Class/CDC/Src/usbd_cdc.c ****         }
 840              		.loc 1 465 11 is_stmt 1 view .LVU222
 465:Middlewares/ST/STM32_USB_Device_Library/Class/CDC/Src/usbd_cdc.c ****         }
 841              		.loc 1 465 17 is_stmt 0 view .LVU223
 842 0082 3900     		movs	r1, r7
 843 0084 2000     		movs	r0, r4
 844              	.LVL81:
 465:Middlewares/ST/STM32_USB_Device_Library/Class/CDC/Src/usbd_cdc.c ****         }
 845              		.loc 1 465 17 view .LVU224
 846 0086 FFF7FEFF 		bl	USBD_CtlPrepareRx
 847              	.LVL82:
 439:Middlewares/ST/STM32_USB_Device_Library/Class/CDC/Src/usbd_cdc.c **** 
 848              		.loc 1 439 22 view .LVU225
 849 008a 0026     		movs	r6, #0
 850 008c 48E0     		b	.L39
 851              	.LVL83:
 852              	.L42:
 470:Middlewares/ST/STM32_USB_Device_Library/Class/CDC/Src/usbd_cdc.c ****                                                                          (uint8_t *)req, 0U);
 853              		.loc 1 470 9 is_stmt 1 view .LVU226
 470:Middlewares/ST/STM32_USB_Device_Library/Class/CDC/Src/usbd_cdc.c ****                                                                          (uint8_t *)req, 0U);
 854              		.loc 1 470 48 is_stmt 0 view .LVU227
ARM GAS  C:\Users\Domagoj\AppData\Local\Temp\ccuB6ZQy.s 			page 32


 855 008e B031     		adds	r1, r1, #176
 856 0090 8900     		lsls	r1, r1, #2
 857 0092 4118     		adds	r1, r0, r1
 858 0094 4B68     		ldr	r3, [r1, #4]
 470:Middlewares/ST/STM32_USB_Device_Library/Class/CDC/Src/usbd_cdc.c ****                                                                          (uint8_t *)req, 0U);
 859              		.loc 1 470 64 view .LVU228
 860 0096 9B68     		ldr	r3, [r3, #8]
 470:Middlewares/ST/STM32_USB_Device_Library/Class/CDC/Src/usbd_cdc.c ****                                                                          (uint8_t *)req, 0U);
 861              		.loc 1 470 10 view .LVU229
 862 0098 6878     		ldrb	r0, [r5, #1]
 863              	.LVL84:
 470:Middlewares/ST/STM32_USB_Device_Library/Class/CDC/Src/usbd_cdc.c ****                                                                          (uint8_t *)req, 0U);
 864              		.loc 1 470 10 view .LVU230
 865 009a 0022     		movs	r2, #0
 866 009c 2900     		movs	r1, r5
 867 009e 9847     		blx	r3
 868              	.LVL85:
 439:Middlewares/ST/STM32_USB_Device_Library/Class/CDC/Src/usbd_cdc.c **** 
 869              		.loc 1 439 22 view .LVU231
 870 00a0 0026     		movs	r6, #0
 871 00a2 3DE0     		b	.L39
 872              	.LVL86:
 873              	.L40:
 476:Middlewares/ST/STM32_USB_Device_Library/Class/CDC/Src/usbd_cdc.c ****       {
 874              		.loc 1 476 7 is_stmt 1 view .LVU232
 476:Middlewares/ST/STM32_USB_Device_Library/Class/CDC/Src/usbd_cdc.c ****       {
 875              		.loc 1 476 18 is_stmt 0 view .LVU233
 876 00a4 6F78     		ldrb	r7, [r5, #1]
 877              	.LVL87:
 476:Middlewares/ST/STM32_USB_Device_Library/Class/CDC/Src/usbd_cdc.c ****       {
 878              		.loc 1 476 7 view .LVU234
 879 00a6 0A2F     		cmp	r7, #10
 880 00a8 26D0     		beq	.L46
 881 00aa 09D8     		bhi	.L47
 882 00ac 002F     		cmp	r7, #0
 883 00ae 13D0     		beq	.L48
 884 00b0 012F     		cmp	r7, #1
 885 00b2 35D0     		beq	.L39
 886              	.L49:
 514:Middlewares/ST/STM32_USB_Device_Library/Class/CDC/Src/usbd_cdc.c ****           ret = USBD_FAIL;
 887              		.loc 1 514 11 is_stmt 1 view .LVU235
 888 00b4 2900     		movs	r1, r5
 889              	.LVL88:
 514:Middlewares/ST/STM32_USB_Device_Library/Class/CDC/Src/usbd_cdc.c ****           ret = USBD_FAIL;
 890              		.loc 1 514 11 is_stmt 0 view .LVU236
 891 00b6 2000     		movs	r0, r4
 892              	.LVL89:
 514:Middlewares/ST/STM32_USB_Device_Library/Class/CDC/Src/usbd_cdc.c ****           ret = USBD_FAIL;
 893              		.loc 1 514 11 view .LVU237
 894 00b8 FFF7FEFF 		bl	USBD_CtlError
 895              	.LVL90:
 515:Middlewares/ST/STM32_USB_Device_Library/Class/CDC/Src/usbd_cdc.c ****           break;
 896              		.loc 1 515 11 is_stmt 1 view .LVU238
 516:Middlewares/ST/STM32_USB_Device_Library/Class/CDC/Src/usbd_cdc.c ****       }
 897              		.loc 1 516 11 view .LVU239
 515:Middlewares/ST/STM32_USB_Device_Library/Class/CDC/Src/usbd_cdc.c ****           break;
 898              		.loc 1 515 15 is_stmt 0 view .LVU240
ARM GAS  C:\Users\Domagoj\AppData\Local\Temp\ccuB6ZQy.s 			page 33


 899 00bc 0326     		movs	r6, #3
 516:Middlewares/ST/STM32_USB_Device_Library/Class/CDC/Src/usbd_cdc.c ****       }
 900              		.loc 1 516 11 view .LVU241
 901 00be 2FE0     		b	.L39
 902              	.LVL91:
 903              	.L47:
 476:Middlewares/ST/STM32_USB_Device_Library/Class/CDC/Src/usbd_cdc.c ****       {
 904              		.loc 1 476 7 view .LVU242
 905 00c0 0B2F     		cmp	r7, #11
 906 00c2 F7D1     		bne	.L49
 503:Middlewares/ST/STM32_USB_Device_Library/Class/CDC/Src/usbd_cdc.c ****           {
 907              		.loc 1 503 11 is_stmt 1 view .LVU243
 503:Middlewares/ST/STM32_USB_Device_Library/Class/CDC/Src/usbd_cdc.c ****           {
 908              		.loc 1 503 19 is_stmt 0 view .LVU244
 909 00c4 A723     		movs	r3, #167
 910 00c6 9B00     		lsls	r3, r3, #2
 911 00c8 C35C     		ldrb	r3, [r0, r3]
 503:Middlewares/ST/STM32_USB_Device_Library/Class/CDC/Src/usbd_cdc.c ****           {
 912              		.loc 1 503 14 view .LVU245
 913 00ca 032B     		cmp	r3, #3
 914 00cc 28D0     		beq	.L39
 505:Middlewares/ST/STM32_USB_Device_Library/Class/CDC/Src/usbd_cdc.c ****             ret = USBD_FAIL;
 915              		.loc 1 505 13 is_stmt 1 view .LVU246
 916 00ce 2900     		movs	r1, r5
 917              	.LVL92:
 505:Middlewares/ST/STM32_USB_Device_Library/Class/CDC/Src/usbd_cdc.c ****             ret = USBD_FAIL;
 918              		.loc 1 505 13 is_stmt 0 view .LVU247
 919 00d0 FFF7FEFF 		bl	USBD_CtlError
 920              	.LVL93:
 506:Middlewares/ST/STM32_USB_Device_Library/Class/CDC/Src/usbd_cdc.c ****           }
 921              		.loc 1 506 13 is_stmt 1 view .LVU248
 506:Middlewares/ST/STM32_USB_Device_Library/Class/CDC/Src/usbd_cdc.c ****           }
 922              		.loc 1 506 17 is_stmt 0 view .LVU249
 923 00d4 0326     		movs	r6, #3
 924 00d6 23E0     		b	.L39
 925              	.LVL94:
 926              	.L48:
 479:Middlewares/ST/STM32_USB_Device_Library/Class/CDC/Src/usbd_cdc.c ****           {
 927              		.loc 1 479 11 is_stmt 1 view .LVU250
 479:Middlewares/ST/STM32_USB_Device_Library/Class/CDC/Src/usbd_cdc.c ****           {
 928              		.loc 1 479 19 is_stmt 0 view .LVU251
 929 00d8 A723     		movs	r3, #167
 930 00da 9B00     		lsls	r3, r3, #2
 931 00dc C35C     		ldrb	r3, [r0, r3]
 479:Middlewares/ST/STM32_USB_Device_Library/Class/CDC/Src/usbd_cdc.c ****           {
 932              		.loc 1 479 14 view .LVU252
 933 00de 032B     		cmp	r3, #3
 934 00e0 04D0     		beq	.L56
 485:Middlewares/ST/STM32_USB_Device_Library/Class/CDC/Src/usbd_cdc.c ****             ret = USBD_FAIL;
 935              		.loc 1 485 13 is_stmt 1 view .LVU253
 936 00e2 2900     		movs	r1, r5
 937              	.LVL95:
 485:Middlewares/ST/STM32_USB_Device_Library/Class/CDC/Src/usbd_cdc.c ****             ret = USBD_FAIL;
 938              		.loc 1 485 13 is_stmt 0 view .LVU254
 939 00e4 FFF7FEFF 		bl	USBD_CtlError
 940              	.LVL96:
 486:Middlewares/ST/STM32_USB_Device_Library/Class/CDC/Src/usbd_cdc.c ****           }
ARM GAS  C:\Users\Domagoj\AppData\Local\Temp\ccuB6ZQy.s 			page 34


 941              		.loc 1 486 13 is_stmt 1 view .LVU255
 486:Middlewares/ST/STM32_USB_Device_Library/Class/CDC/Src/usbd_cdc.c ****           }
 942              		.loc 1 486 17 is_stmt 0 view .LVU256
 943 00e8 0326     		movs	r6, #3
 944 00ea 19E0     		b	.L39
 945              	.LVL97:
 946              	.L56:
 481:Middlewares/ST/STM32_USB_Device_Library/Class/CDC/Src/usbd_cdc.c ****           }
 947              		.loc 1 481 13 is_stmt 1 view .LVU257
 481:Middlewares/ST/STM32_USB_Device_Library/Class/CDC/Src/usbd_cdc.c ****           }
 948              		.loc 1 481 19 is_stmt 0 view .LVU258
 949 00ec 0222     		movs	r2, #2
 950 00ee 01A9     		add	r1, sp, #4
 951              	.LVL98:
 481:Middlewares/ST/STM32_USB_Device_Library/Class/CDC/Src/usbd_cdc.c ****           }
 952              		.loc 1 481 19 view .LVU259
 953 00f0 FFF7FEFF 		bl	USBD_CtlSendData
 954              	.LVL99:
 439:Middlewares/ST/STM32_USB_Device_Library/Class/CDC/Src/usbd_cdc.c **** 
 955              		.loc 1 439 22 view .LVU260
 956 00f4 3E00     		movs	r6, r7
 957 00f6 13E0     		b	.L39
 958              	.LVL100:
 959              	.L46:
 491:Middlewares/ST/STM32_USB_Device_Library/Class/CDC/Src/usbd_cdc.c ****           {
 960              		.loc 1 491 11 is_stmt 1 view .LVU261
 491:Middlewares/ST/STM32_USB_Device_Library/Class/CDC/Src/usbd_cdc.c ****           {
 961              		.loc 1 491 19 is_stmt 0 view .LVU262
 962 00f8 A723     		movs	r3, #167
 963 00fa 9B00     		lsls	r3, r3, #2
 964 00fc C35C     		ldrb	r3, [r0, r3]
 491:Middlewares/ST/STM32_USB_Device_Library/Class/CDC/Src/usbd_cdc.c ****           {
 965              		.loc 1 491 14 view .LVU263
 966 00fe 032B     		cmp	r3, #3
 967 0100 04D0     		beq	.L57
 497:Middlewares/ST/STM32_USB_Device_Library/Class/CDC/Src/usbd_cdc.c ****             ret = USBD_FAIL;
 968              		.loc 1 497 13 is_stmt 1 view .LVU264
 969 0102 2900     		movs	r1, r5
 970              	.LVL101:
 497:Middlewares/ST/STM32_USB_Device_Library/Class/CDC/Src/usbd_cdc.c ****             ret = USBD_FAIL;
 971              		.loc 1 497 13 is_stmt 0 view .LVU265
 972 0104 FFF7FEFF 		bl	USBD_CtlError
 973              	.LVL102:
 498:Middlewares/ST/STM32_USB_Device_Library/Class/CDC/Src/usbd_cdc.c ****           }
 974              		.loc 1 498 13 is_stmt 1 view .LVU266
 498:Middlewares/ST/STM32_USB_Device_Library/Class/CDC/Src/usbd_cdc.c ****           }
 975              		.loc 1 498 17 is_stmt 0 view .LVU267
 976 0108 0326     		movs	r6, #3
 977 010a 09E0     		b	.L39
 978              	.LVL103:
 979              	.L57:
 493:Middlewares/ST/STM32_USB_Device_Library/Class/CDC/Src/usbd_cdc.c ****           }
 980              		.loc 1 493 13 is_stmt 1 view .LVU268
 493:Middlewares/ST/STM32_USB_Device_Library/Class/CDC/Src/usbd_cdc.c ****           }
 981              		.loc 1 493 19 is_stmt 0 view .LVU269
 982 010c 0122     		movs	r2, #1
 983 010e 6B46     		mov	r3, sp
ARM GAS  C:\Users\Domagoj\AppData\Local\Temp\ccuB6ZQy.s 			page 35


 984 0110 D91D     		adds	r1, r3, #7
 985              	.LVL104:
 493:Middlewares/ST/STM32_USB_Device_Library/Class/CDC/Src/usbd_cdc.c ****           }
 986              		.loc 1 493 19 view .LVU270
 987 0112 FFF7FEFF 		bl	USBD_CtlSendData
 988              	.LVL105:
 493:Middlewares/ST/STM32_USB_Device_Library/Class/CDC/Src/usbd_cdc.c ****           }
 989              		.loc 1 493 19 view .LVU271
 990 0116 03E0     		b	.L39
 991              	.LVL106:
 992              	.L41:
 521:Middlewares/ST/STM32_USB_Device_Library/Class/CDC/Src/usbd_cdc.c ****       ret = USBD_FAIL;
 993              		.loc 1 521 7 is_stmt 1 view .LVU272
 994 0118 2900     		movs	r1, r5
 995 011a FFF7FEFF 		bl	USBD_CtlError
 996              	.LVL107:
 522:Middlewares/ST/STM32_USB_Device_Library/Class/CDC/Src/usbd_cdc.c ****       break;
 997              		.loc 1 522 7 view .LVU273
 523:Middlewares/ST/STM32_USB_Device_Library/Class/CDC/Src/usbd_cdc.c ****   }
 998              		.loc 1 523 7 view .LVU274
 522:Middlewares/ST/STM32_USB_Device_Library/Class/CDC/Src/usbd_cdc.c ****       break;
 999              		.loc 1 522 11 is_stmt 0 view .LVU275
 1000 011e 0326     		movs	r6, #3
 1001              	.LVL108:
 1002              	.L39:
 527:Middlewares/ST/STM32_USB_Device_Library/Class/CDC/Src/usbd_cdc.c **** 
 1003              		.loc 1 527 1 view .LVU276
 1004 0120 3000     		movs	r0, r6
 1005 0122 03B0     		add	sp, sp, #12
 1006              		@ sp needed
 1007              	.LVL109:
 1008              	.LVL110:
 527:Middlewares/ST/STM32_USB_Device_Library/Class/CDC/Src/usbd_cdc.c **** 
 1009              		.loc 1 527 1 view .LVU277
 1010 0124 F0BD     		pop	{r4, r5, r6, r7, pc}
 1011              	.LVL111:
 1012              	.L53:
 443:Middlewares/ST/STM32_USB_Device_Library/Class/CDC/Src/usbd_cdc.c ****   }
 1013              		.loc 1 443 12 view .LVU278
 1014 0126 0326     		movs	r6, #3
 1015 0128 FAE7     		b	.L39
 1016              	.L59:
 1017 012a C046     		.align	2
 1018              	.L58:
 1019 012c 01020000 		.word	513
 1020              		.cfi_endproc
 1021              	.LFE372:
 1023              		.section	.text.USBD_CDC_DeInit,"ax",%progbits
 1024              		.align	1
 1025              		.syntax unified
 1026              		.code	16
 1027              		.thumb_func
 1029              	USBD_CDC_DeInit:
 1030              	.LVL112:
 1031              	.LFB371:
 389:Middlewares/ST/STM32_USB_Device_Library/Class/CDC/Src/usbd_cdc.c ****   UNUSED(cfgidx);
 1032              		.loc 1 389 1 is_stmt 1 view -0
ARM GAS  C:\Users\Domagoj\AppData\Local\Temp\ccuB6ZQy.s 			page 36


 1033              		.cfi_startproc
 1034              		@ args = 0, pretend = 0, frame = 0
 1035              		@ frame_needed = 0, uses_anonymous_args = 0
 389:Middlewares/ST/STM32_USB_Device_Library/Class/CDC/Src/usbd_cdc.c ****   UNUSED(cfgidx);
 1036              		.loc 1 389 1 is_stmt 0 view .LVU280
 1037 0000 70B5     		push	{r4, r5, r6, lr}
 1038              	.LCFI8:
 1039              		.cfi_def_cfa_offset 16
 1040              		.cfi_offset 4, -16
 1041              		.cfi_offset 5, -12
 1042              		.cfi_offset 6, -8
 1043              		.cfi_offset 14, -4
 1044 0002 0400     		movs	r4, r0
 390:Middlewares/ST/STM32_USB_Device_Library/Class/CDC/Src/usbd_cdc.c **** 
 1045              		.loc 1 390 3 is_stmt 1 view .LVU281
 401:Middlewares/ST/STM32_USB_Device_Library/Class/CDC/Src/usbd_cdc.c ****   pdev->ep_in[CDCInEpAdd & 0xFU].is_used = 0U;
 1046              		.loc 1 401 3 view .LVU282
 401:Middlewares/ST/STM32_USB_Device_Library/Class/CDC/Src/usbd_cdc.c ****   pdev->ep_in[CDCInEpAdd & 0xFU].is_used = 0U;
 1047              		.loc 1 401 9 is_stmt 0 view .LVU283
 1048 0004 8121     		movs	r1, #129
 1049              	.LVL113:
 401:Middlewares/ST/STM32_USB_Device_Library/Class/CDC/Src/usbd_cdc.c ****   pdev->ep_in[CDCInEpAdd & 0xFU].is_used = 0U;
 1050              		.loc 1 401 9 view .LVU284
 1051 0006 FFF7FEFF 		bl	USBD_LL_CloseEP
 1052              	.LVL114:
 402:Middlewares/ST/STM32_USB_Device_Library/Class/CDC/Src/usbd_cdc.c **** 
 1053              		.loc 1 402 3 is_stmt 1 view .LVU285
 402:Middlewares/ST/STM32_USB_Device_Library/Class/CDC/Src/usbd_cdc.c **** 
 1054              		.loc 1 402 42 is_stmt 0 view .LVU286
 1055 000a 0025     		movs	r5, #0
 1056 000c 2587     		strh	r5, [r4, #56]
 405:Middlewares/ST/STM32_USB_Device_Library/Class/CDC/Src/usbd_cdc.c ****   pdev->ep_out[CDCOutEpAdd & 0xFU].is_used = 0U;
 1057              		.loc 1 405 3 is_stmt 1 view .LVU287
 405:Middlewares/ST/STM32_USB_Device_Library/Class/CDC/Src/usbd_cdc.c ****   pdev->ep_out[CDCOutEpAdd & 0xFU].is_used = 0U;
 1058              		.loc 1 405 9 is_stmt 0 view .LVU288
 1059 000e 0121     		movs	r1, #1
 1060 0010 2000     		movs	r0, r4
 1061 0012 FFF7FEFF 		bl	USBD_LL_CloseEP
 1062              	.LVL115:
 406:Middlewares/ST/STM32_USB_Device_Library/Class/CDC/Src/usbd_cdc.c **** 
 1063              		.loc 1 406 3 is_stmt 1 view .LVU289
 406:Middlewares/ST/STM32_USB_Device_Library/Class/CDC/Src/usbd_cdc.c **** 
 1064              		.loc 1 406 44 is_stmt 0 view .LVU290
 1065 0016 BC23     		movs	r3, #188
 1066 0018 5B00     		lsls	r3, r3, #1
 1067 001a E552     		strh	r5, [r4, r3]
 409:Middlewares/ST/STM32_USB_Device_Library/Class/CDC/Src/usbd_cdc.c ****   pdev->ep_in[CDCCmdEpAdd & 0xFU].is_used = 0U;
 1068              		.loc 1 409 3 is_stmt 1 view .LVU291
 409:Middlewares/ST/STM32_USB_Device_Library/Class/CDC/Src/usbd_cdc.c ****   pdev->ep_in[CDCCmdEpAdd & 0xFU].is_used = 0U;
 1069              		.loc 1 409 9 is_stmt 0 view .LVU292
 1070 001c 8221     		movs	r1, #130
 1071 001e 2000     		movs	r0, r4
 1072 0020 FFF7FEFF 		bl	USBD_LL_CloseEP
 1073              	.LVL116:
 410:Middlewares/ST/STM32_USB_Device_Library/Class/CDC/Src/usbd_cdc.c ****   pdev->ep_in[CDCCmdEpAdd & 0xFU].bInterval = 0U;
 1074              		.loc 1 410 3 is_stmt 1 view .LVU293
 410:Middlewares/ST/STM32_USB_Device_Library/Class/CDC/Src/usbd_cdc.c ****   pdev->ep_in[CDCCmdEpAdd & 0xFU].bInterval = 0U;
ARM GAS  C:\Users\Domagoj\AppData\Local\Temp\ccuB6ZQy.s 			page 37


 1075              		.loc 1 410 43 is_stmt 0 view .LVU294
 1076 0024 4C23     		movs	r3, #76
 1077 0026 E552     		strh	r5, [r4, r3]
 411:Middlewares/ST/STM32_USB_Device_Library/Class/CDC/Src/usbd_cdc.c **** 
 1078              		.loc 1 411 3 is_stmt 1 view .LVU295
 411:Middlewares/ST/STM32_USB_Device_Library/Class/CDC/Src/usbd_cdc.c **** 
 1079              		.loc 1 411 45 is_stmt 0 view .LVU296
 1080 0028 0233     		adds	r3, r3, #2
 1081 002a E552     		strh	r5, [r4, r3]
 414:Middlewares/ST/STM32_USB_Device_Library/Class/CDC/Src/usbd_cdc.c ****   {
 1082              		.loc 1 414 3 is_stmt 1 view .LVU297
 414:Middlewares/ST/STM32_USB_Device_Library/Class/CDC/Src/usbd_cdc.c ****   {
 1083              		.loc 1 414 33 is_stmt 0 view .LVU298
 1084 002c B523     		movs	r3, #181
 1085 002e 9B00     		lsls	r3, r3, #2
 1086 0030 E358     		ldr	r3, [r4, r3]
 414:Middlewares/ST/STM32_USB_Device_Library/Class/CDC/Src/usbd_cdc.c ****   {
 1087              		.loc 1 414 28 view .LVU299
 1088 0032 1A00     		movs	r2, r3
 1089 0034 B032     		adds	r2, r2, #176
 1090 0036 9200     		lsls	r2, r2, #2
 1091 0038 1259     		ldr	r2, [r2, r4]
 414:Middlewares/ST/STM32_USB_Device_Library/Class/CDC/Src/usbd_cdc.c ****   {
 1092              		.loc 1 414 6 view .LVU300
 1093 003a 002A     		cmp	r2, #0
 1094 003c 15D0     		beq	.L61
 416:Middlewares/ST/STM32_USB_Device_Library/Class/CDC/Src/usbd_cdc.c ****     (void)USBD_free(pdev->pClassDataCmsit[pdev->classId]);
 1095              		.loc 1 416 5 is_stmt 1 view .LVU301
 416:Middlewares/ST/STM32_USB_Device_Library/Class/CDC/Src/usbd_cdc.c ****     (void)USBD_free(pdev->pClassDataCmsit[pdev->classId]);
 1096              		.loc 1 416 44 is_stmt 0 view .LVU302
 1097 003e B033     		adds	r3, r3, #176
 1098 0040 9B00     		lsls	r3, r3, #2
 1099 0042 E318     		adds	r3, r4, r3
 1100 0044 5B68     		ldr	r3, [r3, #4]
 416:Middlewares/ST/STM32_USB_Device_Library/Class/CDC/Src/usbd_cdc.c ****     (void)USBD_free(pdev->pClassDataCmsit[pdev->classId]);
 1101              		.loc 1 416 60 view .LVU303
 1102 0046 5B68     		ldr	r3, [r3, #4]
 416:Middlewares/ST/STM32_USB_Device_Library/Class/CDC/Src/usbd_cdc.c ****     (void)USBD_free(pdev->pClassDataCmsit[pdev->classId]);
 1103              		.loc 1 416 6 view .LVU304
 1104 0048 9847     		blx	r3
 1105              	.LVL117:
 417:Middlewares/ST/STM32_USB_Device_Library/Class/CDC/Src/usbd_cdc.c ****     pdev->pClassDataCmsit[pdev->classId] = NULL;
 1106              		.loc 1 417 5 is_stmt 1 view .LVU305
 417:Middlewares/ST/STM32_USB_Device_Library/Class/CDC/Src/usbd_cdc.c ****     pdev->pClassDataCmsit[pdev->classId] = NULL;
 1107              		.loc 1 417 47 is_stmt 0 view .LVU306
 1108 004a B525     		movs	r5, #181
 1109 004c AD00     		lsls	r5, r5, #2
 1110 004e 6359     		ldr	r3, [r4, r5]
 417:Middlewares/ST/STM32_USB_Device_Library/Class/CDC/Src/usbd_cdc.c ****     pdev->pClassDataCmsit[pdev->classId] = NULL;
 1111              		.loc 1 417 5 view .LVU307
 1112 0050 B033     		adds	r3, r3, #176
 1113 0052 9B00     		lsls	r3, r3, #2
 1114 0054 1859     		ldr	r0, [r3, r4]
 1115 0056 FFF7FEFF 		bl	USBD_static_free
 1116              	.LVL118:
 418:Middlewares/ST/STM32_USB_Device_Library/Class/CDC/Src/usbd_cdc.c ****     pdev->pClassData = NULL;
 1117              		.loc 1 418 5 is_stmt 1 view .LVU308
ARM GAS  C:\Users\Domagoj\AppData\Local\Temp\ccuB6ZQy.s 			page 38


 418:Middlewares/ST/STM32_USB_Device_Library/Class/CDC/Src/usbd_cdc.c ****     pdev->pClassData = NULL;
 1118              		.loc 1 418 31 is_stmt 0 view .LVU309
 1119 005a 6359     		ldr	r3, [r4, r5]
 418:Middlewares/ST/STM32_USB_Device_Library/Class/CDC/Src/usbd_cdc.c ****     pdev->pClassData = NULL;
 1120              		.loc 1 418 42 view .LVU310
 1121 005c B033     		adds	r3, r3, #176
 1122 005e 9B00     		lsls	r3, r3, #2
 1123 0060 0022     		movs	r2, #0
 1124 0062 1A51     		str	r2, [r3, r4]
 419:Middlewares/ST/STM32_USB_Device_Library/Class/CDC/Src/usbd_cdc.c ****   }
 1125              		.loc 1 419 5 is_stmt 1 view .LVU311
 419:Middlewares/ST/STM32_USB_Device_Library/Class/CDC/Src/usbd_cdc.c ****   }
 1126              		.loc 1 419 22 is_stmt 0 view .LVU312
 1127 0064 AF23     		movs	r3, #175
 1128 0066 9B00     		lsls	r3, r3, #2
 1129 0068 E250     		str	r2, [r4, r3]
 1130              	.L61:
 422:Middlewares/ST/STM32_USB_Device_Library/Class/CDC/Src/usbd_cdc.c **** }
 1131              		.loc 1 422 3 is_stmt 1 view .LVU313
 423:Middlewares/ST/STM32_USB_Device_Library/Class/CDC/Src/usbd_cdc.c **** 
 1132              		.loc 1 423 1 is_stmt 0 view .LVU314
 1133 006a 0020     		movs	r0, #0
 1134              		@ sp needed
 1135              	.LVL119:
 423:Middlewares/ST/STM32_USB_Device_Library/Class/CDC/Src/usbd_cdc.c **** 
 1136              		.loc 1 423 1 view .LVU315
 1137 006c 70BD     		pop	{r4, r5, r6, pc}
 1138              		.cfi_endproc
 1139              	.LFE371:
 1141              		.section	.text.USBD_CDC_Init,"ax",%progbits
 1142              		.align	1
 1143              		.syntax unified
 1144              		.code	16
 1145              		.thumb_func
 1147              	USBD_CDC_Init:
 1148              	.LVL120:
 1149              	.LFB370:
 288:Middlewares/ST/STM32_USB_Device_Library/Class/CDC/Src/usbd_cdc.c ****   UNUSED(cfgidx);
 1150              		.loc 1 288 1 is_stmt 1 view -0
 1151              		.cfi_startproc
 1152              		@ args = 0, pretend = 0, frame = 0
 1153              		@ frame_needed = 0, uses_anonymous_args = 0
 288:Middlewares/ST/STM32_USB_Device_Library/Class/CDC/Src/usbd_cdc.c ****   UNUSED(cfgidx);
 1154              		.loc 1 288 1 is_stmt 0 view .LVU317
 1155 0000 F8B5     		push	{r3, r4, r5, r6, r7, lr}
 1156              	.LCFI9:
 1157              		.cfi_def_cfa_offset 24
 1158              		.cfi_offset 3, -24
 1159              		.cfi_offset 4, -20
 1160              		.cfi_offset 5, -16
 1161              		.cfi_offset 6, -12
 1162              		.cfi_offset 7, -8
 1163              		.cfi_offset 14, -4
 1164 0002 0400     		movs	r4, r0
 289:Middlewares/ST/STM32_USB_Device_Library/Class/CDC/Src/usbd_cdc.c ****   USBD_CDC_HandleTypeDef *hcdc;
 1165              		.loc 1 289 3 is_stmt 1 view .LVU318
 290:Middlewares/ST/STM32_USB_Device_Library/Class/CDC/Src/usbd_cdc.c **** 
ARM GAS  C:\Users\Domagoj\AppData\Local\Temp\ccuB6ZQy.s 			page 39


 1166              		.loc 1 290 3 view .LVU319
 292:Middlewares/ST/STM32_USB_Device_Library/Class/CDC/Src/usbd_cdc.c **** 
 1167              		.loc 1 292 3 view .LVU320
 292:Middlewares/ST/STM32_USB_Device_Library/Class/CDC/Src/usbd_cdc.c **** 
 1168              		.loc 1 292 36 is_stmt 0 view .LVU321
 1169 0004 8720     		movs	r0, #135
 1170              	.LVL121:
 292:Middlewares/ST/STM32_USB_Device_Library/Class/CDC/Src/usbd_cdc.c **** 
 1171              		.loc 1 292 36 view .LVU322
 1172 0006 8000     		lsls	r0, r0, #2
 1173 0008 FFF7FEFF 		bl	USBD_static_malloc
 1174              	.LVL122:
 292:Middlewares/ST/STM32_USB_Device_Library/Class/CDC/Src/usbd_cdc.c **** 
 1175              		.loc 1 292 36 view .LVU323
 1176 000c 051E     		subs	r5, r0, #0
 1177              	.LVL123:
 294:Middlewares/ST/STM32_USB_Device_Library/Class/CDC/Src/usbd_cdc.c ****   {
 1178              		.loc 1 294 3 is_stmt 1 view .LVU324
 294:Middlewares/ST/STM32_USB_Device_Library/Class/CDC/Src/usbd_cdc.c ****   {
 1179              		.loc 1 294 6 is_stmt 0 view .LVU325
 1180 000e 51D0     		beq	.L69
 300:Middlewares/ST/STM32_USB_Device_Library/Class/CDC/Src/usbd_cdc.c **** 
 1181              		.loc 1 300 3 is_stmt 1 view .LVU326
 300:Middlewares/ST/STM32_USB_Device_Library/Class/CDC/Src/usbd_cdc.c **** 
 1182              		.loc 1 300 9 is_stmt 0 view .LVU327
 1183 0010 8722     		movs	r2, #135
 1184 0012 9200     		lsls	r2, r2, #2
 1185 0014 0021     		movs	r1, #0
 1186 0016 FFF7FEFF 		bl	memset
 1187              	.LVL124:
 302:Middlewares/ST/STM32_USB_Device_Library/Class/CDC/Src/usbd_cdc.c ****   pdev->pClassData = pdev->pClassDataCmsit[pdev->classId];
 1188              		.loc 1 302 3 is_stmt 1 view .LVU328
 302:Middlewares/ST/STM32_USB_Device_Library/Class/CDC/Src/usbd_cdc.c ****   pdev->pClassData = pdev->pClassDataCmsit[pdev->classId];
 1189              		.loc 1 302 29 is_stmt 0 view .LVU329
 1190 001a B523     		movs	r3, #181
 1191 001c 9B00     		lsls	r3, r3, #2
 1192 001e E358     		ldr	r3, [r4, r3]
 302:Middlewares/ST/STM32_USB_Device_Library/Class/CDC/Src/usbd_cdc.c ****   pdev->pClassData = pdev->pClassDataCmsit[pdev->classId];
 1193              		.loc 1 302 40 view .LVU330
 1194 0020 B033     		adds	r3, r3, #176
 1195 0022 9B00     		lsls	r3, r3, #2
 1196 0024 1D51     		str	r5, [r3, r4]
 303:Middlewares/ST/STM32_USB_Device_Library/Class/CDC/Src/usbd_cdc.c **** 
 1197              		.loc 1 303 3 is_stmt 1 view .LVU331
 303:Middlewares/ST/STM32_USB_Device_Library/Class/CDC/Src/usbd_cdc.c **** 
 1198              		.loc 1 303 20 is_stmt 0 view .LVU332
 1199 0026 AF23     		movs	r3, #175
 1200 0028 9B00     		lsls	r3, r3, #2
 1201 002a E550     		str	r5, [r4, r3]
 312:Middlewares/ST/STM32_USB_Device_Library/Class/CDC/Src/usbd_cdc.c ****   {
 1202              		.loc 1 312 3 is_stmt 1 view .LVU333
 312:Middlewares/ST/STM32_USB_Device_Library/Class/CDC/Src/usbd_cdc.c ****   {
 1203              		.loc 1 312 11 is_stmt 0 view .LVU334
 1204 002c 237C     		ldrb	r3, [r4, #16]
 312:Middlewares/ST/STM32_USB_Device_Library/Class/CDC/Src/usbd_cdc.c ****   {
 1205              		.loc 1 312 6 view .LVU335
 1206 002e 002B     		cmp	r3, #0
ARM GAS  C:\Users\Domagoj\AppData\Local\Temp\ccuB6ZQy.s 			page 40


 1207 0030 49D1     		bne	.L65
 315:Middlewares/ST/STM32_USB_Device_Library/Class/CDC/Src/usbd_cdc.c ****                          CDC_DATA_HS_IN_PACKET_SIZE);
 1208              		.loc 1 315 5 is_stmt 1 view .LVU336
 315:Middlewares/ST/STM32_USB_Device_Library/Class/CDC/Src/usbd_cdc.c ****                          CDC_DATA_HS_IN_PACKET_SIZE);
 1209              		.loc 1 315 11 is_stmt 0 view .LVU337
 1210 0032 8027     		movs	r7, #128
 1211 0034 BF00     		lsls	r7, r7, #2
 1212 0036 3B00     		movs	r3, r7
 1213 0038 0222     		movs	r2, #2
 1214 003a 8121     		movs	r1, #129
 1215 003c 2000     		movs	r0, r4
 1216 003e FFF7FEFF 		bl	USBD_LL_OpenEP
 1217              	.LVL125:
 318:Middlewares/ST/STM32_USB_Device_Library/Class/CDC/Src/usbd_cdc.c **** 
 1218              		.loc 1 318 5 is_stmt 1 view .LVU338
 318:Middlewares/ST/STM32_USB_Device_Library/Class/CDC/Src/usbd_cdc.c **** 
 1219              		.loc 1 318 44 is_stmt 0 view .LVU339
 1220 0042 0126     		movs	r6, #1
 1221 0044 2687     		strh	r6, [r4, #56]
 321:Middlewares/ST/STM32_USB_Device_Library/Class/CDC/Src/usbd_cdc.c ****                          CDC_DATA_HS_OUT_PACKET_SIZE);
 1222              		.loc 1 321 5 is_stmt 1 view .LVU340
 321:Middlewares/ST/STM32_USB_Device_Library/Class/CDC/Src/usbd_cdc.c ****                          CDC_DATA_HS_OUT_PACKET_SIZE);
 1223              		.loc 1 321 11 is_stmt 0 view .LVU341
 1224 0046 3B00     		movs	r3, r7
 1225 0048 0222     		movs	r2, #2
 1226 004a 0121     		movs	r1, #1
 1227 004c 2000     		movs	r0, r4
 1228 004e FFF7FEFF 		bl	USBD_LL_OpenEP
 1229              	.LVL126:
 324:Middlewares/ST/STM32_USB_Device_Library/Class/CDC/Src/usbd_cdc.c **** 
 1230              		.loc 1 324 5 is_stmt 1 view .LVU342
 324:Middlewares/ST/STM32_USB_Device_Library/Class/CDC/Src/usbd_cdc.c **** 
 1231              		.loc 1 324 46 is_stmt 0 view .LVU343
 1232 0052 BC23     		movs	r3, #188
 1233 0054 5B00     		lsls	r3, r3, #1
 1234 0056 E652     		strh	r6, [r4, r3]
 327:Middlewares/ST/STM32_USB_Device_Library/Class/CDC/Src/usbd_cdc.c ****   }
 1235              		.loc 1 327 5 is_stmt 1 view .LVU344
 327:Middlewares/ST/STM32_USB_Device_Library/Class/CDC/Src/usbd_cdc.c ****   }
 1236              		.loc 1 327 47 is_stmt 0 view .LVU345
 1237 0058 2B3B     		subs	r3, r3, #43
 1238 005a FF3B     		subs	r3, r3, #255
 1239 005c 1022     		movs	r2, #16
 1240 005e E252     		strh	r2, [r4, r3]
 1241              	.L66:
 348:Middlewares/ST/STM32_USB_Device_Library/Class/CDC/Src/usbd_cdc.c ****   pdev->ep_in[CDCCmdEpAdd & 0xFU].is_used = 1U;
 1242              		.loc 1 348 3 is_stmt 1 view .LVU346
 348:Middlewares/ST/STM32_USB_Device_Library/Class/CDC/Src/usbd_cdc.c ****   pdev->ep_in[CDCCmdEpAdd & 0xFU].is_used = 1U;
 1243              		.loc 1 348 9 is_stmt 0 view .LVU347
 1244 0060 0823     		movs	r3, #8
 1245 0062 0322     		movs	r2, #3
 1246 0064 8221     		movs	r1, #130
 1247 0066 2000     		movs	r0, r4
 1248 0068 FFF7FEFF 		bl	USBD_LL_OpenEP
 1249              	.LVL127:
 349:Middlewares/ST/STM32_USB_Device_Library/Class/CDC/Src/usbd_cdc.c **** 
 1250              		.loc 1 349 3 is_stmt 1 view .LVU348
ARM GAS  C:\Users\Domagoj\AppData\Local\Temp\ccuB6ZQy.s 			page 41


 349:Middlewares/ST/STM32_USB_Device_Library/Class/CDC/Src/usbd_cdc.c **** 
 1251              		.loc 1 349 43 is_stmt 0 view .LVU349
 1252 006c 4C23     		movs	r3, #76
 1253 006e 0122     		movs	r2, #1
 1254 0070 E252     		strh	r2, [r4, r3]
 351:Middlewares/ST/STM32_USB_Device_Library/Class/CDC/Src/usbd_cdc.c **** 
 1255              		.loc 1 351 3 is_stmt 1 view .LVU350
 351:Middlewares/ST/STM32_USB_Device_Library/Class/CDC/Src/usbd_cdc.c **** 
 1256              		.loc 1 351 18 is_stmt 0 view .LVU351
 1257 0072 8127     		movs	r7, #129
 1258 0074 BF00     		lsls	r7, r7, #2
 1259 0076 0026     		movs	r6, #0
 1260 0078 EE51     		str	r6, [r5, r7]
 354:Middlewares/ST/STM32_USB_Device_Library/Class/CDC/Src/usbd_cdc.c **** 
 1261              		.loc 1 354 3 is_stmt 1 view .LVU352
 354:Middlewares/ST/STM32_USB_Device_Library/Class/CDC/Src/usbd_cdc.c **** 
 1262              		.loc 1 354 47 is_stmt 0 view .LVU353
 1263 007a B523     		movs	r3, #181
 1264 007c 9B00     		lsls	r3, r3, #2
 1265 007e E358     		ldr	r3, [r4, r3]
 354:Middlewares/ST/STM32_USB_Device_Library/Class/CDC/Src/usbd_cdc.c **** 
 1266              		.loc 1 354 42 view .LVU354
 1267 0080 B033     		adds	r3, r3, #176
 1268 0082 9B00     		lsls	r3, r3, #2
 1269 0084 E318     		adds	r3, r4, r3
 1270 0086 5B68     		ldr	r3, [r3, #4]
 354:Middlewares/ST/STM32_USB_Device_Library/Class/CDC/Src/usbd_cdc.c **** 
 1271              		.loc 1 354 58 view .LVU355
 1272 0088 1B68     		ldr	r3, [r3]
 354:Middlewares/ST/STM32_USB_Device_Library/Class/CDC/Src/usbd_cdc.c **** 
 1273              		.loc 1 354 4 view .LVU356
 1274 008a 9847     		blx	r3
 1275              	.LVL128:
 357:Middlewares/ST/STM32_USB_Device_Library/Class/CDC/Src/usbd_cdc.c ****   hcdc->RxState = 0U;
 1276              		.loc 1 357 3 is_stmt 1 view .LVU357
 357:Middlewares/ST/STM32_USB_Device_Library/Class/CDC/Src/usbd_cdc.c ****   hcdc->RxState = 0U;
 1277              		.loc 1 357 17 is_stmt 0 view .LVU358
 1278 008c 8523     		movs	r3, #133
 1279 008e 9B00     		lsls	r3, r3, #2
 1280 0090 EE50     		str	r6, [r5, r3]
 358:Middlewares/ST/STM32_USB_Device_Library/Class/CDC/Src/usbd_cdc.c **** 
 1281              		.loc 1 358 3 is_stmt 1 view .LVU359
 358:Middlewares/ST/STM32_USB_Device_Library/Class/CDC/Src/usbd_cdc.c **** 
 1282              		.loc 1 358 17 is_stmt 0 view .LVU360
 1283 0092 0433     		adds	r3, r3, #4
 1284 0094 EE50     		str	r6, [r5, r3]
 360:Middlewares/ST/STM32_USB_Device_Library/Class/CDC/Src/usbd_cdc.c ****   {
 1285              		.loc 1 360 3 is_stmt 1 view .LVU361
 360:Middlewares/ST/STM32_USB_Device_Library/Class/CDC/Src/usbd_cdc.c ****   {
 1286              		.loc 1 360 11 is_stmt 0 view .LVU362
 1287 0096 EA59     		ldr	r2, [r5, r7]
 360:Middlewares/ST/STM32_USB_Device_Library/Class/CDC/Src/usbd_cdc.c ****   {
 1288              		.loc 1 360 6 view .LVU363
 1289 0098 002A     		cmp	r2, #0
 1290 009a 31D0     		beq	.L68
 365:Middlewares/ST/STM32_USB_Device_Library/Class/CDC/Src/usbd_cdc.c ****   {
 1291              		.loc 1 365 3 is_stmt 1 view .LVU364
ARM GAS  C:\Users\Domagoj\AppData\Local\Temp\ccuB6ZQy.s 			page 42


 365:Middlewares/ST/STM32_USB_Device_Library/Class/CDC/Src/usbd_cdc.c ****   {
 1292              		.loc 1 365 11 is_stmt 0 view .LVU365
 1293 009c 257C     		ldrb	r5, [r4, #16]
 1294              	.LVL129:
 365:Middlewares/ST/STM32_USB_Device_Library/Class/CDC/Src/usbd_cdc.c ****   {
 1295              		.loc 1 365 6 view .LVU366
 1296 009e 002D     		cmp	r5, #0
 1297 00a0 27D1     		bne	.L67
 368:Middlewares/ST/STM32_USB_Device_Library/Class/CDC/Src/usbd_cdc.c ****                                  CDC_DATA_HS_OUT_PACKET_SIZE);
 1298              		.loc 1 368 5 is_stmt 1 view .LVU367
 368:Middlewares/ST/STM32_USB_Device_Library/Class/CDC/Src/usbd_cdc.c ****                                  CDC_DATA_HS_OUT_PACKET_SIZE);
 1299              		.loc 1 368 11 is_stmt 0 view .LVU368
 1300 00a2 993B     		subs	r3, r3, #153
 1301 00a4 FF3B     		subs	r3, r3, #255
 1302 00a6 9B00     		lsls	r3, r3, #2
 1303 00a8 0121     		movs	r1, #1
 1304 00aa 2000     		movs	r0, r4
 1305 00ac FFF7FEFF 		bl	USBD_LL_PrepareReceive
 1306              	.LVL130:
 1307              	.L64:
 379:Middlewares/ST/STM32_USB_Device_Library/Class/CDC/Src/usbd_cdc.c **** 
 1308              		.loc 1 379 1 view .LVU369
 1309 00b0 2800     		movs	r0, r5
 1310              		@ sp needed
 1311              	.LVL131:
 379:Middlewares/ST/STM32_USB_Device_Library/Class/CDC/Src/usbd_cdc.c **** 
 1312              		.loc 1 379 1 view .LVU370
 1313 00b2 F8BD     		pop	{r3, r4, r5, r6, r7, pc}
 1314              	.LVL132:
 1315              	.L69:
 296:Middlewares/ST/STM32_USB_Device_Library/Class/CDC/Src/usbd_cdc.c ****     return (uint8_t)USBD_EMEM;
 1316              		.loc 1 296 5 is_stmt 1 view .LVU371
 296:Middlewares/ST/STM32_USB_Device_Library/Class/CDC/Src/usbd_cdc.c ****     return (uint8_t)USBD_EMEM;
 1317              		.loc 1 296 31 is_stmt 0 view .LVU372
 1318 00b4 B523     		movs	r3, #181
 1319 00b6 9B00     		lsls	r3, r3, #2
 1320 00b8 E358     		ldr	r3, [r4, r3]
 296:Middlewares/ST/STM32_USB_Device_Library/Class/CDC/Src/usbd_cdc.c ****     return (uint8_t)USBD_EMEM;
 1321              		.loc 1 296 42 view .LVU373
 1322 00ba B033     		adds	r3, r3, #176
 1323 00bc 9B00     		lsls	r3, r3, #2
 1324 00be 0022     		movs	r2, #0
 1325 00c0 1A51     		str	r2, [r3, r4]
 297:Middlewares/ST/STM32_USB_Device_Library/Class/CDC/Src/usbd_cdc.c ****   }
 1326              		.loc 1 297 5 is_stmt 1 view .LVU374
 297:Middlewares/ST/STM32_USB_Device_Library/Class/CDC/Src/usbd_cdc.c ****   }
 1327              		.loc 1 297 12 is_stmt 0 view .LVU375
 1328 00c2 0235     		adds	r5, r5, #2
 1329 00c4 F4E7     		b	.L64
 1330              	.LVL133:
 1331              	.L65:
 332:Middlewares/ST/STM32_USB_Device_Library/Class/CDC/Src/usbd_cdc.c ****                          CDC_DATA_FS_IN_PACKET_SIZE);
 1332              		.loc 1 332 5 is_stmt 1 view .LVU376
 332:Middlewares/ST/STM32_USB_Device_Library/Class/CDC/Src/usbd_cdc.c ****                          CDC_DATA_FS_IN_PACKET_SIZE);
 1333              		.loc 1 332 11 is_stmt 0 view .LVU377
 1334 00c6 4023     		movs	r3, #64
 1335 00c8 0222     		movs	r2, #2
ARM GAS  C:\Users\Domagoj\AppData\Local\Temp\ccuB6ZQy.s 			page 43


 1336 00ca 8121     		movs	r1, #129
 1337 00cc 2000     		movs	r0, r4
 1338 00ce FFF7FEFF 		bl	USBD_LL_OpenEP
 1339              	.LVL134:
 335:Middlewares/ST/STM32_USB_Device_Library/Class/CDC/Src/usbd_cdc.c **** 
 1340              		.loc 1 335 5 is_stmt 1 view .LVU378
 335:Middlewares/ST/STM32_USB_Device_Library/Class/CDC/Src/usbd_cdc.c **** 
 1341              		.loc 1 335 44 is_stmt 0 view .LVU379
 1342 00d2 0126     		movs	r6, #1
 1343 00d4 2687     		strh	r6, [r4, #56]
 338:Middlewares/ST/STM32_USB_Device_Library/Class/CDC/Src/usbd_cdc.c ****                          CDC_DATA_FS_OUT_PACKET_SIZE);
 1344              		.loc 1 338 5 is_stmt 1 view .LVU380
 338:Middlewares/ST/STM32_USB_Device_Library/Class/CDC/Src/usbd_cdc.c ****                          CDC_DATA_FS_OUT_PACKET_SIZE);
 1345              		.loc 1 338 11 is_stmt 0 view .LVU381
 1346 00d6 4023     		movs	r3, #64
 1347 00d8 0222     		movs	r2, #2
 1348 00da 0121     		movs	r1, #1
 1349 00dc 2000     		movs	r0, r4
 1350 00de FFF7FEFF 		bl	USBD_LL_OpenEP
 1351              	.LVL135:
 341:Middlewares/ST/STM32_USB_Device_Library/Class/CDC/Src/usbd_cdc.c **** 
 1352              		.loc 1 341 5 is_stmt 1 view .LVU382
 341:Middlewares/ST/STM32_USB_Device_Library/Class/CDC/Src/usbd_cdc.c **** 
 1353              		.loc 1 341 46 is_stmt 0 view .LVU383
 1354 00e2 BC23     		movs	r3, #188
 1355 00e4 5B00     		lsls	r3, r3, #1
 1356 00e6 E652     		strh	r6, [r4, r3]
 344:Middlewares/ST/STM32_USB_Device_Library/Class/CDC/Src/usbd_cdc.c ****   }
 1357              		.loc 1 344 5 is_stmt 1 view .LVU384
 344:Middlewares/ST/STM32_USB_Device_Library/Class/CDC/Src/usbd_cdc.c ****   }
 1358              		.loc 1 344 47 is_stmt 0 view .LVU385
 1359 00e8 2B3B     		subs	r3, r3, #43
 1360 00ea FF3B     		subs	r3, r3, #255
 1361 00ec 1022     		movs	r2, #16
 1362 00ee E252     		strh	r2, [r4, r3]
 1363 00f0 B6E7     		b	.L66
 1364              	.LVL136:
 1365              	.L67:
 374:Middlewares/ST/STM32_USB_Device_Library/Class/CDC/Src/usbd_cdc.c ****                                  CDC_DATA_FS_OUT_PACKET_SIZE);
 1366              		.loc 1 374 5 is_stmt 1 view .LVU386
 374:Middlewares/ST/STM32_USB_Device_Library/Class/CDC/Src/usbd_cdc.c ****                                  CDC_DATA_FS_OUT_PACKET_SIZE);
 1367              		.loc 1 374 11 is_stmt 0 view .LVU387
 1368 00f2 4023     		movs	r3, #64
 1369 00f4 0121     		movs	r1, #1
 1370 00f6 2000     		movs	r0, r4
 1371 00f8 FFF7FEFF 		bl	USBD_LL_PrepareReceive
 1372              	.LVL137:
 378:Middlewares/ST/STM32_USB_Device_Library/Class/CDC/Src/usbd_cdc.c **** }
 1373              		.loc 1 378 10 view .LVU388
 1374 00fc 0025     		movs	r5, #0
 1375 00fe D7E7     		b	.L64
 1376              	.LVL138:
 1377              	.L68:
 362:Middlewares/ST/STM32_USB_Device_Library/Class/CDC/Src/usbd_cdc.c ****   }
 1378              		.loc 1 362 12 view .LVU389
 1379 0100 0225     		movs	r5, #2
 1380              	.LVL139:
ARM GAS  C:\Users\Domagoj\AppData\Local\Temp\ccuB6ZQy.s 			page 44


 362:Middlewares/ST/STM32_USB_Device_Library/Class/CDC/Src/usbd_cdc.c ****   }
 1381              		.loc 1 362 12 view .LVU390
 1382 0102 D5E7     		b	.L64
 1383              		.cfi_endproc
 1384              	.LFE370:
 1386              		.section	.text.USBD_CDC_RegisterInterface,"ax",%progbits
 1387              		.align	1
 1388              		.global	USBD_CDC_RegisterInterface
 1389              		.syntax unified
 1390              		.code	16
 1391              		.thumb_func
 1393              	USBD_CDC_RegisterInterface:
 1394              	.LVL140:
 1395              	.LFB380:
 728:Middlewares/ST/STM32_USB_Device_Library/Class/CDC/Src/usbd_cdc.c **** #endif /* USE_USBD_COMPOSITE  */
 729:Middlewares/ST/STM32_USB_Device_Library/Class/CDC/Src/usbd_cdc.c **** /**
 730:Middlewares/ST/STM32_USB_Device_Library/Class/CDC/Src/usbd_cdc.c ****   * @brief  USBD_CDC_RegisterInterface
 731:Middlewares/ST/STM32_USB_Device_Library/Class/CDC/Src/usbd_cdc.c ****   * @param  pdev: device instance
 732:Middlewares/ST/STM32_USB_Device_Library/Class/CDC/Src/usbd_cdc.c ****   * @param  fops: CD  Interface callback
 733:Middlewares/ST/STM32_USB_Device_Library/Class/CDC/Src/usbd_cdc.c ****   * @retval status
 734:Middlewares/ST/STM32_USB_Device_Library/Class/CDC/Src/usbd_cdc.c ****   */
 735:Middlewares/ST/STM32_USB_Device_Library/Class/CDC/Src/usbd_cdc.c **** uint8_t USBD_CDC_RegisterInterface(USBD_HandleTypeDef *pdev,
 736:Middlewares/ST/STM32_USB_Device_Library/Class/CDC/Src/usbd_cdc.c ****                                    USBD_CDC_ItfTypeDef *fops)
 737:Middlewares/ST/STM32_USB_Device_Library/Class/CDC/Src/usbd_cdc.c **** {
 1396              		.loc 1 737 1 is_stmt 1 view -0
 1397              		.cfi_startproc
 1398              		@ args = 0, pretend = 0, frame = 0
 1399              		@ frame_needed = 0, uses_anonymous_args = 0
 1400              		@ link register save eliminated.
 738:Middlewares/ST/STM32_USB_Device_Library/Class/CDC/Src/usbd_cdc.c ****   if (fops == NULL)
 1401              		.loc 1 738 3 view .LVU392
 1402              		.loc 1 738 6 is_stmt 0 view .LVU393
 1403 0000 0029     		cmp	r1, #0
 1404 0002 08D0     		beq	.L72
 739:Middlewares/ST/STM32_USB_Device_Library/Class/CDC/Src/usbd_cdc.c ****   {
 740:Middlewares/ST/STM32_USB_Device_Library/Class/CDC/Src/usbd_cdc.c ****     return (uint8_t)USBD_FAIL;
 741:Middlewares/ST/STM32_USB_Device_Library/Class/CDC/Src/usbd_cdc.c ****   }
 742:Middlewares/ST/STM32_USB_Device_Library/Class/CDC/Src/usbd_cdc.c **** 
 743:Middlewares/ST/STM32_USB_Device_Library/Class/CDC/Src/usbd_cdc.c ****   pdev->pUserData[pdev->classId] = fops;
 1405              		.loc 1 743 3 is_stmt 1 view .LVU394
 1406              		.loc 1 743 23 is_stmt 0 view .LVU395
 1407 0004 B523     		movs	r3, #181
 1408 0006 9B00     		lsls	r3, r3, #2
 1409 0008 C358     		ldr	r3, [r0, r3]
 1410              		.loc 1 743 34 view .LVU396
 1411 000a B033     		adds	r3, r3, #176
 1412 000c 9B00     		lsls	r3, r3, #2
 1413 000e C018     		adds	r0, r0, r3
 1414              	.LVL141:
 1415              		.loc 1 743 34 view .LVU397
 1416 0010 4160     		str	r1, [r0, #4]
 744:Middlewares/ST/STM32_USB_Device_Library/Class/CDC/Src/usbd_cdc.c **** 
 745:Middlewares/ST/STM32_USB_Device_Library/Class/CDC/Src/usbd_cdc.c ****   return (uint8_t)USBD_OK;
 1417              		.loc 1 745 3 is_stmt 1 view .LVU398
 1418              		.loc 1 745 10 is_stmt 0 view .LVU399
 1419 0012 0020     		movs	r0, #0
 1420              	.L71:
ARM GAS  C:\Users\Domagoj\AppData\Local\Temp\ccuB6ZQy.s 			page 45


 746:Middlewares/ST/STM32_USB_Device_Library/Class/CDC/Src/usbd_cdc.c **** }
 1421              		.loc 1 746 1 view .LVU400
 1422              		@ sp needed
 1423 0014 7047     		bx	lr
 1424              	.LVL142:
 1425              	.L72:
 740:Middlewares/ST/STM32_USB_Device_Library/Class/CDC/Src/usbd_cdc.c ****   }
 1426              		.loc 1 740 12 view .LVU401
 1427 0016 0320     		movs	r0, #3
 1428              	.LVL143:
 740:Middlewares/ST/STM32_USB_Device_Library/Class/CDC/Src/usbd_cdc.c ****   }
 1429              		.loc 1 740 12 view .LVU402
 1430 0018 FCE7     		b	.L71
 1431              		.cfi_endproc
 1432              	.LFE380:
 1434              		.section	.text.USBD_CDC_SetTxBuffer,"ax",%progbits
 1435              		.align	1
 1436              		.global	USBD_CDC_SetTxBuffer
 1437              		.syntax unified
 1438              		.code	16
 1439              		.thumb_func
 1441              	USBD_CDC_SetTxBuffer:
 1442              	.LVL144:
 1443              	.LFB381:
 747:Middlewares/ST/STM32_USB_Device_Library/Class/CDC/Src/usbd_cdc.c **** 
 748:Middlewares/ST/STM32_USB_Device_Library/Class/CDC/Src/usbd_cdc.c **** 
 749:Middlewares/ST/STM32_USB_Device_Library/Class/CDC/Src/usbd_cdc.c **** /**
 750:Middlewares/ST/STM32_USB_Device_Library/Class/CDC/Src/usbd_cdc.c ****   * @brief  USBD_CDC_SetTxBuffer
 751:Middlewares/ST/STM32_USB_Device_Library/Class/CDC/Src/usbd_cdc.c ****   * @param  pdev: device instance
 752:Middlewares/ST/STM32_USB_Device_Library/Class/CDC/Src/usbd_cdc.c ****   * @param  pbuff: Tx Buffer
 753:Middlewares/ST/STM32_USB_Device_Library/Class/CDC/Src/usbd_cdc.c ****   * @param  length: length of data to be sent
 754:Middlewares/ST/STM32_USB_Device_Library/Class/CDC/Src/usbd_cdc.c ****   * @param  ClassId: The Class ID
 755:Middlewares/ST/STM32_USB_Device_Library/Class/CDC/Src/usbd_cdc.c ****   * @retval status
 756:Middlewares/ST/STM32_USB_Device_Library/Class/CDC/Src/usbd_cdc.c ****   */
 757:Middlewares/ST/STM32_USB_Device_Library/Class/CDC/Src/usbd_cdc.c **** #ifdef USE_USBD_COMPOSITE
 758:Middlewares/ST/STM32_USB_Device_Library/Class/CDC/Src/usbd_cdc.c **** uint8_t USBD_CDC_SetTxBuffer(USBD_HandleTypeDef *pdev,
 759:Middlewares/ST/STM32_USB_Device_Library/Class/CDC/Src/usbd_cdc.c ****                              uint8_t *pbuff, uint32_t length, uint8_t ClassId)
 760:Middlewares/ST/STM32_USB_Device_Library/Class/CDC/Src/usbd_cdc.c **** {
 761:Middlewares/ST/STM32_USB_Device_Library/Class/CDC/Src/usbd_cdc.c ****   USBD_CDC_HandleTypeDef *hcdc = (USBD_CDC_HandleTypeDef *)pdev->pClassDataCmsit[ClassId];
 762:Middlewares/ST/STM32_USB_Device_Library/Class/CDC/Src/usbd_cdc.c **** #else
 763:Middlewares/ST/STM32_USB_Device_Library/Class/CDC/Src/usbd_cdc.c **** uint8_t USBD_CDC_SetTxBuffer(USBD_HandleTypeDef *pdev,
 764:Middlewares/ST/STM32_USB_Device_Library/Class/CDC/Src/usbd_cdc.c ****                              uint8_t *pbuff, uint32_t length)
 765:Middlewares/ST/STM32_USB_Device_Library/Class/CDC/Src/usbd_cdc.c **** {
 1444              		.loc 1 765 1 is_stmt 1 view -0
 1445              		.cfi_startproc
 1446              		@ args = 0, pretend = 0, frame = 0
 1447              		@ frame_needed = 0, uses_anonymous_args = 0
 1448              		@ link register save eliminated.
 766:Middlewares/ST/STM32_USB_Device_Library/Class/CDC/Src/usbd_cdc.c ****   USBD_CDC_HandleTypeDef *hcdc = (USBD_CDC_HandleTypeDef *)pdev->pClassDataCmsit[pdev->classId];
 1449              		.loc 1 766 3 view .LVU404
 1450              		.loc 1 766 86 is_stmt 0 view .LVU405
 1451 0000 B523     		movs	r3, #181
 1452 0002 9B00     		lsls	r3, r3, #2
 1453 0004 C358     		ldr	r3, [r0, r3]
 1454              		.loc 1 766 27 view .LVU406
 1455 0006 B033     		adds	r3, r3, #176
 1456 0008 9B00     		lsls	r3, r3, #2
ARM GAS  C:\Users\Domagoj\AppData\Local\Temp\ccuB6ZQy.s 			page 46


 1457 000a 1B58     		ldr	r3, [r3, r0]
 1458              	.LVL145:
 767:Middlewares/ST/STM32_USB_Device_Library/Class/CDC/Src/usbd_cdc.c **** #endif /* USE_USBD_COMPOSITE */
 768:Middlewares/ST/STM32_USB_Device_Library/Class/CDC/Src/usbd_cdc.c **** 
 769:Middlewares/ST/STM32_USB_Device_Library/Class/CDC/Src/usbd_cdc.c ****   if (hcdc == NULL)
 1459              		.loc 1 769 3 is_stmt 1 view .LVU407
 1460              		.loc 1 769 6 is_stmt 0 view .LVU408
 1461 000c 002B     		cmp	r3, #0
 1462 000e 07D0     		beq	.L75
 770:Middlewares/ST/STM32_USB_Device_Library/Class/CDC/Src/usbd_cdc.c ****   {
 771:Middlewares/ST/STM32_USB_Device_Library/Class/CDC/Src/usbd_cdc.c ****     return (uint8_t)USBD_FAIL;
 772:Middlewares/ST/STM32_USB_Device_Library/Class/CDC/Src/usbd_cdc.c ****   }
 773:Middlewares/ST/STM32_USB_Device_Library/Class/CDC/Src/usbd_cdc.c **** 
 774:Middlewares/ST/STM32_USB_Device_Library/Class/CDC/Src/usbd_cdc.c ****   hcdc->TxBuffer = pbuff;
 1463              		.loc 1 774 3 is_stmt 1 view .LVU409
 1464              		.loc 1 774 18 is_stmt 0 view .LVU410
 1465 0010 8220     		movs	r0, #130
 1466              	.LVL146:
 1467              		.loc 1 774 18 view .LVU411
 1468 0012 8000     		lsls	r0, r0, #2
 1469 0014 1950     		str	r1, [r3, r0]
 775:Middlewares/ST/STM32_USB_Device_Library/Class/CDC/Src/usbd_cdc.c ****   hcdc->TxLength = length;
 1470              		.loc 1 775 3 is_stmt 1 view .LVU412
 1471              		.loc 1 775 18 is_stmt 0 view .LVU413
 1472 0016 8421     		movs	r1, #132
 1473              	.LVL147:
 1474              		.loc 1 775 18 view .LVU414
 1475 0018 8900     		lsls	r1, r1, #2
 1476 001a 5A50     		str	r2, [r3, r1]
 1477              	.LVL148:
 776:Middlewares/ST/STM32_USB_Device_Library/Class/CDC/Src/usbd_cdc.c **** 
 777:Middlewares/ST/STM32_USB_Device_Library/Class/CDC/Src/usbd_cdc.c ****   return (uint8_t)USBD_OK;
 1478              		.loc 1 777 3 is_stmt 1 view .LVU415
 1479              		.loc 1 777 10 is_stmt 0 view .LVU416
 1480 001c 0020     		movs	r0, #0
 1481              	.L74:
 778:Middlewares/ST/STM32_USB_Device_Library/Class/CDC/Src/usbd_cdc.c **** }
 1482              		.loc 1 778 1 view .LVU417
 1483              		@ sp needed
 1484 001e 7047     		bx	lr
 1485              	.LVL149:
 1486              	.L75:
 771:Middlewares/ST/STM32_USB_Device_Library/Class/CDC/Src/usbd_cdc.c ****   }
 1487              		.loc 1 771 12 view .LVU418
 1488 0020 0320     		movs	r0, #3
 1489              	.LVL150:
 771:Middlewares/ST/STM32_USB_Device_Library/Class/CDC/Src/usbd_cdc.c ****   }
 1490              		.loc 1 771 12 view .LVU419
 1491 0022 FCE7     		b	.L74
 1492              		.cfi_endproc
 1493              	.LFE381:
 1495              		.section	.text.USBD_CDC_SetRxBuffer,"ax",%progbits
 1496              		.align	1
 1497              		.global	USBD_CDC_SetRxBuffer
 1498              		.syntax unified
 1499              		.code	16
 1500              		.thumb_func
ARM GAS  C:\Users\Domagoj\AppData\Local\Temp\ccuB6ZQy.s 			page 47


 1502              	USBD_CDC_SetRxBuffer:
 1503              	.LVL151:
 1504              	.LFB382:
 779:Middlewares/ST/STM32_USB_Device_Library/Class/CDC/Src/usbd_cdc.c **** 
 780:Middlewares/ST/STM32_USB_Device_Library/Class/CDC/Src/usbd_cdc.c **** /**
 781:Middlewares/ST/STM32_USB_Device_Library/Class/CDC/Src/usbd_cdc.c ****   * @brief  USBD_CDC_SetRxBuffer
 782:Middlewares/ST/STM32_USB_Device_Library/Class/CDC/Src/usbd_cdc.c ****   * @param  pdev: device instance
 783:Middlewares/ST/STM32_USB_Device_Library/Class/CDC/Src/usbd_cdc.c ****   * @param  pbuff: Rx Buffer
 784:Middlewares/ST/STM32_USB_Device_Library/Class/CDC/Src/usbd_cdc.c ****   * @retval status
 785:Middlewares/ST/STM32_USB_Device_Library/Class/CDC/Src/usbd_cdc.c ****   */
 786:Middlewares/ST/STM32_USB_Device_Library/Class/CDC/Src/usbd_cdc.c **** uint8_t USBD_CDC_SetRxBuffer(USBD_HandleTypeDef *pdev, uint8_t *pbuff)
 787:Middlewares/ST/STM32_USB_Device_Library/Class/CDC/Src/usbd_cdc.c **** {
 1505              		.loc 1 787 1 is_stmt 1 view -0
 1506              		.cfi_startproc
 1507              		@ args = 0, pretend = 0, frame = 0
 1508              		@ frame_needed = 0, uses_anonymous_args = 0
 1509              		@ link register save eliminated.
 788:Middlewares/ST/STM32_USB_Device_Library/Class/CDC/Src/usbd_cdc.c ****   USBD_CDC_HandleTypeDef *hcdc = (USBD_CDC_HandleTypeDef *)pdev->pClassDataCmsit[pdev->classId];
 1510              		.loc 1 788 3 view .LVU421
 1511              		.loc 1 788 86 is_stmt 0 view .LVU422
 1512 0000 B523     		movs	r3, #181
 1513 0002 9B00     		lsls	r3, r3, #2
 1514 0004 C358     		ldr	r3, [r0, r3]
 1515              		.loc 1 788 27 view .LVU423
 1516 0006 B033     		adds	r3, r3, #176
 1517 0008 9B00     		lsls	r3, r3, #2
 1518 000a 1B58     		ldr	r3, [r3, r0]
 1519              	.LVL152:
 789:Middlewares/ST/STM32_USB_Device_Library/Class/CDC/Src/usbd_cdc.c **** 
 790:Middlewares/ST/STM32_USB_Device_Library/Class/CDC/Src/usbd_cdc.c ****   if (hcdc == NULL)
 1520              		.loc 1 790 3 is_stmt 1 view .LVU424
 1521              		.loc 1 790 6 is_stmt 0 view .LVU425
 1522 000c 002B     		cmp	r3, #0
 1523 000e 04D0     		beq	.L78
 791:Middlewares/ST/STM32_USB_Device_Library/Class/CDC/Src/usbd_cdc.c ****   {
 792:Middlewares/ST/STM32_USB_Device_Library/Class/CDC/Src/usbd_cdc.c ****     return (uint8_t)USBD_FAIL;
 793:Middlewares/ST/STM32_USB_Device_Library/Class/CDC/Src/usbd_cdc.c ****   }
 794:Middlewares/ST/STM32_USB_Device_Library/Class/CDC/Src/usbd_cdc.c **** 
 795:Middlewares/ST/STM32_USB_Device_Library/Class/CDC/Src/usbd_cdc.c ****   hcdc->RxBuffer = pbuff;
 1524              		.loc 1 795 3 is_stmt 1 view .LVU426
 1525              		.loc 1 795 18 is_stmt 0 view .LVU427
 1526 0010 8122     		movs	r2, #129
 1527 0012 9200     		lsls	r2, r2, #2
 1528 0014 9950     		str	r1, [r3, r2]
 796:Middlewares/ST/STM32_USB_Device_Library/Class/CDC/Src/usbd_cdc.c **** 
 797:Middlewares/ST/STM32_USB_Device_Library/Class/CDC/Src/usbd_cdc.c ****   return (uint8_t)USBD_OK;
 1529              		.loc 1 797 3 is_stmt 1 view .LVU428
 1530              		.loc 1 797 10 is_stmt 0 view .LVU429
 1531 0016 0020     		movs	r0, #0
 1532              	.LVL153:
 1533              	.L77:
 798:Middlewares/ST/STM32_USB_Device_Library/Class/CDC/Src/usbd_cdc.c **** }
 1534              		.loc 1 798 1 view .LVU430
 1535              		@ sp needed
 1536 0018 7047     		bx	lr
 1537              	.LVL154:
 1538              	.L78:
ARM GAS  C:\Users\Domagoj\AppData\Local\Temp\ccuB6ZQy.s 			page 48


 792:Middlewares/ST/STM32_USB_Device_Library/Class/CDC/Src/usbd_cdc.c ****   }
 1539              		.loc 1 792 12 view .LVU431
 1540 001a 0320     		movs	r0, #3
 1541              	.LVL155:
 792:Middlewares/ST/STM32_USB_Device_Library/Class/CDC/Src/usbd_cdc.c ****   }
 1542              		.loc 1 792 12 view .LVU432
 1543 001c FCE7     		b	.L77
 1544              		.cfi_endproc
 1545              	.LFE382:
 1547              		.section	.text.USBD_CDC_TransmitPacket,"ax",%progbits
 1548              		.align	1
 1549              		.global	USBD_CDC_TransmitPacket
 1550              		.syntax unified
 1551              		.code	16
 1552              		.thumb_func
 1554              	USBD_CDC_TransmitPacket:
 1555              	.LVL156:
 1556              	.LFB383:
 799:Middlewares/ST/STM32_USB_Device_Library/Class/CDC/Src/usbd_cdc.c **** 
 800:Middlewares/ST/STM32_USB_Device_Library/Class/CDC/Src/usbd_cdc.c **** 
 801:Middlewares/ST/STM32_USB_Device_Library/Class/CDC/Src/usbd_cdc.c **** /**
 802:Middlewares/ST/STM32_USB_Device_Library/Class/CDC/Src/usbd_cdc.c ****   * @brief  USBD_CDC_TransmitPacket
 803:Middlewares/ST/STM32_USB_Device_Library/Class/CDC/Src/usbd_cdc.c ****   *         Transmit packet on IN endpoint
 804:Middlewares/ST/STM32_USB_Device_Library/Class/CDC/Src/usbd_cdc.c ****   * @param  pdev: device instance
 805:Middlewares/ST/STM32_USB_Device_Library/Class/CDC/Src/usbd_cdc.c ****   * @param  ClassId: The Class ID
 806:Middlewares/ST/STM32_USB_Device_Library/Class/CDC/Src/usbd_cdc.c ****   * @retval status
 807:Middlewares/ST/STM32_USB_Device_Library/Class/CDC/Src/usbd_cdc.c ****   */
 808:Middlewares/ST/STM32_USB_Device_Library/Class/CDC/Src/usbd_cdc.c **** #ifdef USE_USBD_COMPOSITE
 809:Middlewares/ST/STM32_USB_Device_Library/Class/CDC/Src/usbd_cdc.c **** uint8_t USBD_CDC_TransmitPacket(USBD_HandleTypeDef *pdev, uint8_t ClassId)
 810:Middlewares/ST/STM32_USB_Device_Library/Class/CDC/Src/usbd_cdc.c **** {
 811:Middlewares/ST/STM32_USB_Device_Library/Class/CDC/Src/usbd_cdc.c ****   USBD_CDC_HandleTypeDef *hcdc = (USBD_CDC_HandleTypeDef *)pdev->pClassDataCmsit[ClassId];
 812:Middlewares/ST/STM32_USB_Device_Library/Class/CDC/Src/usbd_cdc.c **** #else
 813:Middlewares/ST/STM32_USB_Device_Library/Class/CDC/Src/usbd_cdc.c **** uint8_t USBD_CDC_TransmitPacket(USBD_HandleTypeDef *pdev)
 814:Middlewares/ST/STM32_USB_Device_Library/Class/CDC/Src/usbd_cdc.c **** {
 1557              		.loc 1 814 1 is_stmt 1 view -0
 1558              		.cfi_startproc
 1559              		@ args = 0, pretend = 0, frame = 0
 1560              		@ frame_needed = 0, uses_anonymous_args = 0
 1561              		.loc 1 814 1 is_stmt 0 view .LVU434
 1562 0000 10B5     		push	{r4, lr}
 1563              	.LCFI10:
 1564              		.cfi_def_cfa_offset 8
 1565              		.cfi_offset 4, -8
 1566              		.cfi_offset 14, -4
 815:Middlewares/ST/STM32_USB_Device_Library/Class/CDC/Src/usbd_cdc.c ****   USBD_CDC_HandleTypeDef *hcdc = (USBD_CDC_HandleTypeDef *)pdev->pClassDataCmsit[pdev->classId];
 1567              		.loc 1 815 3 is_stmt 1 view .LVU435
 1568              		.loc 1 815 86 is_stmt 0 view .LVU436
 1569 0002 B523     		movs	r3, #181
 1570 0004 9B00     		lsls	r3, r3, #2
 1571 0006 C358     		ldr	r3, [r0, r3]
 1572              		.loc 1 815 27 view .LVU437
 1573 0008 B033     		adds	r3, r3, #176
 1574 000a 9B00     		lsls	r3, r3, #2
 1575 000c 1A58     		ldr	r2, [r3, r0]
 1576              	.LVL157:
 816:Middlewares/ST/STM32_USB_Device_Library/Class/CDC/Src/usbd_cdc.c **** #endif  /* USE_USBD_COMPOSITE */
 817:Middlewares/ST/STM32_USB_Device_Library/Class/CDC/Src/usbd_cdc.c **** 
ARM GAS  C:\Users\Domagoj\AppData\Local\Temp\ccuB6ZQy.s 			page 49


 818:Middlewares/ST/STM32_USB_Device_Library/Class/CDC/Src/usbd_cdc.c ****   USBD_StatusTypeDef ret = USBD_BUSY;
 1577              		.loc 1 818 3 is_stmt 1 view .LVU438
 819:Middlewares/ST/STM32_USB_Device_Library/Class/CDC/Src/usbd_cdc.c **** 
 820:Middlewares/ST/STM32_USB_Device_Library/Class/CDC/Src/usbd_cdc.c **** #ifdef USE_USBD_COMPOSITE
 821:Middlewares/ST/STM32_USB_Device_Library/Class/CDC/Src/usbd_cdc.c ****   /* Get the Endpoints addresses allocated for this class instance */
 822:Middlewares/ST/STM32_USB_Device_Library/Class/CDC/Src/usbd_cdc.c ****   CDCInEpAdd  = USBD_CoreGetEPAdd(pdev, USBD_EP_IN, USBD_EP_TYPE_BULK, ClassId);
 823:Middlewares/ST/STM32_USB_Device_Library/Class/CDC/Src/usbd_cdc.c **** #endif  /* USE_USBD_COMPOSITE */
 824:Middlewares/ST/STM32_USB_Device_Library/Class/CDC/Src/usbd_cdc.c **** 
 825:Middlewares/ST/STM32_USB_Device_Library/Class/CDC/Src/usbd_cdc.c ****   if (hcdc == NULL)
 1578              		.loc 1 825 3 view .LVU439
 1579              		.loc 1 825 6 is_stmt 0 view .LVU440
 1580 000e 002A     		cmp	r2, #0
 1581 0010 16D0     		beq	.L81
 826:Middlewares/ST/STM32_USB_Device_Library/Class/CDC/Src/usbd_cdc.c ****   {
 827:Middlewares/ST/STM32_USB_Device_Library/Class/CDC/Src/usbd_cdc.c ****     return (uint8_t)USBD_FAIL;
 828:Middlewares/ST/STM32_USB_Device_Library/Class/CDC/Src/usbd_cdc.c ****   }
 829:Middlewares/ST/STM32_USB_Device_Library/Class/CDC/Src/usbd_cdc.c **** 
 830:Middlewares/ST/STM32_USB_Device_Library/Class/CDC/Src/usbd_cdc.c ****   if (hcdc->TxState == 0U)
 1582              		.loc 1 830 3 is_stmt 1 view .LVU441
 1583              		.loc 1 830 11 is_stmt 0 view .LVU442
 1584 0012 8523     		movs	r3, #133
 1585 0014 9B00     		lsls	r3, r3, #2
 1586 0016 D358     		ldr	r3, [r2, r3]
 1587              		.loc 1 830 6 view .LVU443
 1588 0018 002B     		cmp	r3, #0
 1589 001a 01D0     		beq	.L83
 818:Middlewares/ST/STM32_USB_Device_Library/Class/CDC/Src/usbd_cdc.c **** 
 1590              		.loc 1 818 22 view .LVU444
 1591 001c 0120     		movs	r0, #1
 1592              	.LVL158:
 1593              	.L80:
 831:Middlewares/ST/STM32_USB_Device_Library/Class/CDC/Src/usbd_cdc.c ****   {
 832:Middlewares/ST/STM32_USB_Device_Library/Class/CDC/Src/usbd_cdc.c ****     /* Tx Transfer in progress */
 833:Middlewares/ST/STM32_USB_Device_Library/Class/CDC/Src/usbd_cdc.c ****     hcdc->TxState = 1U;
 834:Middlewares/ST/STM32_USB_Device_Library/Class/CDC/Src/usbd_cdc.c **** 
 835:Middlewares/ST/STM32_USB_Device_Library/Class/CDC/Src/usbd_cdc.c ****     /* Update the packet total length */
 836:Middlewares/ST/STM32_USB_Device_Library/Class/CDC/Src/usbd_cdc.c ****     pdev->ep_in[CDCInEpAdd & 0xFU].total_length = hcdc->TxLength;
 837:Middlewares/ST/STM32_USB_Device_Library/Class/CDC/Src/usbd_cdc.c **** 
 838:Middlewares/ST/STM32_USB_Device_Library/Class/CDC/Src/usbd_cdc.c ****     /* Transmit next packet */
 839:Middlewares/ST/STM32_USB_Device_Library/Class/CDC/Src/usbd_cdc.c ****     (void)USBD_LL_Transmit(pdev, CDCInEpAdd, hcdc->TxBuffer, hcdc->TxLength);
 840:Middlewares/ST/STM32_USB_Device_Library/Class/CDC/Src/usbd_cdc.c **** 
 841:Middlewares/ST/STM32_USB_Device_Library/Class/CDC/Src/usbd_cdc.c ****     ret = USBD_OK;
 842:Middlewares/ST/STM32_USB_Device_Library/Class/CDC/Src/usbd_cdc.c ****   }
 843:Middlewares/ST/STM32_USB_Device_Library/Class/CDC/Src/usbd_cdc.c **** 
 844:Middlewares/ST/STM32_USB_Device_Library/Class/CDC/Src/usbd_cdc.c ****   return (uint8_t)ret;
 845:Middlewares/ST/STM32_USB_Device_Library/Class/CDC/Src/usbd_cdc.c **** }
 1594              		.loc 1 845 1 view .LVU445
 1595              		@ sp needed
 1596 001e 10BD     		pop	{r4, pc}
 1597              	.LVL159:
 1598              	.L83:
 833:Middlewares/ST/STM32_USB_Device_Library/Class/CDC/Src/usbd_cdc.c **** 
 1599              		.loc 1 833 5 is_stmt 1 view .LVU446
 833:Middlewares/ST/STM32_USB_Device_Library/Class/CDC/Src/usbd_cdc.c **** 
 1600              		.loc 1 833 19 is_stmt 0 view .LVU447
 1601 0020 8523     		movs	r3, #133
 1602 0022 9B00     		lsls	r3, r3, #2
ARM GAS  C:\Users\Domagoj\AppData\Local\Temp\ccuB6ZQy.s 			page 50


 1603 0024 0121     		movs	r1, #1
 1604 0026 D150     		str	r1, [r2, r3]
 836:Middlewares/ST/STM32_USB_Device_Library/Class/CDC/Src/usbd_cdc.c **** 
 1605              		.loc 1 836 5 is_stmt 1 view .LVU448
 836:Middlewares/ST/STM32_USB_Device_Library/Class/CDC/Src/usbd_cdc.c **** 
 1606              		.loc 1 836 55 is_stmt 0 view .LVU449
 1607 0028 043B     		subs	r3, r3, #4
 1608 002a D358     		ldr	r3, [r2, r3]
 836:Middlewares/ST/STM32_USB_Device_Library/Class/CDC/Src/usbd_cdc.c **** 
 1609              		.loc 1 836 49 view .LVU450
 1610 002c C362     		str	r3, [r0, #44]
 839:Middlewares/ST/STM32_USB_Device_Library/Class/CDC/Src/usbd_cdc.c **** 
 1611              		.loc 1 839 5 is_stmt 1 view .LVU451
 839:Middlewares/ST/STM32_USB_Device_Library/Class/CDC/Src/usbd_cdc.c **** 
 1612              		.loc 1 839 11 is_stmt 0 view .LVU452
 1613 002e 8221     		movs	r1, #130
 1614 0030 8900     		lsls	r1, r1, #2
 1615 0032 5258     		ldr	r2, [r2, r1]
 1616              	.LVL160:
 839:Middlewares/ST/STM32_USB_Device_Library/Class/CDC/Src/usbd_cdc.c **** 
 1617              		.loc 1 839 11 view .LVU453
 1618 0034 8839     		subs	r1, r1, #136
 1619 0036 FF39     		subs	r1, r1, #255
 1620 0038 FFF7FEFF 		bl	USBD_LL_Transmit
 1621              	.LVL161:
 841:Middlewares/ST/STM32_USB_Device_Library/Class/CDC/Src/usbd_cdc.c ****   }
 1622              		.loc 1 841 5 is_stmt 1 view .LVU454
 841:Middlewares/ST/STM32_USB_Device_Library/Class/CDC/Src/usbd_cdc.c ****   }
 1623              		.loc 1 841 9 is_stmt 0 view .LVU455
 1624 003c 0020     		movs	r0, #0
 1625 003e EEE7     		b	.L80
 1626              	.LVL162:
 1627              	.L81:
 827:Middlewares/ST/STM32_USB_Device_Library/Class/CDC/Src/usbd_cdc.c ****   }
 1628              		.loc 1 827 12 view .LVU456
 1629 0040 0320     		movs	r0, #3
 1630              	.LVL163:
 827:Middlewares/ST/STM32_USB_Device_Library/Class/CDC/Src/usbd_cdc.c ****   }
 1631              		.loc 1 827 12 view .LVU457
 1632 0042 ECE7     		b	.L80
 1633              		.cfi_endproc
 1634              	.LFE383:
 1636              		.section	.text.USBD_CDC_ReceivePacket,"ax",%progbits
 1637              		.align	1
 1638              		.global	USBD_CDC_ReceivePacket
 1639              		.syntax unified
 1640              		.code	16
 1641              		.thumb_func
 1643              	USBD_CDC_ReceivePacket:
 1644              	.LVL164:
 1645              	.LFB384:
 846:Middlewares/ST/STM32_USB_Device_Library/Class/CDC/Src/usbd_cdc.c **** 
 847:Middlewares/ST/STM32_USB_Device_Library/Class/CDC/Src/usbd_cdc.c **** /**
 848:Middlewares/ST/STM32_USB_Device_Library/Class/CDC/Src/usbd_cdc.c ****   * @brief  USBD_CDC_ReceivePacket
 849:Middlewares/ST/STM32_USB_Device_Library/Class/CDC/Src/usbd_cdc.c ****   *         prepare OUT Endpoint for reception
 850:Middlewares/ST/STM32_USB_Device_Library/Class/CDC/Src/usbd_cdc.c ****   * @param  pdev: device instance
 851:Middlewares/ST/STM32_USB_Device_Library/Class/CDC/Src/usbd_cdc.c ****   * @retval status
ARM GAS  C:\Users\Domagoj\AppData\Local\Temp\ccuB6ZQy.s 			page 51


 852:Middlewares/ST/STM32_USB_Device_Library/Class/CDC/Src/usbd_cdc.c ****   */
 853:Middlewares/ST/STM32_USB_Device_Library/Class/CDC/Src/usbd_cdc.c **** uint8_t USBD_CDC_ReceivePacket(USBD_HandleTypeDef *pdev)
 854:Middlewares/ST/STM32_USB_Device_Library/Class/CDC/Src/usbd_cdc.c **** {
 1646              		.loc 1 854 1 is_stmt 1 view -0
 1647              		.cfi_startproc
 1648              		@ args = 0, pretend = 0, frame = 0
 1649              		@ frame_needed = 0, uses_anonymous_args = 0
 1650              		.loc 1 854 1 is_stmt 0 view .LVU459
 1651 0000 10B5     		push	{r4, lr}
 1652              	.LCFI11:
 1653              		.cfi_def_cfa_offset 8
 1654              		.cfi_offset 4, -8
 1655              		.cfi_offset 14, -4
 855:Middlewares/ST/STM32_USB_Device_Library/Class/CDC/Src/usbd_cdc.c ****   USBD_CDC_HandleTypeDef *hcdc = (USBD_CDC_HandleTypeDef *)pdev->pClassDataCmsit[pdev->classId];
 1656              		.loc 1 855 3 is_stmt 1 view .LVU460
 1657              		.loc 1 855 86 is_stmt 0 view .LVU461
 1658 0002 B523     		movs	r3, #181
 1659 0004 9B00     		lsls	r3, r3, #2
 1660 0006 C358     		ldr	r3, [r0, r3]
 1661              		.loc 1 855 27 view .LVU462
 1662 0008 B033     		adds	r3, r3, #176
 1663 000a 9B00     		lsls	r3, r3, #2
 1664 000c 1A58     		ldr	r2, [r3, r0]
 1665              	.LVL165:
 856:Middlewares/ST/STM32_USB_Device_Library/Class/CDC/Src/usbd_cdc.c **** 
 857:Middlewares/ST/STM32_USB_Device_Library/Class/CDC/Src/usbd_cdc.c **** #ifdef USE_USBD_COMPOSITE
 858:Middlewares/ST/STM32_USB_Device_Library/Class/CDC/Src/usbd_cdc.c ****   /* Get the Endpoints addresses allocated for this class instance */
 859:Middlewares/ST/STM32_USB_Device_Library/Class/CDC/Src/usbd_cdc.c ****   CDCOutEpAdd = USBD_CoreGetEPAdd(pdev, USBD_EP_OUT, USBD_EP_TYPE_BULK, (uint8_t)pdev->classId);
 860:Middlewares/ST/STM32_USB_Device_Library/Class/CDC/Src/usbd_cdc.c **** #endif /* USE_USBD_COMPOSITE */
 861:Middlewares/ST/STM32_USB_Device_Library/Class/CDC/Src/usbd_cdc.c **** 
 862:Middlewares/ST/STM32_USB_Device_Library/Class/CDC/Src/usbd_cdc.c ****   if (pdev->pClassDataCmsit[pdev->classId] == NULL)
 1666              		.loc 1 862 3 is_stmt 1 view .LVU463
 1667              		.loc 1 862 6 is_stmt 0 view .LVU464
 1668 000e 002A     		cmp	r2, #0
 1669 0010 16D0     		beq	.L87
 863:Middlewares/ST/STM32_USB_Device_Library/Class/CDC/Src/usbd_cdc.c ****   {
 864:Middlewares/ST/STM32_USB_Device_Library/Class/CDC/Src/usbd_cdc.c ****     return (uint8_t)USBD_FAIL;
 865:Middlewares/ST/STM32_USB_Device_Library/Class/CDC/Src/usbd_cdc.c ****   }
 866:Middlewares/ST/STM32_USB_Device_Library/Class/CDC/Src/usbd_cdc.c **** 
 867:Middlewares/ST/STM32_USB_Device_Library/Class/CDC/Src/usbd_cdc.c ****   if (pdev->dev_speed == USBD_SPEED_HIGH)
 1670              		.loc 1 867 3 is_stmt 1 view .LVU465
 1671              		.loc 1 867 11 is_stmt 0 view .LVU466
 1672 0012 047C     		ldrb	r4, [r0, #16]
 1673              		.loc 1 867 6 view .LVU467
 1674 0014 002C     		cmp	r4, #0
 1675 0016 09D1     		bne	.L86
 868:Middlewares/ST/STM32_USB_Device_Library/Class/CDC/Src/usbd_cdc.c ****   {
 869:Middlewares/ST/STM32_USB_Device_Library/Class/CDC/Src/usbd_cdc.c ****     /* Prepare Out endpoint to receive next packet */
 870:Middlewares/ST/STM32_USB_Device_Library/Class/CDC/Src/usbd_cdc.c ****     (void)USBD_LL_PrepareReceive(pdev, CDCOutEpAdd, hcdc->RxBuffer,
 1676              		.loc 1 870 5 is_stmt 1 view .LVU468
 1677              		.loc 1 870 11 is_stmt 0 view .LVU469
 1678 0018 8023     		movs	r3, #128
 1679 001a 8121     		movs	r1, #129
 1680 001c 8900     		lsls	r1, r1, #2
 1681 001e 5258     		ldr	r2, [r2, r1]
 1682              	.LVL166:
 1683              		.loc 1 870 11 view .LVU470
ARM GAS  C:\Users\Domagoj\AppData\Local\Temp\ccuB6ZQy.s 			page 52


 1684 0020 9B00     		lsls	r3, r3, #2
 1685 0022 0121     		movs	r1, #1
 1686 0024 FFF7FEFF 		bl	USBD_LL_PrepareReceive
 1687              	.LVL167:
 1688              	.L85:
 871:Middlewares/ST/STM32_USB_Device_Library/Class/CDC/Src/usbd_cdc.c ****                                  CDC_DATA_HS_OUT_PACKET_SIZE);
 872:Middlewares/ST/STM32_USB_Device_Library/Class/CDC/Src/usbd_cdc.c ****   }
 873:Middlewares/ST/STM32_USB_Device_Library/Class/CDC/Src/usbd_cdc.c ****   else
 874:Middlewares/ST/STM32_USB_Device_Library/Class/CDC/Src/usbd_cdc.c ****   {
 875:Middlewares/ST/STM32_USB_Device_Library/Class/CDC/Src/usbd_cdc.c ****     /* Prepare Out endpoint to receive next packet */
 876:Middlewares/ST/STM32_USB_Device_Library/Class/CDC/Src/usbd_cdc.c ****     (void)USBD_LL_PrepareReceive(pdev, CDCOutEpAdd, hcdc->RxBuffer,
 877:Middlewares/ST/STM32_USB_Device_Library/Class/CDC/Src/usbd_cdc.c ****                                  CDC_DATA_FS_OUT_PACKET_SIZE);
 878:Middlewares/ST/STM32_USB_Device_Library/Class/CDC/Src/usbd_cdc.c ****   }
 879:Middlewares/ST/STM32_USB_Device_Library/Class/CDC/Src/usbd_cdc.c **** 
 880:Middlewares/ST/STM32_USB_Device_Library/Class/CDC/Src/usbd_cdc.c ****   return (uint8_t)USBD_OK;
 881:Middlewares/ST/STM32_USB_Device_Library/Class/CDC/Src/usbd_cdc.c **** }
 1689              		.loc 1 881 1 view .LVU471
 1690 0028 2000     		movs	r0, r4
 1691              		@ sp needed
 1692 002a 10BD     		pop	{r4, pc}
 1693              	.LVL168:
 1694              	.L86:
 876:Middlewares/ST/STM32_USB_Device_Library/Class/CDC/Src/usbd_cdc.c ****                                  CDC_DATA_FS_OUT_PACKET_SIZE);
 1695              		.loc 1 876 5 is_stmt 1 view .LVU472
 876:Middlewares/ST/STM32_USB_Device_Library/Class/CDC/Src/usbd_cdc.c ****                                  CDC_DATA_FS_OUT_PACKET_SIZE);
 1696              		.loc 1 876 11 is_stmt 0 view .LVU473
 1697 002c 8123     		movs	r3, #129
 1698 002e 9B00     		lsls	r3, r3, #2
 1699 0030 D258     		ldr	r2, [r2, r3]
 1700              	.LVL169:
 876:Middlewares/ST/STM32_USB_Device_Library/Class/CDC/Src/usbd_cdc.c ****                                  CDC_DATA_FS_OUT_PACKET_SIZE);
 1701              		.loc 1 876 11 view .LVU474
 1702 0032 C53B     		subs	r3, r3, #197
 1703 0034 FF3B     		subs	r3, r3, #255
 1704 0036 0121     		movs	r1, #1
 1705 0038 FFF7FEFF 		bl	USBD_LL_PrepareReceive
 1706              	.LVL170:
 880:Middlewares/ST/STM32_USB_Device_Library/Class/CDC/Src/usbd_cdc.c **** }
 1707              		.loc 1 880 10 view .LVU475
 1708 003c 0024     		movs	r4, #0
 1709 003e F3E7     		b	.L85
 1710              	.LVL171:
 1711              	.L87:
 864:Middlewares/ST/STM32_USB_Device_Library/Class/CDC/Src/usbd_cdc.c ****   }
 1712              		.loc 1 864 12 view .LVU476
 1713 0040 0324     		movs	r4, #3
 1714 0042 F1E7     		b	.L85
 1715              		.cfi_endproc
 1716              	.LFE384:
 1718              		.section	.data.USBD_CDC_CfgDesc,"aw"
 1719              		.align	2
 1722              	USBD_CDC_CfgDesc:
 1723 0000 09024300 		.ascii	"\011\002C\000\002\001\000\3002\011\004\000\000\001\002"
 1723      020100C0 
 1723      32090400 
 1723      000102
 1724 000f 02010005 		.ascii	"\002\001\000\005$\000\020\001\005$\001\000\001\004$"
ARM GAS  C:\Users\Domagoj\AppData\Local\Temp\ccuB6ZQy.s 			page 53


 1724      24001001 
 1724      05240100 
 1724      010424
 1725 001e 02020524 		.ascii	"\002\002\005$\006\000\001\007\005\202\003\010\000\020"
 1725      06000107 
 1725      05820308 
 1725      0010
 1726 002c 09040100 		.ascii	"\011\004\001\000\002\012\000\000\000\007\005\001\002"
 1726      020A0000 
 1726      00070501 
 1726      02
 1727 0039 40000007 		.ascii	"@\000\000\007\005\201\002@\000\000"
 1727      05810240 
 1727      0000
 1728              		.global	USBD_CDC
 1729              		.section	.data.USBD_CDC,"aw"
 1730              		.align	2
 1733              	USBD_CDC:
 1734 0000 00000000 		.word	USBD_CDC_Init
 1735 0004 00000000 		.word	USBD_CDC_DeInit
 1736 0008 00000000 		.word	USBD_CDC_Setup
 1737 000c 00000000 		.word	0
 1738 0010 00000000 		.word	USBD_CDC_EP0_RxReady
 1739 0014 00000000 		.word	USBD_CDC_DataIn
 1740 0018 00000000 		.word	USBD_CDC_DataOut
 1741 001c 00000000 		.word	0
 1742 0020 00000000 		.word	0
 1743 0024 00000000 		.word	0
 1744 0028 00000000 		.word	USBD_CDC_GetHSCfgDesc
 1745 002c 00000000 		.word	USBD_CDC_GetFSCfgDesc
 1746 0030 00000000 		.word	USBD_CDC_GetOtherSpeedCfgDesc
 1747 0034 00000000 		.word	USBD_CDC_GetDeviceQualifierDescriptor
 1748              		.section	.data.USBD_CDC_DeviceQualifierDesc,"aw"
 1749              		.align	2
 1752              	USBD_CDC_DeviceQualifierDesc:
 1753 0000 0A060002 		.ascii	"\012\006\000\002\000\000\000@\001\000"
 1753      00000040 
 1753      0100
 1754              		.text
 1755              	.Letext0:
 1756              		.file 2 "C:\\ST\\STM32CubeIDE_2.2.0\\STM32CubeIDE\\plugins\\com.st.stm32cube.ide.mcu.externaltools
 1757              		.file 3 "C:\\ST\\STM32CubeIDE_2.2.0\\STM32CubeIDE\\plugins\\com.st.stm32cube.ide.mcu.externaltools
 1758              		.file 4 "Drivers/CMSIS/Device/ST/STM32G0xx/Include/stm32g0b1xx.h"
 1759              		.file 5 "Drivers/STM32G0xx_HAL_Driver/Inc/stm32g0xx_hal_def.h"
 1760              		.file 6 "Drivers/STM32G0xx_HAL_Driver/Inc/stm32g0xx_ll_usb.h"
 1761              		.file 7 "Drivers/STM32G0xx_HAL_Driver/Inc/stm32g0xx_hal_pcd.h"
 1762              		.file 8 "Middlewares/ST/STM32_USB_Device_Library/Core/Inc/usbd_def.h"
 1763              		.file 9 "Middlewares/ST/STM32_USB_Device_Library/Class/CDC/Inc/usbd_cdc.h"
 1764              		.file 10 "Middlewares/ST/STM32_USB_Device_Library/Core/Inc/usbd_core.h"
 1765              		.file 11 "C:\\ST\\STM32CubeIDE_2.2.0\\STM32CubeIDE\\plugins\\com.st.stm32cube.ide.mcu.externaltool
 1766              		.file 12 "USB_Device/Target/usbd_conf.h"
 1767              		.file 13 "Middlewares/ST/STM32_USB_Device_Library/Core/Inc/usbd_ctlreq.h"
 1768              		.file 14 "Middlewares/ST/STM32_USB_Device_Library/Core/Inc/usbd_ioreq.h"
 1769              		.file 15 "Drivers/STM32G0xx_HAL_Driver/Inc/stm32g0xx_ll_dma.h"
 1770              		.file 16 "<built-in>"
ARM GAS  C:\Users\Domagoj\AppData\Local\Temp\ccuB6ZQy.s 			page 54


DEFINED SYMBOLS
                            *ABS*:00000000 usbd_cdc.c
C:\Users\Domagoj\AppData\Local\Temp\ccuB6ZQy.s:19     .text.USBD_CDC_EP0_RxReady:00000000 $t
C:\Users\Domagoj\AppData\Local\Temp\ccuB6ZQy.s:24     .text.USBD_CDC_EP0_RxReady:00000000 USBD_CDC_EP0_RxReady
C:\Users\Domagoj\AppData\Local\Temp\ccuB6ZQy.s:109    .text.USBD_CDC_EP0_RxReady:00000048 $d
C:\Users\Domagoj\AppData\Local\Temp\ccuB6ZQy.s:114    .text.USBD_CDC_GetDeviceQualifierDescriptor:00000000 $t
C:\Users\Domagoj\AppData\Local\Temp\ccuB6ZQy.s:120    .text.USBD_CDC_GetDeviceQualifierDescriptor:00000000 USBD_CDC_GetDeviceQualifierDescriptor
C:\Users\Domagoj\AppData\Local\Temp\ccuB6ZQy.s:142    .text.USBD_CDC_GetDeviceQualifierDescriptor:00000008 $d
C:\Users\Domagoj\AppData\Local\Temp\ccuB6ZQy.s:1752   .data.USBD_CDC_DeviceQualifierDesc:00000000 USBD_CDC_DeviceQualifierDesc
C:\Users\Domagoj\AppData\Local\Temp\ccuB6ZQy.s:147    .text.USBD_CDC_GetOtherSpeedCfgDesc:00000000 $t
C:\Users\Domagoj\AppData\Local\Temp\ccuB6ZQy.s:152    .text.USBD_CDC_GetOtherSpeedCfgDesc:00000000 USBD_CDC_GetOtherSpeedCfgDesc
C:\Users\Domagoj\AppData\Local\Temp\ccuB6ZQy.s:248    .text.USBD_CDC_GetOtherSpeedCfgDesc:0000004c $d
C:\Users\Domagoj\AppData\Local\Temp\ccuB6ZQy.s:1722   .data.USBD_CDC_CfgDesc:00000000 USBD_CDC_CfgDesc
C:\Users\Domagoj\AppData\Local\Temp\ccuB6ZQy.s:253    .text.USBD_CDC_GetFSCfgDesc:00000000 $t
C:\Users\Domagoj\AppData\Local\Temp\ccuB6ZQy.s:258    .text.USBD_CDC_GetFSCfgDesc:00000000 USBD_CDC_GetFSCfgDesc
C:\Users\Domagoj\AppData\Local\Temp\ccuB6ZQy.s:354    .text.USBD_CDC_GetFSCfgDesc:0000004c $d
C:\Users\Domagoj\AppData\Local\Temp\ccuB6ZQy.s:359    .text.USBD_CDC_GetHSCfgDesc:00000000 $t
C:\Users\Domagoj\AppData\Local\Temp\ccuB6ZQy.s:364    .text.USBD_CDC_GetHSCfgDesc:00000000 USBD_CDC_GetHSCfgDesc
C:\Users\Domagoj\AppData\Local\Temp\ccuB6ZQy.s:460    .text.USBD_CDC_GetHSCfgDesc:0000004c $d
C:\Users\Domagoj\AppData\Local\Temp\ccuB6ZQy.s:465    .text.USBD_CDC_DataOut:00000000 $t
C:\Users\Domagoj\AppData\Local\Temp\ccuB6ZQy.s:470    .text.USBD_CDC_DataOut:00000000 USBD_CDC_DataOut
C:\Users\Domagoj\AppData\Local\Temp\ccuB6ZQy.s:549    .text.USBD_CDC_DataIn:00000000 $t
C:\Users\Domagoj\AppData\Local\Temp\ccuB6ZQy.s:554    .text.USBD_CDC_DataIn:00000000 USBD_CDC_DataIn
C:\Users\Domagoj\AppData\Local\Temp\ccuB6ZQy.s:701    .text.USBD_CDC_Setup:00000000 $t
C:\Users\Domagoj\AppData\Local\Temp\ccuB6ZQy.s:706    .text.USBD_CDC_Setup:00000000 USBD_CDC_Setup
C:\Users\Domagoj\AppData\Local\Temp\ccuB6ZQy.s:1019   .text.USBD_CDC_Setup:0000012c $d
C:\Users\Domagoj\AppData\Local\Temp\ccuB6ZQy.s:1024   .text.USBD_CDC_DeInit:00000000 $t
C:\Users\Domagoj\AppData\Local\Temp\ccuB6ZQy.s:1029   .text.USBD_CDC_DeInit:00000000 USBD_CDC_DeInit
C:\Users\Domagoj\AppData\Local\Temp\ccuB6ZQy.s:1142   .text.USBD_CDC_Init:00000000 $t
C:\Users\Domagoj\AppData\Local\Temp\ccuB6ZQy.s:1147   .text.USBD_CDC_Init:00000000 USBD_CDC_Init
C:\Users\Domagoj\AppData\Local\Temp\ccuB6ZQy.s:1387   .text.USBD_CDC_RegisterInterface:00000000 $t
C:\Users\Domagoj\AppData\Local\Temp\ccuB6ZQy.s:1393   .text.USBD_CDC_RegisterInterface:00000000 USBD_CDC_RegisterInterface
C:\Users\Domagoj\AppData\Local\Temp\ccuB6ZQy.s:1435   .text.USBD_CDC_SetTxBuffer:00000000 $t
C:\Users\Domagoj\AppData\Local\Temp\ccuB6ZQy.s:1441   .text.USBD_CDC_SetTxBuffer:00000000 USBD_CDC_SetTxBuffer
C:\Users\Domagoj\AppData\Local\Temp\ccuB6ZQy.s:1496   .text.USBD_CDC_SetRxBuffer:00000000 $t
C:\Users\Domagoj\AppData\Local\Temp\ccuB6ZQy.s:1502   .text.USBD_CDC_SetRxBuffer:00000000 USBD_CDC_SetRxBuffer
C:\Users\Domagoj\AppData\Local\Temp\ccuB6ZQy.s:1548   .text.USBD_CDC_TransmitPacket:00000000 $t
C:\Users\Domagoj\AppData\Local\Temp\ccuB6ZQy.s:1554   .text.USBD_CDC_TransmitPacket:00000000 USBD_CDC_TransmitPacket
C:\Users\Domagoj\AppData\Local\Temp\ccuB6ZQy.s:1637   .text.USBD_CDC_ReceivePacket:00000000 $t
C:\Users\Domagoj\AppData\Local\Temp\ccuB6ZQy.s:1643   .text.USBD_CDC_ReceivePacket:00000000 USBD_CDC_ReceivePacket
C:\Users\Domagoj\AppData\Local\Temp\ccuB6ZQy.s:1719   .data.USBD_CDC_CfgDesc:00000000 $d
C:\Users\Domagoj\AppData\Local\Temp\ccuB6ZQy.s:1733   .data.USBD_CDC:00000000 USBD_CDC
C:\Users\Domagoj\AppData\Local\Temp\ccuB6ZQy.s:1730   .data.USBD_CDC:00000000 $d
C:\Users\Domagoj\AppData\Local\Temp\ccuB6ZQy.s:1749   .data.USBD_CDC_DeviceQualifierDesc:00000000 $d

UNDEFINED SYMBOLS
USBD_GetEpDesc
USBD_LL_GetRxDataSize
__aeabi_uidivmod
USBD_LL_Transmit
USBD_CtlSendData
USBD_CtlPrepareRx
USBD_CtlError
USBD_LL_CloseEP
USBD_static_free
USBD_static_malloc
memset
ARM GAS  C:\Users\Domagoj\AppData\Local\Temp\ccuB6ZQy.s 			page 55


USBD_LL_OpenEP
USBD_LL_PrepareReceive
